{"compas": "1.7.1", "datatype": "compas_cem.diagrams/TopologyDiagram", "data": {"adjacency": {"16": {"33": null, "15": null, "6": null}, "26": {"21": null, "27": null, "9": null, "25": null}, "15": {"32": null, "14": null, "16": null, "5": null}, "18": {"17": null}, "25": {"26": null, "22": null, "8": null, "24": null}, "28": {"27": null, "19": null, "17": null, "11": null}, "10": {"27": null, "9": null, "3": null, "11": null}, "30": {"13": null, "31": null, "20": null, "29": null}, "20": {"30": null, "21": null, "19": null, "27": null}, "17": {"19": null, "18": null, "29": null, "28": null, "0": null}, "27": {"28": null, "26": null, "20": null, "10": null}, "12": {"13": null, "0": null, "29": null, "2": null}, "32": {"31": null, "33": null, "15": null, "22": null}, "22": {"21": null, "32": null, "23": null, "25": null}, "19": {"28": null, "20": null, "29": null, "17": null}, "29": {"30": null, "12": null, "19": null, "17": null}, "11": {"28": null, "0": null, "10": null, "2": null}, "5": {"4": null, "6": null, "15": null, "8": null}, "4": {"14": null, "9": null, "3": null, "5": null}, "7": {"6": null, "8": null, "24": null}, "6": {"7": null, "16": null, "5": null}, "1": {"0": null}, "0": {"17": null, "12": null, "1": null, "2": null, "11": null}, "3": {"4": null, "13": null, "10": null, "2": null}, "2": {"12": null, "0": null, "3": null, "11": null}, "21": {"31": null, "26": null, "20": null, "22": null}, "31": {"30": null, "21": null, "32": null, "14": null}, "9": {"4": null, "26": null, "8": null, "10": null}, "8": {"5": null, "7": null, "9": null, "25": null}, "14": {"31": null, "4": null, "13": null, "15": null}, "24": {"7": null, "23": null, "25": null}, "13": {"30": null, "12": null, "14": null, "3": null}, "33": {"32": null, "23": null, "16": null}, "23": {"33": null, "22": null, "24": null}}, "node_attributes": {"z": 0.0, "qx": 0.0, "rx": 0.0, "qy": 0.0, "ry": 0.0, "qz": 0.0, "type": null, "rz": 0.0, "_k": null, "y": 0.0, "x": 0.0}, "node": {"16": {"z": 1.5000000000000002, "qx": -0.0, "qy": -0.0, "qz": -0.050000000000000024, "type": "support", "_k": 4, "y": -3.425166865496446, "x": 4.9999999999999973}, "26": {"z": 1.5000000000000002, "qx": -0.0, "qy": -0.0, "qz": -0.10000000000000001, "_k": 2, "y": -2.425166865496446, "x": -3.0000000000000009}, "15": {"z": 1.5000000000000002, "qx": -0.0, "qy": -0.0, "qz": -0.10000000000000005, "_k": 3, "y": -3.425166865496446, "x": 3.9999999999999969}, "18": {"z": 0.010000000000000231, "type": "support", "_k": 6, "y": -2.425166865496446, "x": 2.2204460492503131e-16}, "25": {"z": 1.5000000000000002, "qx": -0.0, "qy": -0.0, "qz": -0.10000000000000001, "_k": 3, "y": -2.425166865496446, "x": -4.0000000000000009}, "28": {"z": 1.5000000000000002, "qx": -0.0, "qy": -0.0, "qz": -0.10000000000000006, "type": "_origin", "_k": 0, "y": -2.425166865496446, "x": -1.0000000000000013}, "10": {"z": 1.5000000000000002, "qx": -0.0, "qy": -0.0, "qz": -0.099999999999999978, "_k": 1, "y": -3.425166865496446, "x": -2.0000000000000009}, "30": {"z": 1.5000000000000002, "qx": -0.0, "qy": -0.0, "qz": -0.099999999999999964, "_k": 1, "y": -2.425166865496446, "x": 1.9999999999999987}, "20": {"_k": 3, "z": 2.2160000000000002, "y": -2.425166865496446, "x": 2.2204460492503131e-16}, "17": {"z": 1.5000000000000002, "qx": -0.0, "qy": -0.0, "qz": -0.099999999999999922, "_k": 5, "y": -2.425166865496446, "x": 2.2204460492503131e-16}, "27": {"z": 1.5000000000000002, "qx": -0.0, "qy": -0.0, "qz": -0.099999999999999978, "_k": 1, "y": -2.425166865496446, "x": -2.0000000000000009}, "12": {"z": 1.5000000000000002, "qx": -0.0, "qy": -0.0, "qz": -0.099999999999999922, "type": "_origin", "_k": 0, "y": -3.425166865496446, "x": 0.99999999999999722}, "32": {"z": 1.5000000000000002, "qx": -0.0, "qy": -0.0, "qz": -0.10000000000000005, "_k": 3, "y": -2.425166865496446, "x": 3.9999999999999969}, "22": {"_k": 1, "z": 2.9319999999999999, "y": -2.425166865496446, "x": 2.2204460492503131e-16}, "19": {"_k": 4, "z": 1.8580000000000001, "y": -2.425166865496446, "x": 2.2204460492503131e-16}, "29": {"z": 1.5000000000000002, "qx": -0.0, "qy": -0.0, "qz": -0.099999999999999922, "type": "_origin", "_k": 0, "y": -2.425166865496446, "x": 0.99999999999999722}, "11": {"z": 1.5000000000000002, "qx": -0.0, "qy": -0.0, "qz": -0.10000000000000006, "type": "_origin", "_k": 0, "y": -3.425166865496446, "x": -1.0000000000000013}, "5": {"_k": 1, "z": 2.9319999999999999, "y": -3.425166865496446, "x": 2.2204460492503131e-16}, "4": {"_k": 2, "z": 2.5740000000000003, "y": -3.425166865496446, "x": 2.2204460492503131e-16}, "7": {"z": 1.5000000000000002, "qx": -0.0, "qy": -0.0, "qz": -0.050000000000000003, "type": "support", "_k": 4, "y": -3.425166865496446, "x": -5.0000000000000009}, "6": {"z": 3.29, "type": "_origin", "_k": 0, "y": -3.425166865496446, "x": 2.2204460492503131e-16}, "1": {"z": 0.010000000000000231, "type": "support", "_k": 6, "y": -3.425166865496446, "x": 2.2204460492503131e-16}, "0": {"z": 1.5000000000000002, "qx": -0.0, "qy": -0.0, "qz": -0.099999999999999922, "_k": 5, "y": -3.425166865496446, "x": 2.2204460492503131e-16}, "3": {"_k": 3, "z": 2.2160000000000002, "y": -3.425166865496446, "x": 2.2204460492503131e-16}, "2": {"_k": 4, "z": 1.8580000000000001, "y": -3.425166865496446, "x": 2.2204460492503131e-16}, "21": {"_k": 2, "z": 2.5740000000000003, "y": -2.425166865496446, "x": 2.2204460492503131e-16}, "31": {"z": 1.5000000000000002, "qx": -0.0, "qy": -0.0, "qz": -0.099999999999999922, "_k": 2, "y": -2.425166865496446, "x": 2.9999999999999964}, "9": {"z": 1.5000000000000002, "qx": -0.0, "qy": -0.0, "qz": -0.10000000000000001, "_k": 2, "y": -3.425166865496446, "x": -3.0000000000000009}, "8": {"z": 1.5000000000000002, "qx": -0.0, "qy": -0.0, "qz": -0.10000000000000001, "_k": 3, "y": -3.425166865496446, "x": -4.0000000000000009}, "14": {"z": 1.5000000000000002, "qx": -0.0, "qy": -0.0, "qz": -0.099999999999999922, "_k": 2, "y": -3.425166865496446, "x": 2.9999999999999964}, "24": {"z": 1.5000000000000002, "qx": -0.0, "qy": -0.0, "qz": -0.050000000000000003, "type": "support", "_k": 4, "y": -2.425166865496446, "x": -5.0000000000000009}, "13": {"z": 1.5000000000000002, "qx": -0.0, "qy": -0.0, "qz": -0.099999999999999964, "_k": 1, "y": -3.425166865496446, "x": 1.9999999999999987}, "33": {"z": 1.5000000000000002, "qx": -0.0, "qy": -0.0, "qz": -0.050000000000000024, "type": "support", "_k": 4, "y": -2.425166865496446, "x": 4.9999999999999973}, "23": {"z": 3.29, "type": "_origin", "_k": 0, "y": -2.425166865496446, "x": 2.2204460492503131e-16}}, "max_int_key": 33, "attributes": {"gkey_node": {"5.000,-3.425,1.500": 16, "-2.000,-3.425,1.500": 10, "-3.000,-3.425,1.500": 9, "-4.000,-3.425,1.500": 8, "0.000,-3.425,2.216": 3, "-5.000,-3.425,1.500": 7, "0.000,-3.425,2.574": 4, "-2.000,-2.425,1.500": 27, "-3.000,-2.425,1.500": 26, "0.000,-3.425,2.932": 5, "4.000,-2.425,1.500": 32, "5.000,-2.425,1.500": 33, "-4.000,-2.425,1.500": 25, "-5.000,-2.425,1.500": 24, "0.000,-2.425,1.858": 19, "0.000,-2.425,2.574": 21, "0.000,-2.425,2.932": 22, "0.000,-2.425,2.216": 20, "-1.000,-3.425,1.500": 11, "0.000,-3.425,0.010": 1, "0.000,-3.425,1.500": 0, "2.000,-3.425,1.500": 13, "1.000,-3.425,1.500": 12, "0.000,-3.425,1.858": 2, "3.000,-3.425,1.500": 14, "0.000,-2.425,3.290": 23, "-1.000,-2.425,1.500": 28, "0.000,-2.425,1.500": 17, "0.000,-2.425,0.010": 18, "2.000,-2.425,1.500": 30, "4.000,-3.425,1.500": 15, "1.000,-2.425,1.500": 29, "0.000,-3.425,3.290": 6, "3.000,-2.425,1.500": 31}, "name": "Network", "_aux_length": 0.33000000000000002, "_trails": {"6": [6, 5, 4, 3, 2, 0, 1], "11": [11, 10, 9, 8, 7], "12": [12, 13, 14, 15, 16], "23": [23, 22, 21, 20, 19, 17, 18], "28": [28, 27, 26, 25, 24], "29": [29, 30, 31, 32, 33]}, "tol": "3f", "_auxiliary_trails": {}, "_aux_vector": {"dtype": "compas.geometry/Vector", "value": [0.0, 0.0, 1.0]}}, "edge_attributes": {"force": 0.0, "type": null, "length": 0.0}, "edge": {"16": {"33": {"force": -0.10000000000000001, "type": "deviation"}, "6": {"force": 1.3999999999999999,