{"compas": "1.7.1", "datatype": "compas_cem.diagrams/TopologyDiagram", "data": {"adjacency": {"16": {"14": null, "23": null, "17": null, "24": null}, "26": {"12": null, "27": null, "18": null, "25": null}, "15": {"14": null}, "18": {"21": null, "19": null, "26": null, "17": null}, "25": {"11": null, "26": null, "17": null, "24": null}, "10": {"24": null, "0": null, "11": null, "2": null}, "20": {"21": null, "19": null, "6": null}, "17": {"22": null, "18": null, "16": null, "25": null}, "27": {"13": null, "26": null, "19": null}, "12": {"4": null, "26": null, "13": null, "11": null}, "22": {"21": null, "23": null, "8": null, "17": null}, "19": {"20": null, "27": null, "18": null}, "11": {"12": null, "10": null, "3": null, "25": null}, "5": {"4": null, "13": null, "6": null}, "4": {"12": null, "7": null, "3": null, "5": null}, "7": {"4": null, "21": null, "6": null, "8": null}, "6": {"7": null, "20": null, "5": null}, "1": {"0": null}, "0": {"14": null, "1": null, "10": null, "2": null, "9": null}, "3": {"4": null, "11": null, "8": null, "2": null}, "2": {"10": null, "0": null, "9": null, "3": null}, "21": {"7": null, "20": null, "22": null, "18": null}, "9": {"23": null, "0": null, "8": null, "2": null}, "8": {"7": null, "22": null, "9": null, "3": null}, "14": {"24": null, "15": null, "0": null, "23": null, "16": null}, "24": {"25": null, "14": null, "16": null, "10": null}, "13": {"12": null, "27": null, "5": null}, "23": {"14": null, "22": null, "9": null, "16": null}}, "node_attributes": {"z": 0.0, "qx": 0.0, "rx": 0.0, "qy": 0.0, "ry": 0.0, "qz": 0.0, "type": null, "rz": 0.0, "_k": null, "y": 0.0, "x": 0.0}, "node": {"16": {"_k": 3, "z": 1.9475000000000002, "y": -2.425166865496446, "x": 2.2204460492503131e-16}, "26": {"z": 1.5000000000000002, "qx": -0.0, "qy": -0.0, "qz": -0.12499999999999994, "_k": 2, "y": -2.425166865496446, "x": 3.7499999999999969}, "15": {"z": 0.010000000000000231, "type": "support", "_k": 5, "y": -2.425166865496446, "x": 2.2204460492503131e-16}, "18": {"_k": 1, "z": 2.8425000000000002, "y": -2.425166865496446, "x": 2.2204460492503131e-16}, "25": {"z": 1.5000000000000002, "qx": -0.0, "qy": -0.0, "qz": -0.12499999999999993, "_k": 1, "y": -2.425166865496446, "x": 2.4999999999999987}, "10": {"z": 1.5000000000000002, "qx": -0.0, "qy": -0.0, "qz": -0.12499999999999993, "type": "_origin", "_k": 0, "y": -3.425166865496446, "x": 1.2499999999999984}, "20": {"z": 1.5000000000000002, "qx": -0.0, "qy": -0.0, "qz": -0.062499999999999979, "type": "support", "_k": 3, "y": -2.425166865496446, "x": -5.0000000000000009}, "17": {"_k": 2, "z": 2.395, "y": -2.425166865496446, "x": 2.2204460492503131e-16}, "27": {"z": 1.5000000000000002, "qx": -0.0, "qy": -0.0, "qz": -0.062500000000000028, "type": "support", "_k": 3, "y": -2.425166865496446, "x": 4.9999999999999973}, "12": {"z": 1.5000000000000002, "qx": -0.0, "qy": -0.0, "qz": -0.12499999999999994, "_k": 2, "y": -3.425166865496446, "x": 3.7499999999999969}, "22": {"z": 1.5000000000000002, "qx": -0.0, "qy": -0.0, "qz": -0.12500000000000003, "_k": 1, "y": -2.425166865496446, "x": -2.5000000000000018}, "19": {"z": 3.29, "type": "_origin", "_k": 0, "y": -2.425166865496446, "x": 2.2204460492503131e-16}, "11": {"z": 1.5000000000000002, "qx": -0.0, "qy": -0.0, "qz": -0.12499999999999993, "_k": 1, "y": -3.425166865496446, "x": 2.4999999999999987}, "5": {"z": 3.29, "type": "_origin", "_k": 0, "y": -3.425166865496446, "x": 2.2204460492503131e-16}, "4": {"_k": 1, "z": 2.8425000000000002, "y": -3.425166865496446, "x": 2.2204460492503131e-16}, "7": {"z": 1.5000000000000002, "qx": -0.0, "qy": -0.0, "qz": -0.12499999999999996, "_k": 2, "y": -3.425166865496446, "x": -3.7500000000000013}, "6": {"z": 1.5000000000000002, "qx": -0.0, "qy": -0.0, "qz": -0.062499999999999979, "type": "support", "_k": 3, "y": -3.425166865496446, "x": -5.0000000000000009}, "1": {"z": 0.010000000000000231, "type": "support", "_k": 5, "y": -3.425166865496446, "x": 2.2204460492503131e-16}, "0": {"z": 1.5000000000000002, "qx": -0.0, "qy": -0.0, "qz": -0.12499999999999999, "_k": 4, "y": -3.425166865496446, "x": 2.2204460492503131e-16}, "3": {"_k": 2, "z": 2.395, "y": -3.425166865496446, "x": 2.2204460492503131e-16}, "2": {"_k": 3, "z": 1.9475000000000002, "y": -3.425166865496446, "x": 2.2204460492503131e-16}, "21": {"z": 1.5000000000000002, "qx": -0.0, "qy": -0.0, "qz": -0.12499999999999996, "_k": 2, "y": -2.425166865496446, "x": -3.7500000000000013}, "9": {"z": 1.5000000000000002, "qx": -0.0, "qy": -0.0, "qz": -0.12500000000000011, "type": "_origin", "_k": 0, "y": -3.425166865496446, "x": -1.2500000000000011}, "8": {"z": 1.5000000000000002, "qx": -0.0, "qy": -0.0, "qz": -0.12500000000000003, "_k": 1, "y": -3.425166865496446, "x": -2.5000000000000018}, "14": {"z": 1.5000000000000002, "qx": -0.0, "qy": -0.0, "qz": -0.12499999999999999, "_k": 4, "y": -2.425166865496446, "x": 2.2204460492503131e-16}, "24": {"z": 1.5000000000000002, "qx": -0.0, "qy": -0.0, "qz": -0.12499999999999993, "type": "_origin", "_k": 0, "y": -2.425166865496446, "x": 1.2499999999999984}, "13": {"z": 1.5000000000000002, "qx": -0.0, "qy": -0.0, "qz": -0.062500000000000028, "type": "support", "_k": 3, "y": -3.425166865496446, "x": 4.9999999999999973}, "23": {"z": 1.5000000000000002, "qx": -0.0, "qy": -0.0, "qz": -0.12500000000000011, "type": "_origin", "_k": 0, "y": -2.425166865496446, "x": -1.2500000000000011}}, "max_int_key": 27, "attributes": {"gkey_node": {"-1.250,-3.425,1.500": 9, "5.000,-3.425,1.500": 13, "-2.500,-3.425,1.500": 8, "2.500,-3.425,1.500": 11, "0.000,-2.425,2.843": 18, "-5.000,-3.425,1.500": 6, "-2.500,-2.425,1.500": 22, "5.000,-2.425,1.500": 27, "0.000,-3.425,1.948": 2, "-5.000,-2.425,1.500": 20, "2.500,-2.425,1.500": 25, "3.750,-2.425,1.500": 26, "0.000,-3.425,2.843": 4, "0.000,-2.425,2.395": 17, "0.000,-3.425,0.010": 1, "0.000,-3.425,1.500": 0, "0.000,-3.425,2.395": 3, "1.250,-2.425,1.500": 24, "0.000,-2.425,3.290": 19, "0.000,-2.425,1.948": 16, "3.750,-3.425,1.500": 12, "-3.750,-2.425,1.500": 21, "-1.250,-2.425,1.500": 23, "0.000,-2.425,1.500": 14, "0.000,-2.425,0.010": 15, "1.250,-3.425,1.500": 10, "0.000,-3.425,3.290": 5, "-3.750,-3.425,1.500": 7}, "name": "Network", "_aux_length": 0.33000000000000002, "_trails": {"5": [5, 4, 3, 2, 0, 1], "9": [9, 8, 7, 6], "10": [10, 11, 12, 13], "19": [19, 18, 17, 16, 14, 15], "23": [23, 22, 21, 20], "24": [24, 25, 26, 27]}, "tol": "3f", "_auxiliary_trails": {}, "_aux_vector": {"dtype": "compas.geometry/Vector", "value": [0.0, 0.0, 1.0]}}, "edge_attributes": {"force": 0.0, "type": null, "length": 0.0}, "edge": {"16": {"17": {"length": -0.44749999999999979, "type": "trail"}}, "26": {"27": {"length": -1.2500000000000004, "type": "trail"}, "18": {"force": 1.3999999999999999, "type": "deviation"}}, "15": {}, "18": {"19": {"length": -0.44749999999999979, "type": "trail"}}, "25": {"26": {"length": -1.2499999999999982, "type": "trail"}, "17": {"force": 1.3999999999999999, "type": "deviation"}}, "10": {"24": {"force": -0.10000000000000001, "type": "deviation"}, "11": {"length": -1.2500000000000002, "type": "trail"}, "2": {"force": 1.3999999999999999, "type": "deviation"}}, "20": {"21": {"length": -1.2499999999999996, "type": "trail"}, "19": {"force": 1.3999999999999999, "type": "deviation"}}, "17": {"18": {"length": -0.44750000000000023, "type": "trail"}}, "27": {"19": {"force": 1.3999999999999999, "type": "deviation"}}, "12": {"4": {"force": 1.3999999999999999, "type": "deviation"}, "26": {"force": -0.10000000000000001, "type": "deviation"}, "13": {"length": -1.2500000000000004, "type": "trail"}}, "22": {"23": {"length": -1.2500000000000007, "type": "trail"}, "17": {"force": 1.3999999999999999, "type": "deviation"}}, "19": {}, "11": {"12": {"length": -1.2499999999999982, "type": "trail"}, "3": {"force": 1.3999999999999999, "type": "deviation"}, "25": {"force": -0.10000000000000001, "type": "deviation"}}, "5": {}, "4": {"5": {"length": -0.44749999999999979, "type": "trail"}}, "7": {"4": {"force": 1.3999999999999999,