{"compas": "1.7.1", "datatype": "compas_cem.diagrams/TopologyDiagram", "data": {"adjacency": {"16": {"15": null, "17": null, "5": null}, "15": {"21": null, "14": null, "16": null}, "18": {"13": null, "7": null, "17": null, "11": null}, "10": {"4": null, "21": null, "9": null}, "20": {"21": null, "19": null, "14": null, "9": null}, "17": {"6": null, "14": null, "18": null, "16": null}, "12": {"11": null}, "19": {"13": null, "20": null, "8": null, "11": null}, "11": {"12": null, "19": null, "18": null, "13": null, "0": null}, "5": {"4": null, "6": null, "16": null}, "4": {"5": null, "10": null, "3": null}, "7": {"6": null, "0": null, "18": null, "2": null}, "6": {"5": null, "7": null, "3": null, "17": null}, "1": {"0": null}, "0": {"7": null, "1": null, "2": null, "11": null, "8": null}, "3": {"4": null, "6": null, "9": null, "2": null}, "2": {"7": null, "0": null, "8": null, "3": null}, "21": {"20": null, "15": null, "10": null}, "9": {"3": null, "20": null, "8": null, "10": null}, "8": {"19": null, "0": null, "9": null, "2": null}, "14": {"13": null, "20": null, "15": null, "17": null}, "13": {"19": null, "14": null, "18": null, "11": null}}, "node_attributes": {"z": 0.0, "qx": 0.0, "rx": 0.0, "qy": 0.0, "ry": 0.0, "qz": 0.0, "type": null, "rz": 0.0, "_k": null, "y": 0.0, "x": 0.0}, "node": {"16": {"z": 1.5000000000000002, "qx": -0.0, "qy": -0.0, "qz": -0.083333333333333329, "type": "support", "_k": 2, "y": -2.425166865496446, "x": -5.0000000000000009}, "15": {"z": 3.29, "type": "_origin", "_k": 0, "y": -2.425166865496446, "x": 2.2204460492503131e-16}, "18": {"z": 1.5000000000000002, "qx": -0.0, "qy": -0.0, "qz": -0.16666666666666674, "type": "_origin", "_k": 0, "y": -2.425166865496446, "x": -1.6666666666666681}, "10": {"z": 1.5000000000000002, "qx": -0.0, "qy": -0.0, "qz": -0.083333333333333329, "type": "support", "_k": 2, "y": -3.425166865496446, "x": 4.9999999999999973}, "20": {"z": 1.5000000000000002, "qx": -0.0, "qy": -0.0, "qz": -0.16666666666666663, "_k": 1, "y": -2.425166865496446, "x": 3.3333333333333308}, "17": {"z": 1.5000000000000002, "qx": -0.0, "qy": -0.0, "qz": -0.16666666666666663, "_k": 1, "y": -2.425166865496446, "x": -3.3333333333333344}, "12": {"z": 0.010000000000000231, "type": "support", "_k": 4, "y": -2.425166865496446, "x": 2.2204460492503131e-16}, "19": {"z": 1.5000000000000002, "qx": -0.0, "qy": -0.0, "qz": -0.16666666666666652, "type": "_origin", "_k": 0, "y": -2.425166865496446, "x": 1.6666666666666645}, "11": {"z": 1.5000000000000002, "qx": -0.0, "qy": -0.0, "qz": -0.16666666666666663, "_k": 3, "y": -2.425166865496446, "x": 2.2204460492503131e-16}, "5": {"z": 1.5000000000000002, "qx": -0.0, "qy": -0.0, "qz": -0.083333333333333329, "type": "support", "_k": 2, "y": -3.425166865496446, "x": -5.0000000000000009}, "4": {"z": 3.29, "type": "_origin", "_k": 0, "y": -3.425166865496446, "x": 2.2204460492503131e-16}, "7": {"z": 1.5000000000000002, "qx": -0.0, "qy": -0.0, "qz": -0.16666666666666674, "type": "_origin", "_k": 0, "y": -3.425166865496446, "x": -1.6666666666666681}, "6": {"z": 1.5000000000000002, "qx": -0.0, "qy": -0.0, "qz": -0.16666666666666663, "_k": 1, "y": -3.425166865496446, "x": -3.3333333333333344}, "1": {"z": 0.010000000000000231, "type": "support", "_k": 4, "y": -3.425166865496446, "x": 2.2204460492503131e-16}, "0": {"z": 1.5000000000000002, "qx": -0.0, "qy": -0.0, "qz": -0.16666666666666663, "_k": 3, "y": -3.425166865496446, "x": 2.2204460492503131e-16}, "3": {"_k": 1, "z": 2.6933333333333334, "y": -3.425166865496446, "x": 2.2204460492503131e-16}, "2": {"_k": 2, "z": 2.0966666666666667, "y": -3.425166865496446, "x": 2.2204460492503131e-16}, "21": {"z": 1.5000000000000002, "qx": -0.0, "qy": -0.0, "qz": -0.083333333333333329, "type": "support", "_k": 2, "y": -2.425166865496446, "x": 4.9999999999999973}, "9": {"z": 1.5000000000000002, "qx": -0.0, "qy": -0.0, "qz": -0.16666666666666663, "_k": 1, "y": -3.425166865496446, "x": 3.3333333333333308}, "8": {"z": 1.5000000000000002, "qx": -0.0, "qy": -0.0, "qz": -0.16666666666666652, "type": "_origin", "_k": 0, "y": -3.425166865496446, "x": 1.6666666666666645}, "14": {"_k": 1, "z": 2.6933333333333334, "y": -2.425166865496446, "x": 2.2204460492503131e-16}, "13": {"_k": 2, "z": 2.0966666666666667, "y": -2.425166865496446, "x": 2.2204460492503131e-16}}, "max_int_key": 21, "attributes": {"gkey_node": {"5.000,-3.425,1.500": 10, "1.667,-3.425,1.500": 8, "-5.000,-3.425,1.500": 5, "-3.333,-2.425,1.500": 17, "0.000,-2.425,2.097": 13, "5.000,-2.425,1.500": 21, "0.000,-2.425,2.693": 14, "1.667,-2.425,1.500": 19, "-5.000,-2.425,1.500": 16, "-3.333,-3.425,1.500": 6, "-1.667,-3.425,1.500": 7, "0.000,-3.425,0.010": 1, "0.000,-3.425,1.500": 0, "3.333,-2.425,1.500": 20, "0.000,-2.425,3.290": 15, "0.000,-3.425,2.097": 2, "-1.667,-2.425,1.500": 18, "0.000,-3.425,2.693": 3, "0.000,-2.425,1.500": 11, "0.000,-2.425,0.010": 12, "3.333,-3.425,1.500": 9, "0.000,-3.425,3.290": 4}, "name": "Network", "_aux_length": 0.33000000000000002, "_trails": {"4": [4, 3, 2, 0, 1], "7": [7, 6, 5], "8": [8, 9, 10], "15": [15, 14, 13, 11, 12], "18": [18, 17, 16], "19": [19, 20, 21]}, "tol": "3f", "_auxiliary_trails": {}, "_aux_vector": {"dtype": "compas.geometry/Vector", "value": [0.0, 0.0, 1.0]}}, "edge_attributes": {"force": 0.0, "type": null, "length": 0.0}, "edge": {"16": {"15": {"force": 1.3999999999999999, "type": "deviation"}, "17": {"length": -1.6666666666666665, "type": "trail"}}, "15": {}, "18": {"13": {"force": 1.3999999999999999, "type": "deviation"}, "11": {"force": -20.0, "type": "deviation"}}, "10": {"4": {"force": 1.3999999999999999, "type": "deviation"}, "21": {"force": -0.10000000000000001, "type": "deviation"}}, "20": {"21": {"length": -1.6666666666666665, "type": "trail"}, "14": {"force": 1.3999999999999999, "type": "deviation"}}, "17": {"14": {"force": 1.3999999999999999, "type": "deviation"}, "18": {"length": -1.6666666666666663, "type": "trail"}}, "12": {}, "19": {"13": {"force": 1.3999999999999999, "type": "deviation"}, "20": {"length": -1.6666666666666663, "type": "trail"}}, "11": {"12": {"length": -1.49, "type": "trail"}, "13": {"length": -0.59666666666666646, "type": "trail"}, "19": {"force": -20.0, "type": "deviation"}}, "5": {"4": {"force": 1.3999999999999999, "type": "deviation"}, "6": {"length": -1.6666666666666665, "type": "trail"}, "16": {"force": -0.10000000000000001, "type": "deviation"}}, "4": {}, "7": {"0": {"force": -20.0, "type": "deviation"}, "18": {"force": -0.10000000000000001, "type": "deviation"}, "2": {"force": 1.3999999999999999, "type": "deviation"}}, "6": {"7": {"length": -1.6666666666666663, "type": "trail"}, "17": {"force": -0.10000000000000001, "type": "deviation"}, "3": {"force": 1.3999999999999999, "type": "deviation"}}, "1": {}, "0": {"11": {"force": -0.10000000000000001, "type": "deviation"}, "1": {"length": -1.49, "type": "trail"}, "8": {"force": -20.0, "type": "deviation"}, "2": {"length": -0.59666666666666646, "type": "trail"}}, "3": {"4": {"length": -0.59666666666666668, "type": "trail"}}, "2": {"3": {"length": -0.59666666666666668, "type": "trail"}}, "21": {"15": {"force": 1.3999999999999999, "type": "deviation"}}, "9": {"20": {"force": -0.10000000000000001, "type": "deviation"}, "10": {"length": -1.6666666666666665, "type": "trail"}, "3": {"force": 1.3999999999999999, "type": "deviation"}}, "8": {"19": {"force": -0.10000000000000001, "type": "deviation"}, "9": {"length": -1.6666666666666663, "type": "trail"}, "2": {"force": 1.3999999999999999, "type": "deviation"}}, "14": {"15": {"length": -0.59666666666666668, "type": "trail"}}, "13": {"14": {"length": -0.59666666666666668, "type": "trail"}}}}}