{"compas": "1.7.1", "datatype": "compas_cem.diagrams/TopologyDiagram", "data": {"adjacency": {"14": {"12": null}, "12": {"13": null, "14": null, "1": null, "2": null}, "5": {"4": null}, "4": {"6": null, "5": null}, "7": {"6": null, "0": null, "3": null, "11": null, "8": null}, "6": {"4": null, "7": null, "1": null, "10": null, "2": null, "9": null}, "1": {"12": null, "6": null, "0": null, "9": null}, "0": {"7": null, "1": null, "8": null}, "3": {"7": null, "11": null, "2": null}, "2": {"12": null, "6": null, "3": null, "10": null}, "10": {"13": null, "6": null, "11": null, "2": null}, "13": {"12": null, "15": null, "9": null, "10": null}, "15": {"13": null}, "11": {"7": null, "10": null, "3": null}, "9": {"13": null, "6": null, "1": null, "8": null}, "8": {"7": null, "0": null, "9": null}}, "node_attributes": {"z": 0.0, "qx": 0.0, "rx": 0.0, "qy": 0.0, "ry": 0.0, "qz": 0.0, "type": null, "rz": 0.0, "_k": null, "y": 0.0, "x": 0.0}, "node": {"14": {"z": 1.8300000000000003, "type": "support", "_k": 1, "y": -3.425166865496446, "x": 2.2204460492503131e-16}, "12": {"z": 1.5000000000000002, "qx": -0.0, "qy": -0.0, "qz": -0.25, "type": "_origin", "_k": 0, "y": -3.425166865496446, "x": 2.2204460492503131e-16}, "5": {"z": 0.010000000000000231, "type": "support", "_k": 3, "y": -2.925166865496446, "x": 2.2204460492503131e-16}, "4": {"_k": 2, "z": 1.5000000000000002, "y": -2.925166865496446, "x": 2.2204460492503131e-16}, "7": {"z": 3.29, "type": "_origin", "_k": 0, "y": -2.925166865496446, "x": 2.2204460492503131e-16}, "6": {"_k": 1, "z": 2.395, "y": -2.925166865496446, "x": 2.2204460492503131e-16}, "1": {"z": 1.5000000000000002, "qx": -0.0, "qy": -0.0, "qz": -0.25000000000000006, "type": "_origin", "_k": 0, "y": -3.425166865496446, "x": -2.5000000000000018}, "0": {"z": 1.5000000000000002, "qx": -0.0, "qy": -0.0, "qz": -0.12499999999999996, "type": "support", "_k": 1, "y": -3.425166865496446, "x": -5.0000000000000009}, "3": {"z": 1.5000000000000002, "qx": -0.0, "qy": -0.0, "qz": -0.12499999999999994, "type": "support", "_k": 1, "y": -3.425166865496446, "x": 4.9999999999999973}, "2": {"z": 1.5000000000000002, "qx": -0.0, "qy": -0.0, "qz": -0.24999999999999986, "type": "_origin", "_k": 0, "y": -3.425166865496446, "x": 2.4999999999999987}, "10": {"z": 1.5000000000000002, "qx": -0.0, "qy": -0.0, "qz": -0.24999999999999986, "type": "_origin", "_k": 0, "y": -2.425166865496446, "x": 2.4999999999999987}, "13": {"z": 1.5000000000000002, "qx": -0.0, "qy": -0.0, "qz": -0.25, "type": "_origin", "_k": 0, "y": -2.425166865496446, "x": 2.2204460492503131e-16}, "15": {"z": 1.8300000000000003, "type": "support", "_k": 1, "y": -2.425166865496446, "x": 2.2204460492503131e-16}, "11": {"z": 1.5000000000000002, "qx": -0.0, "qy": -0.0, "qz": -0.12499999999999994, "type": "support", "_k": 1, "y": -2.425166865496446, "x": 4.9999999999999973}, "9": {"z": 1.5000000000000002, "qx": -0.0, "qy": -0.0, "qz": -0.25000000000000006, "type": "_origin", "_k": 0, "y": -2.425166865496446, "x": -2.5000000000000018}, "8": {"z": 1.5000000000000002, "qx": -0.0, "qy": -0.0, "qz": -0.12499999999999996, "type": "support", "_k": 1, "y": -2.425166865496446, "x": -5.0000000000000009}}, "max_int_key": 15, "attributes": {"gkey_node": {"5.000,-2.425,1.500": 11, "0.000,-2.925,1.500": 4, "2.500,-3.425,1.500": 2, "0.000,-2.425,1.500": 13, "0.000,-2.925,3.290": 7, "2.500,-2.425,1.500": 10, "0.000,-2.925,2.395": 6, "5.000,-3.425,1.500": 3, "0.000,-2.925,0.010": 5, "0.000,-2.425,1.830": 15, "0.000,-3.425,1.830": 14, "-2.500,-3.425,1.500": 1, "-2.500,-2.425,1.500": 9, "-5.000,-3.425,1.500": 0, "-5.000,-2.425,1.500": 8, "0.000,-3.425,1.500": 12}, "name": "Network", "_aux_length": 0.33000000000000002, "_trails": {"1": [1, 0], "2": [2, 3], "7": [7, 6, 4, 5], "9": [9, 8], "10": [10, 11], "12": [12, 14], "13": [13, 15]}, "tol": "3f", "_auxiliary_trails": {"12": [12, 14], "13": [13, 15]}, "_aux_vector": {"dtype": "compas.geometry/Vector", "value": [0.0, 0.0, 1.0]}}, "edge_attributes": {"force": 0.0, "type": null, "length": 0.0}, "edge": {"14": {}, "12": {"13": {"force": -0.0001, "type": "deviation"}, "14": {"length": 0.33000000000000002, "type": "trail"}, "2": {"force": -20.0, "type": "deviation"}}, "5": {}, "4": {"6": {"length": -0.8949999999999998, "type": "trail"}, "5": {"length": -1.49, "type": "trail"}}, "7": {}, "6": {"7": {"length": -0.89500000000000002, "type": "trail"}}, "1": {"12": {"force": -20.0, "type": "deviation"}, "6": {"force": 1.3999999999999999, "type": "deviation"}, "9": {"force": -0.0001, "type": "deviation"}}, "0": {"7": {"force": 1.3999999999999999, "type": "deviation"}, "1": {"length": -2.4999999999999991, "type": "trail"}, "8": {"force": -0.0001, "type": "deviation"}}, "3": {"7": {"force": 1.3999999999999999, "type": "deviation"}, "11": {"force": -0.0001, "type": "deviation"}}, "2": {"6": {"force": 1.3999999999999999, "type": "deviation"}, "3": {"length": -2.4999999999999987, "type": "trail"}, "10": {"force": -0.0001, "type": "deviation"}}, "10": {"6": {"force": 1.3999999999999999, "type": "deviation"}, "11": {"length": -2.4999999999999987, "type": "trail"}}, "13": {"15": {"length": 0.33000000000000002, "type": "trail"}, "10": {"force": -20.0, "type": "deviation"}}, "15": {}, "11": {"7": {"force": 1.3999999999999999, "type": "deviation"}}, "9": {"13": {"force": -20.0, "type": "deviation"}, "6": {"force": 1.3999999999999999, "type": "deviation"}}, "8": {"7": {"force": 1.3999999999999999, "type": "deviation"}, "9": {"length": -2.4999999999999991, "type": "trail"}}}}}