{"compas": "1.7.1", "datatype": "compas_cem.diagrams/TopologyDiagram", "data": {"adjacency": {"16": {"15": null, "10": null, "5": null}, "15": {"4": null, "14": null, "9": null, "16": null}, "18": {"13": null, "20": null, "14": null, "17": null}, "10": {"5": null, "0": null, "11": null, "9": null, "16": null}, "20": {"18": null}, "17": {"19": null, "18": null, "3": null, "2": null}, "12": {"13": null, "1": null, "9": null, "11": null}, "19": {"17": null}, "11": {"12": null, "0": null, "10": null}, "5": {"4": null, "16": null, "10": null}, "4": {"15": null, "9": null, "3": null, "5": null}, "7": {"6": null}, "6": {"7": null, "8": null}, "1": {"12": null, "0": null, "9": null, "2": null}, "0": {"1": null, "10": null, "11": null}, "3": {"4": null, "14": null, "8": null, "17": null}, "2": {"13": null, "1": null, "8": null, "17": null}, "9": {"12": null, "4": null, "15": null, "1": null, "10": null, "8": null}, "8": {"14": null, "6": null, "13": null, "3": null, "2": null, "9": null}, "14": {"15": null, "18": null, "8": null, "3": null}, "13": {"12": null, "18": null, "8": null, "2": null}}, "node_attributes": {"z": 0.0, "qx": 0.0, "rx": 0.0, "qy": 0.0, "ry": 0.0, "qz": 0.0, "type": null, "rz": 0.0, "_k": null, "y": 0.0, "x": 0.0}, "node": {"16": {"z": 1.5000000000000002, "qx": -0.0, "qy": -0.0, "qz": -0.083333333333333329, "type": "support", "_k": 2, "y": -2.425166865496446, "x": 4.9999999999999973}, "15": {"z": 1.5000000000000002, "qx": -0.0, "qy": -0.0, "qz": -0.16666666666666663, "_k": 1, "y": -2.425166865496446, "x": 3.3333333333333308}, "18": {"z": 1.5000000000000002, "qx": -0.0, "qy": -0.0, "qz": -0.16666666666666663, "type": "_origin", "_k": 0, "y": -2.425166865496446, "x": 2.2204460492503131e-16}, "10": {"z": 3.29, "type": "_origin", "_k": 0, "y": -2.925166865496446, "x": 2.2204460492503131e-16}, "20": {"z": 1.8300000000000003, "type": "support", "_k": 1, "y": -2.425166865496446, "x": 2.2204460492503131e-16}, "17": {"z": 1.5000000000000002, "qx": -0.0, "qy": -0.0, "qz": -0.16666666666666663, "type": "_origin", "_k": 0, "y": -3.425166865496446, "x": 2.2204460492503131e-16}, "12": {"z": 1.5000000000000002, "qx": -0.0, "qy": -0.0, "qz": -0.16666666666666663, "_k": 1, "y": -2.425166865496446, "x": -3.3333333333333344}, "19": {"z": 1.8300000000000003, "type": "support", "_k": 1, "y": -3.425166865496446, "x": 2.2204460492503131e-16}, "11": {"z": 1.5000000000000002, "qx": -0.0, "qy": -0.0, "qz": -0.083333333333333329, "type": "support", "_k": 2, "y": -2.425166865496446, "x": -5.0000000000000009}, "5": {"z": 1.5000000000000002, "qx": -0.0, "qy": -0.0, "qz": -0.083333333333333329, "type": "support", "_k": 2, "y": -3.425166865496446, "x": 4.9999999999999973}, "4": {"z": 1.5000000000000002, "qx": -0.0, "qy": -0.0, "qz": -0.16666666666666663, "_k": 1, "y": -3.425166865496446, "x": 3.3333333333333308}, "7": {"z": 0.010000000000000231, "type": "support", "_k": 4, "y": -2.925166865496446, "x": 2.2204460492503131e-16}, "6": {"_k": 3, "z": 1.5000000000000002, "y": -2.925166865496446, "x": 2.2204460492503131e-16}, "1": {"z": 1.5000000000000002, "qx": -0.0, "qy": -0.0, "qz": -0.16666666666666663, "_k": 1, "y": -3.425166865496446, "x": -3.3333333333333344}, "0": {"z": 1.5000000000000002, "qx": -0.0, "qy": -0.0, "qz": -0.083333333333333329, "type": "support", "_k": 2, "y": -3.425166865496446, "x": -5.0000000000000009}, "3": {"z": 1.5000000000000002, "qx": -0.0, "qy": -0.0, "qz": -0.16666666666666652, "type": "_origin", "_k": 0, "y": -3.425166865496446, "x": 1.6666666666666645}, "2": {"z": 1.5000000000000002, "qx": -0.0, "qy": -0.0, "qz": -0.16666666666666674, "type": "_origin", "_k": 0, "y": -3.425166865496446, "x": -1.6666666666666681}, "9": {"_k": 1, "z": 2.6933333333333334, "y": -2.925166865496446, "x": 2.2204460492503131e-16}, "8": {"_k": 2, "z": 2.0966666666666667, "y": -2.925166865496446, "x": 2.2204460492503131e-16}, "14": {"z": 1.5000000000000002, "qx": -0.0, "qy": -0.0, "qz": -0.16666666666666652, "type": "_origin", "_k": 0, "y": -2.425166865496446, "x": 1.6666666666666645}, "13": {"z": 1.5000000000000002, "qx": -0.0, "qy": -0.0, "qz": -0.16666666666666674, "type": "_origin", "_k": 0, "y": -2.425166865496446, "x": -1.6666666666666681}}, "max_int_key": 20, "attributes": {"gkey_node": {"5.000,-3.425,1.500": 5, "1.667,-3.425,1.500": 3, "0.000,-2.925,2.693": 9, "-5.000,-3.425,1.500": 0, "-3.333,-2.425,1.500": 12, "0.000,-2.925,3.290": 10, "0.000,-2.425,1.830": 20, "5.000,-2.425,1.500": 16, "1.667,-2.425,1.500": 14, "-5.000,-2.425,1.500": 11, "0.000,-2.925,0.010": 7, "-3.333,-3.425,1.500": 1, "0.000,-2.925,2.097": 8, "-1.667,-3.425,1.500": 2, "0.000,-3.425,1.830": 19, "0.000,-3.425,1.500": 17, "0.000,-2.925,1.500": 6, "3.333,-2.425,1.500": 15, "-1.667,-2.425,1.500": 13, "0.000,-2.425,1.500": 18, "3.333,-3.425,1.500": 4}, "name": "Network", "_aux_length": 0.33000000000000002, "_trails": {"2": [2, 1, 0], "3": [3, 4, 5], "10": [10, 9, 8, 6, 7], "13": [13, 12, 11], "14": [14, 15, 16], "17": [17, 19], "18": [18, 20]}, "tol": "3f", "_auxiliary_trails": {"17": [17, 19], "18": [18, 20]}, "_aux_vector": {"dtype": "compas.geometry/Vector", "value": [0.0, 0.0, 1.0]}}, "edge_attributes": {"force": 0.0, "type": null, "length": 0.0}, "edge": {"16": {"10": {"force": 1.3999999999999999, "type": "deviation"}}, "15": {"9": {"force": 1.3999999999999999, "type": "deviation"}, "16": {"length": -1.6666666666666665, "type": "trail"}}, "18": {"20": {"length": 0.33000000000000002, "type": "trail"}, "14": {"force": -20.0, "type": "deviation"}}, "10": {}, "20": {}, "17": {"19": {"length": 0.33000000000000002, "type": "trail"}, "18": {"force": -0.0001, "type": "deviation"}, "3": {"force": -20.0, "type": "deviation"}}, "12": {"13": {"length": -1.6666666666666663, "type": "trail"}, "9": {"force": 1.3999999999999999, "type": "deviation"}}, "19": {}, "11": {"12": {"length": -1.6666666666666665, "type": "trail"}, "10": {"force": 1.3999999999999999, "type": "deviation"}}, "5": {"16": {"force": -0.0001, "type": "deviation"}, "10": {"force": 1.3999999999999999, "type": "deviation"}}, "4": {"15": {"force": -0.0001, "type": "deviation"}, "9": {"force": 1.3999999999999999, "type": "deviation"}, "5": {"length": -1.6666666666666665, "type": "trail"}}, "7": {}, "6": {"7": {"length": -1.49, "type": "trail"}, "8": {"length": -0.59666666666666646, "type": "trail"}}, "1": {"12": {"force": -0.0001, "type": "deviation"}, "9": {"force": 1.3999999999999999, "type": "deviation"}, "2": {"length": -1.6666666666666663, "type": "trail"}}, "0": {"1": {"length": -1.6666666666666665, "type": "trail"}, "10": {"force": 1.3999999999999999, "type": "deviation"}, "11": {"force": -0.0001, "type": "deviation"}}, "3": {"4": {"length": -1.6666666666666663, "type": "trail"}, "14": {"force": -0.0001, "type": "deviation"}, "8": {"force": 1.3999999999999999, "type": "deviation"}}, "2": {"13": {"force": -0.0001, "type": "deviation"}, "8": {"force": 1.3999999999999999, "type": "deviation"}, "17": {"force": -20.0, "type": "deviation"}}, "9": {"10": {"length": -0.59666666666666668, "type": "trail"}}, "8": {"9": {"length": -0.59666666666666668, "type": "trail"}}, "14": {"15": {"length": -1.6666666666666663, "type": "trail"}, "8": {"force": 1.3999999999999999, "type": "deviation"}}, "13": {"18": {"force": -20.0, "type": "deviation"}, "8": {"force": 1.3999999999999999, "type": "deviation"}}}}}