{"compas": "1.7.1", "datatype": "compas_cem.diagrams/TopologyDiagram", "data": {"adjacency": {"16": {"11": null, "15": null, "17": null, "2": null}, "15": {"12": null, "14": null, "1": null, "16": null}, "18": {"4": null, "19": null, "23": null, "10": null}, "25": {"23": null}, "10": {"17": null, "4": null, "18": null, "3": null, "11": null, "8": null}, "20": {"12": null, "21": null, "6": null, "19": null}, "17": {"16": null, "23": null, "3": null, "10": null}, "12": {"15": null, "6": null, "1": null, "13": null, "20": null, "11": null}, "22": {"4": null, "23": null, "3": null, "24": null}, "19": {"20": null, "18": null, "11": null, "5": null}, "11": {"12": null, "5": null, "19": null, "10": null, "2": null, "16": null}, "5": {"4": null, "19": null, "6": null, "11": null}, "4": {"22": null, "18": null, "10": null, "5": null}, "7": {"13": null, "21": null, "6": null}, "6": {"12": null, "7": null, "20": null, "5": null}, "1": {"12": null, "15": null, "0": null, "2": null}, "0": {"13": null, "14": null, "1": null}, "3": {"17": null, "22": null, "10": null, "2": null}, "2": {"11": null, "1": null, "16": null, "3": null}, "21": {"13": null, "7": null, "20": null}, "9": {"8": null}, "8": {"9": null, "10": null}, "14": {"13": null, "15": null, "0": null}, "24": {"22": null}, "13": {"14": null, "12": null, "7": null, "0": null, "21": null}, "23": {"22": null, "18": null, "17": null, "25": null}}, "node_attributes": {"z": 0.0, "qx": 0.0, "rx": 0.0, "qy": 0.0, "ry": 0.0, "qz": 0.0, "type": null, "rz": 0.0, "_k": null, "y": 0.0, "x": 0.0}, "node": {"16": {"z": 1.5000000000000002, "qx": -0.0, "qy": -0.0, "qz": -0.12500000000000003, "_k": 1, "y": -2.425166865496446, "x": -2.5000000000000018}, "15": {"z": 1.5000000000000002, "qx": -0.0, "qy": -0.0, "qz": -0.12499999999999996, "_k": 2, "y": -2.425166865496446, "x": -3.7500000000000013}, "18": {"z": 1.5000000000000002, "qx": -0.0, "qy": -0.0, "qz": -0.12499999999999993, "type": "_origin", "_k": 0, "y": -2.425166865496446, "x": 1.2499999999999984}, "25": {"z": 1.8300000000000003, "type": "support", "_k": 1, "y": -2.425166865496446, "x": 2.2204460492503131e-16}, "10": {"_k": 3, "z": 1.9475000000000002, "y": -2.925166865496446, "x": 2.2204460492503131e-16}, "20": {"z": 1.5000000000000002, "qx": -0.0, "qy": -0.0, "qz": -0.12499999999999994, "_k": 2, "y": -2.425166865496446, "x": 3.7499999999999969}, "17": {"z": 1.5000000000000002, "qx": -0.0, "qy": -0.0, "qz": -0.12500000000000011, "type": "_origin", "_k": 0, "y": -2.425166865496446, "x": -1.2500000000000011}, "12": {"_k": 1, "z": 2.8425000000000002, "y": -2.925166865496446, "x": 2.2204460492503131e-16}, "22": {"z": 1.5000000000000002, "qx": -0.0, "qy": -0.0, "qz": -0.12499999999999999, "type": "_origin", "_k": 0, "y": -3.425166865496446, "x": 2.2204460492503131e-16}, "19": {"z": 1.5000000000000002, "qx": -0.0, "qy": -0.0, "qz": -0.12499999999999993, "_k": 1, "y": -2.425166865496446, "x": 2.4999999999999987}, "11": {"_k": 2, "z": 2.395, "y": -2.925166865496446, "x": 2.2204460492503131e-16}, "5": {"z": 1.5000000000000002, "qx": -0.0, "qy": -0.0, "qz": -0.12499999999999993, "_k": 1, "y": -3.425166865496446, "x": 2.4999999999999987}, "4": {"z": 1.5000000000000002, "qx": -0.0, "qy": -0.0, "qz": -0.12499999999999993, "type": "_origin", "_k": 0, "y": -3.425166865496446, "x": 1.2499999999999984}, "7": {"z": 1.5000000000000002, "qx": -0.0, "qy": -0.0, "qz": -0.062500000000000028, "type": "support", "_k": 3, "y": -3.425166865496446, "x": 4.9999999999999973}, "6": {"z": 1.5000000000000002, "qx": -0.0, "qy": -0.0, "qz": -0.12499999999999994, "_k": 2, "y": -3.425166865496446, "x": 3.7499999999999969}, "1": {"z": 1.5000000000000002, "qx": -0.0, "qy": -0.0, "qz": -0.12499999999999996, "_k": 2, "y": -3.425166865496446, "x": -3.7500000000000013}, "0": {"z": 1.5000000000000002, "qx": -0.0, "qy": -0.0, "qz": -0.062499999999999979, "type": "support", "_k": 3, "y": -3.425166865496446, "x": -5.0000000000000009}, "3": {"z": 1.5000000000000002, "qx": -0.0, "qy": -0.0, "qz": -0.12500000000000011, "type": "_origin", "_k": 0, "y": -3.425166865496446, "x": -1.2500000000000011}, "2": {"z": 1.5000000000000002, "qx": -0.0, "qy": -0.0, "qz": -0.12500000000000003, "_k": 1, "y": -3.425166865496446, "x": -2.5000000000000018}, "21": {"z": 1.5000000000000002, "qx": -0.0, "qy": -0.0, "qz": -0.062500000000000028, "type": "support", "_k": 3, "y": -2.425166865496446, "x": 4.9999999999999973}, "9": {"z": 0.010000000000000231, "type": "support", "_k": 5, "y": -2.925166865496446, "x": 2.2204460492503131e-16}, "8": {"_k": 4, "z": 1.5000000000000002, "y": -2.925166865496446, "x": 2.2204460492503131e-16}, "14": {"z": 1.5000000000000002, "qx": -0.0, "qy": -0.0, "qz": -0.062499999999999979, "type": "support", "_k": 3, "y": -2.425166865496446, "x": -5.0000000000000009}, "24": {"z": 1.8300000000000003, "type": "support", "_k": 1, "y": -3.425166865496446, "x": 2.2204460492503131e-16}, "13": {"z": 3.29, "type": "_origin", "_k": 0, "y": -2.925166865496446, "x": 2.2204460492503131e-16}, "23": {"z": 1.5000000000000002, "qx": -0.0, "qy": -0.0, "qz": -0.12499999999999999, "type": "_origin", "_k": 0, "y": -2.425166865496446, "x": 2.2204460492503131e-16}}, "max_int_key": 25, "attributes": {"gkey_node": {"-1.250,-3.425,1.500": 3, "5.000,-3.425,1.500": 7, "-2.500,-3.425,1.500": 2, "2.500,-3.425,1.500": 5, "-5.000,-3.425,1.500": 0, "-2.500,-2.425,1.500": 16, "0.000,-2.925,3.290": 13, "0.000,-2.425,1.830": 25, "5.000,-2.425,1.500": 21, "-5.000,-2.425,1.500": 14, "2.500,-2.425,1.500": 19, "3.750,-2.425,1.500": 20, "0.000,-2.925,2.843": 12, "0.000,-2.925,0.010": 9, "0.000,-2.925,2.395": 11, "0.000,-3.425,1.500": 22, "0.000,-3.425,1.830": 24, "0.000,-2.925,1.500": 8, "1.250,-2.425,1.500": 18, "3.750,-3.425,1.500": 6, "-3.750,-2.425,1.500": 15, "-1.250,-2.425,1.500": 17, "0.000,-2.925,1.948": 10, "0.000,-2.425,1.500": 23, "1.250,-3.425,1.500": 4, "-3.750,-3.425,1.500": 1}, "name": "Network", "_aux_length": 0.33000000000000002, "_trails": {"3": [3, 2, 1, 0], "4": [4, 5, 6, 7], "13": [13, 12, 11, 10, 8, 9], "17": [17, 16, 15, 14], "18": [18, 19, 20, 21], "22": [22, 24], "23": [23, 25]}, "tol": "3f", "_auxiliary_trails": {"22": [22, 24], "23": [23, 25]}, "_aux_vector": {"dtype": "compas.geometry/Vector", "value": [0.0, 0.0, 1.0]}}, "edge_attributes": {"force": 0.0, "type": null, "length": 0.0}, "edge": {"16": {"17": {"length": -1.2500000000000007, "type": "trail"}, "11": {"force": 1.3999999999999999, "type": "deviation"}}, "15": {"12": {"force": 1.3999999999999999, "type": "deviation"}, "16": {"length": -1.2499999999999996, "type": "trail"}}, "18": {"19": {"length": -1.2500000000000002, "type": "trail"}, "10": {"force": 1.3999999999999999, "type": "deviation"}}, "25": {}, "10": {"11": {"length": -0.44749999999999979, "type": "trail"}}, "20": {"12": {"force": 1.3999999999999999, "type": "deviation"}, "21": {"length": -1.2500000000000004, "type": "trail"}}, "17": {"23": {"force": -20.0, "type": "deviation"}, "10": {"force": 1.3999999999999999, "type": "deviation"}}, "12": {"13": {"length": -0.44749999999999979, "type": "trail"}}, "22": {"4": {"force": -20.0, "type": "deviation"}, "23": {"force": -0.0001, "type": "deviation"}, "24": {"length": 0.33000000000000002, "type": "trail"}}, "19": {"20": {"length": -1.2499999999999982, "type": "trail"}, "11": {"force": 1.3999999999999999, "type": "deviation"}}, "11": {"12": {"length": -0.44750000000000023, "type": "trail"}}, "5": {"19": {"force": -0.0001, "type": "deviation"}, "6": {"length": -1.2499999999999982, "type": "trail"}, "11": {"force": 1.3999999999999999, "type": "deviation"}}, "4": {"18": {"force": -0.0001, "type": "deviation"}, "10": {"force": 1.3999999999999999, "type": "deviation"}, "5": {"length": -1.2500000000000002, "type": "trail"}}, "7": {"13": {"force": 1.3999999999999999, "type": "deviation"}, "21": {"force": -0.0001, "type": "deviation"}}, "6": {"12": {"force": 1.3999999999999999, "type": "deviation"}, "7": {"length": -1.2500000000000004, "type": "trail"},