{"compas": "1.7.1", "datatype": "compas_cem.diagrams/TopologyDiagram", "data": {"adjacency": {"16": {"4": null, "15": null, "17": null}, "15": {"14": null, "16": null, "3": null}, "18": {"19": null, "6": null, "17": null}, "25": {"24": null}, "10": {"22": null, "9": null, "11": null}, "20": {"21": null, "19": null, "8": null, "24": null}, "17": {"18": null, "16": null, "5": null}, "12": {"13": null, "0": null}, "22": {"21": null, "23": null, "10": null}, "19": {"7": null, "20": null, "18": null}, "11": {"23": null, "10": null, "24": null}, "5": {"4": null, "6": null, "17": null}, "4": {"5": null, "16": null, "3": null}, "7": {"19": null, "6": null, "8": null}, "6": {"7": null, "18": null, "5": null}, "1": {"13": null, "0": null, "2": null}, "0": {"12": null, "1": null}, "3": {"4": null, "15": null, "2": null}, "2": {"14": null, "1": null, "3": null}, "21": {"20": null, "22": null, "9": null}, "9": {"21": null, "8": null, "10": null}, "8": {"7": null, "20": null, "9": null, "24": null}, "14": {"13": null, "15": null, "2": null}, "24": {"25": null, "20": null, "23": null, "11": null, "8": null}, "13": {"12": null, "14": null, "1": null}, "23": {"22": null, "11": null, "24": null}}, "node_attributes": {"z": 0.0, "qx": 0.0, "rx": 0.0, "qy": 0.0, "ry": 0.0, "qz": 0.0, "type": null, "rz": 0.0, "_k": null, "y": 0.0, "x": 0.0}, "node": {"16": {"z": 1.5000000000000002, "qx": -0.0, "qy": -0.0, "qz": -0.090909090909090912, "_k": 1, "y": -2.425166865496446, "x": 1.3636363636363613}, "15": {"z": 1.5000000000000002, "qx": -0.0, "qy": -0.0, "qz": -0.090909090909090939, "_k": 2, "y": -2.425166865496446, "x": 2.2727272727272703}, "18": {"z": 1.5000000000000002, "qx": -0.0, "qy": -0.0, "qz": -0.090909090909090912, "type": "_origin", "_k": 0, "y": -2.425166865496446, "x": -0.45454545454545714}, "25": {"z": -0.059999999999999776, "type": "support", "_k": 1, "y": -2.925166865496446, "x": -3.7700000000000014}, "10": {"z": 1.5000000000000002, "qx": -0.0, "qy": -0.0, "qz": -0.090909090909090814, "_k": 4, "y": -3.425166865496446, "x": -4.0909090909090944}, "20": {"z": 1.5000000000000002, "qx": -0.0, "qy": -0.0, "qz": -0.090909090909090939, "_k": 2, "y": -2.425166865496446, "x": -2.2727272727272747}, "17": {"z": 1.5000000000000002, "qx": -0.0, "qy": -0.0, "qz": -0.090909090909090939, "type": "_origin", "_k": 0, "y": -2.425166865496446, "x": 0.45454545454545203}, "12": {"z": 1.5000000000000002, "qx": -0.0, "qy": -0.0, "qz": -0.045454545454545463, "type": "support", "_k": 5, "y": -2.425166865496446, "x": 4.9999999999999973}, "22": {"z": 1.5000000000000002, "qx": -0.0, "qy": -0.0, "qz": -0.090909090909090814, "_k": 4, "y": -2.425166865496446, "x": -4.0909090909090944}, "19": {"z": 1.5000000000000002, "qx": -0.0, "qy": -0.0, "qz": -0.090909090909090884, "_k": 1, "y": -2.425166865496446, "x": -1.3636363636363662}, "11": {"z": 1.5000000000000002, "qx": -0.0, "qy": -0.0, "qz": -0.045454545454545331, "type": "support", "_k": 5, "y": -3.425166865496446, "x": -5.0000000000000009}, "5": {"z": 1.5000000000000002, "qx": -0.0, "qy": -0.0, "qz": -0.090909090909090939, "type": "_origin", "_k": 0, "y": -3.425166865496446, "x": 0.45454545454545203}, "4": {"z": 1.5000000000000002, "qx": -0.0, "qy": -0.0, "qz": -0.090909090909090912, "_k": 1, "y": -3.425166865496446, "x": 1.3636363636363613}, "7": {"z": 1.5000000000000002, "qx": -0.0, "qy": -0.0, "qz": -0.090909090909090884, "_k": 1, "y": -3.425166865496446, "x": -1.3636363636363662}, "6": {"z": 1.5000000000000002, "qx": -0.0, "qy": -0.0, "qz": -0.090909090909090912, "type": "_origin", "_k": 0, "y": -3.425166865496446, "x": -0.45454545454545714}, "1": {"z": 1.5000000000000002, "qx": -0.0, "qy": -0.0, "qz": -0.090909090909090884, "_k": 4, "y": -3.425166865496446, "x": 4.0909090909090882}, "0": {"z": 1.5000000000000002, "qx": -0.0, "qy": -0.0, "qz": -0.045454545454545463, "type": "support", "_k": 5, "y": -3.425166865496446, "x": 4.9999999999999973}, "3": {"z": 1.5000000000000002, "qx": -0.0, "qy": -0.0, "qz": -0.090909090909090939, "_k": 2, "y": -3.425166865496446, "x": 2.2727272727272703}, "2": {"z": 1.5000000000000002, "qx": -0.0, "qy": -0.0, "qz": -0.090909090909090898, "_k": 3, "y": -3.425166865496446, "x": 3.1818181818181799}, "21": {"z": 1.5000000000000002, "qx": -0.0, "qy": -0.0, "qz": -0.090909090909090995, "_k": 3, "y": -2.425166865496446, "x": -3.1818181818181848}, "9": {"z": 1.5000000000000002, "qx": -0.0, "qy": -0.0, "qz": -0.090909090909090995, "_k": 3, "y": -3.425166865496446, "x": -3.1818181818181848}, "8": {"z": 1.5000000000000002, "qx": -0.0, "qy": -0.0, "qz": -0.090909090909090939, "_k": 2, "y": -3.425166865496446, "x": -2.2727272727272747}, "14": {"z": 1.5000000000000002, "qx": -0.0, "qy": -0.0, "qz": -0.090909090909090898, "_k": 3, "y": -2.425166865496446, "x": 3.1818181818181799}, "24": {"z": 0.27000000000000024, "type": "_origin", "_k": 0, "y": -2.925166865496446, "x": -3.7700000000000014}, "13": {"z": 1.5000000000000002, "qx": -0.0, "qy": -0.0, "qz": -0.090909090909090884, "_k": 4, "y": -2.425166865496446, "x": 4.0909090909090882}, "23": {"z": 1.5000000000000002, "qx": -0.0, "qy": -0.0, "qz": -0.045454545454545331, "type": "support", "_k": 5, "y": -2.425166865496446, "x": -5.0000000000000009}}, "max_int_key": 25, "attributes": {"gkey_node": {"5.000,-3.425,1.500": 0, "-4.091,-2.425,1.500": 22, "-1.364,-3.425,1.500": 7, "0.455,-3.425,1.500": 5, "-5.000,-3.425,1.500": 11, "-2.273,-2.425,1.500": 20, "3.182,-2.425,1.500": 14, "4.091,-3.425,1.500": 1, "-0.455,-2.425,1.500": 18, "-4.091,-3.425,1.500": 10, "-3.182,-3.425,1.500": 9, "1.364,-3.425,1.500": 4, "-1.364,-2.425,1.500": 19, "2.273,-2.425,1.500": 15, "5.000,-2.425,1.500": 12, "-5.000,-2.425,1.500": 23, "-2.273,-3.425,1.500": 8, "-0.455,-3.425,1.500": 6, "-3.770,-2.925,0.270": 24, "-3.182,-2.425,1.500": 21, "1.364,-2.425,1.500": 16, "2.273,-3.425,1.500": 3, "0.455,-2.425,1.500": 17, "3.182,-3.425,1.500": 2, "4.091,-2.425,1.500": 13, "-3.770,-2.925,-0.060": 25}, "name": "Network", "_aux_length": 0.33000000000000002, "_trails": {"5": [5, 4, 3, 2, 1, 0], "6": [6, 7, 8, 9, 10, 11], "17": [17, 16, 15, 14, 13, 12], "18": [18, 19, 20, 21, 22, 23], "24": [24, 25]}, "tol": "3f", "_auxiliary_trails": {"24": [24, 25]}, "_aux_vector": {"dtype": "compas.geometry/Vector", "value": [-0.0, -0.0, -1.0]}}, "edge_attributes": {"force": 0.0, "type": null, "length": 0.0}, "edge": {"16": {"17": {"length": -0.90909090909090928, "type": "trail"}}, "15": {"16": {"length": -0.90909090909090895, "type": "trail"}}, "18": {"19": {"length": -0.90909090909090906, "type": "trail"}}, "25": {}, "10": {"22": {"force": -0.10000000000000001, "type": "deviation"}, "11": {"length": -0.90909090909090651, "type": "trail"}}, "20": {"21": {"length": -0.90909090909091006, "type": "trail"}, "24": {"force": 0.20000000000000001, "type": "deviation"}}, "17": {"18": {"force": -12.9, "type": "deviation"}}, "12": {"13": {"length": -0.90909090909090917, "type": "trail"}}, "22": {"23": {"length": -0.90909090909090651, "type": "trail"}}, "19": {"20": {"length": -0.90909090909090851, "type": "trail"}}, "11": {"23": {"force": -0.10000000000000001, "type": "deviation"}}, "5": {"6": {"force": -12.9, "type": "deviation"}, "17": {"force": -0.10000000000000001, "type": "deviation"}}, "4": {"16": {"force": -0.10000000000000001, "type": "deviation"}, "5": {"length": -0.90909090909090928, "type": "trail"}}, "7": {"19": {"force": -0.10000000000000001, "type": "deviation"}, "8": {"length": -0.90909090909090851, "type": "trail"}}, "6": {"7": {"length": -0.90909090909090906, "type": "trail"}, "18": {"force": -0.10000000000000001, "type": "deviation"}}, "1": {"13": {"force": -0.10000000000000001, "type": "deviation"}, "2": {"length": -0.90909090909090828, "type": "trail"}}, "0": {"12": {"force": -0.10000000000000001, "type": "deviation"}, "1": {"length": -0.90909090909090917, "type": "trail"}}, "3": {"4": {"length": -0.90909090909090895, "type": "trail"}, "15": {"force": -0.10000000000000001, "type": "deviation"}},