{"compas": "1.7.1", "datatype": "compas_cem.diagrams/TopologyDiagram", "data": {"adjacency": {"14": {"13": null, "6": null, "15": null}, "17": {"16": null}, "12": {"4": null, "13": null, "11": null}, "5": {"4": null, "13": null, "6": null, "16": null}, "4": {"12": null, "3": null, "5": null}, "7": {"6": null, "15": null, "16": null}, "6": {"7": null, "14": null, "5": null}, "1": {"0": null, "9": null, "2": null}, "0": {"1": null, "8": null}, "3": {"4": null, "11": null, "2": null}, "2": {"1": null, "3": null, "10": null}, "10": {"9": null, "11": null, "2": null}, "13": {"12": null, "14": null, "16": null, "5": null}, "15": {"7": null, "14": null, "16": null}, "11": {"12": null, "10": null, "3": null}, "9": {"1": null, "8": null, "10": null}, "8": {"0": null, "9": null}, "16": {"17": null, "5": null, "15": null, "7": null, "13": null}}, "node_attributes": {"z": 0.0, "qx": 0.0, "rx": 0.0, "qy": 0.0, "ry": 0.0, "qz": 0.0, "type": null, "rz": 0.0, "_k": null, "y": 0.0, "x": 0.0}, "node": {"14": {"z": 1.5000000000000002, "qx": -0.0, "qy": -0.0, "qz": -0.14285714285714285, "_k": 2, "y": -2.425166865496446, "x": -3.5714285714285703}, "17": {"z": -0.059999999999999776, "type": "support", "_k": 1, "y": -2.925166865496446, "x": -3.7700000000000014}, "12": {"z": 1.5000000000000002, "qx": -0.0, "qy": -0.0, "qz": -0.14285714285714279, "type": "_origin", "_k": 0, "y": -2.425166865496446, "x": -0.71428571428571563}, "5": {"z": 1.5000000000000002, "qx": -0.0, "qy": -0.0, "qz": -0.14285714285714274, "_k": 1, "y": -3.425166865496446, "x": -2.1428571428571437}, "4": {"z": 1.5000000000000002, "qx": -0.0, "qy": -0.0, "qz": -0.14285714285714279, "type": "_origin", "_k": 0, "y": -3.425166865496446, "x": -0.71428571428571563}, "7": {"z": 1.5000000000000002, "qx": -0.0, "qy": -0.0, "qz": -0.071428571428571536, "type": "support", "_k": 3, "y": -3.425166865496446, "x": -5.0000000000000009}, "6": {"z": 1.5000000000000002, "qx": -0.0, "qy": -0.0, "qz": -0.14285714285714285, "_k": 2, "y": -3.425166865496446, "x": -3.5714285714285703}, "1": {"z": 1.5000000000000002, "qx": -0.0, "qy": -0.0, "qz": -0.14285714285714282, "_k": 2, "y": -3.425166865496446, "x": 3.5714285714285698}, "0": {"z": 1.5000000000000002, "qx": -0.0, "qy": -0.0, "qz": -0.071428571428571383, "type": "support", "_k": 3, "y": -3.425166865496446, "x": 4.9999999999999973}, "3": {"z": 1.5000000000000002, "qx": -0.0, "qy": -0.0, "qz": -0.14285714285714285, "type": "_origin", "_k": 0, "y": -3.425166865496446, "x": 0.71428571428571241}, "2": {"z": 1.5000000000000002, "qx": -0.0, "qy": -0.0, "qz": -0.14285714285714288, "_k": 1, "y": -3.425166865496446, "x": 2.142857142857141}, "10": {"z": 1.5000000000000002, "qx": -0.0, "qy": -0.0, "qz": -0.14285714285714288, "_k": 1, "y": -2.425166865496446, "x": 2.142857142857141}, "13": {"z": 1.5000000000000002, "qx": -0.0, "qy": -0.0, "qz": -0.14285714285714274, "_k": 1, "y": -2.425166865496446, "x": -2.1428571428571437}, "15": {"z": 1.5000000000000002, "qx": -0.0, "qy": -0.0, "qz": -0.071428571428571536, "type": "support", "_k": 3, "y": -2.425166865496446, "x": -5.0000000000000009}, "11": {"z": 1.5000000000000002, "qx": -0.0, "qy": -0.0, "qz": -0.14285714285714285, "type": "_origin", "_k": 0, "y": -2.425166865496446, "x": 0.71428571428571241}, "9": {"z": 1.5000000000000002, "qx": -0.0, "qy": -0.0, "qz": -0.14285714285714282, "_k": 2, "y": -2.425166865496446, "x": 3.5714285714285698}, "8": {"z": 1.5000000000000002, "qx": -0.0, "qy": -0.0, "qz": -0.071428571428571383, "type": "support", "_k": 3, "y": -2.425166865496446, "x": 4.9999999999999973}, "16": {"z": 0.27000000000000024, "type": "_origin", "_k": 0, "y": -2.925166865496446, "x": -3.7700000000000014}}, "max_int_key": 17, "attributes": {"gkey_node": {"2.143,-2.425,1.500": 10, "5.000,-2.425,1.500": 8, "0.714,-2.425,1.500": 11, "0.714,-3.425,1.500": 3, "3.571,-2.425,1.500": 9, "-3.770,-2.925,0.270": 16, "-3.571,-2.425,1.500": 14, "5.000,-3.425,1.500": 0, "3.571,-3.425,1.500": 1, "-0.714,-3.425,1.500": 4, "-2.143,-3.425,1.500": 5, "-3.571,-3.425,1.500": 6, "-0.714,-2.425,1.500": 12, "-2.143,-2.425,1.500": 13, "-3.770,-2.925,-0.060": 17, "2.143,-3.425,1.500": 2, "-5.000,-2.425,1.500": 15, "-5.000,-3.425,1.500": 7}, "name": "Network", "_aux_length": 0.33000000000000002, "_trails": {"3": [3, 2, 1, 0], "4": [4, 5, 6, 7], "11": [11, 10, 9, 8], "12": [12, 13, 14, 15], "16": [16, 17]}, "tol": "3f", "_auxiliary_trails": {"16": [16, 17]}, "_aux_vector": {"dtype": "compas.geometry/Vector", "value": [-0.0, -0.0, -1.0]}}, "edge_attributes": {"force": 0.0, "type": null, "length": 0.0}, "edge": {"14": {"15": {"length": -1.4285714285714306, "type": "trail"}}, "17": {}, "12": {"13": {"length": -1.4285714285714279, "type": "trail"}}, "5": {"13": {"force": -0.10000000000000001, "type": "deviation"}, "6": {"length": -1.4285714285714266, "type": "trail"}, "16": {"force": 0.20000000000000001, "type": "deviation"}}, "4": {"12": {"force": -0.10000000000000001, "type": "deviation"}, "5": {"length": -1.4285714285714279, "type": "trail"}}, "7": {"15": {"force": -0.10000000000000001, "type": "deviation"}}, "6": {"7": {"length": -1.4285714285714306, "type": "trail"}, "14": {"force": -0.10000000000000001, "type": "deviation"}}, "1": {"9": {"force": -0.10000000000000001, "type": "deviation"}, "2": {"length": -1.4285714285714288, "type": "trail"}}, "0": {"1": {"length": -1.4285714285714275, "type": "trail"}, "8": {"force": -0.10000000000000001, "type": "deviation"}}, "3": {"4": {"force": -12.9, "type": "deviation"}, "11": {"force": -0.10000000000000001, "type": "deviation"}}, "2": {"3": {"length": -1.4285714285714286, "type": "trail"}, "10": {"force": -0.10000000000000001, "type": "deviation"}}, "10": {"11": {"length": -1.4285714285714286, "type": "trail"}}, "13": {"14": {"length": -1.4285714285714266, "type": "trail"}, "16": {"force": 0.20000000000000001, "type": "deviation"}}, "15": {}, "11": {"12": {"force": -12.9, "type": "deviation"}}, "9": {"10": {"length": -1.4285714285714288, "type": "trail"}}, "8": {"9": {"length": -1.4285714285714275, "type": "trail"}}, "16": {"7": {"force": -0.5, "type": "deviation"}, "15": {"force": -0.5, "type": "deviation"}, "17": {"length": 0.33000000000000002, "type": "trail"}}}}}