{"compas": "1.7.1", "datatype": "compas_cem.diagrams/FormDiagram", "data": {"adjacency": {"5": {"4": null, "6": null, "1": null}, "4": {"0": null, "5": null}, "7": {"6": null, "8": null, "3": null}, "6": {"5": null, "7": null, "8": null, "2": null}, "1": {"5": null, "0": null, "2": null}, "0": {"4": null, "1": null}, "3": {"7": null, "8": null, "2": null}, "2": {"6": null, "1": null, "8": null, "3": null}, "9": {"8": null}, "8": {"7": null, "6": null, "3": null, "2": null, "9": null}}, "node_attributes": {"z": 0.0, "qx": 0.0, "rx": 0.0, "qy": 0.0, "ry": 0.0, "qz": 0.0, "type": null, "rz": 0.0, "_k": null, "y": 0.0, "x": 0.0}, "node": {"5": {"z": 1.5000000000000002, "qx": -0.0, "qy": -0.0, "qz": -0.33333333333333326, "type": "_origin", "_k": 0, "y": -2.425166865496446, "x": 1.6666666666666645}, "4": {"z": 1.4138986817590093, "qx": -0.0, "rx": -12.9, "qy": -0.0, "ry": -0.20000000000000001, "qz": -0.16666666666666666, "type": "support", "rz": 0.49999999999999989, "_k": 1, "y": -2.3993364700241488, "x": 4.9987876825930098}, "7": {"z": 1.3898183999470806, "qx": -0.0, "rx": 13.422025286726116, "qy": -0.0, "ry": -0.30784985130549164, "qz": -0.16666666666666671, "type": "support", "rz": 0.27712443768671108, "_k": 1, "y": -2.4099239973583155, "x": -4.9981436335826652}, "6": {"z": 1.5000000000000002, "qx": -0.0, "qy": -0.0, "qz": -0.33333333333333331, "type": "_origin", "_k": 0, "y": -2.425166865496446, "x": -1.6666666666666672}, "1": {"z": 1.5000000000000002, "qx": -0.0, "qy": -0.0, "qz": -0.33333333333333326, "type": "_origin", "_k": 0, "y": -3.425166865496446, "x": 1.6666666666666645}, "0": {"z": 1.4138986817590093, "qx": -0.0, "rx": -12.9, "qy": -0.0, "ry": 0.20000000000000001, "qz": -0.16666666666666666, "type": "support", "rz": 0.49999999999999989, "_k": 1, "y": -3.4509972609687432, "x": 4.9987876825930098}, "3": {"z": 1.3898183999470806, "qx": -0.0, "rx": 13.422025286726116, "qy": -0.0, "ry": 0.30784985130549164, "qz": -0.16666666666666671, "type": "support", "rz": 0.27712443768671108, "_k": 1, "y": -3.4404097336345765, "x": -4.9981436335826652}, "2": {"z": 1.5000000000000002, "qx": -0.0, "qy": -0.0, "qz": -0.33333333333333331, "type": "_origin", "_k": 0, "y": -3.425166865496446, "x": -1.6666666666666672}, "9": {"z": 0.39957596852179833, "rx": -1.0440505734522307, "ry": -0.0, "type": "support", "rz": 0.44575112462657795, "_k": 1, "y": -2.925166865496446, "x": -4.0734964058792773}, "8": {"z": 0.27000000000000024, "type": "_origin", "_k": 0, "y": -2.925166865496446, "x": -3.7700000000000014}}, "max_int_key": 9, "attributes": {"gkey_node": {"1.667,-3.425,1.500": 1, "-4.998,-3.440,1.390": 3, "-4.998,-2.410,1.390": 7, "4.999,-2.399,1.414": 4, "-3.770,-2.925,0.270": 8, "1.667,-2.425,1.500": 5, "5.000,-3.425,1.500": 0, "-3.770,-2.925,-0.060": 9, "-4.073,-2.925,0.400": 9, "4.999,-3.451,1.414": 0, "-1.667,-3.425,1.500": 2, "-1.667,-2.425,1.500": 6, "-5.000,-3.425,1.500": 3, "-5.000,-2.425,1.500": 7, "5.000,-2.425,1.500": 4}, "name": "Network", "tol": "3f"}, "edge_attributes": {"force": 0.0, "type": null, "length": 0.0}, "edge": {"5": {"6": {"force": -12.9, "type": "deviation", "length": 3.3333333333333317}}, "4": {"5": {"force": -12.904693375323223, "length": 3.3333333333333335, "type": "trail"}}, "7": {}, "6": {"7": {"force": -13.076404790878058, "length": 3.3333333333333344, "type": "trail"}, "8": {"force": 0.20000000000000001, "type": "deviation", "length": 2.4873502188294907}}, "1": {"5": {"force": -0.10000000000000001, "type": "deviation", "length": 1.0}, "2": {"force": -12.9, "type": "deviation", "length": 3.3333333333333317}}, "0": {"4": {"force": -0.10000000000000001, "type": "deviation", "length": 1.0516607909445943}, "1": {"force": -12.904693375323223, "length": 3.3333333333333335, "type": "trail"}}, "3": {"7": {"force": -0.10000000000000001, "type": "deviation", "length": 1.0304857362762609}}, "2": {"6": {"force": -0.10000000000000001, "type": "deviation", "length": 1.0}, "8": {"force": 0.20000000000000001, "type": "deviation", "length": 2.4873502188294907}, "3": {"force": -13.076404790878058, "length": 3.3333333333333344, "type": "trail"}}, "9": {}, "8": {"7": {"force": -0.5, "type": "deviation", "length": 1.7400589779478379}, "9": {"force": 1.1352249402791461, "length": 0.33000000000000035, "type": "trail"}, "3": {"force": -0.5, "type": "deviation", "length": 1.7400589779478379}}}}}