{"compas": "1.7.1", "datatype": "compas_cem.diagrams/TopologyDiagram", "data": {"adjacency": {"16": {"15": null, "17": null}, "26": {"27": null, "25": null}, "15": {"14": null, "16": null}, "18": {"19": null, "17": null}, "25": {"26": null, "24": null}, "28": {"27": null, "29": null}, "10": {"9": null, "11": null, "2": null}, "30": {"29": null}, "20": {"21": null, "19": null}, "17": {"18": null, "16": null}, "27": {"28": null, "26": null}, "12": {"13": null, "11": null}, "32": {"31": null, "1": null}, "22": {"21": null, "23": null}, "19": {"20": null, "33": null, "18": null}, "29": {"28": null, "30": null}, "11": {"12": null, "10": null}, "5": {"4": null, "6": null}, "4": {"3": null, "5": null}, "7": {"6": null, "8": null}, "6": {"7": null, "5": null}, "1": {"32": null, "0": null}, "0": {"31": null, "1": null, "2": null}, "3": {"4": null}, "2": {"14": null, "0": null, "10": null}, "21": {"20": null, "22": null}, "31": {"32": null, "33": null, "0": null}, "9": {"8": null, "10": null}, "8": {"7": null, "9": null}, "14": {"13": null, "15": null, "2": null}, "24": {"23": null, "25": null}, "13": {"12": null, "14": null}, "33": {"31": null, "19": null, "23": null}, "23": {"33": null, "22": null, "24": null}}, "node_attributes": {"z": 0.0, "qx": 0.0, "rx": 0.0, "qy": 0.0, "ry": 0.0, "qz": 0.0, "type": null, "rz": 0.0, "_k": null, "y": 0.0, "x": 0.0}, "node": {"16": {"z": 1.5000000000000002, "qx": -0.0, "qy": -0.0, "qz": -0.037037037037037028, "type": "_origin", "_k": 0, "y": -3.425166865496446, "x": 0.18518518518518298}, "26": {"z": 1.5000000000000002, "qx": -0.0, "qy": -0.0, "qz": -0.037037037037036938, "_k": 9, "y": -3.425166865496446, "x": -3.5185185185185146}, "15": {"z": 1.5000000000000002, "qx": -0.0, "qy": -0.0, "qz": -0.037037037037037028, "_k": 1, "y": -3.425166865496446, "x": 0.55555555555555325}, "18": {"z": 1.5000000000000002, "qx": -0.0, "qy": -0.0, "qz": -0.037037037037037028, "_k": 1, "y": -3.425166865496446, "x": -0.55555555555555747}, "25": {"z": 1.5000000000000002, "qx": -0.0, "qy": -0.0, "qz": -0.037037037037036938, "_k": 8, "y": -3.425166865496446, "x": -3.1481481481481466}, "28": {"z": 1.5000000000000002, "qx": -0.0, "qy": -0.0, "qz": -0.037037037037037007, "_k": 11, "y": -3.425166865496446, "x": -4.2592592592592569}, "10": {"z": 1.5000000000000002, "qx": -0.0, "qy": -0.0, "qz": -0.037037037037037028, "_k": 6, "y": -3.425166865496446, "x": 2.4074074074074052}, "30": {"z": 1.5000000000000002, "qx": -0.0, "qy": -0.0, "qz": -0.018518518518518778, "type": "support", "_k": 13, "y": -3.425166865496446, "x": -5.0000000000000009}, "20": {"z": 1.5000000000000002, "qx": -0.0, "qy": -0.0, "qz": -0.037037037037036979, "_k": 3, "y": -3.425166865496446, "x": -1.2962962962962969}, "17": {"z": 1.5000000000000002, "qx": -0.0, "qy": -0.0, "qz": -0.037037037037037028, "type": "_origin", "_k": 0, "y": -3.425166865496446, "x": -0.18518518518518723}, "27": {"z": 1.5000000000000002, "qx": -0.0, "qy": -0.0, "qz": -0.037037037037037118, "_k": 10, "y": -3.425166865496446, "x": -3.8888888888888853}, "12": {"z": 1.5000000000000002, "qx": -0.0, "qy": -0.0, "qz": -0.037037037037037035, "_k": 4, "y": -3.425166865496446, "x": 1.6666666666666645}, "32": {"z": 0.13000000000000012, "type": "support", "_k": 2, "y": -3.425166865496446, "x": -0.15800000000000214}, "22": {"z": 1.5000000000000002, "qx": -0.0, "qy": -0.0, "qz": -0.037037037037037014, "_k": 5, "y": -3.425166865496446, "x": -2.0370370370370368}, "19": {"z": 1.5000000000000002, "qx": -0.0, "qy": -0.0, "qz": -0.037037037037036979, "_k": 2, "y": -3.425166865496446, "x": -0.92592592592592771}, "29": {"z": 1.5000000000000002, "qx": -0.0, "qy": -0.0, "qz": -0.037037037037037202, "_k": 12, "y": -3.425166865496446, "x": -4.6296296296296253}, "11": {"z": 1.5000000000000002, "qx": -0.0, "qy": -0.0, "qz": -0.037037037037037035, "_k": 5, "y": -3.425166865496446, "x": 2.037037037037035}, "5": {"z": 1.5000000000000002, "qx": -0.0, "qy": -0.0, "qz": -0.037037037037037028, "_k": 11, "y": -3.425166865496446, "x": 4.2592592592592569}, "4": {"z": 1.5000000000000002, "qx": -0.0, "qy": -0.0, "qz": -0.037037037037037028, "_k": 12, "y": -3.425166865496446, "x": 4.6296296296296271}, "7": {"z": 1.5000000000000002, "qx": -0.0, "qy": -0.0, "qz": -0.037037037037037028, "_k": 9, "y": -3.425166865496446, "x": 3.5185185185185164}, "6": {"z": 1.5000000000000002, "qx": -0.0, "qy": -0.0, "qz": -0.037037037037037028, "_k": 10, "y": -3.425166865496446, "x": 3.8888888888888866}, "1": {"z": 0.13000000000000012, "type": "support", "_k": 2, "y": -3.425166865496446, "x": 0.15799999999999786}, "0": {"_k": 1, "z": 0.81500000000000017, "y": -3.425166865496446, "x": 0.15799999999999786}, "3": {"z": 1.5000000000000002, "qx": -0.0, "qy": -0.0, "qz": -0.018518518518518514, "type": "support", "_k": 13, "y": -3.425166865496446, "x": 4.9999999999999973}, "2": {"z": 1.1400000000000001, "type": "_origin", "_k": 0, "y": -3.425166865496446, "x": 1.2946666666666644}, "21": {"z": 1.5000000000000002, "qx": -0.0, "qy": -0.0, "qz": -0.037037037037036993, "_k": 4, "y": -3.425166865496446, "x": -1.6666666666666672}, "31": {"_k": 1, "z": 0.81500000000000017, "y": -3.425166865496446, "x": -0.15800000000000214}, "9": {"z": 1.5000000000000002, "qx": -0.0, "qy": -0.0, "qz": -0.037037037037037049, "_k": 7, "y": -3.425166865496446, "x": 2.7777777777777755}, "8": {"z": 1.5000000000000002, "qx": -0.0, "qy": -0.0, "qz": -0.037037037037037049, "_k": 8, "y": -3.425166865496446, "x": 3.1481481481481461}, "14": {"z": 1.5000000000000002, "qx": -0.0, "qy": -0.0, "qz": -0.037037037037037056, "_k": 2, "y": -3.425166865496446, "x": 0.92592592592592349}, "24": {"z": 1.5000000000000002, "qx": -0.0, "qy": -0.0, "qz": -0.037037037037036959, "_k": 7, "y": -3.425166865496446, "x": -2.7777777777777759}, "13": {"z": 1.5000000000000002, "qx": -0.0, "qy": -0.0, "qz": -0.037037037037037056, "_k": 3, "y": -3.425166865496446, "x": 1.2962962962962943}, "33": {"z": 1.1400000000000001, "type": "_origin", "_k": 0, "y": -3.425166865496446, "x": -1.2946666666666675}, "23": {"z": 1.5000000000000002, "qx": -0.0, "qy": -0.0, "qz": -0.037037037037036959, "_k": 6, "y": -3.425166865496446, "x": -2.4074074074074074}}, "max_int_key": 33, "attributes": {"gkey_node": {"5.000,-3.425,1.500": 3, "2.037,-3.425,1.500": 11, "3.148,-3.425,1.500": 8, "1.667,-3.425,1.500": 12, "4.259,-3.425,1.500": 5, "-4.630,-3.425,1.500": 29, "-0.158,-3.425,0.815": 31, "-5.000,-3.425,1.500": 30, "3.519,-3.425,1.500": 7, "-0.926,-3.425,1.500": 19, "-0.158,-3.425,0.130": 32, "2.778,-3.425,1.500": 9, "-0.185,-3.425,1.500": 17, "0.158,-3.425,0.815": 0, "-2.778,-3.425,1.500": 24, "-0.556,-3.425,1.500": 18, "0.556,-3.425,1.500": 15, "2.407,-3.425,1.500": 10, "-3.148,-3.425,1.500": 25, "-1.296,-3.425,1.500": 20, "-1.667,-3.425,1.500": 21, "1.296,-3.425,1.500": 13, "0.926,-3.425,1.500": 14, "-3.519,-3.425,1.500": 26, "-1.295,-3.425,1.140": 33, "1.295,-3.425,1.140": 2, "0.185,-3.425,1.500": 16, "-2.037,-3.425,1.500": 22, "-3.889,-3.425,1.500": 27, "0.158,-3.425,0.130": 1, "-4.259,-3.425,1.500": 28, "-2.407,-3.425,1.500": 23, "4.630,-3.425,1.500": 4, "3.889,-3.425,1.500": 6}, "name": "Network", "_aux_length": 0.33000000000000002, "_trails": {"2": [2, 0, 1], "16": [16, 15, 14, 13, 12, 11, 10, 9, 8, 7, 6, 5, 4, 3], "17": [17, 18, 19, 20, 21, 22, 23, 24, 25, 26, 27, 28, 29, 30], "33": [33, 31, 32]}, "tol": "3f", "_auxiliary_trails": {}, "_aux_vector": {"dtype": "compas.geometry/Vector", "value": [-0.0, -0.0, -1.0]}}, "edge_attributes": {"force": 0.0, "type": null, "length": 0.0}, "edge": {"16": {"17": {"force": -12.9, "type": "deviation"}}, "26": {"27": {"length": -0.37037037037037068, "type": "trail"}}, "15": {"16": {"length": -0.37037037037037024, "type": "trail"}}, "18": {"19": {"length": -0.37037037037037024, "type": "trail"}}, "25": {"26": {"length": -0.37037037037036802, "type": "trail"}}, "28": {"29": {"length": -0.37037037037036846, "type": "trail"}}, "10": {"11": {"length": -0.37037037037037024, "type": "trail"}}, "30": {},