{"compas": "1.7.1", "datatype": "compas_cem.diagrams/TopologyDiagram", "data": {"adjacency": {"16": {"15": null, "17": null}, "26": {"27": null, "25": null}, "15": {"14": null, "16": null}, "18": {"31": null, "19": null, "17": null}, "25": {"26": null, "24": null}, "28": {"27": null}, "10": {"9": null, "11": null, "2": null}, "30": {"1": null, "29": null}, "20": {"21": null, "19": null}, "17": {"18": null, "16": null}, "27": {"28": null, "26": null}, "12": {"13": null, "11": null}, "22": {"21": null, "23": null}, "19": {"20": null, "18": null}, "29": {"30": null, "31": null, "0": null}, "11": {"12": null, "10": null}, "5": {"4": null, "6": null}, "4": {"3": null, "5": null}, "7": {"6": null, "8": null}, "6": {"7": null, "5": null}, "1": {"30": null, "0": null}, "0": {"1": null, "29": null, "2": null}, "3": {"4": null}, "2": {"13": null, "0": null, "10": null}, "21": {"31": null, "20": null, "22": null}, "31": {"21": null, "18": null, "29": null}, "9": {"8": null, "10": null}, "8": {"7": null, "9": null}, "14": {"13": null, "15": null}, "24": {"23": null, "25": null}, "13": {"12": null, "14": null, "2": null}, "23": {"22": null, "24": null}}, "node_attributes": {"z": 0.0, "qx": 0.0, "rx": 0.0, "qy": 0.0, "ry": 0.0, "qz": 0.0, "type": null, "rz": 0.0, "_k": null, "y": 0.0, "x": 0.0}, "node": {"16": {"z": 1.5000000000000002, "qx": -0.0, "qy": -0.0, "qz": -0.040000000000000036, "type": "_origin", "_k": 0, "y": -3.425166865496446, "x": -0.20000000000000143}, "26": {"z": 1.5000000000000002, "qx": -0.0, "qy": -0.0, "qz": -0.040000000000000036, "_k": 10, "y": -3.425166865496446, "x": -4.2000000000000037}, "15": {"z": 1.5000000000000002, "qx": -0.0, "qy": -0.0, "qz": -0.040000000000000036, "type": "_origin", "_k": 0, "y": -3.425166865496446, "x": 0.19999999999999896}, "18": {"z": 1.5000000000000002, "qx": -0.0, "qy": -0.0, "qz": -0.040000000000000001, "_k": 2, "y": -3.425166865496446, "x": -1.0000000000000022}, "25": {"z": 1.5000000000000002, "qx": -0.0, "qy": -0.0, "qz": -0.040000000000000015, "_k": 9, "y": -3.425166865496446, "x": -3.8000000000000034}, "28": {"z": 1.5000000000000002, "qx": -0.0, "qy": -0.0, "qz": -0.019999999999999841, "type": "support", "_k": 12, "y": -3.425166865496446, "x": -5.0000000000000009}, "10": {"z": 1.5000000000000002, "qx": -0.0, "qy": -0.0, "qz": -0.039999999999999959, "_k": 5, "y": -3.425166865496446, "x": 2.1999999999999971}, "30": {"z": 0.13000000000000012, "type": "support", "_k": 2, "y": -3.425166865496446, "x": -0.15800000000000214}, "20": {"z": 1.5000000000000002, "qx": -0.0, "qy": -0.0, "qz": -0.040000000000000036, "_k": 4, "y": -3.425166865496446, "x": -1.8000000000000018}, "17": {"z": 1.5000000000000002, "qx": -0.0, "qy": -0.0, "qz": -0.040000000000000042, "_k": 1, "y": -3.425166865496446, "x": -0.60000000000000175}, "27": {"z": 1.5000000000000002, "qx": -0.0, "qy": -0.0, "qz": -0.039999999999999855, "_k": 11, "y": -3.425166865496446, "x": -4.6000000000000041}, "12": {"z": 1.5000000000000002, "qx": -0.0, "qy": -0.0, "qz": -0.03999999999999998, "_k": 3, "y": -3.425166865496446, "x": 1.3999999999999984}, "22": {"z": 1.5000000000000002, "qx": -0.0, "qy": -0.0, "qz": -0.040000000000000036, "_k": 6, "y": -3.425166865496446, "x": -2.6000000000000028}, "19": {"z": 1.5000000000000002, "qx": -0.0, "qy": -0.0, "qz": -0.03999999999999998, "_k": 3, "y": -3.425166865496446, "x": -1.4000000000000017}, "29": {"_k": 1, "z": 0.81500000000000017, "y": -3.425166865496446, "x": -0.15800000000000214}, "11": {"z": 1.5000000000000002, "qx": -0.0, "qy": -0.0, "qz": -0.039999999999999938, "_k": 4, "y": -3.425166865496446, "x": 1.7999999999999983}, "5": {"z": 1.5000000000000002, "qx": -0.0, "qy": -0.0, "qz": -0.040000000000000015, "_k": 10, "y": -3.425166865496446, "x": 4.1999999999999975}, "4": {"z": 1.5000000000000002, "qx": -0.0, "qy": -0.0, "qz": -0.039999999999999994, "_k": 11, "y": -3.425166865496446, "x": 4.5999999999999979}, "7": {"z": 1.5000000000000002, "qx": -0.0, "qy": -0.0, "qz": -0.040000000000000015, "_k": 8, "y": -3.425166865496446, "x": 3.3999999999999977}, "6": {"z": 1.5000000000000002, "qx": -0.0, "qy": -0.0, "qz": -0.039999999999999994, "_k": 9, "y": -3.425166865496446, "x": 3.7999999999999976}, "1": {"z": 0.13000000000000012, "type": "support", "_k": 2, "y": -3.425166865496446, "x": 0.15799999999999786}, "0": {"_k": 1, "z": 0.81500000000000017, "y": -3.425166865496446, "x": 0.15799999999999786}, "3": {"z": 1.5000000000000002, "qx": -0.0, "qy": -0.0, "qz": -0.019999999999999976, "type": "support", "_k": 12, "y": -3.425166865496446, "x": 4.9999999999999973}, "2": {"z": 1.1400000000000001, "type": "_origin", "_k": 0, "y": -3.425166865496446, "x": 1.227999999999998}, "21": {"z": 1.5000000000000002, "qx": -0.0, "qy": -0.0, "qz": -0.040000000000000049, "_k": 5, "y": -3.425166865496446, "x": -2.2000000000000024}, "31": {"z": 1.1400000000000001, "type": "_origin", "_k": 0, "y": -3.425166865496446, "x": -1.2280000000000024}, "9": {"z": 1.5000000000000002, "qx": -0.0, "qy": -0.0, "qz": -0.040000000000000015, "_k": 6, "y": -3.425166865496446, "x": 2.5999999999999974}, "8": {"z": 1.5000000000000002, "qx": -0.0, "qy": -0.0, "qz": -0.040000000000000015, "_k": 7, "y": -3.425166865496446, "x": 2.9999999999999973}, "14": {"z": 1.5000000000000002, "qx": -0.0, "qy": -0.0, "qz": -0.039999999999999994, "_k": 1, "y": -3.425166865496446, "x": 0.59999999999999931}, "24": {"z": 1.5000000000000002, "qx": -0.0, "qy": -0.0, "qz": -0.040000000000000015, "_k": 8, "y": -3.425166865496446, "x": -3.4000000000000035}, "13": {"z": 1.5000000000000002, "qx": -0.0, "qy": -0.0, "qz": -0.039999999999999952, "_k": 2, "y": -3.425166865496446, "x": 0.99999999999999878}, "23": {"z": 1.5000000000000002, "qx": -0.0, "qy": -0.0, "qz": -0.040000000000000036, "_k": 7, "y": -3.425166865496446, "x": -3.0000000000000031}}, "max_int_key": 31, "attributes": {"gkey_node": {"5.000,-3.425,1.500": 3, "-2.600,-3.425,1.500": 22, "1.228,-3.425,1.140": 2, "-4.600,-3.425,1.500": 27, "-5.000,-3.425,1.500": 28, "-0.158,-3.425,0.815": 29, "-2.200,-3.425,1.500": 21, "-0.600,-3.425,1.500": 17, "0.600,-3.425,1.500": 14, "-0.158,-3.425,0.130": 30, "0.158,-3.425,0.815": 0, "-0.200,-3.425,1.500": 16, "-3.800,-3.425,1.500": 25, "-1.400,-3.425,1.500": 19, "-1.228,-3.425,1.140": 31, "0.200,-3.425,1.500": 15, "1.400,-3.425,1.500": 12, "3.400,-3.425,1.500": 7, "-1.000,-3.425,1.500": 18, "1.000,-3.425,1.500": 13, "3.000,-3.425,1.500": 8, "0.158,-3.425,0.130": 1, "4.200,-3.425,1.500": 5, "2.600,-3.425,1.500": 9, "-3.400,-3.425,1.500": 24, "4.600,-3.425,1.500": 4, "2.200,-3.425,1.500": 10, "1.800,-3.425,1.500": 11, "-4.200,-3.425,1.500": 26, "-1.800,-3.425,1.500": 20, "3.800,-3.425,1.500": 6, "-3.000,-3.425,1.500": 23}, "name": "Network", "_aux_length": 0.33000000000000002, "_trails": {"15": [15, 14, 13, 12, 11, 10, 9, 8, 7, 6, 5, 4, 3], "2": [2, 0, 1], "16": [16, 17, 18, 19, 20, 21, 22, 23, 24, 25, 26, 27, 28], "31": [31, 29, 30]}, "tol": "3f", "_auxiliary_trails": {}, "_aux_vector": {"dtype": "compas.geometry/Vector", "value": [-0.0, -0.0, -1.0]}}, "edge_attributes": {"force": 0.0, "type": null, "length": 0.0}, "edge": {"16": {"17": {"length": -0.40000000000000036, "type": "trail"}}, "26": {"27": {"length": -0.40000000000000036, "type": "trail"}}, "15": {"16": {"force": -12.9, "type": "deviation"}}, "18": {"19": {"length": -0.39999999999999947, "type": "trail"}}, "25": {"26": {"length": -0.40000000000000036, "type": "trail"}}, "28": {}, "10": {"11": {"length": -0.3999999999999988, "type": "trail"}}, "30": {}, "20": {"21": {"length": -0.40000000000000058, "type": "trail"}}, "17": {"18": {"length": -0.40000000000000047, "type": "trail"}}, "27": {"28": {"length": -0.3999999999999968, "type": "trail"}}, "12": {"13": {"length": -0.39999999999999958, "type": "trail"}}, "22": {"23": {"length": -0.40000000000000036, "type": "trail"}}, "19": {"20": {"length": -0.40000000000000013, "type": "trail"}}, "29": {"30": {"length": -0.68500000000000005, "type": "trail"}},