{"compas": "1.7.1", "datatype": "compas_cem.diagrams/TopologyDiagram", "data": {"adjacency": {"12": {"1": null, "11": null}, "5": {"4": null, "6": null, "2": null}, "4": {"3": null, "5": null}, "7": {"13": null, "6": null, "8": null}, "6": {"5": null, "7": null, "2": null}, "1": {"12": null, "0": null}, "0": {"1": null, "11": null, "2": null}, "3": {"4": null}, "2": {"6": null, "0": null, "5": null}, "10": {"9": null}, "13": {"7": null, "8": null, "11": null}, "11": {"12": null, "13": null, "0": null}, "9": {"8": null, "10": null}, "8": {"13": null, "7": null, "9": null}}, "node_attributes": {"z": 0.0, "qx": 0.0, "rx": 0.0, "qy": 0.0, "ry": 0.0, "qz": 0.0, "type": null, "rz": 0.0, "_k": null, "y": 0.0, "x": 0.0}, "node": {"12": {"z": 0.13000000000000012, "type": "support", "_k": 2, "y": -3.425166865496446, "x": -0.15800000000000214}, "5": {"z": 1.5000000000000002, "qx": -0.0, "qy": -0.0, "qz": -0.14285714285714288, "_k": 1, "y": -3.425166865496446, "x": 2.142857142857141}, "4": {"z": 1.5000000000000002, "qx": -0.0, "qy": -0.0, "qz": -0.14285714285714282, "_k": 2, "y": -3.425166865496446, "x": 3.5714285714285698}, "7": {"z": 1.5000000000000002, "qx": -0.0, "qy": -0.0, "qz": -0.14285714285714279, "type": "_origin", "_k": 0, "y": -3.425166865496446, "x": -0.71428571428571563}, "6": {"z": 1.5000000000000002, "qx": -0.0, "qy": -0.0, "qz": -0.14285714285714285, "type": "_origin", "_k": 0, "y": -3.425166865496446, "x": 0.71428571428571241}, "1": {"z": 0.13000000000000012, "type": "support", "_k": 2, "y": -3.425166865496446, "x": 0.15799999999999786}, "0": {"_k": 1, "z": 0.81500000000000017, "y": -3.425166865496446, "x": 0.15799999999999786}, "3": {"z": 1.5000000000000002, "qx": -0.0, "qy": -0.0, "qz": -0.071428571428571383, "type": "support", "_k": 3, "y": -3.425166865496446, "x": 4.9999999999999973}, "2": {"z": 1.1400000000000001, "type": "_origin", "_k": 0, "y": -3.425166865496446, "x": 1.0565714285714267}, "10": {"z": 1.5000000000000002, "qx": -0.0, "qy": -0.0, "qz": -0.071428571428571536, "type": "support", "_k": 3, "y": -3.425166865496446, "x": -5.0000000000000009}, "13": {"z": 1.1400000000000001, "type": "_origin", "_k": 0, "y": -3.425166865496446, "x": -1.0565714285714298}, "11": {"_k": 1, "z": 0.81500000000000017, "y": -3.425166865496446, "x": -0.15800000000000214}, "9": {"z": 1.5000000000000002, "qx": -0.0, "qy": -0.0, "qz": -0.14285714285714285, "_k": 2, "y": -3.425166865496446, "x": -3.5714285714285703}, "8": {"z": 1.5000000000000002, "qx": -0.0, "qy": -0.0, "qz": -0.14285714285714274, "_k": 1, "y": -3.425166865496446, "x": -2.1428571428571437}}, "max_int_key": 13, "attributes": {"gkey_node": {"1.057,-3.425,1.140": 2, "0.158,-3.425,0.130": 1, "0.714,-3.425,1.500": 6, "-0.158,-3.425,0.815": 11, "-0.158,-3.425,0.130": 12, "5.000,-3.425,1.500": 3, "3.571,-3.425,1.500": 4, "-0.714,-3.425,1.500": 7, "-2.143,-3.425,1.500": 8, "-3.571,-3.425,1.500": 9, "0.158,-3.425,0.815": 0, "2.143,-3.425,1.500": 5, "-5.000,-3.425,1.500": 10, "-1.057,-3.425,1.140": 13}, "name": "Network", "_aux_length": 0.33000000000000002, "_trails": {"7": [7, 8, 9, 10], "13": [13, 11, 12], "2": [2, 0, 1], "6": [6, 5, 4, 3]}, "tol": "3f", "_auxiliary_trails": {}, "_aux_vector": {"dtype": "compas.geometry/Vector", "value": [-0.0, -0.0, -1.0]}}, "edge_attributes": {"force": 0.0, "type": null, "length": 0.0}, "edge": {"12": {}, "5": {"6": {"length": -1.4285714285714286, "type": "trail"}}, "4": {"5": {"length": -1.4285714285714288, "type": "trail"}}, "7": {"8": {"length": -1.4285714285714279, "type": "trail"}}, "6": {"7": {"force": -12.9, "type": "deviation"}}, "1": {"12": {"force": -4.4000000000000004, "type": "deviation"}}, "0": {"1": {"length": -0.68500000000000005, "type": "trail"}, "11": {"force": -4.4000000000000004, "type": "deviation"}}, "3": {"4": {"length": -1.4285714285714275, "type": "trail"}}, "2": {"6": {"force": -0.10000000000000001, "type": "deviation"}, "0": {"length": -0.95553943521180662, "type": "trail"}, "5": {"force": -4.5999999999999996, "type": "deviation"}}, "10": {}, "13": {"7": {"force": -0.10000000000000001, "type": "deviation"}, "8": {"force": -4.5999999999999996, "type": "deviation"}, "11": {"length": -0.95553943521180562, "type": "trail"}}, "11": {"12": {"length": -0.68500000000000005, "type": "trail"}}, "9": {"10": {"length": -1.4285714285714306, "type": "trail"}}, "8": {"9": {"length": -1.4285714285714266, "type": "trail"}}}}}