{"compas": "1.7.1", "datatype": "compas_cem.diagrams/TopologyDiagram", "data": {"adjacency": {"14": {"13": null, "15": null}, "17": {"19": null, "0": null, "18": null}, "12": {"13": null, "19": null, "11": null}, "5": {"4": null, "6": null}, "4": {"3": null, "5": null}, "7": {"6": null, "8": null, "2": null}, "6": {"7": null, "5": null}, "1": {"0": null, "18": null}, "0": {"1": null, "17": null, "2": null}, "3": {"4": null}, "2": {"7": null, "0": null, "8": null}, "10": {"9": null, "11": null}, "13": {"12": null, "14": null}, "15": {"14": null, "16": null}, "11": {"12": null, "19": null, "10": null}, "9": {"8": null, "10": null}, "8": {"7": null, "9": null, "2": null}, "18": {"1": null, "17": null}, "19": {"12": null, "17": null, "11": null}, "16": {"15": null}}, "node_attributes": {"z": 0.0, "qx": 0.0, "rx": 0.0, "qy": 0.0, "ry": 0.0, "qz": 0.0, "type": null, "rz": 0.0, "_k": null, "y": 0.0, "x": 0.0}, "node": {"14": {"z": 1.5000000000000002, "qx": -0.0, "qy": -0.0, "qz": -0.076923076923076872, "_k": 4, "y": -3.425166865496446, "x": -3.4615384615384608}, "17": {"_k": 1, "z": 0.81500000000000017, "y": -3.425166865496446, "x": -0.15800000000000214}, "12": {"z": 1.5000000000000002, "qx": -0.0, "qy": -0.0, "qz": -0.076923076923076816, "_k": 2, "y": -3.425166865496446, "x": -1.9230769230769247}, "5": {"z": 1.5000000000000002, "qx": -0.0, "qy": -0.0, "qz": -0.076923076923076927, "_k": 4, "y": -3.425166865496446, "x": 3.461538461538459}, "4": {"z": 1.5000000000000002, "qx": -0.0, "qy": -0.0, "qz": -0.076923076923076927, "_k": 5, "y": -3.425166865496446, "x": 4.2307692307692282}, "7": {"z": 1.5000000000000002, "qx": -0.0, "qy": -0.0, "qz": -0.076923076923076927, "_k": 2, "y": -3.425166865496446, "x": 1.9230769230769205}, "6": {"z": 1.5000000000000002, "qx": -0.0, "qy": -0.0, "qz": -0.076923076923076927, "_k": 3, "y": -3.425166865496446, "x": 2.6923076923076898}, "1": {"z": 0.13000000000000012, "type": "support", "_k": 2, "y": -3.425166865496446, "x": 0.15799999999999786}, "0": {"_k": 1, "z": 0.81500000000000017, "y": -3.425166865496446, "x": 0.15799999999999786}, "3": {"z": 1.5000000000000002, "qx": -0.0, "qy": -0.0, "qz": -0.038461538461538464, "type": "support", "_k": 6, "y": -3.425166865496446, "x": 4.9999999999999973}, "2": {"z": 1.1400000000000001, "type": "_origin", "_k": 0, "y": -3.425166865496446, "x": 1.1664615384615358}, "10": {"z": 1.5000000000000002, "qx": -0.0, "qy": -0.0, "qz": -0.076923076923076927, "type": "_origin", "_k": 0, "y": -3.425166865496446, "x": -0.38461538461538713}, "13": {"z": 1.5000000000000002, "qx": -0.0, "qy": -0.0, "qz": -0.076923076923076816, "_k": 3, "y": -3.425166865496446, "x": -2.6923076923076925}, "15": {"z": 1.5000000000000002, "qx": -0.0, "qy": -0.0, "qz": -0.076923076923077011, "_k": 5, "y": -3.425166865496446, "x": -4.2307692307692299}, "11": {"z": 1.5000000000000002, "qx": -0.0, "qy": -0.0, "qz": -0.076923076923076886, "_k": 1, "y": -3.425166865496446, "x": -1.1538461538461562}, "9": {"z": 1.5000000000000002, "qx": -0.0, "qy": -0.0, "qz": -0.076923076923076927, "type": "_origin", "_k": 0, "y": -3.425166865496446, "x": 0.38461538461538208}, "8": {"z": 1.5000000000000002, "qx": -0.0, "qy": -0.0, "qz": -0.076923076923076927, "_k": 1, "y": -3.425166865496446, "x": 1.1538461538461513}, "18": {"z": 0.13000000000000012, "type": "support", "_k": 2, "y": -3.425166865496446, "x": -0.15800000000000214}, "19": {"z": 1.1400000000000001, "type": "_origin", "_k": 0, "y": -3.425166865496446, "x": -1.1664615384615407}, "16": {"z": 1.5000000000000002, "qx": -0.0, "qy": -0.0, "qz": -0.038461538461538547, "type": "support", "_k": 6, "y": -3.425166865496446, "x": -5.0000000000000009}}, "max_int_key": 19, "attributes": {"gkey_node": {"-3.462,-3.425,1.500": 14, "0.385,-3.425,1.500": 9, "-1.923,-3.425,1.500": 12, "-2.692,-3.425,1.500": 13, "0.158,-3.425,0.130": 1, "-1.166,-3.425,1.140": 19, "1.154,-3.425,1.500": 8, "-0.158,-3.425,0.815": 17, "-4.231,-3.425,1.500": 15, "-1.154,-3.425,1.500": 11, "3.462,-3.425,1.500": 5, "-0.158,-3.425,0.130": 18, "5.000,-3.425,1.500": 3, "1.166,-3.425,1.140": 2, "2.692,-3.425,1.500": 6, "0.158,-3.425,0.815": 0, "1.923,-3.425,1.500": 7, "-5.000,-3.425,1.500": 16, "4.231,-3.425,1.500": 4, "-0.385,-3.425,1.500": 10}, "name": "Network", "_aux_length": 0.33000000000000002, "_trails": {"2": [2, 0, 1], "9": [9, 8, 7, 6, 5, 4, 3], "10": [10, 11, 12, 13, 14, 15, 16], "19": [19, 17, 18]}, "tol": "3f", "_auxiliary_trails": {}, "_aux_vector": {"dtype": "compas.geometry/Vector", "value": [-0.0, -0.0, -1.0]}}, "edge_attributes": {"force": 0.0, "type": null, "length": 0.0}, "edge": {"14": {"15": {"length": -0.76923076923076916, "type": "trail"}}, "17": {"18": {"length": -0.68500000000000005, "type": "trail"}}, "12": {"13": {"length": -0.76923076923076783, "type": "trail"}}, "5": {"6": {"length": -0.76923076923076916, "type": "trail"}}, "4": {"5": {"length": -0.76923076923076916, "type": "trail"}}, "7": {"8": {"length": -0.76923076923076916, "type": "trail"}}, "6": {"7": {"length": -0.76923076923076938, "type": "trail"}}, "1": {"18": {"force": -4.4000000000000004, "type": "deviation"}}, "0": {"1": {"length": -0.68500000000000005, "type": "trail"}, "17": {"force": -4.4000000000000004, "type": "deviation"}}, "3": {"4": {"length": -0.76923076923076916, "type": "trail"}}, "2": {"7": {"force": -4.5999999999999996, "type": "deviation"}, "0": {"length": -1.0595374814305587, "type": "trail"}, "8": {"force": -0.10000000000000001, "type": "deviation"}}, "10": {"11": {"length": -0.76923076923076905, "type": "trail"}}, "13": {"14": {"length": -0.76923076923076827, "type": "trail"}}, "15": {"16": {"length": -0.76923076923077094, "type": "trail"}}, "11": {"12": {"length": -0.7692307692307685, "type": "trail"}}, "9": {"10": {"force": -12.9, "type": "deviation"}}, "8": {"9": {"length": -0.76923076923076916, "type": "trail"}}, "18": {}, "19": {"12": {"force": -4.5999999999999996, "type": "deviation"}, "17": {"length": -1.0595374814305594, "type": "trail"}, "11": {"force": -0.10000000000000001, "type": "deviation"}}, "16": {}}}}