{"compas": "1.7.1", "datatype": "compas_cem.diagrams/TopologyDiagram", "data": {"adjacency": {"14": {"13": null, "1": null}, "12": {"11": null}, "5": {"4": null, "6": null, "2": null}, "4": {"3": null, "5": null}, "7": {"6": null, "8": null, "2": null}, "6": {"7": null, "5": null}, "1": {"14": null, "0": null}, "0": {"13": null, "1": null, "2": null}, "3": {"4": null}, "2": {"7": null, "0": null, "5": null}, "10": {"15": null, "9": null, "11": null}, "13": {"14": null, "15": null, "0": null}, "15": {"13": null, "8": null, "10": null}, "11": {"12": null, "10": null}, "9": {"8": null, "10": null}, "8": {"7": null, "15": null, "9": null}}, "node_attributes": {"z": 0.0, "qx": 0.0, "rx": 0.0, "qy": 0.0, "ry": 0.0, "qz": 0.0, "type": null, "rz": 0.0, "_k": null, "y": 0.0, "x": 0.0}, "node": {"14": {"z": 0.13000000000000012, "type": "support", "_k": 2, "y": -3.425166865496446, "x": -0.15800000000000214}, "12": {"z": 1.5000000000000002, "qx": -0.0, "qy": -0.0, "qz": -0.055555555555555428, "type": "support", "_k": 4, "y": -3.425166865496446, "x": -5.0000000000000009}, "5": {"z": 1.5000000000000002, "qx": -0.0, "qy": -0.0, "qz": -0.1111111111111111, "_k": 2, "y": -3.425166865496446, "x": 2.7777777777777755}, "4": {"z": 1.5000000000000002, "qx": -0.0, "qy": -0.0, "qz": -0.1111111111111111, "_k": 3, "y": -3.425166865496446, "x": 3.8888888888888866}, "7": {"z": 1.5000000000000002, "qx": -0.0, "qy": -0.0, "qz": -0.1111111111111111, "type": "_origin", "_k": 0, "y": -3.425166865496446, "x": 0.55555555555555325}, "6": {"z": 1.5000000000000002, "qx": -0.0, "qy": -0.0, "qz": -0.1111111111111111, "_k": 1, "y": -3.425166865496446, "x": 1.6666666666666645}, "1": {"z": 0.13000000000000012, "type": "support", "_k": 2, "y": -3.425166865496446, "x": 0.15799999999999786}, "0": {"_k": 1, "z": 0.81500000000000017, "y": -3.425166865496446, "x": 0.15799999999999786}, "3": {"z": 1.5000000000000002, "qx": -0.0, "qy": -0.0, "qz": -0.055555555555555539, "type": "support", "_k": 4, "y": -3.425166865496446, "x": 4.9999999999999973}, "2": {"z": 1.1400000000000001, "type": "_origin", "_k": 0, "y": -3.425166865496446, "x": 1.2946666666666644}, "10": {"z": 1.5000000000000002, "qx": -0.0, "qy": -0.0, "qz": -0.11111111111111119, "_k": 2, "y": -3.425166865496446, "x": -2.7777777777777803}, "13": {"_k": 1, "z": 0.81500000000000017, "y": -3.425166865496446, "x": -0.15800000000000214}, "15": {"z": 1.1400000000000001, "type": "_origin", "_k": 0, "y": -3.425166865496446, "x": -1.2946666666666689}, "11": {"z": 1.5000000000000002, "qx": -0.0, "qy": -0.0, "qz": -0.11111111111111104, "_k": 3, "y": -3.425166865496446, "x": -3.8888888888888924}, "9": {"z": 1.5000000000000002, "qx": -0.0, "qy": -0.0, "qz": -0.11111111111111116, "_k": 1, "y": -3.425166865496446, "x": -1.666666666666669}, "8": {"z": 1.5000000000000002, "qx": -0.0, "qy": -0.0, "qz": -0.11111111111111112, "type": "_origin", "_k": 0, "y": -3.425166865496446, "x": -0.55555555555555747}}, "max_int_key": 15, "attributes": {"gkey_node": {"0.556,-3.425,1.500": 7, "-3.889,-3.425,1.500": 11, "-1.295,-3.425,1.140": 15, "0.158,-3.425,0.130": 1, "1.667,-3.425,1.500": 6, "-0.556,-3.425,1.500": 8, "-0.158,-3.425,0.815": 13, "1.295,-3.425,1.140": 2, "-2.778,-3.425,1.500": 10, "2.778,-3.425,1.500": 5, "5.000,-3.425,1.500": 3, "-0.158,-3.425,0.130": 14, "-1.667,-3.425,1.500": 9, "0.158,-3.425,0.815": 0, "-5.000,-3.425,1.500": 12, "3.889,-3.425,1.500": 4}, "name": "Network", "_aux_length": 0.33000000000000002, "_trails": {"7": [7, 6, 5, 4, 3], "8": [8, 9, 10, 11, 12], "2": [2, 0, 1], "15": [15, 13, 14]}, "tol": "3f", "_auxiliary_trails": {}, "_aux_vector": {"dtype": "compas.geometry/Vector", "value": [-0.0, -0.0, -1.0]}}, "edge_attributes": {"force": 0.0, "type": null, "length": 0.0}, "edge": {"14": {}, "12": {}, "5": {"6": {"length": -1.1111111111111109, "type": "trail"}}, "4": {"5": {"length": -1.1111111111111112, "type": "trail"}}, "7": {"8": {"force": -12.9, "type": "deviation"}}, "6": {"7": {"length": -1.1111111111111112, "type": "trail"}}, "1": {"14": {"force": -4.4000000000000004, "type": "deviation"}}, "0": {"13": {"force": -4.4000000000000004, "type": "deviation"}, "1": {"length": -0.68500000000000005, "type": "trail"}}, "3": {"4": {"length": -1.1111111111111107, "type": "trail"}}, "2": {"7": {"force": -0.10000000000000001, "type": "deviation"}, "0": {"length": -1.182216609218087, "type": "trail"}, "5": {"force": -4.5999999999999996, "type": "deviation"}}, "10": {"11": {"length": -1.111111111111112, "type": "trail"}}, "13": {"14": {"length": -0.68500000000000005, "type": "trail"}}, "15": {"13": {"length": -1.1822166092180872, "type": "trail"}, "8": {"force": -0.10000000000000001, "type": "deviation"}, "10": {"force": -4.5999999999999996, "type": "deviation"}}, "11": {"12": {"length": -1.1111111111111085, "type": "trail"}}, "9": {"10": {"length": -1.1111111111111114, "type": "trail"}}, "8": {"9": {"length": -1.1111111111111116, "type": "trail"}}}}}