{"compas": "1.7.1", "datatype": "compas_cem.diagrams/TopologyDiagram", "data": {"adjacency": {"14": {"13": null}, "17": {"15": null, "10": null, "11": null}, "12": {"13": null, "11": null}, "5": {"4": null, "6": null}, "4": {"3": null, "5": null}, "7": {"6": null, "8": null, "2": null}, "6": {"5": null, "7": null, "2": null}, "1": {"0": null, "16": null}, "0": {"1": null, "15": null, "2": null}, "3": {"4": null}, "2": {"7": null, "6": null, "0": null}, "10": {"9": null, "17": null, "11": null}, "13": {"12": null, "14": null}, "15": {"0": null, "16": null, "17": null}, "11": {"12": null, "10": null, "17": null}, "9": {"8": null, "10": null}, "8": {"7": null, "9": null}, "16": {"15": null, "1": null}}, "node_attributes": {"z": 0.0, "qx": 0.0, "rx": 0.0, "qy": 0.0, "ry": 0.0, "qz": 0.0, "type": null, "rz": 0.0, "_k": null, "y": 0.0, "x": 0.0}, "node": {"14": {"z": 1.5000000000000002, "qx": -0.0, "qy": -0.0, "qz": -0.045454545454545331, "type": "support", "_k": 5, "y": -3.425166865496446, "x": -5.0000000000000009}, "17": {"z": 1.1400000000000001, "type": "_origin", "_k": 0, "y": -3.425166865496446, "x": -1.4461818181818207}, "12": {"z": 1.5000000000000002, "qx": -0.0, "qy": -0.0, "qz": -0.090909090909090995, "_k": 3, "y": -3.425166865496446, "x": -3.1818181818181848}, "5": {"z": 1.5000000000000002, "qx": -0.0, "qy": -0.0, "qz": -0.090909090909090898, "_k": 3, "y": -3.425166865496446, "x": 3.1818181818181799}, "4": {"z": 1.5000000000000002, "qx": -0.0, "qy": -0.0, "qz": -0.090909090909090884, "_k": 4, "y": -3.425166865496446, "x": 4.0909090909090882}, "7": {"z": 1.5000000000000002, "qx": -0.0, "qy": -0.0, "qz": -0.090909090909090912, "_k": 1, "y": -3.425166865496446, "x": 1.3636363636363613}, "6": {"z": 1.5000000000000002, "qx": -0.0, "qy": -0.0, "qz": -0.090909090909090939, "_k": 2, "y": -3.425166865496446, "x": 2.2727272727272703}, "1": {"z": 0.13000000000000012, "type": "support", "_k": 2, "y": -3.425166865496446, "x": 0.15799999999999786}, "0": {"_k": 1, "z": 0.81500000000000017, "y": -3.425166865496446, "x": 0.15799999999999786}, "3": {"z": 1.5000000000000002, "qx": -0.0, "qy": -0.0, "qz": -0.045454545454545463, "type": "support", "_k": 5, "y": -3.425166865496446, "x": 4.9999999999999973}, "2": {"z": 1.1400000000000001, "type": "_origin", "_k": 0, "y": -3.425166865496446, "x": 1.4461818181818158}, "10": {"z": 1.5000000000000002, "qx": -0.0, "qy": -0.0, "qz": -0.090909090909090884, "_k": 1, "y": -3.425166865496446, "x": -1.3636363636363662}, "13": {"z": 1.5000000000000002, "qx": -0.0, "qy": -0.0, "qz": -0.090909090909090814, "_k": 4, "y": -3.425166865496446, "x": -4.0909090909090944}, "15": {"_k": 1, "z": 0.81500000000000017, "y": -3.425166865496446, "x": -0.15800000000000214}, "11": {"z": 1.5000000000000002, "qx": -0.0, "qy": -0.0, "qz": -0.090909090909090939, "_k": 2, "y": -3.425166865496446, "x": -2.2727272727272747}, "9": {"z": 1.5000000000000002, "qx": -0.0, "qy": -0.0, "qz": -0.090909090909090912, "type": "_origin", "_k": 0, "y": -3.425166865496446, "x": -0.45454545454545714}, "8": {"z": 1.5000000000000002, "qx": -0.0, "qy": -0.0, "qz": -0.090909090909090939, "type": "_origin", "_k": 0, "y": -3.425166865496446, "x": 0.45454545454545203}, "16": {"z": 0.13000000000000012, "type": "support", "_k": 2, "y": -3.425166865496446, "x": -0.15800000000000214}}, "max_int_key": 17, "attributes": {"gkey_node": {"2.273,-3.425,1.500": 6, "-0.455,-3.425,1.500": 9, "0.455,-3.425,1.500": 8, "0.158,-3.425,0.130": 1, "-3.182,-3.425,1.500": 12, "1.364,-3.425,1.500": 7, "-0.158,-3.425,0.815": 15, "-2.273,-3.425,1.500": 11, "-1.364,-3.425,1.500": 10, "-4.091,-3.425,1.500": 13, "-0.158,-3.425,0.130": 16, "4.091,-3.425,1.500": 4, "5.000,-3.425,1.500": 3, "-1.446,-3.425,1.140": 17, "1.446,-3.425,1.140": 2, "0.158,-3.425,0.815": 0, "3.182,-3.425,1.500": 5, "-5.000,-3.425,1.500": 14}, "name": "Network", "_aux_length": 0.33000000000000002, "_trails": {"8": [8, 7, 6, 5, 4, 3], "2": [2, 0, 1], "9": [9, 10, 11, 12, 13, 14], "17": [17, 15, 16]}, "tol": "3f", "_auxiliary_trails": {}, "_aux_vector": {"dtype": "compas.geometry/Vector", "value": [-0.0, -0.0, -1.0]}}, "edge_attributes": {"force": 0.0, "type": null, "length": 0.0}, "edge": {"14": {}, "17": {"15": {"length": -1.3285470999156244, "type": "trail"}, "10": {"force": -0.10000000000000001, "type": "deviation"}, "11": {"force": -4.5999999999999996, "type": "deviation"}}, "12": {"13": {"length": -0.90909090909090962, "type": "trail"}}, "5": {"6": {"length": -0.90909090909090962, "type": "trail"}}, "4": {"5": {"length": -0.90909090909090828, "type": "trail"}}, "7": {"8": {"length": -0.90909090909090928, "type": "trail"}}, "6": {"7": {"length": -0.90909090909090895, "type": "trail"}}, "1": {"16": {"force": -4.4000000000000004, "type": "deviation"}}, "0": {"1": {"length": -0.68500000000000005, "type": "trail"}, "15": {"force": -4.4000000000000004, "type": "deviation"}}, "3": {"4": {"length": -0.90909090909090917, "type": "trail"}}, "2": {"7": {"force": -0.10000000000000001, "type": "deviation"}, "6": {"force": -4.5999999999999996, "type": "deviation"}, "0": {"length": -1.3285470999156237, "type": "trail"}}, "10": {"11": {"length": -0.90909090909090851, "type": "trail"}}, "13": {"14": {"length": -0.90909090909090651, "type": "trail"}}, "15": {"16": {"length": -0.68500000000000005, "type": "trail"}}, "11": {"12": {"length": -0.90909090909091006, "type": "trail"}}, "9": {"10": {"length": -0.90909090909090906, "type": "trail"}}, "8": {"9": {"force": -12.9, "type": "deviation"}}, "16": {}}}}