{"compas": "1.7.1", "datatype": "compas_cem.diagrams/TopologyDiagram", "data": {"adjacency": {"16": {"15": null, "17": null}, "36": {"37": null, "35": null}, "26": {"27": null, "43": null, "25": null}, "15": {"14": null, "16": null}, "18": {"19": null, "17": null}, "35": {"36": null, "34": null}, "25": {"26": null, "24": null}, "28": {"27": null, "29": null}, "38": {"37": null, "39": null}, "40": {"39": null}, "10": {"9": null, "11": null}, "30": {"31": null, "43": null, "29": null}, "20": {"21": null, "19": null}, "17": {"18": null, "16": null, "2": null}, "37": {"36": null, "38": null}, "27": {"28": null, "26": null}, "42": {"41": null, "1": null}, "12": {"13": null, "11": null}, "32": {"31": null, "33": null}, "22": {"21": null, "23": null}, "19": {"20": null, "18": null}, "39": {"40": null, "38": null}, "29": {"28": null, "30": null}, "41": {"42": null, "43": null, "0": null}, "11": {"12": null, "10": null}, "5": {"4": null, "6": null}, "4": {"3": null, "5": null}, "7": {"6": null, "8": null}, "6": {"7": null, "5": null}, "1": {"0": null, "42": null}, "0": {"41": null, "1": null, "2": null}, "3": {"4": null}, "2": {"13": null, "0": null, "17": null}, "21": {"20": null, "22": null}, "31": {"30": null, "32": null}, "9": {"8": null, "10": null}, "8": {"7": null, "9": null}, "14": {"13": null, "15": null}, "34": {"33": null, "35": null}, "24": {"23": null, "25": null}, "43": {"30": null, "26": null, "41": null}, "13": {"12": null, "14": null, "2": null}, "33": {"32": null, "34": null}, "23": {"22": null, "24": null}}, "node_attributes": {"z": 0.0, "qx": 0.0, "rx": 0.0, "qy": 0.0, "ry": 0.0, "qz": 0.0, "type": null, "rz": 0.0, "_k": null, "y": 0.0, "x": 0.0}, "node": {"16": {"z": 1.5000000000000002, "qx": -0.0, "qy": -0.0, "qz": -0.027027027027026997, "_k": 5, "y": -3.425166865496446, "x": 1.4864864864864833}, "36": {"z": 1.5000000000000002, "qx": -0.0, "qy": -0.0, "qz": -0.027027027027027018, "_k": 14, "y": -3.425166865496446, "x": -3.9189189189189149}, "26": {"z": 1.5000000000000002, "qx": -0.0, "qy": -0.0, "qz": -0.027027027027027025, "_k": 4, "y": -3.425166865496446, "x": -1.2162162162162169}, "15": {"z": 1.5000000000000002, "qx": -0.0, "qy": -0.0, "qz": -0.027027027027027042, "_k": 6, "y": -3.425166865496446, "x": 1.7567567567567537}, "18": {"z": 1.5000000000000002, "qx": -0.0, "qy": -0.0, "qz": -0.027027027027027022, "_k": 3, "y": -3.425166865496446, "x": 0.94594594594594361}, "35": {"z": 1.5000000000000002, "qx": -0.0, "qy": -0.0, "qz": -0.027027027027026994, "_k": 13, "y": -3.425166865496446, "x": -3.6486486486486447}, "25": {"z": 1.5000000000000002, "qx": -0.0, "qy": -0.0, "qz": -0.02702702702702697, "_k": 3, "y": -3.425166865496446, "x": -0.94594594594594683}, "28": {"z": 1.5000000000000002, "qx": -0.0, "qy": -0.0, "qz": -0.027027027027026931, "_k": 6, "y": -3.425166865496446, "x": -1.756756756756757}, "38": {"z": 1.5000000000000002, "qx": -0.0, "qy": -0.0, "qz": -0.027027027027026931, "_k": 16, "y": -3.425166865496446, "x": -4.4594594594594534}, "40": {"z": 1.5000000000000002, "qx": -0.0, "qy": -0.0, "qz": -0.013513513513513865, "type": "support", "_k": 18, "y": -3.425166865496446, "x": -5.0000000000000009}, "10": {"z": 1.5000000000000002, "qx": -0.0, "qy": -0.0, "qz": -0.027027027027026994, "_k": 11, "y": -3.425166865496446, "x": 3.1081081081081057}, "30": {"z": 1.5000000000000002, "qx": -0.0, "qy": -0.0, "qz": -0.027027027027026952, "_k": 8, "y": -3.425166865496446, "x": -2.297297297297296}, "20": {"z": 1.5000000000000002, "qx": -0.0, "qy": -0.0, "qz": -0.027027027027027022, "_k": 1, "y": -3.425166865496446, "x": 0.40540540540540321}, "17": {"z": 1.5000000000000002, "qx": -0.0, "qy": -0.0, "qz": -0.027027027027026987, "_k": 4, "y": -3.425166865496446, "x": 1.2162162162162138}, "37": {"z": 1.5000000000000002, "qx": -0.0, "qy": -0.0, "qz": -0.027027027027026931, "_k": 15, "y": -3.425166865496446, "x": -4.189189189189185}, "27": {"z": 1.5000000000000002, "qx": -0.0, "qy": -0.0, "qz": -0.027027027027027008, "_k": 5, "y": -3.425166865496446, "x": -1.4864864864864873}, "42": {"z": 0.13000000000000012, "type": "support", "_k": 2, "y": -3.425166865496446, "x": -0.15800000000000214}, "12": {"z": 1.5000000000000002, "qx": -0.0, "qy": -0.0, "qz": -0.027027027027027042, "_k": 9, "y": -3.425166865496446, "x": 2.5675675675675653}, "32": {"z": 1.5000000000000002, "qx": -0.0, "qy": -0.0, "qz": -0.027027027027026973, "_k": 10, "y": -3.425166865496446, "x": -2.8378378378378342}, "22": {"z": 1.5000000000000002, "qx": -0.0, "qy": -0.0, "qz": -0.027027027027027022, "type": "_origin", "_k": 0, "y": -3.425166865496446, "x": -0.13513513513513811}, "19": {"z": 1.5000000000000002, "qx": -0.0, "qy": -0.0, "qz": -0.027027027027027022, "_k": 2, "y": -3.425166865496446, "x": 0.67567567567567333}, "39": {"z": 1.5000000000000002, "qx": -0.0, "qy": -0.0, "qz": -0.027027027027027375, "_k": 17, "y": -3.425166865496446, "x": -4.7297297297297236}, "29": {"z": 1.5000000000000002, "qx": -0.0, "qy": -0.0, "qz": -0.027027027027026952, "_k": 7, "y": -3.425166865496446, "x": -2.0270270270270259}, "41": {"_k": 1, "z": 0.81500000000000017, "y": -3.425166865496446, "x": -0.15800000000000214}, "11": {"z": 1.5000000000000002, "qx": -0.0, "qy": -0.0, "qz": -0.027027027027027018, "_k": 10, "y": -3.425166865496446, "x": 2.8378378378378355}, "5": {"z": 1.5000000000000002, "qx": -0.0, "qy": -0.0, "qz": -0.027027027027027018, "_k": 16, "y": -3.425166865496446, "x": 4.459459459459457}, "4": {"z": 1.5000000000000002, "qx": -0.0, "qy": -0.0, "qz": -0.027027027027027018, "_k": 17, "y": -3.425166865496446, "x": 4.7297297297297272}, "7": {"z": 1.5000000000000002, "qx": -0.0, "qy": -0.0, "qz": -0.027027027027026994, "_k": 14, "y": -3.425166865496446, "x": 3.9189189189189171}, "6": {"z": 1.5000000000000002, "qx": -0.0, "qy": -0.0, "qz": -0.027027027027026994, "_k": 15, "y": -3.425166865496446, "x": 4.1891891891891868}, "1": {"z": 0.13000000000000012, "type": "support", "_k": 2, "y": -3.425166865496446, "x": 0.15799999999999786}, "0": {"_k": 1, "z": 0.81500000000000017, "y": -3.425166865496446, "x": 0.15799999999999786}, "3": {"z": 1.5000000000000002, "qx": -0.0, "qy": -0.0, "qz": -0.013513513513513509, "type": "support", "_k": 18, "y": -3.425166865496446, "x": 4.9999999999999973}, "2": {"z": 1.1400000000000001, "type": "_origin", "_k": 0, "y": -3.425166865496446, "x": 1.3847567567567545}, "21": {"z": 1.5000000000000002, "qx": -0.0, "qy": -0.0, "qz": -0.02702702702702707, "type": "_origin", "_k": 0, "y": -3.425166865496446, "x": 0.13513513513513295}, "31": {"z": 1.5000000000000002, "qx": -0.0, "qy": -0.0, "qz": -0.027027027027026911, "_k": 9, "y": -3.425166865496446, "x": -2.5675675675675649}, "9": {"z": 1.5000000000000002, "qx": -0.0, "qy": -0.0, "qz": -0.027027027027027063, "_k": 12, "y": -3.425166865496446, "x": 3.3783783783783754}, "8": {"z": 1.5000000000000002, "qx": -0.0, "qy": -0.0, "qz": -0.027027027027027084, "_k": 13, "y": -3.425166865496446, "x": 3.6486486486486469}, "14": {"z": 1.5000000000000002, "qx": -0.0, "qy": -0.0, "qz": -0.027027027027027053, "_k": 7, "y": -3.425166865496446, "x": 2.0270270270270241}, "34": {"z": 1.5000000000000002, "qx": -0.0, "qy": -0.0, "qz": -0.027027027027027018, "_k": 12, "y": -3.425166865496446, "x": -3.378378378378375}, "24": {"z": 1.5000000000000002, "qx": -0.0, "qy": -0.0, "qz": -0.027027027027026973, "_k": 2, "y": -3.425166865496446, "x": -0.67567567567567755}, "43": {"z": 1.1400000000000001, "type": "_origin", "_k": 0, "y": -3.425166865496446, "x": -1.3847567567567567}, "13": {"z": 1.5000000000000002, "qx": -0.0, "qy": -0.0, "qz": -0.027027027027027063, "_k": 8, "y": -3.425166865496446, "x": 2.2972972972972947}, "33": {"z": 1.5000000000000002, "qx": -0.0, "qy": -0.0, "qz": -0.027027027027027042, "_k": 11, "y": -3.425166865496446, "x": -3.1081081081081043}, "23": {"z": 1.5000000000000002, "qx": -0.0, "qy": -0.0, "qz": -0.027027027027026973, "_k": 1, "y": -3.425166865496446, "x": -0.40540540540540737}}, "max_int_key": 43,