{"compas": "1.7.1", "datatype": "compas_cem.diagrams/FormDiagram", "data": {"adjacency": {"14": {"13": null, "15": null, "5": null}, "17": {"12": null, "11": null, "2": null}, "12": {"13": null, "17": null, "3": null}, "5": {"4": null, "6": null, "14": null}, "4": {"13": null, "3": null, "5": null}, "7": {"6": null, "8": null, "16": null}, "6": {"7": null, "15": null, "5": null}, "1": {"0": null, "11": null, "2": null}, "0": {"1": null, "10": null}, "3": {"4": null, "12": null, "2": null}, "2": {"1": null, "3": null, "17": null}, "10": {"0": null, "11": null}, "13": {"4": null, "12": null, "14": null}, "15": {"6": null, "14": null, "16": null}, "11": {"1": null, "10": null, "17": null}, "9": {"19": null, "8": null}, "8": {"7": null, "9": null, "18": null}, "18": {"19": null, "8": null, "16": null}, "19": {"9": null, "18": null}, "16": {"7": null, "15": null, "18": null}}, "node_attributes": {"z": 0.0, "qx": 0.0, "rx": 0.0, "qy": 0.0, "ry": 0.0, "qz": 0.0, "type": null, "rz": 0.0, "_k": null, "y": 0.0, "x": 0.0}, "node": {"14": {"z": 1.3717660883245724, "type": "_origin", "_k": 0, "y": -3.425166865496446, "x": 0.55555555555555458}, "17": {"z": 1.0383355034157318, "rx": 3.594437508000345, "ry": -0.0, "type": "support", "rz": 2.1546208882048719, "_k": 2, "y": -3.425166865496446, "x": -2.8228550775655363}, "12": {"y": -3.425166865496446, "x": -1.6756313283202646, "z": 1.2619547380535221, "_k": 1}, "5": {"z": 1.5000000000000002, "qx": -0.0, "qy": -0.0, "qz": -0.11111111111111134, "type": "_origin", "_k": 0, "y": -3.425166865496446, "x": 0.55555555555555469}, "4": {"z": 1.5000000000000002, "qx": -0.0, "qy": -0.0, "qz": -0.1111111111111111, "type": "_origin", "_k": 0, "y": -3.425166865496446, "x": -0.55555555555555702}, "7": {"z": 1.3526252187029775, "qx": -0.0, "qy": -0.0, "qz": -0.11111111111111094, "_k": 2, "y": -3.425166865496446, "x": 2.772348158852648}, "6": {"z": 1.4506659848658663, "qx": -0.0, "qy": -0.0, "qz": -0.1111111111111111, "_k": 1, "y": -3.425166865496446, "x": 1.6655708960735682}, "1": {"z": 1.3038600087750245, "qx": -0.0, "qy": -0.0, "qz": -0.11111111111111108, "_k": 3, "y": -3.425166865496446, "x": -3.8823886335810496}, "0": {"z": 1.2062435628520269, "qx": -0.0, "rx": -20.729573283852705, "qy": -0.0, "ry": -0.0, "qz": -0.055555555555555539, "type": "support", "rz": -2.3742006209661195, "_k": 4, "y": -3.425166865496446, "x": -4.9892034016068152}, "3": {"z": 1.4506659848658665, "qx": -0.0, "qy": -0.0, "qz": -0.11111111111111113, "_k": 1, "y": -3.425166865496446, "x": -1.6655708960735658}, "2": {"z": 1.3526252187029773, "qx": -0.0, "qy": -0.0, "qz": -0.11111111111111115, "_k": 2, "y": -3.425166865496446, "x": -2.7723481588526506}, "10": {"z": 1.1837654926748817, "rx": 7.3351357758523568, "ry": -0.0, "type": "support", "rz": 0.71957973276124954, "_k": 1, "y": -3.425166865496446, "x": -5.0142991382955504}, "13": {"z": 1.3717660883245721, "type": "_origin", "_k": 0, "y": -3.425166865496446, "x": -0.55555555555555713}, "15": {"y": -3.425166865496446, "x": 1.675631328320268, "z": 1.2619547380535223, "_k": 1}, "11": {"z": 1.1927119955250989, "type": "_origin", "_k": 0, "y": -3.425166865496446, "x": -3.8888888888888915}, "9": {"z": 1.2062435628520265, "qx": -0.0, "rx": 20.72957328385241, "qy": -0.0, "ry": -0.0, "qz": -0.055555555555555448, "type": "support", "rz": -2.3742006209663149, "_k": 4, "y": -3.425166865496446, "x": 4.9892034016068116}, "8": {"z": 1.3038600087750247, "qx": -0.0, "qy": -0.0, "qz": -0.11111111111111102, "_k": 3, "y": -3.425166865496446, "x": 3.8823886335810478}, "18": {"z": 1.1927119955250975, "type": "_origin", "_k": 0, "y": -3.425166865496446, "x": 3.8888888888888746}, "19": {"z": 1.1837654926748762, "rx": -7.335135775852053, "ry": -0.0, "type": "support", "rz": 0.71957973276146181, "_k": 1, "y": -3.425166865496446, "x": 5.0142991382955397}, "16": {"z": 1.0383355034157344, "rx": -3.5944375080003583, "ry": -0.0, "type": "support", "rz": 2.154620888204851, "_k": 2, "y": -3.425166865496446, "x": 2.8228550775655297}}, "max_int_key": 19, "attributes": {"gkey_node": {"5.000,-3.425,1.500": 9, "1.667,-3.425,1.500": 6, "1.667,-3.425,1.193": 15, "-1.667,-3.425,1.193": 12, "3.882,-3.425,1.304": 8, "-0.556,-3.425,1.372": 13, "-5.000,-3.425,1.500": 0, "1.666,-3.425,1.451": 6, "-3.889,-3.425,1.193": 11, "-5.000,-3.425,1.372": 10, "-1.676,-3.425,1.262": 12, "2.778,-3.425,0.830": 16, "2.778,-3.425,1.500": 7, "-2.778,-3.425,1.500": 2, "2.823,-3.425,1.038": 16, "-0.556,-3.425,1.500": 4, "1.676,-3.425,1.262": 15, "0.556,-3.425,1.500": 5, "-1.667,-3.425,1.500": 3, "-5.014,-3.425,1.184": 10, "0.556,-3.425,1.372": 14, "-2.778,-3.425,0.830": 17, "5.000,-3.425,1.372": 19, "-2.823,-3.425,1.038": 17, "-3.889,-3.425,1.500": 1, "5.014,-3.425,1.184": 19, "-3.882,-3.425,1.304": 1, "-4.989,-3.425,1.206": 0, "2.772,-3.425,1.353": 7, "4.989,-3.425,1.206": 9, "3.889,-3.425,1.193": 18, "-2.772,-3.425,1.353": 2, "-1.666,-3.425,1.451": 3, "3.889,-3.425,1.500": 8}, "name": "Network", "tol": "3f"}, "edge_attributes": {"force": 0.0, "type": null, "length": 0.0}, "edge": {"14": {"15": {"force": -10.248902380255165, "length": 1.1254458091720017, "type": "trail"}}, "17": {"12": {"force": -10.446203677028185, "length": 1.16881473849895, "type": "trail"}}, "12": {"13": {"force": -10.248902380255165, "length": 1.1254458091719957, "type": "trail"}}, "5": {"6": {"force": 20.019743341431482, "length": 1.1111111111111149, "type": "trail"}, "14": {"force": -1.0, "type": "deviation", "length": 0.12823391167542786}}, "4": {"13": {"force": -1.0, "type": "deviation", "length": 0.12823391167542808}, "5": {"force": 20.0, "type": "deviation", "length": 1.1111111111111116}}, "7": {"8": {"force": 19.945521761320503, "length": 1.1111111111111114, "type": "trail"}, "16": {"force": 0.80000000000000004, "type": "deviation", "length": 0.31832212297169349}}, "6": {"7": {"force": 20.131758842858421, "length": 1.1111111111111069, "type": "trail"}, "15": {"force": -1.0, "type": "deviation", "length": 0.18897922364762704}}, "1": {"11": {"force": -1.0, "type": "deviation", "length": 0.11133792780752105}, "2": {"force": 19.945521761320492, "length": 1.1111111111111105, "type": "trail"}}, "0": {"1": {"force": 20.062260837619416, "length": 1.1111111111111107, "type": "trail"}, "10": {"force": -1.0, "type": "deviation", "length": 0.033690646162384527}}, "3": {"4": {"force": 20.019743341431482, "length": 1.1111111111111101, "type": "trail"}, "12": {"force": -1.0, "type": "deviation", "length": 0.18897922364762743}}, "2": {"3": {"force": 20.131758842858417, "length": 1.111111111111112, "type": "trail"}, "17": {"force": 0.80000000000000004, "type": "deviation", "length": 0.31832212297169649}}, "10": {"11": {"force": -6.5904566426750817, "length": 1.1254458091719952, "type": "trail"}}, "13": {"14": {"force": -10.199999999999999, "type": "deviation", "length": 1.1111111111111116}}, "15": {"16": {"force": -10.446203677028191, "length": 1.1688147384989398, "type": "trail"}}, "11": {"17": {"force": -6.5999999999999996, "type": "deviation", "length": 1.0771537439941394}}, "9": {"19": {"force": -1.0, "type": "deviation", "length": 0.033690646162382647}}, "8": {"9": {"force": 20.062260837619291, "length": 1.1111111111111089, "type": "trail"}, "18": {"force": -1.0, "type": "deviation", "length": 0.11133792780752172}}, "18": {"19": {"force": -6.5904566426749467, "length": 1.1254458091720014, "type": "trail"}}, "19": {}, "16": {"18": {"force": -6.5999999999999996, "type": "deviation", "length": 1.077153743994129}}}}}