{"compas": "1.7.1", "datatype": "compas_cem.diagrams/TopologyDiagram", "data": {"adjacency": {"16": {"15": null, "39": null, "17": null}, "36": {"37": null, "18": null, "38": null}, "26": {"27": null, "10": null, "25": null}, "15": {"14": null, "16": null, "34": null}, "18": {"36": null, "19": null, "17": null}, "35": {"4": null, "32": null, "23": null}, "25": {"26": null, "9": null, "24": null}, "28": {"30": null, "7": null, "24": null}, "38": {"36": null, "39": null, "17": null}, "10": {"26": null, "9": null, "11": null}, "30": {"28": null, "32": null, "6": null}, "20": {"21": null, "0": null}, "17": {"18": null, "16": null, "38": null}, "37": {"36": null, "19": null}, "27": {"26": null, "29": null, "11": null}, "12": {"13": null, "29": null, "11": null}, "32": {"30": null, "35": null, "5": null}, "22": {"21": null, "23": null, "2": null}, "19": {"37": null, "18": null}, "39": {"34": null, "16": null, "38": null}, "29": {"31": null, "12": null, "27": null}, "11": {"12": null, "27": null, "10": null}, "5": {"4": null, "32": null, "6": null}, "4": {"5": null, "35": null, "3": null}, "7": {"28": null, "6": null, "8": null}, "6": {"30": null, "7": null, "5": null}, "1": {"21": null, "0": null, "2": null}, "0": {"20": null, "1": null}, "3": {"4": null, "23": null, "2": null}, "2": {"1": null, "22": null, "3": null}, "21": {"20": null, "22": null, "1": null}, "31": {"13": null, "33": null, "29": null}, "9": {"25": null, "8": null, "10": null}, "8": {"7": null, "9": null, "24": null}, "14": {"13": null, "33": null, "15": null}, "34": {"33": null, "15": null, "39": null}, "24": {"28": null, "8": null, "25": null}, "13": {"31": null, "12": null, "14": null}, "33": {"31": null, "14": null, "34": null}, "23": {"22": null, "35": null, "3": null}}, "node_attributes": {"z": 0.0, "qx": 0.0, "rx": 0.0, "qy": 0.0, "ry": 0.0, "qz": 0.0, "type": null, "rz": 0.0, "_k": null, "y": 0.0, "x": 0.0}, "node": {"16": {"z": 1.5000000000000002, "qx": -0.0, "qy": -0.0, "qz": -0.052631578947368432, "_k": 6, "y": -3.425166865496446, "x": 3.421052631578942}, "36": {"_k": 2, "z": 1.2878266478769156, "y": -3.425166865496446, "x": 4.4736842105263008}, "26": {"z": 1.4009271246961554, "type": "_origin", "_k": 0, "y": -3.425166865496446, "x": 0.26315789473683998}, "15": {"z": 1.5000000000000002, "qx": -0.0, "qy": -0.0, "qz": -0.052631578947368342, "_k": 5, "y": -3.425166865496446, "x": 2.8947368421052584}, "18": {"z": 1.5000000000000002, "qx": -0.0, "qy": -0.0, "qz": -0.052631578947368522, "_k": 8, "y": -3.425166865496446, "x": 4.4736842105263088}, "35": {"z": 0.83000000000000018, "type": "support", "_k": 5, "y": -3.425166865496446, "x": -2.8947368421052646}, "25": {"z": 1.4009271246961554, "type": "_origin", "_k": 0, "y": -3.425166865496446, "x": -0.26315789473684437}, "28": {"_k": 2, "z": 1.2878266478769165, "y": -3.425166865496446, "x": -1.3157894736842124}, "38": {"_k": 1, "z": 1.1743257778037146, "y": -3.425166865496446, "x": 3.9473684210526176}, "10": {"z": 1.5000000000000002, "qx": -0.0, "qy": -0.0, "qz": -0.05263157894736846, "type": "_origin", "_k": 0, "y": -3.425166865496446, "x": 0.26315789473684004}, "30": {"_k": 3, "z": 1.1743257778037144, "y": -3.425166865496446, "x": -1.8421052631578965}, "20": {"z": 1.3633487024143671, "type": "support", "_k": 3, "y": -3.425166865496446, "x": -5.0000000000000009}, "17": {"z": 1.5000000000000002, "qx": -0.0, "qy": -0.0, "qz": -0.052631578947368349, "_k": 7, "y": -3.425166865496446, "x": 3.947368421052627}, "37": {"z": 1.3633487024143669, "type": "support", "_k": 3, "y": -3.425166865496446, "x": 4.9999999999999849}, "27": {"_k": 1, "z": 1.3633487024143669, "y": -3.425166865496446, "x": 0.78947368421052511}, "12": {"z": 1.5000000000000002, "qx": -0.0, "qy": -0.0, "qz": -0.052631578947368356, "_k": 2, "y": -3.425166865496446, "x": 1.3157894736842082}, "32": {"_k": 4, "z": 1.021735716923329, "y": -3.425166865496446, "x": -2.3684210526315805}, "22": {"_k": 1, "z": 1.1743257778037144, "y": -3.425166865496446, "x": -3.9473684210526327}, "19": {"z": 1.5000000000000002, "qx": -0.0, "qy": -0.0, "qz": -0.026315789473684428, "type": "support", "_k": 9, "y": -3.425166865496446, "x": 4.9999999999999973}, "39": {"z": 1.0217357169233285, "type": "_origin", "_k": 0, "y": -3.425166865496446, "x": 3.4210526315789354}, "29": {"_k": 2, "z": 1.2878266478769156, "y": -3.425166865496446, "x": 1.3157894736842086}, "11": {"z": 1.5000000000000002, "qx": -0.0, "qy": -0.0, "qz": -0.052631578947368411, "_k": 1, "y": -3.425166865496446, "x": 0.789473684210525}, "5": {"z": 1.5000000000000002, "qx": -0.0, "qy": -0.0, "qz": -0.052631578947368411, "_k": 4, "y": -3.425166865496446, "x": -2.3684210526315805}, "4": {"z": 1.5000000000000002, "qx": -0.0, "qy": -0.0, "qz": -0.05263157894736839, "_k": 5, "y": -3.425166865496446, "x": -2.8947368421052646}, "7": {"z": 1.5000000000000002, "qx": -0.0, "qy": -0.0, "qz": -0.052631578947368418, "_k": 2, "y": -3.425166865496446, "x": -1.3157894736842124}, "6": {"z": 1.5000000000000002, "qx": -0.0, "qy": -0.0, "qz": -0.052631578947368411, "_k": 3, "y": -3.425166865496446, "x": -1.8421052631578965}, "1": {"z": 1.5000000000000002, "qx": -0.0, "qy": -0.0, "qz": -0.052631578947368411, "_k": 8, "y": -3.425166865496446, "x": -4.4736842105263159}, "0": {"z": 1.5000000000000002, "qx": -0.0, "qy": -0.0, "qz": -0.026315789473684251, "type": "support", "_k": 9, "y": -3.425166865496446, "x": -5.0000000000000009}, "3": {"z": 1.5000000000000002, "qx": -0.0, "qy": -0.0, "qz": -0.052631578947368404, "_k": 6, "y": -3.425166865496446, "x": -3.4210526315789482}, "2": {"z": 1.5000000000000002, "qx": -0.0, "qy": -0.0, "qz": -0.05263157894736839, "_k": 7, "y": -3.425166865496446, "x": -3.9473684210526327}, "21": {"_k": 2, "z": 1.2878266478769165, "y": -3.425166865496446, "x": -4.4736842105263168}, "31": {"_k": 3, "z": 1.1743257778037146, "y": -3.425166865496446, "x": 1.8421052631578918}, "9": {"z": 1.5000000000000002, "qx": -0.0, "qy": -0.0, "qz": -0.052631578947368411, "type": "_origin", "_k": 0, "y": -3.425166865496446, "x": -0.26315789473684409}, "8": {"z": 1.5000000000000002, "qx": -0.0, "qy": -0.0, "qz": -0.052631578947368418, "_k": 1, "y": -3.425166865496446, "x": -0.78947368421052821}, "14": {"z": 1.5000000000000002, "qx": -0.0, "qy": -0.0, "qz": -0.052631578947368321, "_k": 4, "y": -3.425166865496446, "x": 2.3684210526315752}, "34": {"z": 0.83000000000000229, "type": "support", "_k": 5, "y": -3.425166865496446, "x": 2.8947368421052548}, "24": {"_k": 1, "z": 1.3633487024143671, "y": -3.425166865496446, "x": -0.78947368421052855}, "13": {"z": 1.5000000000000002, "qx": -0.0, "qy": -0.0, "qz": -0.052631578947368356, "_k": 3, "y": -3.425166865496446, "x": 1.842105263157892}, "33": {"_k": 4, "z": 1.0217357169233285, "y": -3.425166865496446, "x": 2.3684210526315743}, "23": {"z": 1.021735716923329, "type": "_origin", "_k": 0, "y": -3.425166865496446, "x": -3.4210526315789487}}, "max_int_key": 39, "attributes": {"gkey_node": {"5.000,-3.425,1.500": 19, "5.000,-3.425,1.363": 37, "1.316,-3.425,1.500": 12, "-0.789,-3.425,1.363": 24, "-4.474,-3.425,1.288": 21, "-3.421,-3.425,1.022": 23, "2.368,-3.425,1.022": 33, "-5.000,-3.425,1.500": 0, "3.421,-3.425,1.500": 16, "-3.421,-3.425,1.500": 3, "-3.947,-3.425,1.174": 22, "-1.842,-3.425,1.500": 6, "2.368,-3.425,1.500": 14, "-2.368,-3.425,1.022": 32, "2.895,-3.425,1.500": 15, "-1.316,-3.425,1.500": 7, "-0.263,-3.425,1.401": 25, "1.842,-3.425,1.500": 13, "-1.842,-3.425,1.174": 30, "-4.474,-3.425,1.500": 1, "3.947,-3.425,1.500": 17, "3.421,-3.425,1.022": 39, "4.474,-3.425,1.288": 36, "1.316,-3.425,1.288": 29, "0.789,-3.425,1.500": 11, "-3.947,-3.425,1.500": 2, "-2.895,-3.425,0.830": 35, "1.842,-3.425,1.174": 31, "0.789,-3.425,1.363": 27, "-0.263,-3.425,1.500": 9, "-2.368,-3.425,1.500": 5, "4.474,-3.425,1.500": 18, "3.947,-3.425,1.174": 38, "0.263,-3.425,1.401": 26, "-2.895,-3.425,1.500": 4, "-5.000,-3.425,1.363": 20, "0.263,-3.425,1.500": 10, "2.895,-3.425,0.830": 34, "-0.789,-3.425,1.500": 8, "-1.316,-3.425,1.288": 28},