{"compas": "1.7.1", "datatype": "compas_cem.diagrams/TopologyDiagram", "data": {"adjacency": {"16": {"0": null, "17": null}, "26": {"28": null, "4": null, "23": null}, "15": {"30": null, "14": null}, "18": {"28": null, "17": null, "2": null}, "25": {"27": null, "11": null, "24": null}, "28": {"26": null, "18": null, "3": null}, "10": {"9": null, "11": null, "24": null}, "30": {"15": null, "29": null}, "20": {"7": null, "21": null, "19": null}, "17": {"1": null, "18": null, "16": null}, "27": {"31": null, "12": null, "25": null}, "12": {"13": null, "27": null, "11": null}, "22": {"21": null, "9": null, "24": null}, "19": {"20": null, "6": null, "23": null}, "29": {"30": null, "31": null, "14": null}, "11": {"12": null, "10": null, "25": null}, "5": {"4": null, "6": null, "23": null}, "4": {"26": null, "3": null, "5": null}, "7": {"20": null, "6": null, "8": null}, "6": {"7": null, "19": null, "5": null}, "1": {"0": null, "17": null, "2": null}, "0": {"1": null, "16": null}, "3": {"28": null, "4": null, "2": null}, "2": {"1": null, "18": null, "3": null}, "21": {"20": null, "22": null, "8": null}, "31": {"13": null, "27": null, "29": null}, "9": {"22": null, "8": null, "10": null}, "8": {"21": null, "7": null, "9": null}, "14": {"13": null, "15": null, "29": null}, "24": {"22": null, "10": null, "25": null}, "13": {"31": null, "12": null, "14": null}, "23": {"26": null, "19": null, "5": null}}, "node_attributes": {"z": 0.0, "qx": 0.0, "rx": 0.0, "qy": 0.0, "ry": 0.0, "qz": 0.0, "type": null, "rz": 0.0, "_k": null, "y": 0.0, "x": 0.0}, "node": {"16": {"z": 1.3513918042183684, "type": "support", "_k": 2, "y": -3.425166865496446, "x": -5.0000000000000009}, "26": {"_k": 3, "z": 1.0629898173526173, "y": -3.425166865496446, "x": -2.3333333333333348}, "15": {"z": 1.5000000000000002, "qx": -0.0, "qy": -0.0, "qz": -0.033333333333333305, "type": "support", "_k": 7, "y": -3.425166865496446, "x": 4.9999999999999973}, "18": {"z": 1.0629898173526173, "type": "_origin", "_k": 0, "y": -3.425166865496446, "x": -3.6666666666666679}, "25": {"_k": 3, "z": 1.062989817352618, "y": -3.425166865496446, "x": 2.3333333333333304}, "28": {"z": 0.83000000000000007, "type": "support", "_k": 4, "y": -3.425166865496446, "x": -3.0000000000000013}, "10": {"z": 1.5000000000000002, "qx": -0.0, "qy": -0.0, "qz": -0.066666666666666596, "_k": 2, "y": -3.425166865496446, "x": 1.6666666666666698}, "30": {"z": 1.3513918042183679, "type": "support", "_k": 2, "y": -3.425166865496446, "x": 4.9999999999999876}, "20": {"z": 1.4086929806895667, "type": "_origin", "_k": 0, "y": -3.425166865496446, "x": -0.33333333333333554}, "17": {"_k": 1, "z": 1.2365850769200544, "y": -3.425166865496446, "x": -4.3333333333333357}, "27": {"z": 0.83000000000000218, "type": "support", "_k": 4, "y": -3.425166865496446, "x": 2.9999999999999933}, "12": {"z": 1.5000000000000002, "qx": -0.0, "qy": -0.0, "qz": -0.066666666666666652, "_k": 4, "y": -3.425166865496446, "x": 2.9999999999999973}, "22": {"_k": 1, "z": 1.3513918042183679, "y": -3.425166865496446, "x": 0.99999999999999889}, "19": {"_k": 1, "z": 1.3513918042183684, "y": -3.425166865496446, "x": -1.000000000000002}, "29": {"_k": 1, "z": 1.2365850769200539, "y": -3.425166865496446, "x": 4.3333333333333171}, "11": {"z": 1.5000000000000002, "qx": -0.0, "qy": -0.0, "qz": -0.066666666666666374, "_k": 3, "y": -3.425166865496446, "x": 2.3333333333333304}, "5": {"z": 1.5000000000000002, "qx": -0.0, "qy": -0.0, "qz": -0.066666666666666652, "_k": 2, "y": -3.425166865496446, "x": -1.6666666666666674}, "4": {"z": 1.5000000000000002, "qx": -0.0, "qy": -0.0, "qz": -0.066666666666666707, "_k": 3, "y": -3.425166865496446, "x": -2.3333333333333348}, "7": {"z": 1.5000000000000002, "qx": -0.0, "qy": -0.0, "qz": -0.06666666666666668, "type": "_origin", "_k": 0, "y": -3.425166865496446, "x": -0.33333333333333554}, "6": {"z": 1.5000000000000002, "qx": -0.0, "qy": -0.0, "qz": -0.066666666666666596, "_k": 1, "y": -3.425166865496446, "x": -1.000000000000002}, "1": {"z": 1.5000000000000002, "qx": -0.0, "qy": -0.0, "qz": -0.06666666666666668, "_k": 6, "y": -3.425166865496446, "x": -4.3333333333333339}, "0": {"z": 1.5000000000000002, "qx": -0.0, "qy": -0.0, "qz": -0.033333333333333347, "type": "support", "_k": 7, "y": -3.425166865496446, "x": -5.0000000000000009}, "3": {"z": 1.5000000000000002, "qx": -0.0, "qy": -0.0, "qz": -0.066666666666666624, "_k": 4, "y": -3.425166865496446, "x": -3.0000000000000013}, "2": {"z": 1.5000000000000002, "qx": -0.0, "qy": -0.0, "qz": -0.066666666666666624, "_k": 5, "y": -3.425166865496446, "x": -3.6666666666666674}, "21": {"z": 1.4086929806895665, "type": "_origin", "_k": 0, "y": -3.425166865496446, "x": 0.33333333333333187}, "31": {"z": 1.062989817352618, "type": "_origin", "_k": 0, "y": -3.425166865496446, "x": 3.6666666666666563}, "9": {"z": 1.5000000000000002, "qx": -0.0, "qy": -0.0, "qz": -0.066666666666666916, "_k": 1, "y": -3.425166865496446, "x": 0.99999999999999845}, "8": {"z": 1.5000000000000002, "qx": -0.0, "qy": -0.0, "qz": -0.066666666666666707, "type": "_origin", "_k": 0, "y": -3.425166865496446, "x": 0.33333333333333154}, "14": {"z": 1.5000000000000002, "qx": -0.0, "qy": -0.0, "qz": -0.066666666666666707, "_k": 6, "y": -3.425166865496446, "x": 4.3333333333333313}, "24": {"_k": 2, "z": 1.2365850769200539, "y": -3.425166865496446, "x": 1.6666666666666696}, "13": {"z": 1.5000000000000002, "qx": -0.0, "qy": -0.0, "qz": -0.066666666666666707, "_k": 5, "y": -3.425166865496446, "x": 3.6666666666666634}, "23": {"_k": 2, "z": 1.2365850769200544, "y": -3.425166865496446, "x": -1.6666666666666674}}, "max_int_key": 31, "attributes": {"gkey_node": {"5.000,-3.425,1.500": 15, "-3.000,-3.425,1.500": 3, "1.667,-3.425,1.500": 10, "-1.667,-3.425,1.237": 23, "-5.000,-3.425,1.500": 0, "3.000,-3.425,0.830": 27, "3.667,-3.425,1.063": 31, "0.333,-3.425,1.500": 8, "0.333,-3.425,1.409": 21, "5.000,-3.425,1.351": 30, "-4.333,-3.425,1.500": 1, "-3.667,-3.425,1.500": 2, "-4.333,-3.425,1.237": 17, "-5.000,-3.425,1.351": 16, "-1.667,-3.425,1.500": 5, "4.333,-3.425,1.500": 14, "-1.000,-3.425,1.500": 6, "-2.333,-3.425,1.063": 26, "-2.333,-3.425,1.500": 4, "1.000,-3.425,1.500": 9, "3.000,-3.425,1.500": 12, "3.667,-3.425,1.500": 13, "-0.333,-3.425,1.500": 7, "1.667,-3.425,1.237": 24, "-3.000,-3.425,0.830": 28, "1.000,-3.425,1.351": 22, "2.333,-3.425,1.500": 11, "-0.333,-3.425,1.409": 20, "-3.667,-3.425,1.063": 18, "2.333,-3.425,1.063": 25, "-1.000,-3.425,1.351": 19, "4.333,-3.425,1.237": 29}, "name": "Network", "_aux_length": 0.33000000000000002, "_trails": {"31": [31, 29, 30], "7": [7, 6, 5, 4, 3, 2, 1, 0], "8": [8, 9, 10, 11, 12, 13, 14, 15], "18": [18, 17, 16], "20": [20, 19, 23, 26, 28], "21": [21, 22, 24, 25, 27]}, "tol": "3f", "_auxiliary_trails": {}, "_aux_vector": {"dtype": "compas.geometry/Vector", "value": [-0.0, -0.0, -1.0]}}, "edge_attributes": {"force": 0.0, "type": null, "length": 0.0}, "edge": {"16": {"17": {"length": -0.67647988076319898, "type": "trail"}}, "26": {"23": {"length": -0.6888974949792831, "type": "trail"}}, "15": {"30": {"force": -1.0, "type": "deviation"}}, "18": {"28": {"force": -6.5999999999999996, "type": "deviation"}}, "25": {"27": {"length": -0.70620726379331777, "type": "trail"}}, "28": {"26": {"length": -0.70620726379332177, "type": "trail"}}, "10": {"11": {"length": 0.66666666666666052, "type": "trail"}, "24": {"force": -1.0, "type": "deviation"}}, "30": {}, "20": {"21": {"force": -10.199999999999999, "type": "deviation"}}, "17": {"18": {"length": -0.68889749497928354, "type": "trail"}}, "27": {"31": {"force": -6.5999999999999996, "type": "deviation"}}, "12": {"13": {"length": 0.66666666666666607, "type": "trail"}, "27": {"force": 0.80000000000000004, "type": "deviation"}}, "22": {"24": {"length": -0.67647988076320453, "type": "trail"}}, "19": {"20": {"length": -0.66912470382539879, "type": "trail"}}, "29": {"30": {"length": -0.67647988076320431, "type": "trail"}}, "11": {"12": {"length": 0.66666666666666696, "type": "trail"},