{"compas": "1.7.1", "datatype": "compas_cem.diagrams/TopologyDiagram", "data": {"adjacency": {"16": {"6": null, "15": null, "17": null}, "15": {"14": null, "16": null, "5": null}, "18": {"13": null, "14": null, "3": null}, "10": {"21": null, "9": null, "11": null}, "20": {"21": null, "19": null, "9": null}, "17": {"7": null, "19": null, "16": null}, "12": {"13": null, "1": null}, "19": {"20": null, "8": null, "17": null}, "11": {"10": null}, "5": {"4": null, "6": null, "15": null}, "4": {"14": null, "3": null, "5": null}, "7": {"6": null, "8": null, "17": null}, "6": {"7": null, "16": null, "5": null}, "1": {"12": null, "0": null, "2": null}, "0": {"1": null}, "3": {"4": null, "18": null, "2": null}, "2": {"13": null, "1": null, "3": null}, "21": {"20": null, "10": null}, "9": {"20": null, "8": null, "10": null}, "8": {"7": null, "19": null, "9": null}, "14": {"4": null, "15": null, "18": null}, "13": {"12": null, "18": null, "2": null}}, "node_attributes": {"z": 0.0, "qx": 0.0, "rx": 0.0, "qy": 0.0, "ry": 0.0, "qz": 0.0, "type": null, "rz": 0.0, "_k": null, "y": 0.0, "x": 0.0}, "node": {"16": {"z": 1.3211110896314162, "type": "_origin", "_k": 0, "y": -3.425166865496446, "x": 0.4545454545454537}, "15": {"z": 1.3211110896314162, "type": "_origin", "_k": 0, "y": -3.425166865496446, "x": -0.45454545454545586}, "18": {"z": 0.83000000000000018, "type": "support", "_k": 2, "y": -3.425166865496446, "x": -2.2727272727272743}, "10": {"z": 1.5000000000000002, "qx": -0.0, "qy": -0.0, "qz": -0.090909090909090828, "_k": 4, "y": -3.425166865496446, "x": 4.0909090909090926}, "20": {"z": 1.1591022619746441, "type": "_origin", "_k": 0, "y": -3.425166865496446, "x": 3.1818181818181737}, "17": {"_k": 1, "z": 1.1591022619746441, "y": -3.425166865496446, "x": 1.3636363636363626}, "12": {"z": 1.3211110896314162, "type": "support", "_k": 1, "y": -3.425166865496446, "x": -4.0909090909090926}, "19": {"z": 0.83000000000000096, "type": "support", "_k": 2, "y": -3.425166865496446, "x": 2.272727272727268}, "11": {"z": 1.5000000000000002, "qx": -0.0, "qy": -0.0, "qz": -0.045454545454545241, "type": "support", "_k": 5, "y": -3.425166865496446, "x": 4.9999999999999973}, "5": {"z": 1.5000000000000002, "qx": -0.0, "qy": -0.0, "qz": -0.090909090909090939, "type": "_origin", "_k": 0, "y": -3.425166865496446, "x": -0.45454545454545575}, "4": {"z": 1.5000000000000002, "qx": -0.0, "qy": -0.0, "qz": -0.090909090909090939, "_k": 1, "y": -3.425166865496446, "x": -1.3636363636363651}, "7": {"z": 1.5000000000000002, "qx": -0.0, "qy": -0.0, "qz": -0.090909090909090912, "_k": 1, "y": -3.425166865496446, "x": 1.3636363636363626}, "6": {"z": 1.5000000000000002, "qx": -0.0, "qy": -0.0, "qz": -0.090909090909090939, "type": "_origin", "_k": 0, "y": -3.425166865496446, "x": 0.45454545454545353}, "1": {"z": 1.5000000000000002, "qx": -0.0, "qy": -0.0, "qz": -0.090909090909090912, "_k": 4, "y": -3.425166865496446, "x": -4.0909090909090917}, "0": {"z": 1.5000000000000002, "qx": -0.0, "qy": -0.0, "qz": -0.045454545454545463, "type": "support", "_k": 5, "y": -3.425166865496446, "x": -5.0000000000000009}, "3": {"z": 1.5000000000000002, "qx": -0.0, "qy": -0.0, "qz": -0.090909090909090912, "_k": 2, "y": -3.425166865496446, "x": -2.2727272727272743}, "2": {"z": 1.5000000000000002, "qx": -0.0, "qy": -0.0, "qz": -0.090909090909090884, "_k": 3, "y": -3.425166865496446, "x": -3.181818181818183}, "21": {"z": 1.3211110896314162, "type": "support", "_k": 1, "y": -3.425166865496446, "x": 4.0909090909090828}, "9": {"z": 1.5000000000000002, "qx": -0.0, "qy": -0.0, "qz": -0.09090909090909105, "_k": 3, "y": -3.425166865496446, "x": 3.1818181818181808}, "8": {"z": 1.5000000000000002, "qx": -0.0, "qy": -0.0, "qz": -0.090909090909090912, "_k": 2, "y": -3.425166865496446, "x": 2.2727272727272716}, "14": {"_k": 1, "z": 1.1591022619746447, "y": -3.425166865496446, "x": -1.3636363636363651}, "13": {"z": 1.1591022619746447, "type": "_origin", "_k": 0, "y": -3.425166865496446, "x": -3.1818181818181834}}, "max_int_key": 21, "attributes": {"gkey_node": {"5.000,-3.425,1.500": 11, "0.455,-3.425,1.321": 16, "-2.273,-3.425,0.830": 18, "-1.364,-3.425,1.500": 4, "0.455,-3.425,1.500": 6, "-5.000,-3.425,1.500": 0, "-1.364,-3.425,1.159": 14, "4.091,-3.425,1.500": 10, "-4.091,-3.425,1.500": 1, "-3.182,-3.425,1.500": 2, "1.364,-3.425,1.500": 7, "-2.273,-3.425,1.500": 3, "1.364,-3.425,1.159": 17, "-3.182,-3.425,1.159": 13, "-0.455,-3.425,1.500": 5, "3.182,-3.425,1.159": 20, "-4.091,-3.425,1.321": 12, "2.273,-3.425,1.500": 8, "4.091,-3.425,1.321": 21, "2.273,-3.425,0.830": 19, "3.182,-3.425,1.500": 9, "-0.455,-3.425,1.321": 15}, "name": "Network", "_aux_length": 0.33000000000000002, "_trails": {"5": [5, 4, 3, 2, 1, 0], "6": [6, 7, 8, 9, 10, 11], "13": [13, 12], "15": [15, 14, 18], "16": [16, 17, 19], "20": [20, 21]}, "tol": "3f", "_auxiliary_trails": {}, "_aux_vector": {"dtype": "compas.geometry/Vector", "value": [-0.0, -0.0, -1.0]}}, "edge_attributes": {"force": 0.0, "type": null, "length": 0.0}, "edge": {"16": {"17": {"length": -0.92341385154786193, "type": "trail"}}, "15": {"16": {"force": -10.199999999999999, "type": "deviation"}}, "18": {"14": {"length": -0.96682706821259567, "type": "trail"}}, "10": {"21": {"force": -1.0, "type": "deviation"}, "11": {"length": 0.90909090909090473, "type": "trail"}}, "20": {"21": {"length": -0.92341385154786215, "type": "trail"}}, "17": {"19": {"length": -0.96682706821259168, "type": "trail"}}, "12": {"13": {"length": -0.92341385154786204, "type": "trail"}}, "19": {"20": {"force": -6.5999999999999996, "type": "deviation"}}, "11": {}, "5": {"6": {"force": 20.0, "type": "deviation"}, "15": {"force": -1.0, "type": "deviation"}}, "4": {"14": {"force": -1.0, "type": "deviation"}, "5": {"length": 0.90909090909090939, "type": "trail"}}, "7": {"8": {"length": 0.90909090909090895, "type": "trail"}, "17": {"force": -1.0, "type": "deviation"}}, "6": {"7": {"length": 0.90909090909090917, "type": "trail"}, "16": {"force": -1.0, "type": "deviation"}}, "1": {"12": {"force": -1.0, "type": "deviation"}, "2": {"length": 0.90909090909090873, "type": "trail"}}, "0": {"1": {"length": 0.90909090909090917, "type": "trail"}}, "3": {"4": {"length": 0.90909090909090917, "type": "trail"}, "18": {"force": 0.80000000000000004, "type": "deviation"}}, "2": {"13": {"force": -1.0, "type": "deviation"}, "3": {"length": 0.90909090909090873, "type": "trail"}}, "21": {}, "9": {"20": {"force": -1.0, "type": "deviation"}, "10": {"length": 0.90909090909091184, "type": "trail"}}, "8": {"19": {"force": 0.80000000000000004, "type": "deviation"}, "9": {"length": 0.90909090909090917, "type": "trail"}}, "14": {"15": {"length": -0.92341385154786204, "type": "trail"}}, "13": {"18": {"force": -6.5999999999999996, "type": "deviation"}}}}}