{"compas": "1.7.1", "datatype": "compas_cem.diagrams/TopologyDiagram", "data": {"adjacency": {"14": {"4": null, "0": null, "16": null}, "17": {"15": null}, "12": {"13": null, "11": null}, "5": {"4": null, "6": null}, "4": {"14": null, "3": null, "5": null}, "7": {"6": null, "8": null}, "6": {"7": null, "5": null}, "1": {"0": null, "2": null}, "0": {"14": null, "1": null}, "3": {"4": null, "2": null}, "2": {"1": null, "3": null}, "10": {"9": null, "11": null}, "13": {"12": null, "15": null}, "15": {"13": null, "9": null, "17": null}, "11": {"12": null, "10": null}, "9": {"15": null, "8": null, "10": null}, "8": {"7": null, "9": null}, "16": {"14": null}}, "node_attributes": {"z": 0.0, "qx": 0.0, "rx": 0.0, "qy": 0.0, "ry": 0.0, "qz": 0.0, "type": null, "rz": 0.0, "_k": null, "y": 0.0, "x": 0.0}, "node": {"14": {"z": 0.27000000000000024, "type": "_origin", "_k": 0, "y": -3.425166865496446, "x": 3.7699999999999974}, "17": {"z": -0.059999999999999776, "type": "support", "_k": 1, "y": -3.425166865496446, "x": -3.7700000000000014}, "12": {"z": 1.5000000000000002, "qx": -0.0, "qy": -0.0, "qz": -0.76923076923077005, "_k": 5, "y": -3.425166865496446, "x": -4.2307692307692299}, "5": {"z": 1.5000000000000002, "qx": -0.0, "qy": -0.0, "qz": -0.76923076923076916, "_k": 1, "y": -3.425166865496446, "x": 1.1538461538461513}, "4": {"z": 1.5000000000000002, "qx": -0.0, "qy": -0.0, "qz": -0.76923076923076927, "_k": 2, "y": -3.425166865496446, "x": 1.9230769230769205}, "7": {"z": 1.5000000000000002, "qx": -0.0, "qy": -0.0, "qz": -0.76923076923076916, "type": "_origin", "_k": 0, "y": -3.425166865496446, "x": -0.38461538461538713}, "6": {"z": 1.5000000000000002, "qx": -0.0, "qy": -0.0, "qz": -0.76923076923076916, "type": "_origin", "_k": 0, "y": -3.425166865496446, "x": 0.38461538461538208}, "1": {"z": 1.5000000000000002, "qx": -0.0, "qy": -0.0, "qz": -0.76923076923076916, "_k": 5, "y": -3.425166865496446, "x": 4.2307692307692282}, "0": {"z": 1.5000000000000002, "qx": -0.0, "qy": -0.0, "qz": -0.38461538461538458, "type": "support", "_k": 6, "y": -3.425166865496446, "x": 4.9999999999999973}, "3": {"z": 1.5000000000000002, "qx": -0.0, "qy": -0.0, "qz": -0.76923076923076927, "_k": 3, "y": -3.425166865496446, "x": 2.6923076923076898}, "2": {"z": 1.5000000000000002, "qx": -0.0, "qy": -0.0, "qz": -0.76923076923076916, "_k": 4, "y": -3.425166865496446, "x": 3.461538461538459}, "10": {"z": 1.5000000000000002, "qx": -0.0, "qy": -0.0, "qz": -0.76923076923076805, "_k": 3, "y": -3.425166865496446, "x": -2.6923076923076925}, "13": {"z": 1.5000000000000002, "qx": -0.0, "qy": -0.0, "qz": -0.38461538461538547, "type": "support", "_k": 6, "y": -3.425166865496446, "x": -5.0000000000000009}, "15": {"z": 0.27000000000000024, "type": "_origin", "_k": 0, "y": -3.425166865496446, "x": -3.7700000000000014}, "11": {"z": 1.5000000000000002, "qx": -0.0, "qy": -0.0, "qz": -0.76923076923076872, "_k": 4, "y": -3.425166865496446, "x": -3.4615384615384608}, "9": {"z": 1.5000000000000002, "qx": -0.0, "qy": -0.0, "qz": -0.76923076923076816, "_k": 2, "y": -3.425166865496446, "x": -1.9230769230769247}, "8": {"z": 1.5000000000000002, "qx": -0.0, "qy": -0.0, "qz": -0.76923076923076872, "_k": 1, "y": -3.425166865496446, "x": -1.1538461538461562}, "16": {"z": -0.059999999999999776, "type": "support", "_k": 1, "y": -3.425166865496446, "x": 3.7699999999999974}}, "max_int_key": 17, "attributes": {"gkey_node": {"-3.462,-3.425,1.500": 11, "0.385,-3.425,1.500": 6, "3.770,-3.425,-0.060": 16, "-1.923,-3.425,1.500": 9, "-2.692,-3.425,1.500": 10, "1.154,-3.425,1.500": 5, "-3.770,-3.425,-0.060": 17, "-4.231,-3.425,1.500": 12, "-1.154,-3.425,1.500": 8, "3.462,-3.425,1.500": 2, "5.000,-3.425,1.500": 0, "-3.770,-3.425,0.270": 15, "2.692,-3.425,1.500": 3, "-0.385,-3.425,1.500": 7, "1.923,-3.425,1.500": 4, "4.231,-3.425,1.500": 1, "-5.000,-3.425,1.500": 13, "3.770,-3.425,0.270": 14}, "name": "Network", "_aux_length": 0.33000000000000002, "_trails": {"7": [7, 8, 9, 10, 11, 12, 13], "14": [14, 16], "15": [15, 17], "6": [6, 5, 4, 3, 2, 1, 0]}, "tol": "3f", "_auxiliary_trails": {"14": [14, 16], "15": [15, 17]}, "_aux_vector": {"dtype": "compas.geometry/Vector", "value": [-0.0, -0.0, -1.0]}}, "edge_attributes": {"force": 0.0, "type": null, "length": 0.0}, "edge": {"14": {"0": {"force": -0.5, "type": "deviation"}, "16": {"length": 0.33000000000000002, "type": "trail"}}, "17": {}, "12": {"13": {"length": -0.76923076923077094, "type": "trail"}}, "5": {"6": {"length": -0.76923076923076916, "type": "trail"}}, "4": {"14": {"force": 0.20000000000000001, "type": "deviation"}, "5": {"length": -0.76923076923076916, "type": "trail"}}, "7": {"8": {"length": -0.76923076923076905, "type": "trail"}}, "6": {"7": {"force": -12.9, "type": "deviation"}}, "1": {"2": {"length": -0.76923076923076916, "type": "trail"}}, "0": {"1": {"length": -0.76923076923076916, "type": "trail"}}, "3": {"4": {"length": -0.76923076923076938, "type": "trail"}}, "2": {"3": {"length": -0.76923076923076916, "type": "trail"}}, "10": {"11": {"length": -0.76923076923076827, "type": "trail"}}, "13": {}, "15": {"13": {"force": -0.5, "type": "deviation"}, "17": {"length": 0.33000000000000002, "type": "trail"}}, "11": {"12": {"length": -0.76923076923076916, "type": "trail"}}, "9": {"15": {"force": 0.20000000000000001, "type": "deviation"}, "10": {"length": -0.76923076923076783, "type": "trail"}}, "8": {"9": {"length": -0.7692307692307685, "type": "trail"}}, "16": {}}}}