{"compas": "1.7.1", "datatype": "compas_cem.diagrams/TopologyDiagram", "data": {"adjacency": {"16": {"15": null, "17": null}, "36": {"0": null, "10": null, "38": null}, "26": {"27": null, "25": null}, "15": {"14": null, "16": null}, "18": {"19": null, "17": null}, "35": {"37": null, "34": null}, "25": {"37": null, "26": null, "24": null}, "28": {"27": null, "29": null}, "38": {"36": null}, "10": {"36": null, "9": null, "11": null}, "30": {"31": null, "29": null}, "20": {"21": null, "19": null}, "17": {"18": null, "16": null}, "37": {"39": null, "35": null, "25": null}, "27": {"28": null, "26": null}, "12": {"13": null, "11": null}, "32": {"31": null, "33": null}, "22": {"21": null, "23": null}, "19": {"20": null, "18": null}, "39": {"37": null}, "29": {"28": null, "30": null}, "11": {"12": null, "10": null}, "5": {"4": null, "6": null}, "4": {"3": null, "5": null}, "7": {"6": null, "8": null}, "6": {"7": null, "5": null}, "1": {"0": null, "2": null}, "0": {"36": null, "1": null}, "3": {"4": null, "2": null}, "2": {"1": null, "3": null}, "21": {"20": null, "22": null}, "31": {"30": null, "32": null}, "9": {"8": null, "10": null}, "8": {"7": null, "9": null}, "14": {"13": null, "15": null}, "34": {"33": null, "35": null}, "24": {"23": null, "25": null}, "13": {"12": null, "14": null}, "33": {"32": null, "34": null}, "23": {"22": null, "24": null}}, "node_attributes": {"z": 0.0, "qx": 0.0, "rx": 0.0, "qy": 0.0, "ry": 0.0, "qz": 0.0, "type": null, "rz": 0.0, "_k": null, "y": 0.0, "x": 0.0}, "node": {"16": {"z": 1.5000000000000002, "qx": -0.0, "qy": -0.0, "qz": -0.02857142857142856, "_k": 1, "y": -3.425166865496446, "x": 0.42857142857142583}, "36": {"z": 0.27000000000000024, "type": "_origin", "_k": 0, "y": -3.425166865496446, "x": 3.7699999999999974}, "26": {"z": 1.5000000000000002, "qx": -0.0, "qy": -0.0, "qz": -0.02857142857142856, "_k": 8, "y": -3.425166865496446, "x": -2.4285714285714306}, "15": {"z": 1.5000000000000002, "qx": -0.0, "qy": -0.0, "qz": -0.028571428571428518, "_k": 2, "y": -3.425166865496446, "x": 0.71428571428571053}, "18": {"z": 1.5000000000000002, "qx": -0.0, "qy": -0.0, "qz": -0.028571428571428515, "type": "_origin", "_k": 0, "y": -3.425166865496446, "x": -0.14285714285714537}, "35": {"z": 1.5000000000000002, "qx": -0.0, "qy": -0.0, "qz": -0.014285714285714235, "type": "support", "_k": 17, "y": -3.425166865496446, "x": -5.0000000000000009}, "25": {"z": 1.5000000000000002, "qx": -0.0, "qy": -0.0, "qz": -0.028571428571428595, "_k": 7, "y": -3.425166865496446, "x": -2.1428571428571455}, "28": {"z": 1.5000000000000002, "qx": -0.0, "qy": -0.0, "qz": -0.02857142857142865, "_k": 10, "y": -3.425166865496446, "x": -3.0000000000000031}, "38": {"z": -0.059999999999999776, "type": "support", "_k": 1, "y": -3.425166865496446, "x": 3.7699999999999974}, "10": {"z": 1.5000000000000002, "qx": -0.0, "qy": -0.0, "qz": -0.028571428571428616, "_k": 7, "y": -3.425166865496446, "x": 2.1428571428571392}, "30": {"z": 1.5000000000000002, "qx": -0.0, "qy": -0.0, "qz": -0.02857142857142856, "_k": 12, "y": -3.425166865496446, "x": -3.5714285714285738}, "20": {"z": 1.5000000000000002, "qx": -0.0, "qy": -0.0, "qz": -0.028571428571428602, "_k": 2, "y": -3.425166865496446, "x": -0.71428571428571741}, "17": {"z": 1.5000000000000002, "qx": -0.0, "qy": -0.0, "qz": -0.02857142857142856, "type": "_origin", "_k": 0, "y": -3.425166865496446, "x": 0.14285714285713932}, "37": {"z": 0.27000000000000024, "type": "_origin", "_k": 0, "y": -3.425166865496446, "x": -3.7700000000000014}, "27": {"z": 1.5000000000000002, "qx": -0.0, "qy": -0.0, "qz": -0.02857142857142863, "_k": 9, "y": -3.425166865496446, "x": -2.7142857142857166}, "12": {"z": 1.5000000000000002, "qx": -0.0, "qy": -0.0, "qz": -0.028571428571428581, "_k": 5, "y": -3.425166865496446, "x": 1.5714285714285676}, "32": {"z": 1.5000000000000002, "qx": -0.0, "qy": -0.0, "qz": -0.028571428571428449, "_k": 14, "y": -3.425166865496446, "x": -4.142857142857145}, "22": {"z": 1.5000000000000002, "qx": -0.0, "qy": -0.0, "qz": -0.028571428571428571, "_k": 4, "y": -3.425166865496446, "x": -1.2857142857142885}, "19": {"z": 1.5000000000000002, "qx": -0.0, "qy": -0.0, "qz": -0.028571428571428605, "_k": 1, "y": -3.425166865496446, "x": -0.42857142857143093}, "39": {"z": -0.059999999999999776, "type": "support", "_k": 1, "y": -3.425166865496446, "x": -3.7700000000000014}, "29": {"z": 1.5000000000000002, "qx": -0.0, "qy": -0.0, "qz": -0.028571428571428539, "_k": 11, "y": -3.425166865496446, "x": -3.2857142857142896}, "11": {"z": 1.5000000000000002, "qx": -0.0, "qy": -0.0, "qz": -0.028571428571428581, "_k": 6, "y": -3.425166865496446, "x": 1.8571428571428539}, "5": {"z": 1.5000000000000002, "qx": -0.0, "qy": -0.0, "qz": -0.028571428571428602, "_k": 12, "y": -3.425166865496446, "x": 3.5714285714285698}, "4": {"z": 1.5000000000000002, "qx": -0.0, "qy": -0.0, "qz": -0.028571428571428539, "_k": 13, "y": -3.425166865496446, "x": 3.857142857142855}, "7": {"z": 1.5000000000000002, "qx": -0.0, "qy": -0.0, "qz": -0.02857142857142856, "_k": 10, "y": -3.425166865496446, "x": 2.9999999999999973}, "6": {"z": 1.5000000000000002, "qx": -0.0, "qy": -0.0, "qz": -0.028571428571428626, "_k": 11, "y": -3.425166865496446, "x": 3.2857142857142829}, "1": {"z": 1.5000000000000002, "qx": -0.0, "qy": -0.0, "qz": -0.02857142857142856, "_k": 16, "y": -3.425166865496446, "x": 4.7142857142857117}, "0": {"z": 1.5000000000000002, "qx": -0.0, "qy": -0.0, "qz": -0.01428571428571428, "type": "support", "_k": 17, "y": -3.425166865496446, "x": 4.9999999999999973}, "3": {"z": 1.5000000000000002, "qx": -0.0, "qy": -0.0, "qz": -0.02857142857142856, "_k": 14, "y": -3.425166865496446, "x": 4.1428571428571406}, "2": {"z": 1.5000000000000002, "qx": -0.0, "qy": -0.0, "qz": -0.02857142857142856, "_k": 15, "y": -3.425166865496446, "x": 4.4285714285714262}, "21": {"z": 1.5000000000000002, "qx": -0.0, "qy": -0.0, "qz": -0.028571428571428553, "_k": 3, "y": -3.425166865496446, "x": -1.0000000000000029}, "31": {"z": 1.5000000000000002, "qx": -0.0, "qy": -0.0, "qz": -0.02857142857142856, "_k": 13, "y": -3.425166865496446, "x": -3.8571428571428608}, "9": {"z": 1.5000000000000002, "qx": -0.0, "qy": -0.0, "qz": -0.028571428571428626, "_k": 8, "y": -3.425166865496446, "x": 2.4285714285714262}, "8": {"z": 1.5000000000000002, "qx": -0.0, "qy": -0.0, "qz": -0.02857142857142856, "_k": 9, "y": -3.425166865496446, "x": 2.7142857142857117}, "14": {"z": 1.5000000000000002, "qx": -0.0, "qy": -0.0, "qz": -0.028571428571428588, "_k": 3, "y": -3.425166865496446, "x": 0.99999999999999623}, "34": {"z": 1.5000000000000002, "qx": -0.0, "qy": -0.0, "qz": -0.02857142857142856, "_k": 16, "y": -3.425166865496446, "x": -4.7142857142857162}, "24": {"z": 1.5000000000000002, "qx": -0.0, "qy": -0.0, "qz": -0.02857142857142856, "_k": 6, "y": -3.425166865496446, "x": -1.8571428571428588}, "13": {"z": 1.5000000000000002, "qx": -0.0, "qy": -0.0, "qz": -0.028571428571428574, "_k": 4, "y": -3.425166865496446, "x": 1.2857142857142823}, "33": {"z": 1.5000000000000002, "qx": -0.0, "qy": -0.0, "qz": -0.02857142857142856, "_k": 15, "y": -3.425166865496446, "x": -4.4285714285714297}, "23": {"z": 1.5000000000000002, "qx": -0.0, "qy": -0.0, "qz": -0.028571428571428515, "_k": 5, "y": -3.425166865496446, "x": -1.5714285714285743}}, "max_int_key": 39, "attributes": {"gkey_node": {"5.000,-3.425,1.500": 0, "3.770,-3.425,-0.060": 38, "0.143,-3.425,1.500": 17, "3.286,-3.425,1.500": 6, "-5.000,-3.425,1.500": 35, "-2.429,-3.425,1.500": 26, "0.429,-3.425,1.500": 16, "-2.143,-3.425,1.500": 25, "2.429,-3.425,1.500": 9, "2.714,-3.425,1.500": 8, "-3.571,-3.425,1.500": 30, "3.857,-3.425,1.500": 4, "-4.143,-3.425,1.500": 32, "4.143,-3.425,1.500": 3, "-3.770,-3.425,-0.060": 39, "1.286,-3.425,1.500": 13, "-4.714,-3.425,1.500": 34, "1.857,-3.425,1.500": 11, "3.770,-3.425,0.270": 36, "-1.000,-3.425,1.500": 21, "-3.286,-3.425,1.500": 29, "-1.857,-3.425,1.500": 24, "-4.429,-3.425,1.500": 33, "-1.286,-3.425,1.500": 22, "1.000,-3.425,1.500": 14,