{"compas": "1.7.1", "datatype": "compas_cem.diagrams/TopologyDiagram", "data": {"adjacency": {"5": {"4": null, "6": null}, "4": {"6": null, "3": null, "5": null}, "7": {"6": null}, "6": {"4": null, "7": null, "5": null}, "1": {"0": null, "2": null}, "0": {"1": null}, "3": {"4": null, "2": null}, "2": {"1": null, "3": null}}, "node_attributes": {"z": 0.0, "qx": 0.0, "rx": 0.0, "qy": 0.0, "ry": 0.0, "qz": 0.0, "type": null, "rz": 0.0, "_k": null, "y": 0.0, "x": 0.0}, "node": {"5": {"z": 1.5000000000000002, "qx": -0.0, "qy": -0.0, "qz": -0.099999999999999964, "type": "support", "_k": 2, "y": -3.425166865496446, "x": -5.0000000000000009}, "4": {"z": 1.5000000000000002, "qx": -0.0, "qy": -0.0, "qz": -0.1999999999999999, "_k": 1, "y": -3.425166865496446, "x": -3.0000000000000018}, "7": {"z": -0.059999999999999776, "type": "support", "_k": 1, "y": -3.425166865496446, "x": -3.7700000000000014}, "6": {"z": 0.27000000000000024, "type": "_origin", "_k": 0, "y": -3.425166865496446, "x": -3.7700000000000014}, "1": {"z": 1.5000000000000002, "qx": -0.0, "qy": -0.0, "qz": -0.20000000000000001, "_k": 1, "y": -3.425166865496446, "x": 2.9999999999999973}, "0": {"z": 1.5000000000000002, "qx": -0.0, "qy": -0.0, "qz": -0.10000000000000001, "type": "support", "_k": 2, "y": -3.425166865496446, "x": 4.9999999999999973}, "3": {"z": 1.5000000000000002, "qx": -0.0, "qy": -0.0, "qz": -0.19999999999999998, "type": "_origin", "_k": 0, "y": -3.425166865496446, "x": -1.0000000000000029}, "2": {"z": 1.5000000000000002, "qx": -0.0, "qy": -0.0, "qz": -0.20000000000000001, "type": "_origin", "_k": 0, "y": -3.425166865496446, "x": 0.99999999999999756}}, "max_int_key": 7, "attributes": {"gkey_node": {"-1.000,-3.425,1.500": 3, "1.000,-3.425,1.500": 2, "-3.770,-3.425,-0.060": 7, "-3.000,-3.425,1.500": 4, "5.000,-3.425,1.500": 0, "-3.770,-3.425,0.270": 6, "3.000,-3.425,1.500": 1, "-5.000,-3.425,1.500": 5}, "name": "Network", "_aux_length": 0.33000000000000002, "_trails": {"2": [2, 1, 0], "3": [3, 4, 5], "6": [6, 7]}, "tol": "3f", "_auxiliary_trails": {"6": [6, 7]}, "_aux_vector": {"dtype": "compas.geometry/Vector", "value": [-0.0, -0.0, -1.0]}}, "edge_attributes": {"force": 0.0, "type": null, "length": 0.0}, "edge": {"5": {}, "4": {"6": {"force": 0.20000000000000001, "type": "deviation"}, "5": {"length": -1.9999999999999991, "type": "trail"}}, "7": {}, "6": {"7": {"length": 0.33000000000000002, "type": "trail"}, "5": {"force": -0.5, "type": "deviation"}}, "1": {"2": {"length": -1.9999999999999998, "type": "trail"}}, "0": {"1": {"length": -2.0, "type": "trail"}}, "3": {"4": {"length": -1.9999999999999989, "type": "trail"}}, "2": {"3": {"force": -12.9, "type": "deviation"}}}}}