{"compas": "1.7.1", "datatype": "compas_cem.diagrams/FormDiagram", "data": {"adjacency": {"5": {"4": null}, "4": {"5": null, "3": null, "2": null}, "1": {"0": null, "2": null}, "0": {"1": null}, "3": {"4": null, "2": null}, "2": {"4": null, "1": null, "3": null}}, "node_attributes": {"z": 0.0, "qx": 0.0, "rx": 0.0, "qy": 0.0, "ry": 0.0, "qz": 0.0, "type": null, "rz": 0.0, "_k": null, "y": 0.0, "x": 0.0}, "node": {"5": {"z": 0.30091361985992304, "rx": -0.64576994646273111, "ry": -0.0, "type": "support", "rz": 0.060761395221436365, "_k": 1, "y": -3.425166865496446, "x": -4.0985488519340114}, "4": {"z": 0.27000000000000024, "type": "_origin", "_k": 0, "y": -3.425166865496446, "x": -3.7700000000000014}, "1": {"z": 1.5000000000000002, "qx": -0.0, "qy": -0.0, "qz": -3.3333333333333321, "type": "_origin", "_k": 0, "y": -3.425166865496446, "x": 1.6666666666666645}, "0": {"z": 0.66606445200259057, "qx": -0.0, "rx": -12.9, "qy": -0.0, "ry": -0.0, "qz": -1.6666666666666665, "type": "support", "rz": 4.9999999999999982, "_k": 1, "y": -3.425166865496446, "x": 4.8939972374166416}, "3": {"z": 0.65304423517764543, "qx": -0.0, "rx": 13.545769946462732, "qy": -0.0, "ry": -0.0, "qz": -1.666666666666667, "type": "support", "rz": 4.9392386047785637, "_k": 1, "y": -3.425166865496446, "x": -4.8906047931736412}, "2": {"z": 1.5000000000000002, "qx": -0.0, "qy": -0.0, "qz": -3.333333333333333, "type": "_origin", "_k": 0, "y": -3.425166865496446, "x": -1.6666666666666672}}, "max_int_key": 5, "attributes": {"gkey_node": {"1.667,-3.425,1.500": 1, "-3.770,-3.425,-0.060": 5, "-4.891,-3.425,0.653": 3, "-4.099,-3.425,0.301": 5, "5.000,-3.425,1.500": 0, "-3.770,-3.425,0.270": 4, "4.894,-3.425,0.666": 0, "-1.667,-3.425,1.500": 2, "-5.000,-3.425,1.500": 3}, "name": "Network", "tol": "3f"}, "edge_attributes": {"force": 0.0, "type": null, "length": 0.0}, "edge": {"5": {}, "4": {"3": {"force": -0.5, "type": "deviation", "length": 1.1842626349702008}, "5": {"force": 0.64862220969045936, "length": 0.32999999999999985, "type": "trail"}}, "1": {"2": {"force": -12.9, "type": "deviation", "length": 3.3333333333333317}}, "0": {"1": {"force": -13.32370485679982, "length": 3.3333333333333339, "type": "trail"}}, "3": {}, "2": {"4": {"force": 0.20000000000000001, "type": "deviation", "length": 2.4365777457555331}, "3": {"force": -13.516229743740505, "length": 3.3333333333333348, "type": "trail"}}}}}