{"compas": "1.7.1", "datatype": "compas_cem.diagrams/TopologyDiagram", "data": {"adjacency": {"12": {"13": null, "8": null, "11": null}, "5": {"4": null, "6": null}, "4": {"3": null, "5": null}, "7": {"6": null, "8": null}, "6": {"7": null, "5": null}, "1": {"0": null, "2": null}, "0": {"1": null}, "3": {"4": null, "2": null}, "2": {"1": null, "3": null}, "10": {"9": null, "11": null}, "13": {"12": null}, "11": {"12": null, "10": null}, "9": {"8": null, "10": null}, "8": {"12": null, "7": null, "9": null}}, "node_attributes": {"z": 0.0, "qx": 0.0, "rx": 0.0, "qy": 0.0, "ry": 0.0, "qz": 0.0, "type": null, "rz": 0.0, "_k": null, "y": 0.0, "x": 0.0}, "node": {"12": {"z": 0.27000000000000024, "type": "_origin", "_k": 0, "y": -3.425166865496446, "x": -3.7700000000000014}, "5": {"z": 1.5000000000000002, "qx": -0.0, "qy": -0.0, "qz": -0.90909090909090917, "type": "_origin", "_k": 0, "y": -3.425166865496446, "x": 0.45454545454545203}, "4": {"z": 1.5000000000000002, "qx": -0.0, "qy": -0.0, "qz": -0.90909090909090917, "_k": 1, "y": -3.425166865496446, "x": 1.3636363636363613}, "7": {"z": 1.5000000000000002, "qx": -0.0, "qy": -0.0, "qz": -0.90909090909090873, "_k": 1, "y": -3.425166865496446, "x": -1.3636363636363662}, "6": {"z": 1.5000000000000002, "qx": -0.0, "qy": -0.0, "qz": -0.90909090909090917, "type": "_origin", "_k": 0, "y": -3.425166865496446, "x": -0.45454545454545714}, "1": {"z": 1.5000000000000002, "qx": -0.0, "qy": -0.0, "qz": -0.90909090909090873, "_k": 4, "y": -3.425166865496446, "x": 4.0909090909090882}, "0": {"z": 1.5000000000000002, "qx": -0.0, "qy": -0.0, "qz": -0.45454545454545459, "type": "support", "_k": 5, "y": -3.425166865496446, "x": 4.9999999999999973}, "3": {"z": 1.5000000000000002, "qx": -0.0, "qy": -0.0, "qz": -0.90909090909090928, "_k": 2, "y": -3.425166865496446, "x": 2.2727272727272703}, "2": {"z": 1.5000000000000002, "qx": -0.0, "qy": -0.0, "qz": -0.90909090909090895, "_k": 3, "y": -3.425166865496446, "x": 3.1818181818181799}, "10": {"z": 1.5000000000000002, "qx": -0.0, "qy": -0.0, "qz": -0.90909090909090806, "_k": 4, "y": -3.425166865496446, "x": -4.0909090909090944}, "13": {"z": -0.059999999999999776, "type": "support", "_k": 1, "y": -3.425166865496446, "x": -3.7700000000000014}, "11": {"z": 1.5000000000000002, "qx": -0.0, "qy": -0.0, "qz": -0.45454545454545325, "type": "support", "_k": 5, "y": -3.425166865496446, "x": -5.0000000000000009}, "9": {"z": 1.5000000000000002, "qx": -0.0, "qy": -0.0, "qz": -0.90909090909090984, "_k": 3, "y": -3.425166865496446, "x": -3.1818181818181848}, "8": {"z": 1.5000000000000002, "qx": -0.0, "qy": -0.0, "qz": -0.90909090909090928, "_k": 2, "y": -3.425166865496446, "x": -2.2727272727272747}}, "max_int_key": 13, "attributes": {"gkey_node": {"2.273,-3.425,1.500": 3, "-0.455,-3.425,1.500": 6, "0.455,-3.425,1.500": 5, "-3.182,-3.425,1.500": 9, "1.364,-3.425,1.500": 4, "-3.770,-3.425,-0.060": 13, "-2.273,-3.425,1.500": 8, "-1.364,-3.425,1.500": 7, "-4.091,-3.425,1.500": 10, "4.091,-3.425,1.500": 1, "5.000,-3.425,1.500": 0, "-3.770,-3.425,0.270": 12, "3.182,-3.425,1.500": 2, "-5.000,-3.425,1.500": 11}, "name": "Network", "_aux_length": 0.33000000000000002, "_trails": {"12": [12, 13], "5": [5, 4, 3, 2, 1, 0], "6": [6, 7, 8, 9, 10, 11]}, "tol": "3f", "_auxiliary_trails": {"12": [12, 13]}, "_aux_vector": {"dtype": "compas.geometry/Vector", "value": [-0.0, -0.0, -1.0]}}, "edge_attributes": {"force": 0.0, "type": null, "length": 0.0}, "edge": {"12": {"13": {"length": 0.33000000000000002, "type": "trail"}, "11": {"force": -0.5, "type": "deviation"}}, "5": {"6": {"force": -12.9, "type": "deviation"}}, "4": {"5": {"length": -0.90909090909090928, "type": "trail"}}, "7": {"8": {"length": -0.90909090909090851, "type": "trail"}}, "6": {"7": {"length": -0.90909090909090906, "type": "trail"}}, "1": {"2": {"length": -0.90909090909090828, "type": "trail"}}, "0": {"1": {"length": -0.90909090909090917, "type": "trail"}}, "3": {"4": {"length": -0.90909090909090895, "type": "trail"}}, "2": {"3": {"length": -0.90909090909090962, "type": "trail"}}, "10": {"11": {"length": -0.90909090909090651, "type": "trail"}}, "13": {}, "11": {}, "9": {"10": {"length": -0.90909090909090962, "type": "trail"}}, "8": {"12": {"force": 0.20000000000000001, "type": "deviation"}, "9": {"length": -0.90909090909091006, "type": "trail"}}}}}