{"compas": "1.7.1", "datatype": "compas_cem.diagrams/TopologyDiagram", "data": {"adjacency": {"16": {"13": null, "1": null, "17": null, "2": null}, "15": {"14": null, "10": null, "24": null}, "18": {"4": null, "19": null, "17": null, "3": null}, "10": {"15": null, "9": null, "11": null, "24": null}, "20": {"21": null, "19": null, "6": null, "5": null}, "17": {"16": null, "18": null, "3": null, "2": null}, "12": {"13": null}, "22": {"21": null, "7": null, "23": null, "8": null}, "19": {"4": null, "20": null, "18": null, "5": null}, "11": {"10": null}, "5": {"4": null, "20": null, "6": null, "19": null}, "4": {"19": null, "18": null, "3": null, "5": null}, "7": {"21": null, "6": null, "22": null, "8": null}, "6": {"7": null, "21": null, "20": null, "5": null}, "1": {"13": null, "0": null, "16": null, "2": null}, "0": {"1": null}, "3": {"4": null, "18": null, "17": null, "2": null}, "2": {"17": null, "1": null, "16": null, "3": null}, "21": {"7": null, "20": null, "22": null, "6": null}, "9": {"24": null, "23": null, "8": null, "10": null}, "8": {"7": null, "22": null, "9": null, "23": null}, "14": {"15": null}, "24": {"15": null, "23": null, "9": null, "10": null}, "13": {"12": null, "1": null, "16": null}, "23": {"22": null, "9": null, "8": null, "24": null}}, "node_attributes": {"z": 0.0, "qx": 0.0, "rx": 0.0, "qy": 0.0, "ry": 0.0, "qz": 0.0, "type": null, "rz": 0.0, "_k": null, "y": 0.0, "x": 0.0}, "node": {"16": {"_k": 3, "z": 2.3359996021201335, "y": -3.4251668654964469, "x": -3.6363636363636376}, "15": {"_k": 5, "z": 1.811036930376136, "y": -3.4251668654964469, "x": 4.5454545454545405}, "18": {"_k": 1, "z": 3.0183234159867567, "y": -3.4251668654964469, "x": -1.818181818181819}, "10": {"z": 1.5000000000000002, "qx": -0.0, "qy": -0.0, "qz": -0.090909090909091009, "_k": 4, "y": -3.425166865496446, "x": 4.0909090909090846}, "20": {"z": 3.2413167131927958, "type": "_origin", "_k": 0, "y": -3.4251668654964469, "x": -9.7144514654701197e-17}, "17": {"_k": 2, "z": 2.7368057802793246, "y": -3.4251668654964469, "x": -2.7272727272727284}, "12": {"z": 1.543545170252659, "type": "support", "_k": 5, "y": -3.4251668654964469, "x": -4.9363636363636374}, "22": {"_k": 2, "z": 3.0183234159867558, "y": -3.4251668654964469, "x": 1.8181818181818168}, "19": {"z": 3.1863516323080896, "type": "_origin", "_k": 0, "y": -3.4251668654964469, "x": -0.90909090909091039}, "11": {"z": 1.5000000000000002, "qx": -0.0, "qy": -0.0, "qz": -0.045454545454545636, "type": "support", "_k": 5, "y": -3.425166865496446, "x": 4.9999999999999973}, "5": {"z": 1.5000000000000002, "qx": -0.0, "qy": -0.0, "qz": -0.045454545454545491, "type": "_origin", "_k": 0, "y": -3.425166865496446, "x": -0.45454545454545492}, "4": {"z": 1.5000000000000002, "qx": -0.0, "qy": -0.0, "qz": -0.090909090909090953, "_k": 1, "y": -3.425166865496446, "x": -1.3636363636363646}, "7": {"z": 1.5000000000000002, "qx": -0.0, "qy": -0.0, "qz": -0.090909090909090828, "_k": 1, "y": -3.425166865496446, "x": 1.363636363636362}, "6": {"z": 1.5000000000000002, "qx": -0.0, "qy": -0.0, "qz": -0.045454545454545428, "type": "_origin", "_k": 0, "y": -3.425166865496446, "x": 0.45454545454545353}, "1": {"z": 1.5000000000000002, "qx": -0.0, "qy": -0.0, "qz": -0.090909090909090912, "_k": 4, "y": -3.425166865496446, "x": -4.0909090909090917}, "0": {"z": 1.5000000000000002, "qx": -0.0, "qy": -0.0, "qz": -0.045454545454545463, "type": "support", "_k": 5, "y": -3.425166865496446, "x": -5.0000000000000009}, "3": {"z": 1.5000000000000002, "qx": -0.0, "qy": -0.0, "qz": -0.090909090909090925, "_k": 2, "y": -3.425166865496446, "x": -2.2727272727272738}, "2": {"z": 1.5000000000000002, "qx": -0.0, "qy": -0.0, "qz": -0.090909090909090912, "_k": 3, "y": -3.425166865496446, "x": -3.181818181818183}, "21": {"_k": 1, "z": 3.1863516323080892, "y": -3.4251668654964469, "x": 0.90909090909090806}, "9": {"z": 1.5000000000000002, "qx": -0.0, "qy": -0.0, "qz": -0.090909090909090745, "_k": 3, "y": -3.425166865496446, "x": 3.1818181818181772}, "8": {"z": 1.5000000000000002, "qx": -0.0, "qy": -0.0, "qz": -0.090909090909090773, "_k": 2, "y": -3.425166865496446, "x": 2.2727272727272698}, "14": {"z": 1.5435451702526646, "type": "support", "_k": 6, "y": -3.4251668654964469, "x": 4.9363636363636276}, "24": {"_k": 4, "z": 2.3359996021201344, "y": -3.4251668654964469, "x": 3.6363636363636314}, "13": {"_k": 4, "z": 1.8110369303761331, "y": -3.4251668654964469, "x": -4.5454545454545467}, "23": {"_k": 3, "z": 2.7368057802793251, "y": -3.4251668654964469, "x": 2.7272727272727244}}, "max_int_key": 24, "attributes": {"gkey_node": {"5.000,-3.425,1.500": 11, "4.936,-3.425,1.544": 14, "-1.364,-3.425,1.500": 4, "0.455,-3.425,1.500": 6, "-5.000,-3.425,1.500": 0, "3.636,-3.425,2.336": 24, "4.091,-3.425,1.500": 10, "0.909,-3.425,3.186": 21, "-1.818,-3.425,3.018": 18, "-4.091,-3.425,1.500": 1, "-3.182,-3.425,1.500": 2, "1.364,-3.425,1.500": 7, "2.727,-3.425,2.737": 23, "-2.273,-3.425,1.500": 3, "-3.636,-3.425,2.336": 16, "-4.936,-3.425,1.544": 12, "-2.727,-3.425,2.737": 17, "0.000,-3.425,3.241": 20, "-0.455,-3.425,1.500": 5, "2.273,-3.425,1.500": 8, "1.818,-3.425,3.018": 22, "-4.545,-3.425,1.811": 13, "-0.909,-3.425,3.186": 19, "3.182,-3.425,1.500": 9, "4.545,-3.425,1.811": 15}, "name": "Network", "_aux_length": 0.33000000000000002, "_trails": {"19": [19, 18, 17, 16, 13, 12], "20": [20, 21, 22, 23, 24, 15, 14], "5": [5, 4, 3, 2, 1, 0], "6": [6, 7, 8, 9, 10, 11]}, "tol": "3f", "_auxiliary_trails": {}, "_aux_vector": {"dtype": "compas.geometry/Vector", "value": [-0.0, -0.0, -1.0]}}, "edge_attributes": {"force": 0.0, "type": null, "length": 0.0}, "edge": {"16": {"17": {"length": 0.99352497373861359, "type": "trail"}}, "15": {}, "18": {"19": {"length": 0.92448891960469881, "type": "trail"}}, "10": {"15": {"force": -0.40000000000000002, "type": "deviation"}, "11": {"length": -0.90909090909091272, "type": "trail"}, "24": {"force": -0.40000000000000002, "type": "deviation"}}, "20": {"21": {"length": 0.9107510313518159, "type": "trail"}}, "17": {"18": {"length": 0.95168191125293466, "type": "trail"}}, "12": {"13": {"length": 0.47366840626046175, "type": "trail"}}, "22": {"23": {"length": 0.95168191125293256, "type": "trail"}}, "19": {"20": {"force": 6.0, "type": "deviation"}}, "11": {}, "5": {"20": {"force": -0.40000000000000002, "type": "deviation"}, "6": {"force": -40.0, "type": "deviation"}, "19": {"force": -0.40000000000000002, "type": "deviation"}}, "4": {"19": {"force": -0.40000000000000002, "type": "deviation"}, "18": {"force": -0.40000000000000002, "type": "deviation"}, "5": {"length": -0.90909090909090973, "type": "trail"}}, "7": {"21": {"force": -0.40000000000000002, "type": "deviation"}, "22": {"force": -0.40000000000000002, "type": "deviation"}, "8": {"length": -0.90909090909090784, "type": "trail"}}, "6": {"7": {"length": -0.90909090909090851, "type": "trail"}, "21": {"force": -0.40000000000000002, "type": "deviation"}, "20": {"force": -0.40000000000000002, "type": "deviation"}}, "1": {"13": {"force": -0.40000000000000002, "type": "deviation"}, "16": {"force": -0.40000000000000002, "type": "deviation"}, "2": {"length": -0.90909090909090873, "type": "trail"}}, "0": {"1": {"length": -0.90909090909090917, "type": "trail"}}, "3": {"4": {"length": -0.90909090909090917, "type": "trail"}, "18": {"force": -0.40000000000000002, "type": "deviation"}, "17": {"force": -0.40000000000000002, "type": "deviation"}}, "2": {"17": {"force": -0.40000000000000002, "type": "deviation"}, "16": {"force": -0.40000000000000002, "type": "deviation"}, "3": {"length": -0.90909090909090917, "type": "trail"}}, "21": {"22": {"length": 0.92448891960469892, "type": "trail"}}, "9": {"23": {"force": -0.40000000000000002, "type": "deviation"}, "10": {"length": -0.9090909090909074, "type": "trail"}, "24": {"force": -0.40000000000000002, "type": "deviation"}}, "8": {"22": {"force": -0.40000000000000002, "type": "deviation"}, "9": {"length": -0.9090909090909074, "type": "trail"}, "23": {"force": -0.40000000000000002,