{"compas": "1.7.1", "datatype": "compas_cem.diagrams/TopologyDiagram", "data": {"adjacency": {"12": {"4": null, "9": null, "3": null, "11": null}, "5": {"4": null}, "4": {"12": null, "9": null, "3": null, "5": null}, "7": {"6": null, "1": null, "10": null}, "6": {"7": null}, "1": {"7": null, "0": null, "10": null, "2": null}, "0": {"1": null}, "3": {"4": null, "12": null, "11": null, "2": null}, "2": {"3": null, "1": null, "10": null, "11": null}, "10": {"7": null, "1": null, "11": null, "2": null}, "11": {"10": null, "12": null, "3": null, "2": null}, "9": {"4": null, "12": null, "8": null}, "8": {"9": null}}, "node_attributes": {"z": 0.0, "qx": 0.0, "rx": 0.0, "qy": 0.0, "ry": 0.0, "qz": 0.0, "type": null, "rz": 0.0, "_k": null, "y": 0.0, "x": 0.0}, "node": {"12": {"z": 2.9713004822703648, "type": "_origin", "_k": 0, "y": -3.4251668654964469, "x": 1.9999999999999982}, "5": {"z": 1.5000000000000002, "qx": -0.0, "qy": -0.0, "qz": -0.10000000000000001, "type": "support", "_k": 2, "y": -3.425166865496446, "x": 4.9999999999999973}, "4": {"z": 1.5000000000000002, "qx": -0.0, "qy": -0.0, "qz": -0.19999999999999996, "_k": 1, "y": -3.425166865496446, "x": 2.9999999999999973}, "7": {"_k": 2, "z": 2.1417128143459498, "y": -3.4251668654964469, "x": -4.0000000000000009}, "6": {"z": 1.5898397940084334, "type": "support", "_k": 3, "y": -3.4251668654964469, "x": -4.8600000000000012}, "1": {"z": 1.5000000000000002, "qx": -0.0, "qy": -0.0, "qz": -0.19999999999999996, "_k": 1, "y": -3.425166865496446, "x": -3.0000000000000013}, "0": {"z": 1.5000000000000002, "qx": -0.0, "qy": -0.0, "qz": -0.099999999999999978, "type": "support", "_k": 2, "y": -3.425166865496446, "x": -5.0000000000000009}, "3": {"z": 1.5000000000000002, "qx": -0.0, "qy": -0.0, "qz": -0.09999999999999995, "type": "_origin", "_k": 0, "y": -3.425166865496446, "x": 0.99999999999999845}, "2": {"z": 1.5000000000000002, "qx": -0.0, "qy": -0.0, "qz": -0.099999999999999978, "type": "_origin", "_k": 0, "y": -3.425166865496446, "x": -1.000000000000002}, "10": {"_k": 1, "z": 2.9713004822703653, "y": -3.4251668654964469, "x": -2.0000000000000009}, "11": {"z": 3.2413167131927958, "type": "_origin", "_k": 0, "y": -3.4251668654964469, "x": -9.7144514654701197e-17}, "9": {"_k": 1, "z": 2.1417128143459512, "y": -3.4251668654964469, "x": 3.9999999999999956}, "8": {"z": 1.5898397940084388, "type": "support", "_k": 2, "y": -3.4251668654964469, "x": 4.8599999999999914}}, "max_int_key": 12, "attributes": {"gkey_node": {"-4.000,-3.425,2.142": 7, "2.000,-3.425,2.971": 12, "-1.000,-3.425,1.500": 2, "1.000,-3.425,1.500": 3, "4.000,-3.425,2.142": 9, "-4.860,-3.425,1.590": 6, "-3.000,-3.425,1.500": 1, "5.000,-3.425,1.500": 5, "-2.000,-3.425,2.971": 10, "3.000,-3.425,1.500": 4, "0.000,-3.425,3.241": 11, "-5.000,-3.425,1.500": 0, "4.860,-3.425,1.590": 8}, "name": "Network", "_aux_length": 0.33000000000000002, "_trails": {"2": [2, 1, 0], "3": [3, 4, 5], "11": [11, 10, 7, 6], "12": [12, 9, 8]}, "tol": "3f", "_auxiliary_trails": {}, "_aux_vector": {"dtype": "compas.geometry/Vector", "value": [-0.0, -0.0, -1.0]}}, "edge_attributes": {"force": 0.0, "type": null, "length": 0.0}, "edge": {"12": {"9": {"length": 2.1652287867041342, "type": "trail"}}, "5": {}, "4": {"12": {"force": -0.40000000000000002, "type": "deviation"}, "9": {"force": -0.40000000000000002, "type": "deviation"}, "5": {"length": -2.0, "type": "trail"}}, "7": {"10": {"length": 2.1652287867041373, "type": "trail"}}, "6": {"7": {"length": 1.0218433493331811, "type": "trail"}}, "1": {"7": {"force": -0.40000000000000002, "type": "deviation"}, "10": {"force": -0.40000000000000002, "type": "deviation"}, "2": {"length": -1.9999999999999993, "type": "trail"}}, "0": {"1": {"length": -1.9999999999999996, "type": "trail"}}, "3": {"4": {"length": -1.9999999999999989, "type": "trail"}, "12": {"force": -0.40000000000000002, "type": "deviation"}, "11": {"force": -0.40000000000000002, "type": "deviation"}}, "2": {"3": {"force": -40.0, "type": "deviation"}, "10": {"force": -0.40000000000000002, "type": "deviation"}, "11": {"force": -0.40000000000000002, "type": "deviation"}}, "10": {"11": {"length": 2.0181448820541994, "type": "trail"}}, "11": {"12": {"force": 6.0, "type": "deviation"}}, "9": {}, "8": {"9": {"length": 1.0218433493331751, "type": "trail"}}}}}