{"compas": "1.7.1", "datatype": "compas_cem.diagrams/TopologyDiagram", "data": {"adjacency": {"16": {"20": null, "6": null, "17": null}, "36": {"37": null, "14": null, "35": null}, "26": {"4": null, "27": null, "25": null}, "15": {"37": null, "14": null}, "18": {"19": null, "0": null, "11": null}, "35": {"36": null, "13": null, "34": null}, "25": {"26": null, "3": null, "24": null}, "28": {"27": null, "6": null, "29": null, "38": null}, "38": {"28": null, "42": null, "39": null}, "40": {"33": null, "22": null, "41": null}, "10": {"32": null, "9": null, "11": null}, "30": {"31": null, "42": null, "29": null, "8": null}, "20": {"21": null, "8": null, "16": null}, "17": {"16": null}, "37": {"36": null, "15": null}, "27": {"28": null, "26": null, "5": null}, "42": {"30": null, "43": null, "38": null}, "12": {"13": null, "34": null, "11": null}, "32": {"31": null, "33": null, "10": null}, "22": {"31": null, "40": null, "23": null}, "19": {"18": null}, "39": {"38": null}, "29": {"28": null, "7": null, "30": null}, "41": {"40": null}, "11": {"12": null, "33": null, "18": null, "10": null}, "5": {"4": null, "27": null, "6": null}, "4": {"26": null, "3": null, "5": null}, "7": {"6": null, "8": null, "29": null}, "6": {"28": null, "7": null, "16": null, "5": null}, "1": {"0": null}, "0": {"1": null, "9": null, "18": null}, "3": {"4": null, "25": null, "2": null}, "2": {"3": null, "24": null}, "21": {"20": null}, "31": {"30": null, "32": null, "22": null, "9": null}, "9": {"31": null, "0": null, "8": null, "10": null}, "8": {"30": null, "7": null, "20": null, "9": null}, "14": {"36": null, "13": null, "15": null}, "34": {"12": null, "33": null, "35": null}, "24": {"25": null, "2": null}, "43": {"42": null}, "13": {"12": null, "14": null, "35": null}, "33": {"32": null, "40": null, "34": null, "11": null}, "23": {"22": null}}, "node_attributes": {"z": 0.0, "qx": 0.0, "rx": 0.0, "qy": 0.0, "ry": 0.0, "qz": 0.0, "type": null, "rz": 0.0, "_k": null, "y": 0.0, "x": 0.0}, "node": {"16": {"z": 1.1575000000000002, "type": "_origin", "_k": 0, "y": -3.425166865496446, "x": 1.2038461538461513}, "36": {"z": 1.5000000000000002, "qx": -0.0, "qy": -0.0, "qz": -0.076923076923077011, "_k": 5, "y": -2.425166865496446, "x": -4.2307692307692299}, "26": {"z": 1.5000000000000002, "qx": -0.0, "qy": -0.0, "qz": -0.076923076923076927, "_k": 4, "y": -2.425166865496446, "x": 3.461538461538459}, "15": {"z": 1.5000000000000002, "qx": -0.0, "qy": -0.0, "qz": -0.038461538461538547, "type": "support", "_k": 6, "y": -3.425166865496446, "x": -5.0000000000000009}, "18": {"z": 1.1575000000000002, "type": "_origin", "_k": 0, "y": -3.425166865496446, "x": -1.2038461538461562}, "35": {"z": 1.5000000000000002, "qx": -0.0, "qy": -0.0, "qz": -0.076923076923076872, "_k": 4, "y": -2.425166865496446, "x": -3.4615384615384608}, "25": {"z": 1.5000000000000002, "qx": -0.0, "qy": -0.0, "qz": -0.076923076923076927, "_k": 5, "y": -2.425166865496446, "x": 4.2307692307692282}, "28": {"z": 1.5000000000000002, "qx": -0.0, "qy": -0.0, "qz": -0.076923076923076927, "_k": 2, "y": -2.425166865496446, "x": 1.9230769230769205}, "38": {"z": 1.1575000000000002, "type": "_origin", "_k": 0, "y": -2.425166865496446, "x": 1.2038461538461513}, "40": {"z": 1.1575000000000002, "type": "_origin", "_k": 0, "y": -2.425166865496446, "x": -1.2038461538461562}, "10": {"z": 1.5000000000000002, "qx": -0.0, "qy": -0.0, "qz": -0.076923076923076886, "_k": 1, "y": -3.425166865496446, "x": -1.1538461538461562}, "30": {"z": 1.5000000000000002, "qx": -0.0, "qy": -0.0, "qz": -0.076923076923076927, "type": "_origin", "_k": 0, "y": -2.425166865496446, "x": 0.38461538461538208}, "20": {"z": 1.1575000000000002, "type": "_origin", "_k": 0, "y": -3.425166865496446, "x": 1.1038461538461513}, "17": {"z": 0.13000000000000012, "type": "support", "_k": 1, "y": -3.425166865496446, "x": 1.2038461538461513}, "37": {"z": 1.5000000000000002, "qx": -0.0, "qy": -0.0, "qz": -0.038461538461538547, "type": "support", "_k": 6, "y": -2.425166865496446, "x": -5.0000000000000009}, "27": {"z": 1.5000000000000002, "qx": -0.0, "qy": -0.0, "qz": -0.076923076923076927, "_k": 3, "y": -2.425166865496446, "x": 2.6923076923076898}, "42": {"z": 1.1575000000000002, "type": "_origin", "_k": 0, "y": -2.425166865496446, "x": 1.1038461538461513}, "12": {"z": 1.5000000000000002, "qx": -0.0, "qy": -0.0, "qz": -0.076923076923076816, "_k": 3, "y": -3.425166865496446, "x": -2.6923076923076925}, "32": {"z": 1.5000000000000002, "qx": -0.0, "qy": -0.0, "qz": -0.076923076923076886, "_k": 1, "y": -2.425166865496446, "x": -1.1538461538461562}, "22": {"z": 1.1575000000000002, "type": "_origin", "_k": 0, "y": -2.425166865496446, "x": -1.1038461538461561}, "19": {"z": 0.13000000000000012, "type": "support", "_k": 1, "y": -3.425166865496446, "x": -1.2038461538461562}, "39": {"z": 0.13000000000000012, "type": "support", "_k": 1, "y": -2.425166865496446, "x": 1.2038461538461513}, "29": {"z": 1.5000000000000002, "qx": -0.0, "qy": -0.0, "qz": -0.076923076923076927, "_k": 1, "y": -2.425166865496446, "x": 1.1538461538461513}, "41": {"z": 0.13000000000000012, "type": "support", "_k": 1, "y": -2.425166865496446, "x": -1.2038461538461562}, "11": {"z": 1.5000000000000002, "qx": -0.0, "qy": -0.0, "qz": -0.076923076923076816, "_k": 2, "y": -3.425166865496446, "x": -1.9230769230769247}, "5": {"z": 1.5000000000000002, "qx": -0.0, "qy": -0.0, "qz": -0.076923076923076927, "_k": 3, "y": -3.425166865496446, "x": 2.6923076923076898}, "4": {"z": 1.5000000000000002, "qx": -0.0, "qy": -0.0, "qz": -0.076923076923076927, "_k": 4, "y": -3.425166865496446, "x": 3.461538461538459}, "7": {"z": 1.5000000000000002, "qx": -0.0, "qy": -0.0, "qz": -0.076923076923076927, "_k": 1, "y": -3.425166865496446, "x": 1.1538461538461513}, "6": {"z": 1.5000000000000002, "qx": -0.0, "qy": -0.0, "qz": -0.076923076923076927, "_k": 2, "y": -3.425166865496446, "x": 1.9230769230769205}, "1": {"z": 0.13000000000000012, "type": "support", "_k": 1, "y": -3.425166865496446, "x": -1.1038461538461561}, "0": {"z": 1.1575000000000002, "type": "_origin", "_k": 0, "y": -3.425166865496446, "x": -1.1038461538461561}, "3": {"z": 1.5000000000000002, "qx": -0.0, "qy": -0.0, "qz": -0.076923076923076927, "_k": 5, "y": -3.425166865496446, "x": 4.2307692307692282}, "2": {"z": 1.5000000000000002, "qx": -0.0, "qy": -0.0, "qz": -0.038461538461538464, "type": "support", "_k": 6, "y": -3.425166865496446, "x": 4.9999999999999973}, "21": {"z": 0.13000000000000012, "type": "support", "_k": 1, "y": -3.425166865496446, "x": 1.1038461538461513}, "31": {"z": 1.5000000000000002, "qx": -0.0, "qy": -0.0, "qz": -0.076923076923076927, "type": "_origin", "_k": 0, "y": -2.425166865496446, "x": -0.38461538461538713}, "9": {"z": 1.5000000000000002, "qx": -0.0, "qy": -0.0, "qz": -0.076923076923076927, "type": "_origin", "_k": 0, "y": -3.425166865496446, "x": -0.38461538461538713}, "8": {"z": 1.5000000000000002, "qx": -0.0, "qy": -0.0, "qz": -0.076923076923076927, "type": "_origin", "_k": 0, "y": -3.425166865496446, "x": 0.38461538461538208}, "14": {"z": 1.5000000000000002, "qx": -0.0, "qy": -0.0, "qz": -0.076923076923077011, "_k": 5, "y": -3.425166865496446, "x": -4.2307692307692299}, "34": {"z": 1.5000000000000002, "qx": -0.0, "qy": -0.0, "qz": -0.076923076923076816, "_k": 3, "y": -2.425166865496446, "x": -2.6923076923076925}, "24": {"z": 1.5000000000000002, "qx": -0.0, "qy": -0.0, "qz": -0.038461538461538464, "type": "support", "_k": 6, "y": -2.425166865496446, "x": 4.9999999999999973}, "43": {"z": 0.13000000000000012, "type": "support", "_k": 1, "y": -2.425166865496446, "x": 1.1038461538461513}, "13": {"z": 1.5000000000000002, "qx": -0.0, "qy": -0.0, "qz": -0.076923076923076872, "_k": 4, "y": -3.425166865496446, "x": -3.4615384615384608}, "33": {"z": 1.5000000000000002, "qx": -0.0, "qy": -0.0, "qz": -0.076923076923076816, "_k": 2, "y": -2.425166865496446, "x": -1.9230769230769247}, "23": {"z": 0.13000000000000012, "type": "support", "_k": 1, "y": -2.425166865496446,