{"compas": "1.7.1", "datatype": "compas_cem.diagrams/TopologyDiagram", "data": {"adjacency": {"16": {"15": null, "17": null, "3": null}, "15": {"4": null, "14": null, "16": null}, "18": {"19": null, "0": null, "2": null}, "25": {"9": null, "24": null}, "10": {"9": null, "11": null}, "20": {"4": null, "21": null, "19": null}, "17": {"0": null, "16": null, "2": null}, "12": {"13": null, "7": null, "11": null}, "22": {"21": null, "6": null, "23": null}, "19": {"20": null, "18": null, "3": null}, "11": {"12": null, "8": null, "10": null}, "5": {"4": null, "21": null, "6": null, "14": null}, "4": {"20": null, "15": null, "3": null, "5": null}, "7": {"12": null, "6": null, "23": null, "8": null}, "6": {"13": null, "7": null, "22": null, "5": null}, "1": {"0": null}, "0": {"1": null, "18": null, "17": null, "2": null}, "3": {"4": null, "19": null, "16": null, "2": null}, "2": {"3": null, "0": null, "17": null, "18": null}, "21": {"20": null, "22": null, "5": null}, "9": {"25": null, "8": null, "10": null}, "8": {"7": null, "9": null, "11": null, "24": null}, "14": {"13": null, "15": null, "5": null}, "24": {"23": null, "8": null, "25": null}, "13": {"12": null, "6": null, "14": null}, "23": {"7": null, "22": null, "24": null}}, "node_attributes": {"z": 0.0, "qx": 0.0, "rx": 0.0, "qy": 0.0, "ry": 0.0, "qz": 0.0, "type": null, "rz": 0.0, "_k": null, "y": 0.0, "x": 0.0}, "node": {"16": {"z": 1.5000000000000002, "qx": -0.0, "qy": -0.0, "qz": -0.062499999999999993, "_k": 1, "y": -3.425166865496446, "x": -1.2500000000000011}, "15": {"z": 1.5000000000000002, "qx": -0.0, "qy": -0.0, "qz": -0.062500000000000028, "_k": 2, "y": -3.425166865496446, "x": -1.8750000000000013}, "18": {"z": 1.5000000000000002, "qx": -0.0, "qy": -0.0, "qz": -0.062499999999999917, "type": "_origin", "_k": 0, "y": -3.425166865496446, "x": 0.62499999999999767}, "25": {"z": 1.5000000000000002, "qx": -0.0, "qy": -0.0, "qz": -0.03125, "type": "support", "_k": 7, "y": -3.425166865496446, "x": 4.9999999999999973}, "10": {"z": 1.5000000000000002, "qx": -0.0, "qy": -0.0, "qz": -0.03125, "type": "support", "_k": 7, "y": -3.425166865496446, "x": -5.0000000000000009}, "20": {"z": 1.5000000000000002, "qx": -0.0, "qy": -0.0, "qz": -0.062500000000000014, "_k": 2, "y": -3.425166865496446, "x": 1.8749999999999971}, "17": {"z": 1.5000000000000002, "qx": -0.0, "qy": -0.0, "qz": -0.062500000000000069, "type": "_origin", "_k": 0, "y": -3.425166865496446, "x": -0.62500000000000155}, "12": {"z": 1.5000000000000002, "qx": -0.0, "qy": -0.0, "qz": -0.062499999999999958, "_k": 5, "y": -3.425166865496446, "x": -3.7500000000000013}, "22": {"z": 1.5000000000000002, "qx": -0.0, "qy": -0.0, "qz": -0.062499999999999986, "_k": 4, "y": -3.425166865496446, "x": 3.1249999999999973}, "19": {"z": 1.5000000000000002, "qx": -0.0, "qy": -0.0, "qz": -0.062499999999999972, "_k": 1, "y": -3.425166865496446, "x": 1.2499999999999984}, "11": {"z": 1.5000000000000002, "qx": -0.0, "qy": -0.0, "qz": -0.062499999999999979, "_k": 6, "y": -3.425166865496446, "x": -4.3750000000000009}, "5": {"_k": 4, "z": 2.395, "y": -3.425166865496446, "x": 2.2204460492503131e-16}, "4": {"_k": 5, "z": 2.1712500000000001, "y": -3.425166865496446, "x": 2.2204460492503131e-16}, "7": {"_k": 2, "z": 2.8425000000000002, "y": -3.425166865496446, "x": 2.2204460492503131e-16}, "6": {"_k": 3, "z": 2.6187499999999999, "y": -3.425166865496446, "x": 2.2204460492503131e-16}, "1": {"z": 0.010000000000000231, "type": "support", "_k": 9, "y": -3.425166865496446, "x": 2.2204460492503131e-16}, "0": {"z": 1.5000000000000002, "qx": -0.0, "qy": -0.0, "qz": -0.062499999999999965, "_k": 8, "y": -3.425166865496446, "x": 2.2204460492503131e-16}, "3": {"_k": 6, "z": 1.9475000000000002, "y": -3.425166865496446, "x": 2.2204460492503131e-16}, "2": {"_k": 7, "z": 1.7237500000000003, "y": -3.425166865496446, "x": 2.2204460492503131e-16}, "21": {"z": 1.5000000000000002, "qx": -0.0, "qy": -0.0, "qz": -0.062500000000000014, "_k": 3, "y": -3.425166865496446, "x": 2.4999999999999987}, "9": {"z": 3.29, "type": "_origin", "_k": 0, "y": -3.425166865496446, "x": 2.2204460492503131e-16}, "8": {"_k": 1, "z": 3.0662500000000001, "y": -3.425166865496446, "x": 2.2204460492503131e-16}, "14": {"z": 1.5000000000000002, "qx": -0.0, "qy": -0.0, "qz": -0.062500000000000028, "_k": 3, "y": -3.425166865496446, "x": -2.5000000000000018}, "24": {"z": 1.5000000000000002, "qx": -0.0, "qy": -0.0, "qz": -0.062499999999999958, "_k": 6, "y": -3.425166865496446, "x": 4.3749999999999973}, "13": {"z": 1.5000000000000002, "qx": -0.0, "qy": -0.0, "qz": -0.062499999999999979, "_k": 4, "y": -3.425166865496446, "x": -3.1250000000000018}, "23": {"z": 1.5000000000000002, "qx": -0.0, "qy": -0.0, "qz": -0.0625, "_k": 5, "y": -3.425166865496446, "x": 3.7499999999999982}}, "max_int_key": 25, "attributes": {"gkey_node": {"-1.250,-3.425,1.500": 16, "5.000,-3.425,1.500": 25, "-2.500,-3.425,1.500": 14, "2.500,-3.425,1.500": 21, "-5.000,-3.425,1.500": 10, "0.625,-3.425,1.500": 18, "-3.125,-3.425,1.500": 13, "-1.875,-3.425,1.500": 15, "1.875,-3.425,1.500": 20, "-4.375,-3.425,1.500": 11, "0.000,-3.425,1.948": 3, "0.000,-3.425,2.619": 6, "0.000,-3.425,2.843": 7, "0.000,-3.425,0.010": 1, "0.000,-3.425,1.500": 0, "0.000,-3.425,2.171": 4, "0.000,-3.425,2.395": 5, "0.000,-3.425,1.724": 2, "3.750,-3.425,1.500": 23, "3.125,-3.425,1.500": 22, "0.000,-3.425,3.066": 8, "4.375,-3.425,1.500": 24, "-0.625,-3.425,1.500": 17, "1.250,-3.425,1.500": 19, "0.000,-3.425,3.290": 9, "-3.750,-3.425,1.500": 12}, "name": "Network", "_aux_length": 0.33000000000000002, "_trails": {"9": [9, 8, 7, 6, 5, 4, 3, 2, 0, 1], "17": [17, 16, 15, 14, 13, 12, 11, 10], "18": [18, 19, 20, 21, 22, 23, 24, 25]}, "tol": "3f", "_auxiliary_trails": {}, "_aux_vector": {"dtype": "compas.geometry/Vector", "value": [0.0, 0.0, 1.0]}}, "edge_attributes": {"force": 0.0, "type": null, "length": 0.0}, "edge": {"16": {"17": {"length": -0.62499999999999956, "type": "trail"}, "3": {"force": 1.3999999999999999, "type": "deviation"}}, "15": {"4": {"force": 1.3999999999999999, "type": "deviation"}, "16": {"length": -0.62500000000000022, "type": "trail"}}, "18": {"19": {"length": -0.62500000000000078, "type": "trail"}, "2": {"force": 1.3999999999999999, "type": "deviation"}}, "25": {"9": {"force": 1.3999999999999999, "type": "deviation"}}, "10": {"9": {"force": 1.3999999999999999, "type": "deviation"}, "11": {"length": -0.625, "type": "trail"}}, "20": {"4": {"force": 1.3999999999999999, "type": "deviation"}, "21": {"length": -0.62500000000000155, "type": "trail"}}, "17": {"0": {"force": -20.0, "type": "deviation"}, "2": {"force": 1.3999999999999999, "type": "deviation"}}, "12": {"13": {"length": -0.62499999999999956, "type": "trail"}, "7": {"force": 1.3999999999999999, "type": "deviation"}}, "22": {"6": {"force": 1.3999999999999999, "type": "deviation"}, "23": {"length": -0.62500000000000089, "type": "trail"}}, "19": {"20": {"length": -0.62499999999999867, "type": "trail"}, "3": {"force": 1.3999999999999999, "type": "deviation"}}, "11": {"12": {"length": -0.62499999999999956, "type": "trail"}, "8": {"force": 1.3999999999999999, "type": "deviation"}}, "5": {"6": {"length": -0.22374999999999989, "type": "trail"}}, "4": {"5": {"length": -0.22374999999999989, "type": "trail"}}, "7": {"8": {"length": -0.22374999999999989, "type": "trail"}}, "6": {"7": {"length": -0.22375000000000034, "type": "trail"}}, "1": {}, "0": {"1": {"length": -1.49, "type": "trail"}, "18": {"force": -20.0, "type": "deviation"}, "2": {"length": -0.22375000000000012, "type": "trail"}}, "3": {"4": {"length": -0.22374999999999989, "type": "trail"}}, "2": {"3": {"length": -0.22374999999999989, "type": "trail"}}, "21": {"22": {"length": -0.62499999999999867, "type": "trail"}, "5": {"force": 1.3999999999999999, "type": "deviation"}}, "9": {}, "8": {"9": {"length": -0.22374999999999989, "type": "trail"}}, "14": {"15": {"length": -0.62500000000000044, "type": "trail"}, "5": {"force": 1.3999999999999999, "type": "deviation"}},