{"compas": "1.7.1", "datatype": "compas_cem.diagrams/TopologyDiagram", "data": {"adjacency": {"5": {"6": null, "0": null}, "4": {"1": null, "3": null}, "6": {"1": null, "5": null}, "1": {"4": null, "6": null, "0": null}, "0": {"5": null, "1": null, "3": null, "2": null}, "3": {"4": null, "0": null}, "2": {"0": null}}, "node_attributes": {"z": 0.0, "qx": 0.0, "rx": 0.0, "qy": 0.0, "ry": 0.0, "qz": 0.0, "type": null, "rz": 0.0, "_k": null, "y": 0.0, "x": 0.0}, "node": {"5": {"z": 1.5000000000000002, "qx": -0.0, "qy": -0.0, "qz": -0.25000000000000011, "type": "_origin", "_k": 0, "y": -3.425166865496446, "x": -2.5000000000000004}, "4": {"z": 1.5000000000000002, "qx": -0.0, "qy": -0.0, "qz": -0.12499999999999994, "type": "support", "_k": 1, "y": -3.425166865496446, "x": 4.9999999999999973}, "6": {"z": 1.5000000000000002, "qx": -0.0, "qy": -0.0, "qz": -0.12500000000000003, "type": "support", "_k": 1, "y": -3.425166865496446, "x": -5.0000000000000009}, "1": {"z": 3.29, "type": "_origin", "_k": 0, "y": -3.425166865496446, "x": 2.2204460492503131e-16}, "0": {"z": 1.5000000000000002, "qx": -0.0, "qy": -0.0, "qz": -0.24999999999999997, "_k": 1, "y": -3.425166865496446, "x": 2.2204460492503131e-16}, "3": {"z": 1.5000000000000002, "qx": -0.0, "qy": -0.0, "qz": -0.24999999999999986, "type": "_origin", "_k": 0, "y": -3.425166865496446, "x": 2.4999999999999987}, "2": {"z": 0.010000000000000231, "type": "support", "_k": 2, "y": -3.425166865496446, "x": 2.2204460492503131e-16}}, "max_int_key": 6, "attributes": {"gkey_node": {"2.500,-3.425,1.500": 3, "0.000,-3.425,0.010": 2, "0.000,-3.425,3.290": 1, "5.000,-3.425,1.500": 4, "-2.500,-3.425,1.500": 5, "-5.000,-3.425,1.500": 6, "0.000,-3.425,1.500": 0}, "name": "Network", "_aux_length": 0.33000000000000002, "_trails": {"1": [1, 0, 2], "3": [3, 4], "5": [5, 6]}, "tol": "3f", "_auxiliary_trails": {}, "_aux_vector": {"dtype": "compas.geometry/Vector", "value": [0.0, 0.0, 1.0]}}, "edge_attributes": {"force": 0.0, "type": null, "length": 0.0}, "edge": {"5": {"6": {"length": -2.5000000000000004, "type": "trail"}}, "4": {"1": {"force": 1.3999999999999999, "type": "deviation"}}, "6": {"1": {"force": 1.3999999999999999, "type": "deviation"}}, "1": {}, "0": {"5": {"force": -20.0, "type": "deviation"}, "1": {"length": -1.7899999999999998, "type": "trail"}, "3": {"force": -20.0, "type": "deviation"}, "2": {"length": -1.49, "type": "trail"}}, "3": {"4": {"length": -2.4999999999999987, "type": "trail"}}, "2": {}}}}