{"compas": "1.7.1", "datatype": "compas_cem.diagrams/TopologyDiagram", "data": {"adjacency": {"14": {"4": null, "13": null, "15": null}, "12": {"13": null, "0": null, "2": null}, "5": {"4": null, "6": null, "15": null, "8": null}, "4": {"14": null, "9": null, "3": null, "5": null}, "7": {"6": null, "8": null}, "6": {"7": null, "16": null, "5": null}, "1": {"0": null}, "0": {"12": null, "1": null, "11": null, "2": null}, "3": {"4": null, "13": null, "10": null, "2": null}, "2": {"12": null, "0": null, "3": null, "11": null}, "10": {"9": null, "3": null, "11": null}, "13": {"12": null, "14": null, "3": null}, "15": {"14": null, "16": null, "5": null}, "11": {"0": null, "10": null, "2": null}, "9": {"4": null, "8": null, "10": null}, "8": {"7": null, "9": null, "5": null}, "16": {"6": null, "15": null}}, "node_attributes": {"z": 0.0, "qx": 0.0, "rx": 0.0, "qy": 0.0, "ry": 0.0, "qz": 0.0, "type": null, "rz": 0.0, "_k": null, "y": 0.0, "x": 0.0}, "node": {"14": {"z": 1.5000000000000002, "qx": -0.0, "qy": -0.0, "qz": -0.099999999999999922, "_k": 2, "y": -3.425166865496446, "x": 2.9999999999999964}, "12": {"z": 1.5000000000000002, "qx": -0.0, "qy": -0.0, "qz": -0.099999999999999922, "type": "_origin", "_k": 0, "y": -3.425166865496446, "x": 0.99999999999999722}, "5": {"_k": 1, "z": 2.9319999999999999, "y": -3.425166865496446, "x": 2.2204460492503131e-16}, "4": {"_k": 2, "z": 2.5740000000000003, "y": -3.425166865496446, "x": 2.2204460492503131e-16}, "7": {"z": 1.5000000000000002, "qx": -0.0, "qy": -0.0, "qz": -0.050000000000000003, "type": "support", "_k": 4, "y": -3.425166865496446, "x": -5.0000000000000009}, "6": {"z": 3.29, "type": "_origin", "_k": 0, "y": -3.425166865496446, "x": 2.2204460492503131e-16}, "1": {"z": 0.010000000000000231, "type": "support", "_k": 6, "y": -3.425166865496446, "x": 2.2204460492503131e-16}, "0": {"z": 1.5000000000000002, "qx": -0.0, "qy": -0.0, "qz": -0.099999999999999922, "_k": 5, "y": -3.425166865496446, "x": 2.2204460492503131e-16}, "3": {"_k": 3, "z": 2.2160000000000002, "y": -3.425166865496446, "x": 2.2204460492503131e-16}, "2": {"_k": 4, "z": 1.8580000000000001, "y": -3.425166865496446, "x": 2.2204460492503131e-16}, "10": {"z": 1.5000000000000002, "qx": -0.0, "qy": -0.0, "qz": -0.099999999999999978, "_k": 1, "y": -3.425166865496446, "x": -2.0000000000000009}, "13": {"z": 1.5000000000000002, "qx": -0.0, "qy": -0.0, "qz": -0.099999999999999964, "_k": 1, "y": -3.425166865496446, "x": 1.9999999999999987}, "15": {"z": 1.5000000000000002, "qx": -0.0, "qy": -0.0, "qz": -0.10000000000000005, "_k": 3, "y": -3.425166865496446, "x": 3.9999999999999969}, "11": {"z": 1.5000000000000002, "qx": -0.0, "qy": -0.0, "qz": -0.10000000000000006, "type": "_origin", "_k": 0, "y": -3.425166865496446, "x": -1.0000000000000013}, "9": {"z": 1.5000000000000002, "qx": -0.0, "qy": -0.0, "qz": -0.10000000000000001, "_k": 2, "y": -3.425166865496446, "x": -3.0000000000000009}, "8": {"z": 1.5000000000000002, "qx": -0.0, "qy": -0.0, "qz": -0.10000000000000001, "_k": 3, "y": -3.425166865496446, "x": -4.0000000000000009}, "16": {"z": 1.5000000000000002, "qx": -0.0, "qy": -0.0, "qz": -0.050000000000000024, "type": "support", "_k": 4, "y": -3.425166865496446, "x": 4.9999999999999973}}, "max_int_key": 16, "attributes": {"gkey_node": {"0.000,-3.425,1.858": 2, "-4.000,-3.425,1.500": 8, "0.000,-3.425,2.932": 5, "-1.000,-3.425,1.500": 11, "1.000,-3.425,1.500": 12, "0.000,-3.425,2.216": 3, "0.000,-3.425,0.010": 1, "2.000,-3.425,1.500": 13, "0.000,-3.425,3.290": 6, "-3.000,-3.425,1.500": 9, "5.000,-3.425,1.500": 16, "4.000,-3.425,1.500": 15, "3.000,-3.425,1.500": 14, "0.000,-3.425,2.574": 4, "-2.000,-3.425,1.500": 10, "-5.000,-3.425,1.500": 7, "0.000,-3.425,1.500": 0}, "name": "Network", "_aux_length": 0.33000000000000002, "_trails": {"11": [11, 10, 9, 8, 7], "12": [12, 13, 14, 15, 16], "6": [6, 5, 4, 3, 2, 0, 1]}, "tol": "3f", "_auxiliary_trails": {}, "_aux_vector": {"dtype": "compas.geometry/Vector", "value": [0.0, 0.0, 1.0]}}, "edge_attributes": {"force": 0.0, "type": null, "length": 0.0}, "edge": {"14": {"4": {"force": 1.3999999999999999, "type": "deviation"}, "15": {"length": -1.0000000000000004, "type": "trail"}}, "12": {"13": {"length": -1.0000000000000013, "type": "trail"}, "2": {"force": 1.3999999999999999, "type": "deviation"}}, "5": {"6": {"length": -0.3580000000000001, "type": "trail"}}, "4": {"5": {"length": -0.35799999999999965, "type": "trail"}}, "7": {"6": {"force": 1.3999999999999999, "type": "deviation"}, "8": {"length": -1.0, "type": "trail"}}, "6": {}, "1": {}, "0": {"12": {"force": -20.0, "type": "deviation"}, "1": {"length": -1.49, "type": "trail"}, "2": {"length": -0.35799999999999987, "type": "trail"}}, "3": {"4": {"length": -0.3580000000000001, "type": "trail"}}, "2": {"3": {"length": -0.3580000000000001, "type": "trail"}}, "10": {"3": {"force": 1.3999999999999999, "type": "deviation"}, "11": {"length": -0.99999999999999956, "type": "trail"}}, "13": {"14": {"length": -0.99999999999999778, "type": "trail"}, "3": {"force": 1.3999999999999999, "type": "deviation"}}, "15": {"16": {"length": -1.0000000000000004, "type": "trail"}, "5": {"force": 1.3999999999999999, "type": "deviation"}}, "11": {"0": {"force": -20.0, "type": "deviation"}, "2": {"force": 1.3999999999999999, "type": "deviation"}}, "9": {"4": {"force": 1.3999999999999999, "type": "deviation"}, "10": {"length": -1.0, "type": "trail"}}, "8": {"9": {"length": -1.0, "type": "trail"}, "5": {"force": 1.3999999999999999, "type": "deviation"}}, "16": {"6": {"force": 1.3999999999999999, "type": "deviation"}}}}}