{"compas": "1.7.1", "datatype": "compas_cem.diagrams/TopologyDiagram", "data": {"adjacency": {"5": {"4": null, "6": null}, "4": {"5": null, "10": null, "3": null}, "7": {"6": null, "0": null, "2": null}, "6": {"7": null, "3": null, "5": null}, "1": {"0": null}, "0": {"7": null, "1": null, "8": null, "2": null}, "3": {"4": null, "6": null, "9": null, "2": null}, "2": {"7": null, "0": null, "8": null, "3": null}, "10": {"4": null, "9": null}, "9": {"3": null, "8": null, "10": null}, "8": {"0": null, "9": null, "2": null}}, "node_attributes": {"z": 0.0, "qx": 0.0, "rx": 0.0, "qy": 0.0, "ry": 0.0, "qz": 0.0, "type": null, "rz": 0.0, "_k": null, "y": 0.0, "x": 0.0}, "node": {"5": {"z": 1.5000000000000002, "qx": -0.0, "qy": -0.0, "qz": -0.083333333333333329, "type": "support", "_k": 2, "y": -3.425166865496446, "x": -5.0000000000000009}, "4": {"z": 3.29, "type": "_origin", "_k": 0, "y": -3.425166865496446, "x": 2.2204460492503131e-16}, "7": {"z": 1.5000000000000002, "qx": -0.0, "qy": -0.0, "qz": -0.16666666666666674, "type": "_origin", "_k": 0, "y": -3.425166865496446, "x": -1.6666666666666681}, "6": {"z": 1.5000000000000002, "qx": -0.0, "qy": -0.0, "qz": -0.16666666666666663, "_k": 1, "y": -3.425166865496446, "x": -3.3333333333333344}, "1": {"z": 0.010000000000000231, "type": "support", "_k": 4, "y": -3.425166865496446, "x": 2.2204460492503131e-16}, "0": {"z": 1.5000000000000002, "qx": -0.0, "qy": -0.0, "qz": -0.16666666666666663, "_k": 3, "y": -3.425166865496446, "x": 2.2204460492503131e-16}, "3": {"_k": 1, "z": 2.6933333333333334, "y": -3.425166865496446, "x": 2.2204460492503131e-16}, "2": {"_k": 2, "z": 2.0966666666666667, "y": -3.425166865496446, "x": 2.2204460492503131e-16}, "10": {"z": 1.5000000000000002, "qx": -0.0, "qy": -0.0, "qz": -0.083333333333333329, "type": "support", "_k": 2, "y": -3.425166865496446, "x": 4.9999999999999973}, "9": {"z": 1.5000000000000002, "qx": -0.0, "qy": -0.0, "qz": -0.16666666666666663, "_k": 1, "y": -3.425166865496446, "x": 3.3333333333333308}, "8": {"z": 1.5000000000000002, "qx": -0.0, "qy": -0.0, "qz": -0.16666666666666652, "type": "_origin", "_k": 0, "y": -3.425166865496446, "x": 1.6666666666666645}}, "max_int_key": 10, "attributes": {"gkey_node": {"1.667,-3.425,1.500": 8, "0.000,-3.425,2.693": 3, "-3.333,-3.425,1.500": 6, "0.000,-3.425,0.010": 1, "0.000,-3.425,3.290": 4, "5.000,-3.425,1.500": 10, "3.333,-3.425,1.500": 9, "-1.667,-3.425,1.500": 7, "0.000,-3.425,2.097": 2, "-5.000,-3.425,1.500": 5, "0.000,-3.425,1.500": 0}, "name": "Network", "_aux_length": 0.33000000000000002, "_trails": {"7": [7, 6, 5], "8": [8, 9, 10], "4": [4, 3, 2, 0, 1]}, "tol": "3f", "_auxiliary_trails": {}, "_aux_vector": {"dtype": "compas.geometry/Vector", "value": [0.0, 0.0, 1.0]}}, "edge_attributes": {"force": 0.0, "type": null, "length": 0.0}, "edge": {"5": {"4": {"force": 1.3999999999999999, "type": "deviation"}, "6": {"length": -1.6666666666666665, "type": "trail"}}, "4": {}, "7": {"0": {"force": -20.0, "type": "deviation"}, "2": {"force": 1.3999999999999999, "type": "deviation"}}, "6": {"7": {"length": -1.6666666666666663, "type": "trail"}, "3": {"force": 1.3999999999999999, "type": "deviation"}}, "1": {}, "0": {"1": {"length": -1.49, "type": "trail"}, "8": {"force": -20.0, "type": "deviation"}, "2": {"length": -0.59666666666666646, "type": "trail"}}, "3": {"4": {"length": -0.59666666666666668, "type": "trail"}}, "2": {"3": {"length": -0.59666666666666668, "type": "trail"}}, "10": {"4": {"force": 1.3999999999999999, "type": "deviation"}}, "9": {"10": {"length": -1.6666666666666665, "type": "trail"}, "3": {"force": 1.3999999999999999, "type": "deviation"}}, "8": {"9": {"length": -1.6666666666666663, "type": "trail"}, "2": {"force": 1.3999999999999999, "type": "deviation"}}}}}