{"compas": "1.7.1", "datatype": "compas_cem.diagrams/TopologyDiagram", "data": {"adjacency": {"16": {"0": null, "17": null, "2": null}, "15": {"14": null, "0": null, "2": null}, "18": {"4": null, "19": null, "17": null}, "10": {"7": null, "9": null, "11": null}, "20": {"21": null, "19": null, "6": null}, "17": {"18": null, "16": null, "3": null}, "12": {"13": null, "11": null, "5": null}, "22": {"21": null, "8": null}, "19": {"20": null, "18": null, "5": null}, "11": {"12": null, "6": null, "10": null}, "5": {"4": null, "12": null, "6": null, "19": null}, "4": {"13": null, "18": null, "3": null, "5": null}, "7": {"21": null, "6": null, "8": null, "10": null}, "6": {"7": null, "20": null, "11": null, "5": null}, "1": {"0": null}, "0": {"1": null, "15": null, "16": null, "2": null}, "3": {"4": null, "14": null, "17": null, "2": null}, "2": {"15": null, "0": null, "16": null, "3": null}, "21": {"7": null, "20": null, "22": null}, "9": {"8": null, "10": null}, "8": {"7": null, "22": null, "9": null}, "14": {"13": null, "15": null, "3": null}, "13": {"4": null, "12": null, "14": null}}, "node_attributes": {"z": 0.0, "qx": 0.0, "rx": 0.0, "qy": 0.0, "ry": 0.0, "qz": 0.0, "type": null, "rz": 0.0, "_k": null, "y": 0.0, "x": 0.0}, "node": {"16": {"z": 1.5000000000000002, "qx": -0.0, "qy": -0.0, "qz": -0.071428571428571258, "type": "_origin", "_k": 0, "y": -3.425166865496446, "x": 0.71428571428571164}, "15": {"z": 1.5000000000000002, "qx": -0.0, "qy": -0.0, "qz": -0.071428571428571522, "type": "_origin", "_k": 0, "y": -3.425166865496446, "x": -0.71428571428571608}, "18": {"z": 1.5000000000000002, "qx": -0.0, "qy": -0.0, "qz": -0.071428571428571355, "_k": 2, "y": -3.425166865496446, "x": 2.1428571428571384}, "10": {"z": 1.5000000000000002, "qx": -0.0, "qy": -0.0, "qz": -0.071428571428571425, "_k": 5, "y": -3.425166865496446, "x": -4.2857142857142865}, "20": {"z": 1.5000000000000002, "qx": -0.0, "qy": -0.0, "qz": -0.071428571428571397, "_k": 4, "y": -3.425166865496446, "x": 3.5714285714285658}, "17": {"z": 1.5000000000000002, "qx": -0.0, "qy": -0.0, "qz": -0.071428571428571341, "_k": 1, "y": -3.425166865496446, "x": 1.4285714285714253}, "12": {"z": 1.5000000000000002, "qx": -0.0, "qy": -0.0, "qz": -0.071428571428571397, "_k": 3, "y": -3.425166865496446, "x": -2.8571428571428585}, "22": {"z": 1.5000000000000002, "qx": -0.0, "qy": -0.0, "qz": -0.035714285714285858, "type": "support", "_k": 6, "y": -3.425166865496446, "x": 4.9999999999999973}, "19": {"z": 1.5000000000000002, "qx": -0.0, "qy": -0.0, "qz": -0.071428571428571369, "_k": 3, "y": -3.425166865496446, "x": 2.8571428571428523}, "11": {"z": 1.5000000000000002, "qx": -0.0, "qy": -0.0, "qz": -0.071428571428571397, "_k": 4, "y": -3.425166865496446, "x": -3.5714285714285725}, "5": {"_k": 3, "z": 2.5228571428571431, "y": -3.425166865496446, "x": 2.2204460492503131e-16}, "4": {"_k": 4, "z": 2.2671428571428569, "y": -3.425166865496446, "x": 2.2204460492503131e-16}, "7": {"_k": 1, "z": 3.0342857142857138, "y": -3.425166865496446, "x": 2.2204460492503131e-16}, "6": {"_k": 2, "z": 2.7785714285714285, "y": -3.425166865496446, "x": 2.2204460492503131e-16}, "1": {"z": 0.010000000000000231, "type": "support", "_k": 8, "y": -3.425166865496446, "x": 2.2204460492503131e-16}, "0": {"z": 1.5000000000000002, "qx": -0.0, "qy": -0.0, "qz": -0.071428571428571397, "_k": 7, "y": -3.425166865496446, "x": 2.2204460492503131e-16}, "3": {"_k": 5, "z": 2.0114285714285716, "y": -3.425166865496446, "x": 2.2204460492503131e-16}, "2": {"_k": 6, "z": 1.755714285714286, "y": -3.425166865496446, "x": 2.2204460492503131e-16}, "21": {"z": 1.5000000000000002, "qx": -0.0, "qy": -0.0, "qz": -0.071428571428571577, "_k": 5, "y": -3.425166865496446, "x": 4.2857142857142803}, "9": {"z": 1.5000000000000002, "qx": -0.0, "qy": -0.0, "qz": -0.035714285714285719, "type": "support", "_k": 6, "y": -3.425166865496446, "x": -5.0000000000000009}, "8": {"z": 3.29, "type": "_origin", "_k": 0, "y": -3.425166865496446, "x": 2.2204460492503131e-16}, "14": {"z": 1.5000000000000002, "qx": -0.0, "qy": -0.0, "qz": -0.071428571428571425, "_k": 1, "y": -3.425166865496446, "x": -1.4285714285714302}, "13": {"z": 1.5000000000000002, "qx": -0.0, "qy": -0.0, "qz": -0.071428571428571425, "_k": 2, "y": -3.425166865496446, "x": -2.1428571428571446}}, "max_int_key": 22, "attributes": {"gkey_node": {"5.000,-3.425,1.500": 22, "0.000,-3.425,3.034": 7, "-1.429,-3.425,1.500": 14, "-5.000,-3.425,1.500": 9, "-2.143,-3.425,1.500": 13, "0.000,-3.425,2.523": 5, "4.286,-3.425,1.500": 21, "-3.571,-3.425,1.500": 11, "0.000,-3.425,2.011": 3, "0.000,-3.425,1.756": 2, "0.000,-3.425,2.267": 4, "-4.286,-3.425,1.500": 10, "-2.857,-3.425,1.500": 12, "0.000,-3.425,1.500": 0, "0.000,-3.425,0.010": 1, "0.714,-3.425,1.500": 16, "0.000,-3.425,2.779": 6, "1.429,-3.425,1.500": 17, "2.857,-3.425,1.500": 19, "-0.714,-3.425,1.500": 15, "2.143,-3.425,1.500": 18, "3.571,-3.425,1.500": 20, "0.000,-3.425,3.290": 8}, "name": "Network", "_aux_length": 0.33000000000000002, "_trails": {"8": [8, 7, 6, 5, 4, 3, 2, 0, 1], "15": [15, 14, 13, 12, 11, 10, 9], "16": [16, 17, 18, 19, 20, 21, 22]}, "tol": "3f", "_auxiliary_trails": {}, "_aux_vector": {"dtype": "compas.geometry/Vector", "value": [0.0, 0.0, 1.0]}}, "edge_attributes": {"force": 0.0, "type": null, "length": 0.0}, "edge": {"16": {"17": {"length": -0.71428571428571364, "type": "trail"}, "2": {"force": 1.3999999999999999, "type": "deviation"}}, "15": {"0": {"force": -20.0, "type": "deviation"}, "2": {"force": 1.3999999999999999, "type": "deviation"}}, "18": {"4": {"force": 1.3999999999999999, "type": "deviation"}, "19": {"length": -0.71428571428571397, "type": "trail"}}, "10": {"7": {"force": 1.3999999999999999, "type": "deviation"}, "11": {"length": -0.71428571428571397, "type": "trail"}}, "20": {"21": {"length": -0.71428571428571441, "type": "trail"}, "6": {"force": 1.3999999999999999, "type": "deviation"}}, "17": {"18": {"length": -0.71428571428571308, "type": "trail"}, "3": {"force": 1.3999999999999999, "type": "deviation"}}, "12": {"13": {"length": -0.71428571428571397, "type": "trail"}, "5": {"force": 1.3999999999999999, "type": "deviation"}}, "22": {"8": {"force": 1.3999999999999999, "type": "deviation"}}, "19": {"20": {"length": -0.71428571428571352, "type": "trail"}, "5": {"force": 1.3999999999999999, "type": "deviation"}}, "11": {"12": {"length": -0.71428571428571397, "type": "trail"}, "6": {"force": 1.3999999999999999, "type": "deviation"}}, "5": {"6": {"length": -0.25571428571428534, "type": "trail"}}, "4": {"5": {"length": -0.25571428571428623, "type": "trail"}}, "7": {"8": {"length": -0.25571428571428623, "type": "trail"}}, "6": {"7": {"length": -0.25571428571428534, "type": "trail"}}, "1": {}, "0": {"1": {"length": -1.49, "type": "trail"}, "16": {"force": -20.0, "type": "deviation"}, "2": {"length": -0.25571428571428578, "type": "trail"}}, "3": {"4": {"length": -0.25571428571428534, "type": "trail"}}, "2": {"3": {"length": -0.25571428571428556, "type": "trail"}}, "21": {"7": {"force": 1.3999999999999999, "type": "deviation"}, "22": {"length": -0.71428571428571708, "type": "trail"}}, "9": {"8": {"force": 1.3999999999999999, "type": "deviation"}, "10": {"length": -0.71428571428571441, "type": "trail"}}, "8": {}, "14": {"15": {"length": -0.71428571428571408, "type": "trail"}, "3": {"force": 1.3999999999999999, "type": "deviation"}}, "13": {"4": {"force": 1.3999999999999999, "type": "deviation"}, "14": {"length": -0.71428571428571441, "type": "trail"}}}}}