{"compas": "1.7.1", "datatype": "compas_cem.diagrams/TopologyDiagram", "data": {"adjacency": {"16": {"15": null, "17": null, "5": null}, "26": {"27": null, "8": null, "25": null}, "15": {"6": null, "14": null, "16": null}, "18": {"19": null, "17": null, "3": null}, "25": {"7": null, "26": null, "24": null}, "28": {"27": null, "10": null}, "10": {"28": null, "9": null, "11": null}, "20": {"21": null, "0": null, "2": null}, "17": {"4": null, "18": null, "16": null}, "27": {"28": null, "26": null, "9": null}, "12": {"13": null, "9": null, "11": null}, "22": {"4": null, "21": null, "23": null}, "19": {"0": null, "18": null, "2": null}, "11": {"12": null, "10": null}, "5": {"4": null, "6": null, "23": null, "16": null}, "4": {"5": null, "22": null, "17": null, "3": null}, "7": {"6": null, "14": null, "8": null, "25": null}, "6": {"5": null, "7": null, "15": null, "24": null}, "1": {"0": null}, "0": {"20": null, "19": null, "1": null, "2": null}, "3": {"4": null, "21": null, "18": null, "2": null}, "2": {"20": null, "19": null, "0": null, "3": null}, "21": {"20": null, "22": null, "3": null}, "9": {"12": null, "27": null, "8": null, "10": null}, "8": {"13": null, "7": null, "26": null, "9": null}, "14": {"13": null, "7": null, "15": null}, "24": {"6": null, "23": null, "25": null}, "13": {"12": null, "14": null, "8": null}, "23": {"5": null, "22": null, "24": null}}, "node_attributes": {"z": 0.0, "qx": 0.0, "rx": 0.0, "qy": 0.0, "ry": 0.0, "qz": 0.0, "type": null, "rz": 0.0, "_k": null, "y": 0.0, "x": 0.0}, "node": {"16": {"z": 1.5000000000000002, "qx": -0.0, "qy": -0.0, "qz": -0.05555555555555558, "_k": 3, "y": -3.425166865496446, "x": -2.2222222222222237}, "26": {"z": 1.5000000000000002, "qx": -0.0, "qy": -0.0, "qz": -0.055555555555555622, "_k": 6, "y": -3.425166865496446, "x": 3.8888888888888897}, "15": {"z": 1.5000000000000002, "qx": -0.0, "qy": -0.0, "qz": -0.055555555555555539, "_k": 4, "y": -3.425166865496446, "x": -2.777777777777779}, "18": {"z": 1.5000000000000002, "qx": -0.0, "qy": -0.0, "qz": -0.055555555555555587, "_k": 1, "y": -3.425166865496446, "x": -1.1111111111111116}, "25": {"z": 1.5000000000000002, "qx": -0.0, "qy": -0.0, "qz": -0.055555555555555559, "_k": 5, "y": -3.425166865496446, "x": 3.333333333333333}, "28": {"z": 1.5000000000000002, "qx": -0.0, "qy": -0.0, "qz": -0.027777777777777592, "type": "support", "_k": 8, "y": -3.425166865496446, "x": 4.9999999999999973}, "10": {"z": 3.29, "type": "_origin", "_k": 0, "y": -3.425166865496446, "x": 2.2204460492503131e-16}, "20": {"z": 1.5000000000000002, "qx": -0.0, "qy": -0.0, "qz": -0.055555555555555552, "type": "_origin", "_k": 0, "y": -3.425166865496446, "x": 0.55555555555555569}, "17": {"z": 1.5000000000000002, "qx": -0.0, "qy": -0.0, "qz": -0.055555555555555608, "_k": 2, "y": -3.425166865496446, "x": -1.6666666666666674}, "27": {"z": 1.5000000000000002, "qx": -0.0, "qy": -0.0, "qz": -0.055555555555555386, "_k": 7, "y": -3.425166865496446, "x": 4.4444444444444455}, "12": {"z": 1.5000000000000002, "qx": -0.0, "qy": -0.0, "qz": -0.055555555555555539, "_k": 7, "y": -3.425166865496446, "x": -4.4444444444444455}, "22": {"z": 1.5000000000000002, "qx": -0.0, "qy": -0.0, "qz": -0.055555555555555539, "_k": 2, "y": -3.425166865496446, "x": 1.6666666666666667}, "19": {"z": 1.5000000000000002, "qx": -0.0, "qy": -0.0, "qz": -0.055555555555555594, "type": "_origin", "_k": 0, "y": -3.425166865496446, "x": -0.55555555555555569}, "11": {"z": 1.5000000000000002, "qx": -0.0, "qy": -0.0, "qz": -0.027777777777777769, "type": "support", "_k": 8, "y": -3.425166865496446, "x": -5.0000000000000009}, "5": {"_k": 5, "z": 2.2955555555555556, "y": -3.425166865496446, "x": 2.2204460492503131e-16}, "4": {"_k": 6, "z": 2.0966666666666667, "y": -3.425166865496446, "x": 2.2204460492503131e-16}, "7": {"_k": 3, "z": 2.6933333333333338, "y": -3.425166865496446, "x": 2.2204460492503131e-16}, "6": {"_k": 4, "z": 2.4944444444444445, "y": -3.425166865496446, "x": 2.2204460492503131e-16}, "1": {"z": 0.010000000000000231, "type": "support", "_k": 10, "y": -3.425166865496446, "x": 2.2204460492503131e-16}, "0": {"z": 1.5000000000000002, "qx": -0.0, "qy": -0.0, "qz": -0.055555555555555573, "_k": 9, "y": -3.425166865496446, "x": 2.2204460492503131e-16}, "3": {"_k": 7, "z": 1.897777777777778, "y": -3.425166865496446, "x": 2.2204460492503131e-16}, "2": {"_k": 8, "z": 1.6988888888888889, "y": -3.425166865496446, "x": 2.2204460492503131e-16}, "21": {"z": 1.5000000000000002, "qx": -0.0, "qy": -0.0, "qz": -0.055555555555555552, "_k": 1, "y": -3.425166865496446, "x": 1.1111111111111112}, "9": {"_k": 1, "z": 3.0911111111111116, "y": -3.425166865496446, "x": 2.2204460492503131e-16}, "8": {"_k": 2, "z": 2.8922222222222222, "y": -3.425166865496446, "x": 2.2204460492503131e-16}, "14": {"z": 1.5000000000000002, "qx": -0.0, "qy": -0.0, "qz": -0.055555555555555559, "_k": 5, "y": -3.425166865496446, "x": -3.3333333333333344}, "24": {"z": 1.5000000000000002, "qx": -0.0, "qy": -0.0, "qz": -0.055555555555555559, "_k": 4, "y": -3.425166865496446, "x": 2.7777777777777786}, "13": {"z": 1.5000000000000002, "qx": -0.0, "qy": -0.0, "qz": -0.055555555555555559, "_k": 6, "y": -3.425166865496446, "x": -3.8888888888888902}, "23": {"z": 1.5000000000000002, "qx": -0.0, "qy": -0.0, "qz": -0.055555555555555594, "_k": 3, "y": -3.425166865496446, "x": 2.2222222222222219}}, "max_int_key": 28, "attributes": {"gkey_node": {"5.000,-3.425,1.500": 28, "-1.111,-3.425,1.500": 18, "1.667,-3.425,1.500": 22, "-5.000,-3.425,1.500": 11, "0.000,-3.425,1.699": 2, "0.000,-3.425,2.296": 5, "0.000,-3.425,3.091": 9, "0.000,-3.425,2.494": 6, "0.000,-3.425,2.892": 8, "2.778,-3.425,1.500": 24, "-2.778,-3.425,1.500": 15, "-3.333,-3.425,1.500": 14, "-0.556,-3.425,1.500": 19, "-4.444,-3.425,1.500": 12, "0.556,-3.425,1.500": 20, "-1.667,-3.425,1.500": 17, "0.000,-3.425,0.010": 1, "0.000,-3.425,1.500": 0, "-3.889,-3.425,1.500": 13, "0.000,-3.425,2.097": 4, "1.111,-3.425,1.500": 21, "4.444,-3.425,1.500": 27, "0.000,-3.425,1.898": 3, "0.000,-3.425,2.693": 7, "2.222,-3.425,1.500": 23, "-2.222,-3.425,1.500": 16, "3.333,-3.425,1.500": 25, "0.000,-3.425,3.290": 10, "3.889,-3.425,1.500": 26}, "name": "Network", "_aux_length": 0.33000000000000002, "_trails": {"10": [10, 9, 8, 7, 6, 5, 4, 3, 2, 0, 1], "19": [19, 18, 17, 16, 15, 14, 13, 12, 11], "20": [20, 21, 22, 23, 24, 25, 26, 27, 28]}, "tol": "3f", "_auxiliary_trails": {}, "_aux_vector": {"dtype": "compas.geometry/Vector", "value": [0.0, 0.0, 1.0]}}, "edge_attributes": {"force": 0.0, "type": null, "length": 0.0}, "edge": {"16": {"17": {"length": -0.55555555555555625, "type": "trail"}, "5": {"force": 1.3999999999999999, "type": "deviation"}}, "26": {"27": {"length": -0.5555555555555558, "type": "trail"}, "8": {"force": 1.3999999999999999, "type": "deviation"}}, "15": {"6": {"force": 1.3999999999999999, "type": "deviation"}, "16": {"length": -0.55555555555555536, "type": "trail"}}, "18": {"19": {"length": -0.55555555555555591, "type": "trail"}, "3": {"force": 1.3999999999999999, "type": "deviation"}}, "25": {"7": {"force": 1.3999999999999999, "type": "deviation"}, "26": {"length": -0.55555555555555669, "type": "trail"}}, "28": {"10": {"force": 1.3999999999999999, "type": "deviation"}}, "10": {}, "20": {"21": {"length": -0.55555555555555547, "type": "trail"}, "2": {"force": 1.3999999999999999, "type": "deviation"}}, "17": {"4": {"force": 1.3999999999999999, "type": "deviation"}, "18": {"length": -0.5555555555555558, "type": "trail"}}, "27": {"28": {"length": -0.55555555555555181, "type": "trail"}, "9": {"force": 1.3999999999999999, "type": "deviation"}}, "12": {"13": {"length": -0.55555555555555536, "type": "trail"}, "9": {"force": 1.3999999999999999, "type": "deviation"}}, "22": {"4": {"force": 1.3999999999999999, "type": "deviation"}, "23": {"length": -0.55555555555555514, "type": "trail"}}, "19": {"0": {"force": -20.0, "type": "deviation"}, "2": {"force": 1.3999999999999999, "type": "deviation"}}, "11": {"12": {"length": -0.55555555555555536,