{"compas": "1.7.1", "datatype": "compas_cem.diagrams/FormDiagram", "data": {"adjacency": {"16": {"13": null, "17": null}, "26": {"32": null, "29": null, "25": null}, "15": {"21": null, "14": null, "18": null}, "18": {"32": null, "15": null, "19": null}, "25": {"26": null, "24": null}, "28": {"27": null}, "10": {"4": null, "9": null, "29": null}, "30": {"29": null, "24": null}, "20": {"13": null, "21": null}, "17": {"16": null}, "27": {"28": null, "24": null}, "12": {"11": null}, "32": {"31": null, "26": null, "18": null}, "22": {"23": null, "24": null}, "19": {"13": null, "18": null}, "29": {"30": null, "26": null, "10": null}, "11": {"12": null, "13": null}, "5": {"6": null, "2": null}, "4": {"7": null, "3": null, "10": null}, "7": {"4": null, "8": null}, "6": {"5": null}, "1": {"0": null}, "0": {"1": null, "2": null}, "3": {"4": null, "2": null}, "2": {"5": null, "0": null, "3": null, "9": null, "8": null}, "21": {"20": null, "15": null}, "31": {"32": null, "24": null}, "9": {"10": null, "2": null}, "8": {"7": null, "2": null}, "14": {"13": null, "15": null}, "24": {"27": null, "22": null, "25": null, "30": null, "31": null}, "13": {"14": null, "19": null, "20": null, "11": null, "16": null}, "23": {"22": null}}, "node_attributes": {"z": 0.0, "qx": 0.0, "rx": 0.0, "qy": 0.0, "ry": 0.0, "qz": 0.0, "type": null, "rz": 0.0, "_k": null, "y": 0.0, "x": 0.0}, "node": {"16": {"y": -3.425166865496446, "x": 3.4593497858236915, "z": 1.4254342431231628, "_k": 3}, "26": {"z": 2.3900000000000001, "type": "_origin", "_k": 0, "y": -3.425166865496446, "x": 2.2204460492503131e-16}, "15": {"z": 2.3900000000000001, "type": "_origin", "_k": 0, "y": -3.425166865496446, "x": 3.4615384615384603}, "18": {"z": 1.497041442001088, "qx": -0.0, "rx": 3.5702777287297267, "qy": -0.0, "ry": -0.0, "qz": -0.076923076923076844, "type": "support", "rz": -0.82540534021065204, "_k": 1, "y": -3.425166865496446, "x": 1.9230826125904954}, "25": {"y": -3.425166865496446, "x": 1.0084959409294641e-16, "z": 1.9450000000000003, "_k": 1}, "28": {"z": 0.0084136687450309111, "rx": 0.038918000608552238, "ry": -0.0, "type": "support", "rz": 1.7445784469853676, "_k": 4, "y": -3.425166865496446, "x": -0.033274260522820738}, "10": {"z": 1.497041442001088, "qx": -0.0, "rx": -3.5702777287297263, "qy": -0.0, "ry": -0.0, "qz": -0.076923076923076913, "type": "support", "rz": -0.82540534021065137, "_k": 1, "y": -3.425166865496446, "x": -1.9230826125904965}, "30": {"z": 1.5000000000000002, "qx": -0.0, "qy": -0.0, "qz": -0.057692307692307779, "type": "_origin", "_k": 0, "y": -3.425166865496446, "x": -0.57692307692307776}, "20": {"z": 1.5000000000000002, "qx": -0.0, "qy": -0.0, "qz": -0.076923076923076844, "type": "_origin", "_k": 0, "y": -3.425166865496446, "x": 4.2307692307692291}, "17": {"z": 0.0086848624632580584, "rx": 0.038918000608546777, "ry": -0.0, "type": "support", "rz": 1.3258931654093253, "_k": 4, "y": -3.425166865496446, "x": 3.4177649472430818}, "27": {"y": -3.425166865496446, "x": -0.0016637130261410616, "z": 1.4254206834372516, "_k": 3}, "12": {"z": 0.010000000000000231, "rx": -0.038918000608546194, "ry": -0.0, "type": "support", "rz": 0.7590028914494551, "_k": 1, "y": -3.425166865496446, "x": 3.5379384615384541}, "32": {"z": 1.498335805740439, "qx": -0.0, "rx": -3.7174890688875641, "qy": -0.0, "ry": -0.0, "qz": -0.067307692307692291, "type": "support", "rz": -1.1226795112823036, "_k": 1, "y": -3.425166865496446, "x": 1.1538437535709658}, "22": {"z": 1.4255, "type": "_origin", "_k": 0, "y": -3.425166865496446, "x": 0.0038200000000002217}, "19": {"z": 1.5000000000000002, "qx": -0.0, "qy": -0.0, "qz": -0.076923076923076872, "type": "_origin", "_k": 0, "y": -3.425166865496446, "x": 2.6923076923076916}, "29": {"z": 1.498335805740439, "qx": -0.0, "rx": 3.7174890688875637, "qy": -0.0, "ry": -0.0, "qz": -0.067307692307692332, "type": "support", "rz": -1.1226795112823031, "_k": 1, "y": -3.425166865496446, "x": -1.1538437535709662}, "11": {"z": 1.4255, "type": "_origin", "_k": 0, "y": -3.425166865496446, "x": 3.4653584615384601}, "5": {"y": -3.425166865496446, "x": -3.4637271372532319, "z": 1.4254342431231628, "_k": 3}, "4": {"z": 2.3900000000000001, "type": "_origin", "_k": 0, "y": -3.425166865496446, "x": -3.4615384615384626}, "7": {"z": 1.497041442001088, "qx": -0.0, "rx": 18.270256918510142, "qy": -0.0, "ry": -0.0, "qz": -0.038461538461538464, "type": "support", "rz": -0.88860187458323603, "_k": 1, "y": -3.425166865496446, "x": -4.9999943104864286}, "6": {"z": 0.0086848624632580584, "rx": 0.038918000608550329, "ry": -0.0, "type": "support", "rz": 1.3258931654093251, "_k": 4, "y": -3.425166865496446, "x": -3.5053119758338456}, "1": {"z": 0.010000000000000453, "rx": -0.038918000608550697, "ry": -0.0, "type": "support", "rz": 0.75900289144945476, "_k": 1, "y": -3.425166865496446, "x": -3.3851384615384599}, "0": {"z": 1.4255, "type": "_origin", "_k": 0, "y": -3.425166865496446, "x": -3.4577184615384624}, "3": {"y": -3.425166865496446, "x": -3.4615384615384626, "z": 1.9450000000000003, "_k": 1}, "2": {"z": 1.5000000000000002, "qx": -0.0, "qy": -0.0, "qz": -0.076923076923076927, "_k": 2, "y": -3.425166865496446, "x": -3.4615384615384626}, "21": {"z": 1.497041442001088, "qx": -0.0, "rx": -18.270256918510142, "qy": -0.0, "ry": -0.0, "qz": -0.038461538461538415, "type": "support", "rz": -0.88860187458323692, "_k": 1, "y": -3.425166865496446, "x": 4.9999943104864251}, "31": {"z": 1.5000000000000002, "qx": -0.0, "qy": -0.0, "qz": -0.057692307692307737, "type": "_origin", "_k": 0, "y": -3.425166865496446, "x": 0.57692307692307732}, "9": {"z": 1.5000000000000002, "qx": -0.0, "qy": -0.0, "qz": -0.076923076923076927, "type": "_origin", "_k": 0, "y": -3.425166865496446, "x": -2.6923076923076934}, "8": {"z": 1.5000000000000002, "qx": -0.0, "qy": -0.0, "qz": -0.076923076923076927, "type": "_origin", "_k": 0, "y": -3.425166865496446, "x": -4.2307692307692317}, "14": {"y": -3.425166865496446, "x": 3.4615384615384603, "z": 1.9450000000000003, "_k": 1}, "24": {"z": 1.5000000000000002, "qx": -0.0, "qy": -0.0, "qz": -0.057692307692307751, "_k": 2, "y": -3.425166865496446, "x": -2.0345416739138541e-17}, "13": {"z": 1.5000000000000002, "qx": -0.0, "qy": -0.0, "qz": -0.076923076923076872, "_k": 2, "y": -3.425166865496446, "x": 3.4615384615384603}, "23": {"z": 0.010000000000000897, "rx": -0.038918000608551571, "ry": -0.0, "type": "support", "rz": 0.75900289144945476, "_k": 1, "y": -3.425166865496446, "x": 0.076400000000004561}}, "max_int_key": 32, "attributes": {"gkey_node": {"5.000,-3.425,1.500": 21, "3.465,-3.425,1.426": 11, "-0.076,-3.425,0.010": 28, "3.459,-3.425,1.425": 16, "-0.002,-3.425,1.425": 27, "-5.000,-3.425,1.500": 7, "3.458,-3.425,1.426": 16, "-5.000,-3.425,1.497": 7, "-3.538,-3.425,0.010": 6, "0.000,-3.425,1.945": 25, "-3.458,-3.425,1.426": 0, "-3.462,-3.425,1.500": 2, "-1.923,-3.425,1.500": 10, "-0.577,-3.425,1.500": 30, "-3.385,-3.425,0.010": 1, "-3.505,-3.425,0.009": 6, "-0.004,-3.425,1.426": 27, "3.538,-3.425,0.010": 12, "1.154,-3.425,1.498": 32, "0.000,-3.425,2.390": 26, "-1.923,-3.425,1.497": 10, "-3.464,-3.425,1.425": 5, "-1.154,-3.425,1.498": 29, "0.000,-3.425,1.500": 24, "-3.465,-3.425,1.426": 5, "-3.462,-3.425,1.945": 3, "5.000,-3.425,1.497": 21, "0.577,-3.425,1.500": 31, "3.462,-3.425,2.390": 15, "3.418,-3.425,0.009": 17, "-4.231,-3.425,1.500": 8, "3.462,-3.425,1.500": 13, "1.154,-3.425,1.500": 32, "2.692,-3.425,1.500": 19, "1.923,-3.425,1.500": 18, "0.004,-3.425,1.426": 22, "-2.692,-3.425,1.500": 9, "0.076,-3.425,0.010": 23, "-1.154,-3.425,1.500": 29, "3.462,-3.425,1.945": 14, "1.923,-3.425,1.497": 18, "4.231,-3.425,1.500": 20, "-0.033,-3.425,0.008": 28, "3.385,-3.425,0.010": 17, "-3.462,-3.425,2.390": 4}, "name": "Network", "tol": "3f"}, "edge_attributes": {"force": 0.0, "type": null, "length": 0.0}, "edge": {"16": {"17": {"force": -1.3264642086579372, "length": 1.4173595543827258, "type": "trail"}}, "26": {}, "15": {}, "18": {"19": {"force": -20.000147928447014, "length": 0.7692307692307685,