{"compas": "1.7.1", "datatype": "compas_cem.diagrams/TopologyDiagram", "data": {"adjacency": {"16": {"14": null, "17": null, "24": null, "25": null, "20": null}, "36": {"37": null, "13": null, "33": null}, "26": {"27": null, "18": null, "25": null}, "15": {"14": null}, "18": {"26": null, "19": null, "23": null, "17": null}, "35": {"34": null}, "25": {"26": null, "16": null, "17": null}, "28": {"30": null, "29": null}, "38": {"37": null, "30": null, "31": null}, "40": {"32": null, "41": null, "39": null}, "10": {"9": null, "3": null, "2": null}, "30": {"34": null, "39": null, "38": null, "28": null, "31": null}, "20": {"21": null, "16": null}, "17": {"25": null, "18": null, "16": null, "24": null}, "37": {"36": null, "32": null, "38": null}, "27": {"26": null, "19": null}, "12": {"4": null, "13": null, "11": null}, "32": {"37": null, "31": null, "33": null, "40": null}, "22": {"19": null, "23": null, "41": null}, "19": {"27": null, "22": null, "18": null}, "39": {"30": null, "31": null, "40": null}, "29": {"28": null}, "41": {"40": null, "22": null, "33": null}, "11": {"12": null, "3": null, "2": null}, "5": {"4": null, "13": null, "8": null}, "4": {"12": null, "9": null, "3": null, "5": null}, "7": {"6": null}, "6": {"7": null, "2": null}, "1": {"0": null}, "0": {"1": null, "2": null}, "3": {"4": null, "11": null, "10": null, "2": null}, "2": {"6": null, "10": null, "0": null, "3": null, "11": null}, "21": {"20": null}, "31": {"30": null, "32": null, "39": null, "38": null}, "9": {"4": null, "8": null, "10": null}, "8": {"9": null, "5": null}, "14": {"15": null, "16": null}, "34": {"30": null, "35": null}, "24": {"23": null, "16": null, "17": null}, "13": {"36": null, "12": null, "5": null}, "33": {"36": null, "32": null, "41": null}, "23": {"22": null, "18": null, "24": null}}, "node_attributes": {"z": 0.0, "qx": 0.0, "rx": 0.0, "qy": 0.0, "ry": 0.0, "qz": 0.0, "type": null, "rz": 0.0, "_k": null, "y": 0.0, "x": 0.0}, "node": {"16": {"z": 1.5000000000000002, "qx": -0.0, "qy": -0.0, "qz": -0.052631578947368342, "_k": 3, "y": -3.425166865496446, "x": 3.4210526315789465}, "36": {"z": 1.5000000000000002, "qx": -0.0, "qy": -0.0, "qz": -0.04824561403508773, "type": "support", "_k": 2, "y": -3.425166865496446, "x": -1.3157894736842113}, "26": {"z": 1.5000000000000002, "qx": -0.0, "qy": -0.0, "qz": -0.05263157894736839, "_k": 1, "y": -3.425166865496446, "x": 4.4736842105263133}, "15": {"z": 0.010000000000000231, "type": "support", "_k": 1, "y": -3.425166865496446, "x": 3.4974526315789465}, "18": {"_k": 1, "z": 2.0933333333333333, "y": -3.425166865496446, "x": 3.4210526315789465}, "35": {"z": 0.010000000000000231, "type": "support", "_k": 5, "y": -3.425166865496446, "x": -0.076399999999999774}, "25": {"z": 1.5000000000000002, "qx": -0.0, "qy": -0.0, "qz": -0.052631578947368342, "type": "_origin", "_k": 0, "y": -3.425166865496446, "x": 3.9473684210526296}, "28": {"z": 1.4255, "type": "_origin", "_k": 0, "y": -3.425166865496446, "x": 0.0038200000000002217}, "38": {"z": 1.5000000000000002, "qx": -0.0, "qy": -0.0, "qz": -0.043859649122807057, "type": "_origin", "_k": 0, "y": -3.425166865496446, "x": -0.43859649122807076}, "40": {"z": 1.5000000000000002, "qx": -0.0, "qy": -0.0, "qz": -0.043859649122807043, "_k": 1, "y": -3.425166865496446, "x": 0.87719298245614019}, "10": {"z": 1.5000000000000002, "qx": -0.0, "qy": -0.0, "qz": -0.052631578947368432, "type": "_origin", "_k": 0, "y": -3.425166865496446, "x": -3.9473684210526327}, "30": {"z": 1.5000000000000002, "qx": -0.0, "qy": -0.0, "qz": -0.043859649122807043, "_k": 3, "y": -3.425166865496446, "x": 2.2204460492503131e-16}, "20": {"_k": 4, "z": 1.4255, "y": -3.425166865496446, "x": 3.4172326315789463}, "17": {"_k": 2, "z": 1.7966666666666669, "y": -3.425166865496446, "x": 3.4210526315789465}, "37": {"z": 1.5000000000000002, "qx": -0.0, "qy": -0.0, "qz": -0.043859649122807029, "_k": 1, "y": -3.425166865496446, "x": -0.87719298245614097}, "27": {"z": 1.5000000000000002, "qx": -0.0, "qy": -0.0, "qz": -0.026315789473684206, "type": "support", "_k": 2, "y": -3.425166865496446, "x": 4.9999999999999973}, "12": {"z": 1.5000000000000002, "qx": -0.0, "qy": -0.0, "qz": -0.05263157894736846, "_k": 1, "y": -3.425166865496446, "x": -2.3684210526315805}, "32": {"_k": 1, "z": 2.0933333333333333, "y": -3.425166865496446, "x": 2.2204460492503131e-16}, "22": {"z": 1.5000000000000002, "qx": -0.0, "qy": -0.0, "qz": -0.052631578947368397, "type": "support", "_k": 2, "y": -3.425166865496446, "x": 1.8421052631578954}, "19": {"z": 2.3900000000000001, "type": "_origin", "_k": 0, "y": -3.425166865496446, "x": 3.4210526315789465}, "39": {"z": 1.5000000000000002, "qx": -0.0, "qy": -0.0, "qz": -0.043859649122807001, "type": "_origin", "_k": 0, "y": -3.425166865496446, "x": 0.43859649122807004}, "29": {"z": 0.010000000000000231, "type": "support", "_k": 1, "y": -3.425166865496446, "x": 0.076400000000000218}, "41": {"z": 1.5000000000000002, "qx": -0.0, "qy": -0.0, "qz": -0.048245614035087758, "type": "support", "_k": 2, "y": -3.425166865496446, "x": 1.3157894736842108}, "11": {"z": 1.5000000000000002, "qx": -0.0, "qy": -0.0, "qz": -0.05263157894736839, "type": "_origin", "_k": 0, "y": -3.425166865496446, "x": -2.8947368421052646}, "5": {"z": 2.3900000000000001, "type": "_origin", "_k": 0, "y": -3.425166865496446, "x": -3.4210526315789482}, "4": {"_k": 1, "z": 2.0933333333333333, "y": -3.425166865496446, "x": -3.4210526315789482}, "7": {"z": 0.010000000000000231, "type": "support", "_k": 5, "y": -3.425166865496446, "x": -3.4974526315789483}, "6": {"_k": 4, "z": 1.4255, "y": -3.425166865496446, "x": -3.4248726315789484}, "1": {"z": 0.010000000000000231, "type": "support", "_k": 1, "y": -3.425166865496446, "x": -3.3446526315789482}, "0": {"z": 1.4255, "type": "_origin", "_k": 0, "y": -3.425166865496446, "x": -3.4172326315789485}, "3": {"_k": 2, "z": 1.7966666666666669, "y": -3.425166865496446, "x": -3.4210526315789482}, "2": {"z": 1.5000000000000002, "qx": -0.0, "qy": -0.0, "qz": -0.052631578947368404, "_k": 3, "y": -3.425166865496446, "x": -3.4210526315789482}, "21": {"z": 0.010000000000000231, "type": "support", "_k": 5, "y": -3.425166865496446, "x": 3.3446526315789464}, "31": {"_k": 2, "z": 1.7966666666666669, "y": -3.425166865496446, "x": 2.2204460492503131e-16}, "9": {"z": 1.5000000000000002, "qx": -0.0, "qy": -0.0, "qz": -0.052631578947368411, "_k": 1, "y": -3.425166865496446, "x": -4.4736842105263168}, "8": {"z": 1.5000000000000002, "qx": -0.0, "qy": -0.0, "qz": -0.026315789473684206, "type": "support", "_k": 2, "y": -3.425166865496446, "x": -5.0000000000000009}, "14": {"z": 1.4255, "type": "_origin", "_k": 0, "y": -3.425166865496446, "x": 3.4248726315789466}, "34": {"_k": 4, "z": 1.4255, "y": -3.425166865496446, "x": -0.003819999999999778}, "24": {"z": 1.5000000000000002, "qx": -0.0, "qy": -0.0, "qz": -0.05263157894736839, "type": "_origin", "_k": 0, "y": -3.425166865496446, "x": 2.8947368421052628}, "13": {"z": 1.5000000000000002, "qx": -0.0, "qy": -0.0, "qz": -0.052631578947368467, "type": "support", "_k": 2, "y": -3.425166865496446, "x": -1.8421052631578956}, "33": {"z": 2.3900000000000001, "type": "_origin", "_k": 0, "y": -3.425166865496446, "x": 2.2204460492503131e-16}, "23": {"z": 1.5000000000000002, "qx": -0.0, "qy": -0.0, "qz": -0.052631578947368376, "_k": 1, "y": -3.425166865496446, "x": 2.3684210526315788}}, "max_int_key": 41, "attributes": {"gkey_node": {"5.000,-3.425,1.500": 27, "-0.076,-3.425,0.010": 35, "1.316,-3.425,1.500": 41, "-3.421,-3.425,2.390": 5, "3.345,-3.425,0.010": 21, "-3.497,-3.425,0.010": 7, "-5.000,-3.425,1.500": 8, "3.421,-3.425,1.500": 16, "-3.421,-3.425,1.500": 2, "0.000,-3.425,2.093": 32, "-3.421,-3.425,1.797": 3, "-1.842,-3.425,1.500": 13, "0.439,-3.425,1.500": 39, "2.368,-3.425,1.500": 23, "2.895,-3.425,1.500": 24, "-1.316,-3.425,1.500": 36, "-0.004,-3.425,1.426": 34, "1.842,-3.425,1.500": 22, "-0.877,-3.425,1.500": 37, "-4.474,-3.425,1.500": 9, "3.421,-3.425,2.093": 18, "3.417,-3.425,1.426": 20,