{"compas": "1.7.1", "datatype": "compas_cem.diagrams/TopologyDiagram", "data": {"adjacency": {"16": {"13": null, "17": null}, "26": {"32": null, "29": null, "25": null}, "15": {"21": null, "14": null, "18": null}, "18": {"32": null, "15": null, "19": null}, "25": {"26": null, "24": null}, "28": {"27": null}, "10": {"4": null, "9": null, "29": null}, "30": {"29": null, "24": null}, "20": {"13": null, "21": null}, "17": {"16": null}, "27": {"28": null, "24": null}, "12": {"11": null}, "32": {"31": null, "26": null, "18": null}, "22": {"23": null, "24": null}, "19": {"13": null, "18": null}, "29": {"30": null, "26": null, "10": null}, "11": {"12": null, "13": null}, "5": {"6": null, "2": null}, "4": {"7": null, "3": null, "10": null}, "7": {"4": null, "8": null}, "6": {"5": null}, "1": {"0": null}, "0": {"1": null, "2": null}, "3": {"4": null, "2": null}, "2": {"5": null, "0": null, "3": null, "9": null, "8": null}, "21": {"20": null, "15": null}, "31": {"32": null, "24": null}, "9": {"10": null, "2": null}, "8": {"7": null, "2": null}, "14": {"13": null, "15": null}, "24": {"27": null, "22": null, "25": null, "30": null, "31": null}, "13": {"14": null, "19": null, "20": null, "11": null, "16": null}, "23": {"22": null}}, "node_attributes": {"z": 0.0, "qx": 0.0, "rx": 0.0, "qy": 0.0, "ry": 0.0, "qz": 0.0, "type": null, "rz": 0.0, "_k": null, "y": 0.0, "x": 0.0}, "node": {"16": {"_k": 3, "z": 1.4255, "y": -3.425166865496446, "x": 3.4577184615384602}, "26": {"z": 2.3900000000000001, "type": "_origin", "_k": 0, "y": -3.425166865496446, "x": 2.2204460492503131e-16}, "15": {"z": 2.3900000000000001, "type": "_origin", "_k": 0, "y": -3.425166865496446, "x": 3.4615384615384603}, "18": {"z": 1.5000000000000002, "qx": -0.0, "qy": -0.0, "qz": -0.076923076923076844, "type": "support", "_k": 1, "y": -3.425166865496446, "x": 1.9230769230769231}, "25": {"_k": 1, "z": 1.9450000000000003, "y": -3.425166865496446, "x": 2.2204460492503131e-16}, "28": {"z": 0.010000000000000231, "type": "support", "_k": 4, "y": -3.425166865496446, "x": -0.076399999999999774}, "10": {"z": 1.5000000000000002, "qx": -0.0, "qy": -0.0, "qz": -0.076923076923076913, "type": "support", "_k": 1, "y": -3.425166865496446, "x": -1.9230769230769242}, "30": {"z": 1.5000000000000002, "qx": -0.0, "qy": -0.0, "qz": -0.057692307692307779, "type": "_origin", "_k": 0, "y": -3.425166865496446, "x": -0.57692307692307776}, "20": {"z": 1.5000000000000002, "qx": -0.0, "qy": -0.0, "qz": -0.076923076923076844, "type": "_origin", "_k": 0, "y": -3.425166865496446, "x": 4.2307692307692291}, "17": {"z": 0.010000000000000231, "type": "support", "_k": 4, "y": -3.425166865496446, "x": 3.3851384615384603}, "27": {"_k": 3, "z": 1.4255, "y": -3.425166865496446, "x": -0.003819999999999778}, "12": {"z": 0.010000000000000231, "type": "support", "_k": 1, "y": -3.425166865496446, "x": 3.5379384615384604}, "32": {"z": 1.5000000000000002, "qx": -0.0, "qy": -0.0, "qz": -0.067307692307692291, "type": "support", "_k": 1, "y": -3.425166865496446, "x": 1.1538461538461549}, "22": {"z": 1.4255, "type": "_origin", "_k": 0, "y": -3.425166865496446, "x": 0.0038200000000002217}, "19": {"z": 1.5000000000000002, "qx": -0.0, "qy": -0.0, "qz": -0.076923076923076872, "type": "_origin", "_k": 0, "y": -3.425166865496446, "x": 2.6923076923076916}, "29": {"z": 1.5000000000000002, "qx": -0.0, "qy": -0.0, "qz": -0.067307692307692332, "type": "support", "_k": 1, "y": -3.425166865496446, "x": -1.1538461538461553}, "11": {"z": 1.4255, "type": "_origin", "_k": 0, "y": -3.425166865496446, "x": 3.4653584615384601}, "5": {"_k": 3, "z": 1.4255, "y": -3.425166865496446, "x": -3.4653584615384623}, "4": {"z": 2.3900000000000001, "type": "_origin", "_k": 0, "y": -3.425166865496446, "x": -3.4615384615384626}, "7": {"z": 1.5000000000000002, "qx": -0.0, "qy": -0.0, "qz": -0.038461538461538464, "type": "support", "_k": 1, "y": -3.425166865496446, "x": -5.0000000000000009}, "6": {"z": 0.010000000000000231, "type": "support", "_k": 4, "y": -3.425166865496446, "x": -3.5379384615384626}, "1": {"z": 0.010000000000000231, "type": "support", "_k": 1, "y": -3.425166865496446, "x": -3.3851384615384625}, "0": {"z": 1.4255, "type": "_origin", "_k": 0, "y": -3.425166865496446, "x": -3.4577184615384624}, "3": {"_k": 1, "z": 1.9450000000000003, "y": -3.425166865496446, "x": -3.4615384615384626}, "2": {"z": 1.5000000000000002, "qx": -0.0, "qy": -0.0, "qz": -0.076923076923076927, "_k": 2, "y": -3.425166865496446, "x": -3.4615384615384626}, "21": {"z": 1.5000000000000002, "qx": -0.0, "qy": -0.0, "qz": -0.038461538461538415, "type": "support", "_k": 1, "y": -3.425166865496446, "x": 4.9999999999999973}, "31": {"z": 1.5000000000000002, "qx": -0.0, "qy": -0.0, "qz": -0.057692307692307737, "type": "_origin", "_k": 0, "y": -3.425166865496446, "x": 0.57692307692307732}, "9": {"z": 1.5000000000000002, "qx": -0.0, "qy": -0.0, "qz": -0.076923076923076927, "type": "_origin", "_k": 0, "y": -3.425166865496446, "x": -2.6923076923076934}, "8": {"z": 1.5000000000000002, "qx": -0.0, "qy": -0.0, "qz": -0.076923076923076927, "type": "_origin", "_k": 0, "y": -3.425166865496446, "x": -4.2307692307692317}, "14": {"_k": 1, "z": 1.9450000000000003, "y": -3.425166865496446, "x": 3.4615384615384603}, "24": {"z": 1.5000000000000002, "qx": -0.0, "qy": -0.0, "qz": -0.057692307692307751, "_k": 2, "y": -3.425166865496446, "x": 2.2204460492503131e-16}, "13": {"z": 1.5000000000000002, "qx": -0.0, "qy": -0.0, "qz": -0.076923076923076872, "_k": 2, "y": -3.425166865496446, "x": 3.4615384615384603}, "23": {"z": 0.010000000000000231, "type": "support", "_k": 1, "y": -3.425166865496446, "x": 0.076400000000000218}}, "max_int_key": 32, "attributes": {"gkey_node": {"5.000,-3.425,1.500": 21, "3.465,-3.425,1.426": 11, "-0.076,-3.425,0.010": 28, "-5.000,-3.425,1.500": 7, "3.458,-3.425,1.426": 16, "-3.538,-3.425,0.010": 6, "0.000,-3.425,1.945": 25, "-3.458,-3.425,1.426": 0, "-3.462,-3.425,1.500": 2, "-1.923,-3.425,1.500": 10, "-0.577,-3.425,1.500": 30, "-3.385,-3.425,0.010": 1, "-0.004,-3.425,1.426": 27, "3.538,-3.425,0.010": 12, "0.000,-3.425,2.390": 26, "0.000,-3.425,1.500": 24, "-3.465,-3.425,1.426": 5, "-3.462,-3.425,1.945": 3, "0.577,-3.425,1.500": 31, "3.462,-3.425,2.390": 15, "-4.231,-3.425,1.500": 8, "3.462,-3.425,1.500": 13, "1.154,-3.425,1.500": 32, "2.692,-3.425,1.500": 19, "1.923,-3.425,1.500": 18, "0.004,-3.425,1.426": 22, "-2.692,-3.425,1.500": 9, "0.076,-3.425,0.010": 23, "-1.154,-3.425,1.500": 29, "3.462,-3.425,1.945": 14, "4.231,-3.425,1.500": 20, "3.385,-3.425,0.010": 17, "-3.462,-3.425,2.390": 4}, "name": "Network", "_aux_length": 0.33000000000000002, "_trails": {"0": [0, 1], "30": [30, 29], "31": [31, 32], "4": [4, 3, 2, 5, 6], "8": [8, 7], "9": [9, 10], "11": [11, 12], "15": [15, 14, 13, 16, 17], "19": [19, 18], "20": [20, 21], "22": [22, 23], "26": [26, 25, 24, 27, 28]}, "tol": "3f", "_auxiliary_trails": {}, "_aux_vector": {"dtype": "compas.geometry/Vector", "value": [0.0, 0.0, 1.0]}}, "edge_attributes": {"force": 0.0, "type": null, "length": 0.0}, "edge": {"16": {"17": {"length": -1.4173595543827258, "type": "trail"}}, "26": {}, "15": {}, "18": {"19": {"length": -0.7692307692307685, "type": "trail"}, "15": {"force": 2.0, "type": "deviation"}}, "25": {"26": {"length": -0.44499999999999984, "type": "trail"}}, "28": {}, "10": {"4": {"force": 2.0, "type": "deviation"}, "29": {"force": -14.699999999999999, "type": "deviation"}}, "30": {"24": {"force": -20.0, "type": "deviation"}}, "20": {"21": {"length": -0.76923076923076827, "type": "trail"}}, "17": {}, "27": {"28": {"length": -1.4173595543827258, "type": "trail"}}, "12": {}, "32": {"26": {"force": 2.0, "type": "deviation"}, "18": {"force": -14.699999999999999, "type": "deviation"}}, "22": {"23": {"length": -1.4173595543827258, "type": "trail"}}, "19": {"13": {"force": -20.0, "type": "deviation"}}, "29": {"30": {"length": -0.57692307692307754, "type": "trail"}, "26": {"force": 2.0, "type": "deviation"}}, "11": {"12": {"length": -1.4173595543827258,