{"compas": "1.7.1", "datatype": "compas_cem.diagrams/TopologyDiagram", "data": {"adjacency": {"16": {"21": null, "22": null, "18": null, "17": null}, "15": {"14": null, "11": null}, "18": {"19": null, "16": null}, "10": {"8": null, "11": null}, "20": {"21": null, "7": null, "19": null}, "17": {"16": null}, "12": {"13": null, "23": null, "11": null}, "22": {"23": null, "16": null}, "19": {"20": null, "23": null, "18": null}, "11": {"12": null, "15": null, "10": null}, "5": {"4": null, "0": null}, "4": {"3": null, "5": null}, "7": {"20": null, "6": null, "3": null}, "6": {"7": null, "0": null}, "1": {"0": null}, "0": {"5": null, "6": null, "1": null, "2": null}, "3": {"4": null, "7": null, "2": null}, "2": {"0": null, "3": null}, "21": {"20": null, "16": null}, "9": {"8": null}, "8": {"13": null, "14": null, "9": null, "10": null}, "14": {"15": null, "8": null}, "13": {"12": null, "8": null}, "23": {"12": null, "19": null, "22": null}}, "node_attributes": {"z": 0.0, "qx": 0.0, "rx": 0.0, "qy": 0.0, "ry": 0.0, "qz": 0.0, "type": null, "rz": 0.0, "_k": null, "y": 0.0, "x": 0.0}, "node": {"16": {"z": 1.5000000000000002, "qx": -0.0, "qy": -0.0, "qz": -0.057692307692307751, "_k": 2, "y": -3.425166865496446, "x": 2.2204460492503131e-16}, "15": {"z": 1.5000000000000002, "qx": -0.0, "qy": -0.0, "qz": -0.038461538461538415, "type": "support", "_k": 1, "y": -3.425166865496446, "x": 4.9999999999999973}, "18": {"_k": 1, "z": 1.8200000000000003, "y": -3.425166865496446, "x": 2.2204460492503131e-16}, "10": {"_k": 1, "z": 1.8200000000000003, "y": -3.425166865496446, "x": 3.4615384615384603}, "20": {"z": 1.5000000000000002, "qx": -0.0, "qy": -0.0, "qz": -0.067307692307692332, "type": "support", "_k": 1, "y": -3.425166865496446, "x": -1.1538461538461553}, "17": {"z": 0.010000000000000231, "type": "support", "_k": 3, "y": -3.425166865496446, "x": 2.2204460492503131e-16}, "12": {"z": 1.5000000000000002, "qx": -0.0, "qy": -0.0, "qz": -0.076923076923076844, "type": "support", "_k": 1, "y": -3.425166865496446, "x": 1.9230769230769231}, "22": {"z": 1.5000000000000002, "qx": -0.0, "qy": -0.0, "qz": -0.057692307692307737, "type": "_origin", "_k": 0, "y": -3.425166865496446, "x": 0.57692307692307732}, "19": {"z": 2.1400000000000001, "type": "_origin", "_k": 0, "y": -3.425166865496446, "x": 2.2204460492503131e-16}, "11": {"z": 2.1400000000000001, "type": "_origin", "_k": 0, "y": -3.425166865496446, "x": 3.4615384615384603}, "5": {"z": 1.5000000000000002, "qx": -0.0, "qy": -0.0, "qz": -0.076923076923076927, "type": "_origin", "_k": 0, "y": -3.425166865496446, "x": -4.2307692307692317}, "4": {"z": 1.5000000000000002, "qx": -0.0, "qy": -0.0, "qz": -0.038461538461538464, "type": "support", "_k": 1, "y": -3.425166865496446, "x": -5.0000000000000009}, "7": {"z": 1.5000000000000002, "qx": -0.0, "qy": -0.0, "qz": -0.076923076923076913, "type": "support", "_k": 1, "y": -3.425166865496446, "x": -1.9230769230769242}, "6": {"z": 1.5000000000000002, "qx": -0.0, "qy": -0.0, "qz": -0.076923076923076927, "type": "_origin", "_k": 0, "y": -3.425166865496446, "x": -2.6923076923076934}, "1": {"z": 0.010000000000000231, "type": "support", "_k": 3, "y": -3.425166865496446, "x": -3.4615384615384626}, "0": {"z": 1.5000000000000002, "qx": -0.0, "qy": -0.0, "qz": -0.076923076923076927, "_k": 2, "y": -3.425166865496446, "x": -3.4615384615384626}, "3": {"z": 2.1400000000000001, "type": "_origin", "_k": 0, "y": -3.425166865496446, "x": -3.4615384615384626}, "2": {"_k": 1, "z": 1.8200000000000003, "y": -3.425166865496446, "x": -3.4615384615384626}, "21": {"z": 1.5000000000000002, "qx": -0.0, "qy": -0.0, "qz": -0.057692307692307779, "type": "_origin", "_k": 0, "y": -3.425166865496446, "x": -0.57692307692307776}, "9": {"z": 0.010000000000000231, "type": "support", "_k": 3, "y": -3.425166865496446, "x": 3.4615384615384603}, "8": {"z": 1.5000000000000002, "qx": -0.0, "qy": -0.0, "qz": -0.076923076923076872, "_k": 2, "y": -3.425166865496446, "x": 3.4615384615384603}, "14": {"z": 1.5000000000000002, "qx": -0.0, "qy": -0.0, "qz": -0.076923076923076844, "type": "_origin", "_k": 0, "y": -3.425166865496446, "x": 4.2307692307692291}, "13": {"z": 1.5000000000000002, "qx": -0.0, "qy": -0.0, "qz": -0.076923076923076872, "type": "_origin", "_k": 0, "y": -3.425166865496446, "x": 2.6923076923076916}, "23": {"z": 1.5000000000000002, "qx": -0.0, "qy": -0.0, "qz": -0.067307692307692291, "type": "support", "_k": 1, "y": -3.425166865496446, "x": 1.1538461538461549}}, "max_int_key": 23, "attributes": {"gkey_node": {"0.000,-3.425,2.140": 19, "5.000,-3.425,1.500": 15, "3.462,-3.425,2.140": 11, "-3.462,-3.425,0.010": 1, "-5.000,-3.425,1.500": 4, "-3.462,-3.425,1.500": 0, "3.462,-3.425,0.010": 9, "-1.923,-3.425,1.500": 7, "-0.577,-3.425,1.500": 21, "3.462,-3.425,1.820": 10, "0.000,-3.425,0.010": 17, "0.000,-3.425,1.500": 16, "-3.462,-3.425,2.140": 3, "0.000,-3.425,1.820": 18, "0.577,-3.425,1.500": 22, "-3.462,-3.425,1.820": 2, "-4.231,-3.425,1.500": 5, "1.154,-3.425,1.500": 23, "3.462,-3.425,1.500": 8, "2.692,-3.425,1.500": 13, "1.923,-3.425,1.500": 12, "-2.692,-3.425,1.500": 6, "-1.154,-3.425,1.500": 20, "4.231,-3.425,1.500": 14}, "name": "Network", "_aux_length": 0.33000000000000002, "_trails": {"3": [3, 2, 0, 1], "5": [5, 4], "6": [6, 7], "11": [11, 10, 8, 9], "13": [13, 12], "14": [14, 15], "19": [19, 18, 16, 17], "21": [21, 20], "22": [22, 23]}, "tol": "3f", "_auxiliary_trails": {}, "_aux_vector": {"dtype": "compas.geometry/Vector", "value": [0.0, 0.0, 1.0]}}, "edge_attributes": {"force": 0.0, "type": null, "length": 0.0}, "edge": {"16": {"22": {"force": -20.0, "type": "deviation"}, "18": {"length": -0.32000000000000006, "type": "trail"}, "17": {"length": -1.49, "type": "trail"}}, "15": {"11": {"force": 0.59999999999999998, "type": "deviation"}}, "18": {"19": {"length": -0.31999999999999984, "type": "trail"}}, "10": {"11": {"length": -0.31999999999999984, "type": "trail"}}, "20": {"21": {"length": -0.57692307692307754, "type": "trail"}, "19": {"force": 0.59999999999999998, "type": "deviation"}}, "17": {}, "12": {"13": {"length": -0.7692307692307685, "type": "trail"}, "11": {"force": 0.59999999999999998, "type": "deviation"}}, "22": {"23": {"length": -0.57692307692307754, "type": "trail"}}, "19": {}, "11": {}, "5": {"0": {"force": -20.0, "type": "deviation"}}, "4": {"3": {"force": 0.59999999999999998, "type": "deviation"}, "5": {"length": -0.76923076923076916, "type": "trail"}}, "7": {"20": {"force": -14.699999999999999, "type": "deviation"}, "3": {"force": 0.59999999999999998, "type": "deviation"}}, "6": {"7": {"length": -0.76923076923076916, "type": "trail"}}, "1": {}, "0": {"6": {"force": -20.0, "type": "deviation"}, "1": {"length": -1.49, "type": "trail"}, "2": {"length": -0.32000000000000006, "type": "trail"}}, "3": {}, "2": {"3": {"length": -0.31999999999999984, "type": "trail"}}, "21": {"16": {"force": -20.0, "type": "deviation"}}, "9": {}, "8": {"14": {"force": -20.0, "type": "deviation"}, "9": {"length": -1.49, "type": "trail"}, "10": {"length": -0.32000000000000006, "type": "trail"}}, "14": {"15": {"length": -0.76923076923076827, "type": "trail"}}, "13": {"8": {"force": -20.0, "type": "deviation"}}, "23": {"12": {"force": -14.699999999999999, "type": "deviation"}, "19": {"force": 0.59999999999999998, "type": "deviation"}}}}}