{"compas": "1.7.1", "datatype": "compas_cem.diagrams/FormDiagram", "data": {"adjacency": {"16": {"21": null, "22": null, "18": null, "17": null}, "15": {"14": null, "11": null}, "18": {"19": null, "16": null}, "10": {"8": null, "11": null}, "20": {"21": null, "7": null, "19": null}, "17": {"16": null}, "12": {"13": null, "23": null, "11": null}, "22": {"23": null, "16": null}, "19": {"20": null, "23": null, "18": null}, "11": {"12": null, "15": null, "10": null}, "5": {"4": null, "0": null}, "4": {"3": null, "5": null}, "7": {"20": null, "6": null, "3": null}, "6": {"7": null, "0": null}, "1": {"0": null}, "0": {"5": null, "6": null, "1": null, "2": null}, "3": {"4": null, "7": null, "2": null}, "2": {"0": null, "3": null}, "21": {"20": null, "16": null}, "9": {"8": null}, "8": {"13": null, "14": null, "9": null, "10": null}, "14": {"15": null, "8": null}, "13": {"12": null, "8": null}, "23": {"12": null, "19": null, "22": null}}, "node_attributes": {"z": 0.0, "qx": 0.0, "rx": 0.0, "qy": 0.0, "ry": 0.0, "qz": 0.0, "type": null, "rz": 0.0, "_k": null, "y": 0.0, "x": 0.0}, "node": {"16": {"z": 1.5000000000000002, "qx": -0.0, "qy": -0.0, "qz": -0.057692307692307751, "_k": 2, "y": -3.425166865496446, "x": 1.0021275137286977e-16}, "15": {"z": 1.497041442001088, "qx": -0.0, "rx": -19.446401404741199, "qy": -0.0, "ry": -0.0, "qz": -0.038461538461538415, "type": "support", "rz": -0.11597786067293581, "_k": 1, "y": -3.425166865496446, "x": 4.9999943104864251}, "18": {"y": -3.425166865496446, "x": 1.6112867814895057e-16, "z": 1.8200000000000003, "_k": 1}, "10": {"y": -3.425166865496446, "x": 3.4615384615384603, "z": 1.8200000000000003, "_k": 1}, "20": {"z": 1.498335805740439, "qx": -0.0, "rx": 4.7756499445202349, "qy": -0.0, "ry": -0.0, "qz": -0.067307692307692332, "type": "support", "rz": -0.1913429436863319, "_k": 1, "y": -3.425166865496446, "x": -1.1538437535709662}, "17": {"z": 0.010000000000000231, "rx": 1.1102230246251565e-16, "ry": -0.0, "type": "support", "rz": 0.64090820324287956, "_k": 3, "y": -3.425166865496446, "x": -1.5789477452886891e-16}, "12": {"z": 1.497041442001088, "qx": -0.0, "rx": 4.7464222149607833, "qy": -0.0, "ry": -0.0, "qz": -0.076923076923076844, "type": "support", "rz": -0.052781326300351095, "_k": 1, "y": -3.425166865496446, "x": 1.9230826125904954}, "22": {"z": 1.5000000000000002, "qx": -0.0, "qy": -0.0, "qz": -0.057692307692307737, "type": "_origin", "_k": 0, "y": -3.425166865496446, "x": 0.57692307692307732}, "19": {"z": 2.1400000000000001, "type": "_origin", "_k": 0, "y": -3.425166865496446, "x": 2.2204460492503131e-16}, "11": {"z": 2.1400000000000001, "type": "_origin", "_k": 0, "y": -3.425166865496446, "x": 3.4615384615384603}, "5": {"z": 1.5000000000000002, "qx": -0.0, "qy": -0.0, "qz": -0.076923076923076927, "type": "_origin", "_k": 0, "y": -3.425166865496446, "x": -4.2307692307692317}, "4": {"z": 1.497041442001088, "qx": -0.0, "rx": 19.446401404741199, "qy": -0.0, "ry": -0.0, "qz": -0.038461538461538464, "type": "support", "rz": -0.11597786067293545, "_k": 1, "y": -3.425166865496446, "x": -4.9999943104864286}, "7": {"z": 1.497041442001088, "qx": -0.0, "rx": -4.7464222149607833, "qy": -0.0, "ry": -0.0, "qz": -0.076923076923076913, "type": "support", "rz": -0.052781326300350789, "_k": 1, "y": -3.425166865496446, "x": -1.9230826125904965}, "6": {"z": 1.5000000000000002, "qx": -0.0, "qy": -0.0, "qz": -0.076923076923076927, "type": "_origin", "_k": 0, "y": -3.425166865496446, "x": -2.6923076923076934}, "1": {"z": 0.010000000000000231, "rx": -0.0, "ry": -0.0, "type": "support", "rz": 0.53964802903817866, "_k": 3, "y": -3.425166865496446, "x": -3.4615384615384626}, "0": {"z": 1.5000000000000002, "qx": -0.0, "qy": -0.0, "qz": -0.076923076923076927, "_k": 2, "y": -3.425166865496446, "x": -3.4615384615384626}, "3": {"z": 2.1400000000000001, "type": "_origin", "_k": 0, "y": -3.425166865496446, "x": -3.4615384615384626}, "2": {"y": -3.425166865496446, "x": -3.4615384615384626, "z": 1.8200000000000003, "_k": 1}, "21": {"z": 1.5000000000000002, "qx": -0.0, "qy": -0.0, "qz": -0.057692307692307779, "type": "_origin", "_k": 0, "y": -3.425166865496446, "x": -0.57692307692307776}, "9": {"z": 0.010000000000000231, "rx": -0.0, "ry": -0.0, "type": "support", "rz": 0.53964802903817888, "_k": 3, "y": -3.425166865496446, "x": 3.4615384615384603}, "8": {"z": 1.5000000000000002, "qx": -0.0, "qy": -0.0, "qz": -0.076923076923076872, "_k": 2, "y": -3.425166865496446, "x": 3.4615384615384603}, "14": {"z": 1.5000000000000002, "qx": -0.0, "qy": -0.0, "qz": -0.076923076923076844, "type": "_origin", "_k": 0, "y": -3.425166865496446, "x": 4.2307692307692291}, "13": {"z": 1.5000000000000002, "qx": -0.0, "qy": -0.0, "qz": -0.076923076923076872, "type": "_origin", "_k": 0, "y": -3.425166865496446, "x": 2.6923076923076916}, "23": {"z": 1.498335805740439, "qx": -0.0, "rx": -4.7756499445202358, "qy": -0.0, "ry": -0.0, "qz": -0.067307692307692291, "type": "support", "rz": -0.1913429436863322, "_k": 1, "y": -3.425166865496446, "x": 1.1538437535709658}}, "max_int_key": 23, "attributes": {"gkey_node": {"0.000,-3.425,2.140": 19, "5.000,-3.425,1.500": 15, "3.462,-3.425,2.140": 11, "-3.462,-3.425,0.010": 1, "-5.000,-3.425,1.500": 4, "-5.000,-3.425,1.497": 4, "-3.462,-3.425,1.500": 0, "3.462,-3.425,0.010": 9, "-1.923,-3.425,1.500": 7, "-0.577,-3.425,1.500": 21, "3.462,-3.425,1.820": 10, "1.154,-3.425,1.498": 23, "-1.923,-3.425,1.497": 7, "-1.154,-3.425,1.498": 20, "0.000,-3.425,0.010": 17, "0.000,-3.425,1.500": 16, "-3.462,-3.425,2.140": 3, "0.000,-3.425,1.820": 18, "5.000,-3.425,1.497": 15, "0.577,-3.425,1.500": 22, "-3.462,-3.425,1.820": 2, "-4.231,-3.425,1.500": 5, "1.154,-3.425,1.500": 23, "3.462,-3.425,1.500": 8, "2.692,-3.425,1.500": 13, "1.923,-3.425,1.500": 12, "-2.692,-3.425,1.500": 6, "-1.154,-3.425,1.500": 20, "1.923,-3.425,1.497": 12, "4.231,-3.425,1.500": 14}, "name": "Network", "tol": "3f"}, "edge_attributes": {"force": 0.0, "type": null, "length": 0.0}, "edge": {"16": {"22": {"force": -20.0, "type": "deviation", "length": 0.5769230769230772}, "18": {"force": -0.58321589555057185, "length": 0.32000000000000006, "type": "trail"}, "17": {"force": -0.64090820324287956, "length": 1.49, "type": "trail"}}, "15": {"11": {"force": 0.59999999999999998, "type": "deviation", "length": 1.6674058013771702}}, "18": {"19": {"force": -0.58321589555057185, "length": 0.31999999999999984, "type": "trail"}}, "10": {"11": {"force": -0.46272495211510206, "length": 0.31999999999999984, "type": "trail"}}, "20": {"21": {"force": -20.000083209886075, "length": 0.57692307692307732, "type": "trail"}, "19": {"force": 0.59999999999999998, "type": "deviation", "length": 1.3202607113178477}}, "17": {}, "12": {"13": {"force": -20.000147928447014, "length": 0.7692307692307685, "type": "trail"}, "11": {"force": 0.59999999999999998, "type": "deviation", "length": 1.6674058013771704}}, "22": {"23": {"force": -20.000083209886075, "length": 0.57692307692307732, "type": "trail"}}, "19": {}, "11": {}, "5": {"0": {"force": -20.0, "type": "deviation", "length": 0.76923076923076916}}, "4": {"3": {"force": 0.59999999999999998, "type": "deviation", "length": 1.6674058013771715}, "5": {"force": -20.000147928447014, "length": 0.76923076923076916, "type": "trail"}}, "7": {"20": {"force": -14.699999999999999, "type": "deviation", "length": 0.76923994800267526}, "3": {"force": 0.59999999999999998, "type": "deviation", "length": 1.6674058013771715}}, "6": {"7": {"force": -20.000147928447014, "length": 0.76923076923076916, "type": "trail"}}, "1": {}, "0": {"6": {"force": -20.0, "type": "deviation", "length": 0.76923076923076916}, "1": {"force": -0.53964802903817866, "length": 1.49, "type": "trail"}, "2": {"force": -0.46272495211510167, "length": 0.32000000000000006, "type": "trail"}}, "3": {}, "2": {"3": {"force": -0.46272495211510167, "length": 0.31999999999999984, "type": "trail"}}, "21": {"16": {"force": -20.0, "type": "deviation", "length": 0.57692307692307787}}, "9": {}, "8": {"14": {"force": -20.0,