{"data": {"node": {"9": {"z": 1.3854481281056128, "rx": 1.5926637786378706e-10, "rz": -5.8951343806512568e-11, "x": 0.30947999716539121, "y": -3.425166865496446, "_k": 1, "ry": -0.0, "type": "support"}, "7": {"z": 0.67064993462173661, "rx": 1.2761680601158787e-11, "rz": -2.0303586589776046e-10, "x": -1.6459655933772601, "y": -3.425166865496446, "_k": 1, "ry": -0.0, "type": "support"}, "3": {"qx": -0.0, "qy": -0.0, "z": 1.458339119165017, "rx": 14.09101524132751, "rz": 0.50000000020862145, "x": -4.9996528500990012, "qz": -0.12499999999999999, "y": -3.425166865496446, "_k": 1, "ry": -0.0, "type": "support"}, "5": {"z": 1.0000000000000002, "x": 1.6666666666666647, "y": -3.425166865496446, "_k": 0, "type": "_origin"}, "0": {"type": "_origin", "qy": -0.0, "z": 1.5000000000000002, "x": 2.4999999999999978, "qz": -0.25, "y": -3.425166865496446, "_k": 0, "qx": -0.0}, "4": {"z": 1.0000000000000002, "x": -1.6666666666666692, "y": -3.425166865496446, "_k": 0, "type": "_origin"}, "2": {"type": "_origin", "qy": -0.0, "z": 1.5000000000000002, "x": -2.5000000000000013, "qz": -0.24999999999999994, "y": -3.425166865496446, "_k": 0, "qx": -0.0}, "1": {"qx": -0.0, "qy": -0.0, "z": 1.4583391191650168, "rx": -14.091015241374791, "rz": 0.50000000020211977, "x": 4.9996528500989976, "qz": -0.12499999999999999, "y": -3.425166865496446, "_k": 1, "ry": -0.0, "type": "support"}, "6": {"type": "_origin", "qy": -0.0, "z": 1.5000000000000002, "x": -2.1316282072803005e-15, "qz": -0.24999999999999994, "y": -3.425166865496446, "_k": 0, "qx": -0.0}, "8": {"z": 0.7471460591319925, "rx": -1.247487668720737e-10, "rz": -1.4875420339954815e-10, "x": 1.4546174162847827, "y": -3.425166865496446, "_k": 1, "ry": -0.0, "type": "support"}}, "adjacency": {"9": {"6": null}, "7": {"4": null}, "3": {"2": null, "4": null}, "5": {"1": null, "6": null, "8": null, "4": null}, "0": {"1": null, "6": null}, "4": {"6": null, "3": null, "7": null, "5": null}, "2": {"6": null, "3": null}, "1": {"0": null, "5": null}, "6": {"9": null, "5": null, "0": null, "4": null, "2": null}, "8": {"5": null}}, "max_int_key": 9, "edge": {"9": {}, "7": {}, "3": {"4": {"length": 3.3643530800300652, "force": 0.91753925886091625, "type": "deviation"}}, "5": {"1": {"length": 3.3643530800300661, "force": 0.91753925881319198, "type": "deviation"}, "8": {"length": 0.33000000000000007, "type": "trail", "force": 1.9413930015619488e-10}}, "0": {"1": {"length": 2.5, "type": "trail", "force": -15.002083188677497}}, "4": {"6": {"length": 1.7400510848184252, "force": -0.43501277122404503, "type": "deviation"}, "7": {"length": 0.33000000000000002, "type": "trail", "force": 2.0343653391812238e-10}, "5": {"length": 3.3333333333333339, "force": 1.3256514253450136, "type": "deviation"}}, "2": {"3": {"length": 2.5, "type": "trail", "force": -15.002083188677497}}, "1": {}, "6": {"2": {"length": 2.4999999999999991, "force": -15.0, "type": "deviation"}, "0": {"length": 2.5, "force": -15.0, "type": "deviation"}, "9": {"length": 0.33000000000000002, "type": "trail", "force": 1.698264998592512e-10}, "5": {"length": 1.7400510848184252, "force": -0.43501277139032402, "type": "deviation"}}, "8": {}}, "edge_attributes": {"length": 0.0, "type": null, "force": 0.0}, "node_attributes": {"qx": 0.0, "qy": 0.0, "z": 0.0, "rx": 0.0, "rz": 0.0, "x": 0.0, "qz": 0.0, "y": 0.0, "_k": null, "ry": 0.0, "type": null}, "attributes": {"tol": "3f", "name": "Network", "gkey_node": {"5.000,-3.425,1.458": 1, "-1.646,-3.425,0.671": 7, "-1.667,-3.425,1.000": 4, "5.000,-3.425,1.500": 1, "0.309,-3.425,1.385": 9, "-1.667,-3.425,0.670": 7, "0.000,-3.425,1.170": 9, "-5.000,-3.425,1.458": 3, "2.500,-3.425,1.500": 0, "1.667,-3.425,0.670": 8, "-5.000,-3.425,1.500": 3, "0.000,-3.425,1.500": 6, "1.455,-3.425,0.747": 8, "1.667,-3.425,1.000": 5, "-2.500,-3.425,1.500": 2}}}, "datatype": "compas_cem.diagrams/FormDiagram", "compas": "1.7.1"}