{"data": {"node": {"21": {"z": 1.1700000000000002, "x": -2.1316282072803005e-15, "y": -3.425166865496446, "_k": 1, "type": "support"}, "10": {"qy": -0.0, "z": 1.5000000000000002, "x": -1.8750000000000018, "qz": -0.062499999999999972, "y": -3.425166865496446, "_k": 2, "qx": -0.0}, "14": {"qy": -0.0, "z": 1.5000000000000002, "x": -4.3750000000000009, "qz": -0.062499999999999979, "y": -3.425166865496446, "_k": 6, "qx": -0.0}, "13": {"qy": -0.0, "z": 1.5000000000000002, "x": -3.7500000000000013, "qz": -0.062499999999999979, "y": -3.425166865496446, "_k": 5, "qx": -0.0}, "3": {"qy": -0.0, "z": 1.5000000000000002, "x": 2.4999999999999978, "qz": -0.062499999999999979, "y": -3.425166865496446, "_k": 3, "qx": -0.0}, "1": {"qy": -0.0, "z": 1.5000000000000002, "x": 1.2499999999999978, "qz": -0.0625, "y": -3.425166865496446, "_k": 1, "qx": -0.0}, "9": {"qy": -0.0, "z": 1.5000000000000002, "x": -1.250000000000002, "qz": -0.062499999999999986, "y": -3.425166865496446, "_k": 1, "qx": -0.0}, "20": {"z": 0.67000000000000015, "x": 1.6666666666666647, "y": -3.425166865496446, "_k": 1, "type": "support"}, "16": {"z": 1.0000000000000002, "x": -1.6666666666666692, "y": -3.425166865496446, "_k": 0, "type": "_origin"}, "7": {"qx": -0.0, "qy": -0.0, "z": 1.5000000000000002, "x": 4.9999999999999973, "qz": -0.03125, "y": -3.425166865496446, "_k": 7, "type": "support"}, "18": {"type": "_origin", "qy": -0.0, "z": 1.5000000000000002, "x": -2.1316282072803005e-15, "qz": -0.0625, "y": -3.425166865496446, "_k": 0, "qx": -0.0}, "17": {"z": 1.0000000000000002, "x": 1.6666666666666647, "y": -3.425166865496446, "_k": 0, "type": "_origin"}, "6": {"qy": -0.0, "z": 1.5000000000000002, "x": 4.3749999999999973, "qz": -0.062499999999999979, "y": -3.425166865496446, "_k": 6, "qx": -0.0}, "19": {"z": 0.67000000000000015, "x": -1.6666666666666692, "y": -3.425166865496446, "_k": 1, "type": "support"}, "4": {"qy": -0.0, "z": 1.5000000000000002, "x": 3.1249999999999973, "qz": -0.0625, "y": -3.425166865496446, "_k": 4, "qx": -0.0}, "12": {"qy": -0.0, "z": 1.5000000000000002, "x": -3.1250000000000013, "qz": -0.0625, "y": -3.425166865496446, "_k": 4, "qx": -0.0}, "2": {"qy": -0.0, "z": 1.5000000000000002, "x": 1.8749999999999978, "qz": -0.0625, "y": -3.425166865496446, "_k": 2, "qx": -0.0}, "5": {"qy": -0.0, "z": 1.5000000000000002, "x": 3.7499999999999978, "qz": -0.0625, "y": -3.425166865496446, "_k": 5, "qx": -0.0}, "0": {"type": "_origin", "qy": -0.0, "z": 1.5000000000000002, "x": 0.62499999999999778, "qz": -0.0625, "y": -3.425166865496446, "_k": 0, "qx": -0.0}, "8": {"type": "_origin", "qy": -0.0, "z": 1.5000000000000002, "x": -0.62500000000000211, "qz": -0.0625, "y": -3.425166865496446, "_k": 0, "qx": -0.0}, "11": {"qy": -0.0, "z": 1.5000000000000002, "x": -2.5000000000000013, "qz": -0.062499999999999979, "y": -3.425166865496446, "_k": 3, "qx": -0.0}, "15": {"qx": -0.0, "qy": -0.0, "z": 1.5000000000000002, "x": -5.0000000000000009, "qz": -0.03125, "y": -3.425166865496446, "_k": 7, "type": "support"}}, "adjacency": {"21": {"18": null}, "10": {"11": null, "9": null}, "14": {"13": null, "15": null}, "13": {"14": null, "12": null}, "3": {"2": null, "4": null}, "1": {"2": null, "0": null}, "9": {"10": null, "8": null}, "20": {"17": null}, "16": {"19": null, "15": null, "17": null, "18": null}, "7": {"6": null, "17": null}, "18": {"21": null, "0": null, "17": null, "8": null, "16": null}, "17": {"20": null, "7": null, "16": null, "18": null}, "6": {"7": null, "5": null}, "19": {"16": null}, "4": {"3": null, "5": null}, "12": {"11": null, "13": null}, "2": {"1": null, "3": null}, "5": {"6": null, "4": null}, "0": {"1": null, "18": null}, "8": {"9": null, "18": null}, "11": {"10": null, "12": null}, "15": {"14": null, "16": null}}, "max_int_key": 21, "edge": {"21": {}, "10": {"11": {"length": -0.62499999999999956, "type": "trail"}}, "14": {"15": {"length": -0.625, "type": "trail"}}, "13": {"14": {"length": -0.62499999999999956, "type": "trail"}}, "3": {"4": {"length": -0.62499999999999956, "type": "trail"}}, "1": {"2": {"length": -0.625, "type": "trail"}}, "9": {"10": {"length": -0.62499999999999978, "type": "trail"}}, "20": {}, "16": {"19": {"length": 0.33000000000000002, "type": "trail"}, "17": {"force": 3.7999999999999998, "type": "deviation"}, "18": {"force": -1.0, "type": "deviation"}}, "7": {}, "18": {"0": {"force": -5.0, "type": "deviation"}, "8": {"force": -5.0, "type": "deviation"}, "21": {"length": 0.33000000000000002, "type": "trail"}, "17": {"force": -1.0, "type": "deviation"}}, "17": {"20": {"length": 0.33000000000000002, "type": "trail"}, "7": {"force": 3.7999999999999998, "type": "deviation"}}, "6": {"7": {"length": -0.625, "type": "trail"}}, "19": {}, "4": {"5": {"length": -0.62500000000000044, "type": "trail"}}, "12": {"13": {"length": -0.625, "type": "trail"}}, "2": {"3": {"length": -0.625, "type": "trail"}}, "5": {"6": {"length": -0.62499999999999956, "type": "trail"}}, "0": {"1": {"length": -0.625, "type": "trail"}}, "8": {"9": {"length": -0.62499999999999989, "type": "trail"}}, "11": {"12": {"length": -0.625, "type": "trail"}}, "15": {"16": {"force": 3.7999999999999998, "type": "deviation"}}}, "edge_attributes": {"length": 0.0, "type": null, "force": 0.0}, "node_attributes": {"qx": 0.0, "qy": 0.0, "z": 0.0, "rx": 0.0, "rz": 0.0, "x": 0.0, "qz": 0.0, "y": 0.0, "_k": null, "ry": 0.0, "type": null}, "attributes": {"_aux_vector": {"dtype": "compas.geometry/Vector", "value": [-0.0, -0.0, -1.0]}, "tol": "3f", "gkey_node": {"1.667,-3.425,1.000": 17, "5.000,-3.425,1.500": 7, "-0.625,-3.425,1.500": 8, "1.250,-3.425,1.500": 1, "0.625,-3.425,1.500": 0, "2.500,-3.425,1.500": 3, "-1.250,-3.425,1.500": 9, "0.000,-3.425,1.500": 18, "-2.500,-3.425,1.500": 11, "-3.750,-3.425,1.500": 13, "1.667,-3.425,0.670": 20, "0.000,-3.425,1.170": 21, "3.125,-3.425,1.500": 4, "1.875,-3.425,1.500": 2, "-1.875,-3.425,1.500": 10, "-3.125,-3.425,1.500": 12, "-1.667,-3.425,1.000": 16, "-4.375,-3.425,1.500": 14, "-1.667,-3.425,0.670": 19, "3.750,-3.425,1.500": 5, "-5.000,-3.425,1.500": 15, "4.375,-3.425,1.500": 6}, "name": "Network", "_auxiliary_trails": {"16": [16, 19], "17": [17, 20], "18": [18, 21]}, "_trails": {"0": [0, 1, 2, 3, 4, 5, 6, 7], "8": [8, 9, 10, 11, 12, 13, 14, 15], "16": [16, 19], "17": [17, 20], "18": [18, 21]}, "_aux_length": 0.33000000000000002}}, "datatype": "compas_cem.diagrams/TopologyDiagram", "compas": "1.7.1"}