{"compas": "1.7.1", "datatype": "compas_cem.diagrams/FormDiagram", "data": {"adjacency": {"5": {"4": null, "6": null, "1": null}, "4": {"0": null, "5": null}, "7": {"6": null, "3": null}, "6": {"5": null, "7": null, "2": null}, "1": {"5": null, "0": null, "2": null}, "0": {"4": null, "1": null}, "3": {"7": null, "2": null}, "2": {"6": null, "1": null, "3": null}}, "node_attributes": {"z": 0.0, "qx": 0.0, "rx": 0.0, "qy": 0.0, "ry": 0.0, "qz": 0.0, "type": null, "rz": 0.0, "_k": null, "y": 0.0, "x": 0.0}, "node": {"5": {"z": 0.28723041260998317, "type": "_origin", "_k": 0, "y": -3.4251668654964469, "x": -1.7367320752545381}, "4": {"z": 0.71141765260358303, "rx": -8.712007490225945, "ry": 1.3261063151685277e-15, "type": "support", "rz": 2.1750059721722641, "_k": 1, "y": -3.4251668654964464, "x": -5.1886355232741268}, "7": {"z": 0.71141765260357626, "rx": 8.7120074902259681, "ry": 1.3261063151685238e-15, "type": "support", "rz": 2.1750059721722552, "_k": 1, "y": -3.4251668654964464, "x": 5.188635523274117}, "6": {"z": 0.28723041260998095, "type": "_origin", "_k": 0, "y": -3.4251668654964469, "x": 1.7367320752545257}, "1": {"z": 1.5000000000000002, "qx": -0.0, "qy": -0.0, "qz": -0.33333333333333359, "type": "_origin", "_k": 0, "y": -3.425166865496446, "x": -1.6666666666666674}, "0": {"z": 1.62778424329005, "qx": -0.0, "rx": 19.712007490225947, "qy": -0.0, "ry": -1.3261063151685277e-15, "qz": -0.16666666666666669, "type": "support", "rz": -1.6750059721722581, "_k": 1, "y": -3.425166865496446, "x": -4.9975497775365012}, "3": {"z": 1.62778424329005, "qx": -0.0, "rx": -19.712007490225968, "qy": -0.0, "ry": -1.3261063151685238e-15, "qz": -0.16666666666666641, "type": "support", "rz": -1.6750059721722614, "_k": 1, "y": -3.425166865496446, "x": 4.9975497775364977}, "2": {"z": 1.5000000000000002, "qx": -0.0, "qy": -0.0, "qz": -0.33333333333333326, "type": "_origin", "_k": 0, "y": -3.425166865496446, "x": 1.6666666666666698}}, "max_int_key": 7, "attributes": {"gkey_node": {"-5.000,-3.425,1.490": 4, "1.737,-3.425,0.287": 6, "1.667,-3.425,1.500": 2, "-4.998,-3.425,1.628": 0, "5.000,-3.425,1.490": 7, "4.998,-3.425,1.628": 3, "5.000,-3.425,1.500": 3, "-5.189,-3.425,0.711": 4, "-1.667,-3.425,1.500": 1, "-1.737,-3.425,0.287": 5, "5.189,-3.425,0.711": 7, "-5.000,-3.425,1.500": 0}, "name": "Network", "tol": "3f"}, "edge_attributes": {"force": 0.0, "type": null, "length": 0.0}, "edge": {"5": {"6": {"force": 9.0, "type": "deviation", "length": 3.4734641505090638}, "1": {"force": -1.1000000000000001, "type": "deviation", "length": 1.2147918478400888}}, "4": {"0": {"force": -1.1000000000000001, "type": "deviation", "length": 0.93607771619157965}, "5": {"force": 9.0037768572548327, "length": 3.4778689206212059, "type": "trail"}}, "7": {"3": {"force": -1.1000000000000001, "type": "deviation", "length": 0.93607771619158497}}, "6": {"7": {"force": 9.0037768572548451, "length": 3.4778689206212081, "type": "trail"}, "2": {"force": -1.1000000000000001, "type": "deviation", "length": 1.2147918478400901}}, "1": {"2": {"force": -20.0, "type": "deviation", "length": 3.3333333333333375}}, "0": {"1": {"force": -19.951220906404942, "length": 3.3333333333333335, "type": "trail"}}, "3": {}, "2": {"3": {"force": -19.951220906404956, "length": 3.3333333333333277, "type": "trail"}}}}}