{"compas": "1.7.1", "datatype": "compas_cem.diagrams/TopologyDiagram", "data": {"adjacency": {"14": {"13": null, "6": null, "15": null}, "12": {"4": null, "13": null, "11": null}, "5": {"4": null, "13": null, "6": null}, "4": {"12": null, "3": null, "5": null}, "7": {"6": null, "15": null}, "6": {"7": null, "14": null, "5": null}, "1": {"0": null, "9": null, "2": null}, "0": {"1": null, "8": null}, "3": {"4": null, "11": null, "2": null}, "2": {"1": null, "3": null, "10": null}, "10": {"9": null, "11": null, "2": null}, "13": {"12": null, "14": null, "5": null}, "15": {"7": null, "14": null}, "11": {"12": null, "10": null, "3": null}, "9": {"1": null, "8": null, "10": null}, "8": {"0": null, "9": null}}, "node_attributes": {"z": 0.0, "qx": 0.0, "rx": 0.0, "qy": 0.0, "ry": 0.0, "qz": 0.0, "type": null, "rz": 0.0, "_k": null, "y": 0.0, "x": 0.0}, "node": {"14": {"_k": 2, "z": 0.84545621155853445, "y": -3.4251668654964469, "x": 3.6499092415578644}, "12": {"z": 0.15614040012962055, "type": "_origin", "_k": 0, "y": -3.4251668654964469, "x": 0.74775524606950405}, "5": {"z": 1.5000000000000002, "qx": -0.0, "qy": -0.0, "qz": -1.428571428571427, "_k": 1, "y": -3.425166865496446, "x": 2.142857142857141}, "4": {"z": 1.5000000000000002, "qx": -0.0, "qy": -0.0, "qz": -1.4285714285714284, "type": "_origin", "_k": 0, "y": -3.425166865496446, "x": 0.71428571428571286}, "7": {"z": 1.5000000000000002, "qx": -0.0, "qy": -0.0, "qz": -0.7142857142857153, "type": "support", "_k": 3, "y": -3.425166865496446, "x": 4.9999999999999973}, "6": {"z": 1.5000000000000002, "qx": -0.0, "qy": -0.0, "qz": -1.4285714285714282, "_k": 2, "y": -3.425166865496446, "x": 3.5714285714285667}, "1": {"z": 1.5000000000000002, "qx": -0.0, "qy": -0.0, "qz": -1.4285714285714279, "_k": 2, "y": -3.425166865496446, "x": -3.5714285714285725}, "0": {"z": 1.5000000000000002, "qx": -0.0, "qy": -0.0, "qz": -0.71428571428571419, "type": "support", "_k": 3, "y": -3.425166865496446, "x": -5.0000000000000009}, "3": {"z": 1.5000000000000002, "qx": -0.0, "qy": -0.0, "qz": -1.4285714285714288, "type": "_origin", "_k": 0, "y": -3.425166865496446, "x": -0.71428571428571608}, "2": {"z": 1.5000000000000002, "qx": -0.0, "qy": -0.0, "qz": -1.4285714285714282, "_k": 1, "y": -3.425166865496446, "x": -2.142857142857145}, "10": {"_k": 1, "z": 0.39153679124233753, "y": -3.4251668654964469, "x": -2.2246880725648897}, "13": {"_k": 1, "z": 0.39153679124233509, "y": -3.4251668654964469, "x": 2.2246880725648772}, "15": {"z": 1.4899999999999975, "type": "support", "_k": 3, "y": -3.4251668654964469, "x": 4.9999999999999902}, "11": {"z": 0.15614040012962085, "type": "_origin", "_k": 0, "y": -3.4251668654964469, "x": -0.74775524606951649}, "9": {"_k": 2, "z": 0.84545621155853778, "y": -3.4251668654964469, "x": -3.6499092415578764}, "8": {"z": 1.4900000000000007, "type": "support", "_k": 3, "y": -3.4251668654964469, "x": -5.0000000000000009}}, "max_int_key": 15, "attributes": {"gkey_node": {"-5.000,-3.425,1.490": 8, "-0.748,-3.425,0.156": 11, "0.714,-3.425,1.500": 4, "0.748,-3.425,0.156": 12, "-2.225,-3.425,0.392": 10, "3.650,-3.425,0.845": 14, "5.000,-3.425,1.490": 15, "-3.571,-3.425,1.500": 1, "3.571,-3.425,1.500": 6, "-0.714,-3.425,1.500": 3, "-2.143,-3.425,1.500": 2, "5.000,-3.425,1.500": 7, "2.225,-3.425,0.392": 13, "-5.000,-3.425,1.500": 0, "2.143,-3.425,1.500": 5, "-3.650,-3.425,0.845": 9}, "name": "Network", "_aux_length": 0.33000000000000002, "_trails": {"3": [3, 2, 1, 0], "4": [4, 5, 6, 7], "11": [11, 10, 9, 8], "12": [12, 13, 14, 15]}, "tol": "3f", "_auxiliary_trails": {}, "_aux_vector": {"dtype": "compas.geometry/Vector", "value": [-0.0, -0.0, -1.0]}}, "edge_attributes": {"force": 0.0, "type": null, "length": 0.0}, "edge": {"14": {"6": {"force": -1.1000000000000001, "type": "deviation"}, "15": {"length": 1.4960553971191402, "type": "trail"}}, "12": {"4": {"force": -1.1000000000000001, "type": "deviation"}, "13": {"length": 1.4955741489235839, "type": "trail"}}, "5": {"6": {"length": -1.4285714285714257, "type": "trail"}}, "4": {"5": {"length": -1.4285714285714282, "type": "trail"}}, "7": {}, "6": {"7": {"length": -1.4285714285714306, "type": "trail"}}, "1": {"2": {"length": -1.4285714285714275, "type": "trail"}}, "0": {"1": {"length": -1.4285714285714284, "type": "trail"}}, "3": {"4": {"force": -20.0, "type": "deviation"}}, "2": {"3": {"length": -1.4285714285714288, "type": "trail"}}, "10": {"11": {"length": 1.4955741489235841, "type": "trail"}, "2": {"force": -1.1000000000000001, "type": "deviation"}}, "13": {"14": {"length": 1.4957600812583318, "type": "trail"}, "5": {"force": -1.1000000000000001, "type": "deviation"}}, "15": {"7": {"force": -1.1000000000000001, "type": "deviation"}}, "11": {"12": {"force": 9.0, "type": "deviation"}, "3": {"force": -1.1000000000000001, "type": "deviation"}}, "9": {"1": {"force": -1.1000000000000001, "type": "deviation"}, "10": {"length": 1.4957600812583318, "type": "trail"}}, "8": {"0": {"force": -1.1000000000000001, "type": "deviation"}, "9": {"length": 1.4960553971191386, "type": "trail"}}}}}