{"compas": "1.7.1", "datatype": "compas_cem.diagrams/TopologyDiagram", "data": {"adjacency": {"16": {"15": null, "17": null, "38": null}, "36": {"37": null, "14": null, "35": null}, "26": {"4": null, "27": null, "25": null}, "15": {"37": null, "14": null, "16": null}, "18": {"19": null, "40": null, "17": null}, "35": {"36": null, "13": null, "34": null}, "25": {"26": null, "3": null, "24": null}, "28": {"27": null, "6": null, "29": null}, "38": {"37": null, "39": null, "16": null}, "40": {"41": null, "39": null, "18": null}, "10": {"32": null, "9": null, "11": null}, "30": {"31": null, "29": null, "8": null}, "20": {"21": null, "19": null, "42": null}, "17": {"18": null, "16": null, "39": null}, "37": {"36": null, "15": null, "38": null}, "27": {"28": null, "26": null, "5": null}, "42": {"20": null, "41": null, "43": null}, "12": {"13": null, "34": null, "11": null}, "32": {"31": null, "33": null, "10": null}, "22": {"23": null, "0": null}, "19": {"20": null, "41": null, "18": null}, "39": {"40": null, "17": null, "38": null}, "29": {"28": null, "7": null, "30": null}, "41": {"40": null, "19": null, "42": null}, "11": {"12": null, "33": null, "10": null}, "5": {"4": null, "27": null, "6": null}, "4": {"26": null, "3": null, "5": null}, "7": {"6": null, "8": null, "29": null}, "6": {"28": null, "7": null, "5": null}, "1": {"23": null, "0": null, "2": null}, "0": {"1": null, "22": null}, "3": {"4": null, "25": null, "2": null}, "2": {"1": null, "3": null, "24": null}, "21": {"20": null, "43": null}, "31": {"30": null, "32": null, "9": null}, "9": {"31": null, "8": null, "10": null}, "8": {"30": null, "7": null, "9": null}, "14": {"36": null, "13": null, "15": null}, "34": {"12": null, "33": null, "35": null}, "24": {"25": null, "23": null, "2": null}, "43": {"21": null, "42": null}, "13": {"12": null, "14": null, "35": null}, "33": {"32": null, "11": null, "34": null}, "23": {"22": null, "1": null, "24": null}}, "node_attributes": {"z": 0.0, "qx": 0.0, "rx": 0.0, "qy": 0.0, "ry": 0.0, "qz": 0.0, "type": null, "rz": 0.0, "_k": null, "y": 0.0, "x": 0.0}, "node": {"16": {"z": 1.5000000000000002, "qx": -0.0, "qy": -0.0, "qz": -0.47619047619047628, "_k": 5, "y": -3.425166865496446, "x": 2.6190476190476195}, "36": {"_k": 3, "z": 0.28723041260998122, "y": -3.4251668654964469, "x": 1.736732075254527}, "26": {"_k": 6, "z": 0.67107715741847485, "y": -3.4251668654964469, "x": -3.1823853252050869}, "15": {"z": 1.5000000000000002, "qx": -0.0, "qy": -0.0, "qz": -0.47619047619047483, "_k": 4, "y": -3.425166865496446, "x": 2.1428571428571432}, "18": {"z": 1.5000000000000002, "qx": -0.0, "qy": -0.0, "qz": -0.47619047619047716, "_k": 7, "y": -3.425166865496446, "x": 3.5714285714285743}, "35": {"_k": 2, "z": 0.20913467280459544, "y": -3.4251668654964469, "x": 1.2439041807721598}, "25": {"_k": 7, "z": 0.84545621155853778, "y": -3.4251668654964469, "x": -3.6499092415578764}, "28": {"_k": 4, "z": 0.39153679124233753, "y": -3.4251668654964469, "x": -2.2246880725648897}, "38": {"_k": 5, "z": 0.51961425213924306, "y": -3.4251668654964469, "x": 2.7069460995895351}, "40": {"_k": 7, "z": 0.8454562115585369, "y": -3.4251668654964469, "x": 3.6499092415578698}, "10": {"z": 1.5000000000000002, "qx": -0.0, "qy": -0.0, "qz": -0.47619047619047583, "type": "_origin", "_k": 0, "y": -3.425166865496446, "x": -0.23809523809523975}, "30": {"_k": 2, "z": 0.20913467280459674, "y": -3.4251668654964469, "x": -1.2439041807721718}, "20": {"z": 1.5000000000000002, "qx": -0.0, "qy": -0.0, "qz": -0.47619047619047361, "_k": 9, "y": -3.425166865496446, "x": 4.5238095238095246}, "17": {"z": 1.5000000000000002, "qx": -0.0, "qy": -0.0, "qz": -0.47619047619047739, "_k": 6, "y": -3.425166865496446, "x": 3.0952380952380958}, "37": {"_k": 4, "z": 0.39153679124233542, "y": -3.4251668654964469, "x": 2.224688072564879}, "27": {"_k": 5, "z": 0.51961425213924595, "y": -3.4251668654964469, "x": -2.7069460995895449}, "42": {"_k": 9, "z": 1.2559807594809551, "y": -3.4251668654964469, "x": 4.5592742979670593}, "12": {"z": 1.5000000000000002, "qx": -0.0, "qy": -0.0, "qz": -0.47619047619047672, "_k": 1, "y": -3.425166865496446, "x": 0.71428571428571286}, "32": {"z": 0.1297869169115245, "type": "_origin", "_k": 0, "y": -3.4251668654964469, "x": -0.24948444824089036}, "22": {"z": 1.4900000000000007, "type": "support", "_k": 10, "y": -3.4251668654964469, "x": -5.0000000000000009}, "19": {"z": 1.5000000000000002, "qx": -0.0, "qy": -0.0, "qz": -0.47619047619047516, "_k": 8, "y": -3.425166865496446, "x": 4.0476190476190501}, "39": {"_k": 6, "z": 0.67107715741847362, "y": -3.4251668654964469, "x": 3.1823853252050789}, "29": {"_k": 3, "z": 0.28723041260998317, "y": -3.4251668654964469, "x": -1.7367320752545381}, "41": {"_k": 8, "z": 1.040771120562294, "y": -3.4251668654964469, "x": 4.1090783305706102}, "11": {"z": 1.5000000000000002, "qx": -0.0, "qy": -0.0, "qz": -0.47619047619047628, "type": "_origin", "_k": 0, "y": -3.425166865496446, "x": 0.23809523809523567}, "5": {"z": 1.5000000000000002, "qx": -0.0, "qy": -0.0, "qz": -0.47619047619047583, "_k": 5, "y": -3.425166865496446, "x": -2.6190476190476204}, "4": {"z": 1.5000000000000002, "qx": -0.0, "qy": -0.0, "qz": -0.47619047619047605, "_k": 6, "y": -3.425166865496446, "x": -3.0952380952380967}, "7": {"z": 1.5000000000000002, "qx": -0.0, "qy": -0.0, "qz": -0.47619047619047639, "_k": 3, "y": -3.425166865496446, "x": -1.6666666666666674}, "6": {"z": 1.5000000000000002, "qx": -0.0, "qy": -0.0, "qz": -0.4761904761904765, "_k": 4, "y": -3.425166865496446, "x": -2.142857142857145}, "1": {"z": 1.5000000000000002, "qx": -0.0, "qy": -0.0, "qz": -0.47619047619047628, "_k": 9, "y": -3.425166865496446, "x": -4.5238095238095246}, "0": {"z": 1.5000000000000002, "qx": -0.0, "qy": -0.0, "qz": -0.23809523809523814, "type": "support", "_k": 10, "y": -3.425166865496446, "x": -5.0000000000000009}, "3": {"z": 1.5000000000000002, "qx": -0.0, "qy": -0.0, "qz": -0.47619047619047583, "_k": 7, "y": -3.425166865496446, "x": -3.5714285714285725}, "2": {"z": 1.5000000000000002, "qx": -0.0, "qy": -0.0, "qz": -0.47619047619047605, "_k": 8, "y": -3.425166865496446, "x": -4.0476190476190483}, "21": {"z": 1.5000000000000002, "qx": -0.0, "qy": -0.0, "qz": -0.23809523809523636, "type": "support", "_k": 10, "y": -3.425166865496446, "x": 4.9999999999999973}, "31": {"_k": 1, "z": 0.15614040012962085, "y": -3.4251668654964469, "x": -0.74775524606951649}, "9": {"z": 1.5000000000000002, "qx": -0.0, "qy": -0.0, "qz": -0.47619047619047628, "_k": 1, "y": -3.425166865496446, "x": -0.71428571428571608}, "8": {"z": 1.5000000000000002, "qx": -0.0, "qy": -0.0, "qz": -0.47619047619047566, "_k": 2, "y": -3.425166865496446, "x": -1.1904761904761922}, "14": {"z": 1.5000000000000002, "qx": -0.0, "qy": -0.0, "qz": -0.47619047619047705, "_k": 3, "y": -3.425166865496446, "x": 1.6666666666666698}, "34": {"_k": 1, "z": 0.15614040012962055, "y": -3.4251668654964469, "x": 0.74775524606950405}, "24": {"_k": 8, "z": 1.040771120562296, "y": -3.4251668654964469, "x": -4.1090783305706164}, "43": {"z": 1.4899999999999975, "type": "support", "_k": 10, "y": -3.4251668654964469, "x": 4.9999999999999902}, "13": {"z": 1.5000000000000002, "qx": -0.0, "qy": -0.0, "qz": -0.4761904761904785, "_k": 2, "y": -3.425166865496446, "x": 1.1904761904761891}, "33": {"z": 0.12978691691152444, "type": "_origin", "_k": 0, "y": -3.4251668654964469, "x": 0.24948444824087712}, "23": {"_k": 9, "z": 1.2559807594809573, "y": -3.4251668654964469, "x": -4.5592742979670646}}, "max_int_key": 43, "attributes": {"gkey_node": {"5.000,-3.425,1.500": 21, "1.667,-3.425,1.500": 14, "-4.524,-3.425,1.500": 1, "-4.559,-3.425,1.256": 23, "0.748,-3.425,0.156": 34, "-0.249,-3.425,0.130": 32, "-3.182,-3.425,0.671": 26, "-5.000,-3.425,1.500": 0, "-3.650,-3.425,0.845": 25, "-2.143,-3.425,1.500": 6, "-5.000,-3.425,1.490": 22, "0.249,-3.425,0.130": 33, "-1.190,-3.425,1.500": 8, "-4.048,-3.425,1.500": 2, "-3.571,-3.425,1.500": 3, "5.000,-3.425,1.490": 43, "2.707,-3.425,0.520": 38,