{"compas": "1.7.1", "datatype": "compas_cem.diagrams/TopologyDiagram", "data": {"adjacency": {"16": {"15": null, "17": null, "5": null}, "15": {"4": null, "14": null, "16": null}, "18": {"7": null, "19": null, "17": null}, "10": {"21": null, "9": null}, "20": {"21": null, "19": null, "9": null}, "17": {"6": null, "18": null, "16": null}, "12": {"13": null, "1": null, "11": null}, "19": {"20": null, "18": null, "8": null}, "11": {"12": null, "0": null}, "5": {"4": null, "6": null, "16": null}, "4": {"15": null, "3": null, "5": null}, "7": {"6": null, "18": null, "8": null}, "6": {"7": null, "17": null, "5": null}, "1": {"12": null, "0": null, "2": null}, "0": {"1": null, "11": null}, "3": {"4": null, "14": null, "2": null}, "2": {"13": null, "1": null, "3": null}, "21": {"20": null, "10": null}, "9": {"20": null, "8": null, "10": null}, "8": {"7": null, "19": null, "9": null}, "14": {"13": null, "15": null, "3": null}, "13": {"12": null, "14": null, "2": null}}, "node_attributes": {"z": 0.0, "qx": 0.0, "rx": 0.0, "qy": 0.0, "ry": 0.0, "qz": 0.0, "type": null, "rz": 0.0, "_k": null, "y": 0.0, "x": 0.0}, "node": {"16": {"z": 0.12657978240272752, "type": "_origin", "_k": 0, "y": -3.4251668654964469, "x": -5.8841820305133297e-15}, "15": {"_k": 1, "z": 0.18488548522827281, "y": -3.4251668654964469, "x": -1.045778202601539}, "18": {"_k": 1, "z": 0.35773996460859764, "y": -3.4251668654964469, "x": 2.0788496065005724}, "10": {"z": 1.5000000000000002, "qx": -0.0, "qy": -0.0, "qz": -0.5, "type": "support", "_k": 5, "y": -3.425166865496446, "x": 4.9999999999999973}, "20": {"_k": 3, "z": 1.0203360357502984, "y": -3.4251668654964469, "x": 4.063550283874096}, "17": {"z": 0.18488548522827256, "type": "_origin", "_k": 0, "y": -3.4251668654964469, "x": 1.045778202601527}, "12": {"_k": 4, "z": 1.0203360357503015, "y": -3.4251668654964469, "x": -4.0635502838741067}, "19": {"_k": 2, "z": 0.63922850908250273, "y": -3.4251668654964469, "x": 3.0877990476486739}, "11": {"z": 1.4900000000000007, "type": "support", "_k": 5, "y": -3.4251668654964469, "x": -5.0000000000000009}, "5": {"z": 1.5000000000000002, "qx": -0.0, "qy": -0.0, "qz": -1.0, "type": "_origin", "_k": 0, "y": -3.425166865496446, "x": 2.2204460492503131e-16}, "4": {"z": 1.5000000000000002, "qx": -0.0, "qy": -0.0, "qz": -1.0000000000000004, "type": "_origin", "_k": 0, "y": -3.425166865496446, "x": -1.0000000000000018}, "7": {"z": 1.5000000000000002, "qx": -0.0, "qy": -0.0, "qz": -0.99999999999999944, "_k": 2, "y": -3.425166865496446, "x": 1.9999999999999973}, "6": {"z": 1.5000000000000002, "qx": -0.0, "qy": -0.0, "qz": -0.99999999999999856, "_k": 1, "y": -3.425166865496446, "x": 0.99999999999999845}, "1": {"z": 1.5000000000000002, "qx": -0.0, "qy": -0.0, "qz": -1.0, "_k": 3, "y": -3.425166865496446, "x": -4.0000000000000009}, "0": {"z": 1.5000000000000002, "qx": -0.0, "qy": -0.0, "qz": -0.5, "type": "support", "_k": 4, "y": -3.425166865496446, "x": -5.0000000000000009}, "3": {"z": 1.5000000000000002, "qx": -0.0, "qy": -0.0, "qz": -0.99999999999999956, "_k": 1, "y": -3.425166865496446, "x": -2.0000000000000009}, "2": {"z": 1.5000000000000002, "qx": -0.0, "qy": -0.0, "qz": -1.0, "_k": 2, "y": -3.425166865496446, "x": -3.0000000000000009}, "21": {"z": 1.4899999999999975, "type": "support", "_k": 4, "y": -3.4251668654964469, "x": 4.9999999999999902}, "9": {"z": 1.5000000000000002, "qx": -0.0, "qy": -0.0, "qz": -1.0, "_k": 4, "y": -3.425166865496446, "x": 3.9999999999999973}, "8": {"z": 1.5000000000000002, "qx": -0.0, "qy": -0.0, "qz": -1.0, "_k": 3, "y": -3.425166865496446, "x": 2.9999999999999973}, "14": {"_k": 2, "z": 0.3577399646085998, "y": -3.4251668654964469, "x": -2.0788496065005839}, "13": {"_k": 3, "z": 0.63922850908250528, "y": -3.4251668654964469, "x": -3.0877990476486863}}, "max_int_key": 21, "attributes": {"gkey_node": {"5.000,-3.425,1.500": 10, "0.000,-3.425,0.127": 16, "4.064,-3.425,1.020": 20, "-4.000,-3.425,1.500": 1, "-5.000,-3.425,1.500": 0, "1.046,-3.425,0.185": 17, "-5.000,-3.425,1.490": 11, "-1.046,-3.425,0.185": 15, "-4.064,-3.425,1.020": 12, "5.000,-3.425,1.490": 21, "-3.088,-3.425,0.639": 13, "-1.000,-3.425,1.500": 4, "2.079,-3.425,0.358": 18, "0.000,-3.425,1.500": 5, "2.000,-3.425,1.500": 7, "1.000,-3.425,1.500": 6, "3.000,-3.425,1.500": 8, "-2.079,-3.425,0.358": 14, "3.088,-3.425,0.639": 19, "4.000,-3.425,1.500": 9, "-2.000,-3.425,1.500": 3, "-3.000,-3.425,1.500": 2}, "name": "Network", "_aux_length": 0.33000000000000002, "_trails": {"16": [16, 15, 14, 13, 12, 11], "17": [17, 18, 19, 20, 21], "4": [4, 3, 2, 1, 0], "5": [5, 6, 7, 8, 9, 10]}, "tol": "3f", "_auxiliary_trails": {}, "_aux_vector": {"dtype": "compas.geometry/Vector", "value": [-0.0, -0.0, -1.0]}}, "edge_attributes": {"force": 0.0, "type": null, "length": 0.0}, "edge": {"16": {"17": {"force": 9.0, "type": "deviation"}, "5": {"force": -1.1000000000000001, "type": "deviation"}}, "15": {"4": {"force": -1.1000000000000001, "type": "deviation"}, "16": {"length": 1.0474023123988578, "type": "trail"}}, "18": {"7": {"force": -1.1000000000000001, "type": "deviation"}, "19": {"length": 1.0474802028979373, "type": "trail"}}, "10": {}, "20": {"21": {"length": 1.0476269899859447, "type": "trail"}, "9": {"force": -1.1000000000000001, "type": "deviation"}}, "17": {"6": {"force": -1.1000000000000001, "type": "deviation"}, "18": {"length": 1.0474326692421752, "type": "trail"}}, "12": {"13": {"length": 1.0475368355710843, "type": "trail"}, "1": {"force": -1.1000000000000001, "type": "deviation"}}, "19": {"20": {"length": 1.0475368355710857, "type": "trail"}, "8": {"force": -1.1000000000000001, "type": "deviation"}}, "11": {"12": {"length": 1.0476269899859447, "type": "trail"}, "0": {"force": -1.1000000000000001, "type": "deviation"}}, "5": {"6": {"length": -0.99999999999999822, "type": "trail"}}, "4": {"5": {"force": -20.0, "type": "deviation"}}, "7": {"8": {"length": -1.0, "type": "trail"}}, "6": {"7": {"length": -0.99999999999999889, "type": "trail"}}, "1": {"2": {"length": -1.0, "type": "trail"}}, "0": {"1": {"length": -1.0, "type": "trail"}}, "3": {"4": {"length": -0.99999999999999911, "type": "trail"}}, "2": {"3": {"length": -1.0, "type": "trail"}}, "21": {"10": {"force": -1.1000000000000001, "type": "deviation"}}, "9": {"10": {"length": -1.0, "type": "trail"}}, "8": {"9": {"length": -1.0, "type": "trail"}}, "14": {"15": {"length": 1.0474326692421749, "type": "trail"}, "3": {"force": -1.1000000000000001, "type": "deviation"}}, "13": {"14": {"length": 1.0474802028979382, "type": "trail"}, "2": {"force": -1.1000000000000001, "type": "deviation"}}}}}