{"compas": "1.7.1", "datatype": "compas_cem.diagrams/TopologyDiagram", "data": {"adjacency": {"16": {"15": null, "17": null, "3": null}, "15": {"14": null, "16": null, "2": null}, "18": {"19": null, "17": null, "5": null}, "25": {"12": null, "24": null}, "10": {"23": null, "9": null, "11": null}, "20": {"21": null, "7": null, "19": null}, "17": {"4": null, "18": null, "16": null}, "12": {"11": null, "25": null}, "22": {"21": null, "23": null, "9": null}, "19": {"20": null, "6": null, "18": null}, "11": {"12": null, "10": null, "24": null}, "5": {"4": null, "6": null, "18": null}, "4": {"5": null, "17": null, "3": null}, "7": {"20": null, "6": null, "8": null}, "6": {"7": null, "19": null, "5": null}, "1": {"14": null, "0": null, "2": null}, "0": {"13": null, "1": null}, "3": {"4": null, "16": null, "2": null}, "2": {"1": null, "15": null, "3": null}, "21": {"20": null, "22": null, "8": null}, "9": {"22": null, "8": null, "10": null}, "8": {"7": null, "21": null, "9": null}, "14": {"13": null, "15": null, "1": null}, "24": {"23": null, "11": null, "25": null}, "13": {"14": null, "0": null}, "23": {"22": null, "10": null, "24": null}}, "node_attributes": {"z": 0.0, "qx": 0.0, "rx": 0.0, "qy": 0.0, "ry": 0.0, "qz": 0.0, "type": null, "rz": 0.0, "_k": null, "y": 0.0, "x": 0.0}, "node": {"16": {"_k": 3, "z": 0.48524960132751632, "y": -3.4251668654964469, "x": -2.5870126010578831}, "15": {"_k": 4, "z": 0.75558682872839111, "y": -3.4251668654964469, "x": -3.4171482928843928}, "18": {"_k": 1, "z": 0.16696712980378142, "y": -3.4251668654964469, "x": -0.8720442448587048}, "25": {"z": 1.4899999999999975, "type": "support", "_k": 5, "y": -3.4251668654964469, "x": 4.9999999999999902}, "10": {"z": 1.5000000000000002, "qx": -0.0, "qy": -0.0, "qz": -0.83333333333333481, "_k": 4, "y": -3.425166865496446, "x": 3.3333333333333366}, "20": {"z": 0.16696712980378098, "type": "_origin", "_k": 0, "y": -3.4251668654964469, "x": 0.87204424485869092}, "17": {"_k": 2, "z": 0.28723041260998317, "y": -3.4251668654964469, "x": -1.7367320752545381}, "12": {"z": 1.5000000000000002, "qx": -0.0, "qy": -0.0, "qz": -0.41666666666666519, "type": "support", "_k": 6, "y": -3.425166865496446, "x": 4.9999999999999973}, "22": {"_k": 2, "z": 0.48524960132751399, "y": -3.4251668654964469, "x": 2.5870126010578725}, "19": {"z": 0.12657978240272752, "type": "_origin", "_k": 0, "y": -3.4251668654964469, "x": -6.6197047843274959e-15}, "11": {"z": 1.5000000000000002, "qx": -0.0, "qy": -0.0, "qz": -0.83333333333333037, "_k": 5, "y": -3.425166865496446, "x": 4.166666666666667}, "5": {"z": 1.5000000000000002, "qx": -0.0, "qy": -0.0, "qz": -0.83333333333333381, "type": "_origin", "_k": 0, "y": -3.425166865496446, "x": -0.83333333333333559}, "4": {"z": 1.5000000000000002, "qx": -0.0, "qy": -0.0, "qz": -0.83333333333333282, "_k": 1, "y": -3.425166865496446, "x": -1.6666666666666674}, "7": {"z": 1.5000000000000002, "qx": -0.0, "qy": -0.0, "qz": -0.83333333333333481, "_k": 1, "y": -3.425166865496446, "x": 0.83333333333333059}, "6": {"z": 1.5000000000000002, "qx": -0.0, "qy": -0.0, "qz": -0.83333333333333304, "type": "_origin", "_k": 0, "y": -3.425166865496446, "x": 2.2204460492503131e-16}, "1": {"z": 1.5000000000000002, "qx": -0.0, "qy": -0.0, "qz": -0.83333333333333304, "_k": 4, "y": -3.425166865496446, "x": -4.1666666666666679}, "0": {"z": 1.5000000000000002, "qx": -0.0, "qy": -0.0, "qz": -0.41666666666666652, "type": "support", "_k": 5, "y": -3.425166865496446, "x": -5.0000000000000009}, "3": {"z": 1.5000000000000002, "qx": -0.0, "qy": -0.0, "qz": -0.8333333333333337, "_k": 2, "y": -3.425166865496446, "x": -2.5000000000000013}, "2": {"z": 1.5000000000000002, "qx": -0.0, "qy": -0.0, "qz": -0.83333333333333326, "_k": 3, "y": -3.425166865496446, "x": -3.3333333333333348}, "21": {"_k": 1, "z": 0.28723041260998095, "y": -3.4251668654964469, "x": 1.7367320752545257}, "9": {"z": 1.5000000000000002, "qx": -0.0, "qy": -0.0, "qz": -0.83333333333333337, "_k": 3, "y": -3.425166865496446, "x": 2.4999999999999973}, "8": {"z": 1.5000000000000002, "qx": -0.0, "qy": -0.0, "qz": -0.83333333333333337, "_k": 2, "y": -3.425166865496446, "x": 1.6666666666666698}, "14": {"_k": 5, "z": 1.0926301697516407, "y": -3.4251668654964469, "x": -4.2225430415915106}, "24": {"_k": 4, "z": 1.0926301697516363, "y": -3.4251668654964469, "x": 4.2225430415915008}, "13": {"z": 1.4900000000000007, "type": "support", "_k": 6, "y": -3.4251668654964469, "x": -5.0000000000000009}, "23": {"_k": 3, "z": 0.75558682872838889, "y": -3.4251668654964469, "x": 3.4171482928843813}}, "max_int_key": 25, "attributes": {"gkey_node": {"5.000,-3.425,1.500": 12, "-2.500,-3.425,1.500": 3, "1.667,-3.425,1.500": 8, "0.000,-3.425,0.127": 19, "4.167,-3.425,1.500": 11, "2.500,-3.425,1.500": 9, "-5.000,-3.425,1.500": 0, "0.833,-3.425,1.500": 7, "-5.000,-3.425,1.490": 13, "-4.167,-3.425,1.500": 1, "-0.833,-3.425,1.500": 5, "5.000,-3.425,1.490": 25, "-3.333,-3.425,1.500": 2, "-0.872,-3.425,0.167": 18, "0.872,-3.425,0.167": 20, "-4.223,-3.425,1.093": 14, "-1.667,-3.425,1.500": 4, "-1.737,-3.425,0.287": 17, "-2.587,-3.425,0.485": 16, "0.000,-3.425,1.500": 6, "3.417,-3.425,0.756": 23, "2.587,-3.425,0.485": 22, "4.223,-3.425,1.093": 24, "1.737,-3.425,0.287": 21, "-3.417,-3.425,0.756": 15, "3.333,-3.425,1.500": 10}, "name": "Network", "_aux_length": 0.33000000000000002, "_trails": {"19": [19, 18, 17, 16, 15, 14, 13], "20": [20, 21, 22, 23, 24, 25], "5": [5, 4, 3, 2, 1, 0], "6": [6, 7, 8, 9, 10, 11, 12]}, "tol": "3f", "_auxiliary_trails": {}, "_aux_vector": {"dtype": "compas.geometry/Vector", "value": [-0.0, -0.0, -1.0]}}, "edge_attributes": {"force": 0.0, "type": null, "length": 0.0}, "edge": {"16": {"17": {"length": 0.87303411826844601, "type": "trail"}, "3": {"force": -1.1000000000000001, "type": "deviation"}}, "15": {"16": {"length": 0.87304494922258746, "type": "trail"}, "2": {"force": -1.1000000000000001, "type": "deviation"}}, "18": {"19": {"length": 0.87297898188975342, "type": "trail"}, "5": {"force": -1.1000000000000001, "type": "deviation"}}, "25": {"12": {"force": -1.1000000000000001, "type": "deviation"}}, "10": {"11": {"length": -0.83333333333333037, "type": "trail"}}, "20": {"21": {"length": 0.8730110544695181, "type": "trail"}, "7": {"force": -1.1000000000000001, "type": "deviation"}}, "17": {"4": {"force": -1.1000000000000001, "type": "deviation"}, "18": {"length": 0.87301105446951677, "type": "trail"}}, "12": {}, "22": {"23": {"length": 0.87304494922258646, "type": "trail"}, "9": {"force": -1.1000000000000001, "type": "deviation"}}, "19": {"20": {"force": 9.0, "type": "deviation"}, "6": {"force": -1.1000000000000001, "type": "deviation"}}, "11": {"12": {"length": -0.83333333333333037, "type": "trail"}}, "5": {"6": {"force": -20.0, "type": "deviation"}}, "4": {"5": {"length": -0.83333333333333182, "type": "trail"}}, "7": {"8": {"length": -0.83333333333333925, "type": "trail"}}, "6": {"7": {"length": -0.83333333333333037, "type": "trail"}}, "1": {"2": {"length": -0.83333333333333304, "type": "trail"}}, "0": {"1": {"length": -0.83333333333333304, "type": "trail"}}, "3": {"4": {"length": -0.83333333333333393, "type": "trail"}}, "2": {"3": {"length": -0.83333333333333348, "type": "trail"}}, "21": {"22": {"length": 0.87303411826844757, "type": "trail"}, "8": {"force": -1.1000000000000001, "type": "deviation"}}, "9": {"10": {"length": -0.83333333333333925, "type": "trail"}}, "8": {"9": {"length": -0.83333333333332749, "type": "trail"}}, "14": {"15": {"length": 0.87307440403044456, "type": "trail"}, "1": {"force": -1.1000000000000001, "type": "deviation"}}, "24": {"11": {"force": -1.1000000000000001, "type": "deviation"}, "25": {"length": 0.87312204425806994, "type": "trail"}}, "13": {"14": {"length": 0.87312204425807005, "type": "trail"}, "0": {"force": -1.1000000000000001, "type": "deviation"}}, "23": {"10": {"force": -1.1000000000000001, "type": "deviation"}, "24": {"length": 0.87307440403044534, "type": "trail"}}}}}