{"compas": "1.7.1", "datatype": "compas_cem.diagrams/TopologyDiagram", "data": {"adjacency": {"16": {"15": null, "17": null, "34": null}, "26": {"27": null, "8": null, "25": null}, "15": {"33": null, "14": null, "16": null}, "18": {"19": null, "0": null}, "35": {"17": null, "34": null}, "25": {"7": null, "26": null, "24": null}, "28": {"27": null, "29": null, "10": null}, "10": {"28": null, "9": null, "11": null}, "30": {"31": null, "12": null, "29": null}, "20": {"21": null, "19": null, "2": null}, "17": {"35": null, "16": null}, "27": {"28": null, "26": null, "9": null}, "12": {"30": null, "13": null, "11": null}, "32": {"31": null, "33": null, "14": null}, "22": {"4": null, "21": null, "23": null}, "19": {"20": null, "1": null, "18": null}, "29": {"28": null, "30": null, "11": null}, "11": {"12": null, "29": null, "10": null}, "5": {"4": null, "6": null, "23": null}, "4": {"22": null, "3": null, "5": null}, "7": {"6": null, "8": null, "25": null}, "6": {"5": null, "7": null, "24": null}, "1": {"19": null, "0": null, "2": null}, "0": {"1": null, "18": null}, "3": {"4": null, "21": null, "2": null}, "2": {"20": null, "1": null, "3": null}, "21": {"20": null, "22": null, "3": null}, "31": {"30": null, "13": null, "32": null}, "9": {"27": null, "8": null, "10": null}, "8": {"7": null, "26": null, "9": null}, "14": {"13": null, "32": null, "15": null}, "34": {"33": null, "35": null, "16": null}, "24": {"6": null, "23": null, "25": null}, "13": {"31": null, "12": null, "14": null}, "33": {"32": null, "15": null, "34": null}, "23": {"5": null, "22": null, "24": null}}, "node_attributes": {"z": 0.0, "qx": 0.0, "rx": 0.0, "qy": 0.0, "ry": 0.0, "qz": 0.0, "type": null, "rz": 0.0, "_k": null, "y": 0.0, "x": 0.0}, "node": {"16": {"z": 1.5000000000000002, "qx": -0.0, "qy": -0.0, "qz": -0.58823529411764586, "_k": 7, "y": -3.425166865496446, "x": 4.4117647058823506}, "26": {"z": 0.13110839482892381, "type": "_origin", "_k": 0, "y": -3.4251668654964469, "x": -0.30817953389405356}, "15": {"z": 1.5000000000000002, "qx": -0.0, "qy": -0.0, "qz": -0.58823529411764675, "_k": 6, "y": -3.425166865496446, "x": 3.8235294117647056}, "18": {"z": 1.4900000000000007, "type": "support", "_k": 8, "y": -3.4251668654964469, "x": -5.0000000000000009}, "35": {"z": 1.4899999999999975, "type": "support", "_k": 8, "y": -3.4251668654964469, "x": 4.9999999999999902}, "25": {"_k": 1, "z": 0.17153017151828515, "y": -3.4251668654964469, "x": -0.92321177756208661}, "28": {"_k": 1, "z": 0.17153017151828484, "y": -3.4251668654964469, "x": 0.92321177756207473}, "10": {"z": 1.5000000000000002, "qx": -0.0, "qy": -0.0, "qz": -0.58823529411764719, "_k": 1, "y": -3.425166865496446, "x": 0.88235294117646945}, "30": {"_k": 3, "z": 0.37094038414415537, "y": -3.4251668654964469, "x": 2.1390656522184393}, "20": {"_k": 6, "z": 0.94630278801450718, "y": -3.4251668654964469, "x": -3.894087334350484}, "17": {"z": 1.5000000000000002, "qx": -0.0, "qy": -0.0, "qz": -0.29411764705882337, "type": "support", "_k": 8, "y": -3.425166865496446, "x": 4.9999999999999973}, "27": {"z": 0.13110839482892367, "type": "_origin", "_k": 0, "y": -3.4251668654964469, "x": 0.30817953389404101}, "12": {"z": 1.5000000000000002, "qx": -0.0, "qy": -0.0, "qz": -0.58823529411764708, "_k": 3, "y": -3.425166865496446, "x": 2.0588235294117627}, "32": {"_k": 5, "z": 0.72018824741085263, "y": -3.4251668654964469, "x": 3.3207013274376789}, "22": {"_k": 4, "z": 0.52770005233024098, "y": -3.4251668654964469, "x": -2.7351657463028758}, "19": {"_k": 7, "z": 1.2037239091868785, "y": -3.4251668654964469, "x": -4.4541225999160794}, "29": {"_k": 2, "z": 0.25178880311740071, "y": -3.4251668654964469, "x": 1.5343255492739525}, "11": {"z": 1.5000000000000002, "qx": -0.0, "qy": -0.0, "qz": -0.58823529411764663, "_k": 2, "y": -3.425166865496446, "x": 1.4705882352941162}, "5": {"z": 1.5000000000000002, "qx": -0.0, "qy": -0.0, "qz": -0.58823529411764697, "_k": 3, "y": -3.425166865496446, "x": -2.0588235294117663}, "4": {"z": 1.5000000000000002, "qx": -0.0, "qy": -0.0, "qz": -0.58823529411764719, "_k": 4, "y": -3.425166865496446, "x": -2.647058823529413}, "7": {"z": 1.5000000000000002, "qx": -0.0, "qy": -0.0, "qz": -0.58823529411764697, "_k": 1, "y": -3.425166865496446, "x": -0.88235294117647178}, "6": {"z": 1.5000000000000002, "qx": -0.0, "qy": -0.0, "qz": -0.58823529411764719, "_k": 2, "y": -3.425166865496446, "x": -1.4705882352941191}, "1": {"z": 1.5000000000000002, "qx": -0.0, "qy": -0.0, "qz": -0.58823529411764719, "_k": 7, "y": -3.425166865496446, "x": -4.4117647058823533}, "0": {"z": 1.5000000000000002, "qx": -0.0, "qy": -0.0, "qz": -0.29411764705882382, "type": "support", "_k": 8, "y": -3.425166865496446, "x": -5.0000000000000009}, "3": {"z": 1.5000000000000002, "qx": -0.0, "qy": -0.0, "qz": -0.58823529411764675, "_k": 5, "y": -3.425166865496446, "x": -3.2352941176470607}, "2": {"z": 1.5000000000000002, "qx": -0.0, "qy": -0.0, "qz": -0.5882352941176463, "_k": 6, "y": -3.425166865496446, "x": -3.8235294117647065}, "21": {"_k": 5, "z": 0.72018824741085474, "y": -3.4251668654964469, "x": -3.3207013274376904}, "31": {"_k": 4, "z": 0.52770005233023742, "y": -3.4251668654964469, "x": 2.7351657463028656}, "9": {"z": 1.5000000000000002, "qx": -0.0, "qy": -0.0, "qz": -0.58823529411764719, "type": "_origin", "_k": 0, "y": -3.425166865496446, "x": 0.29411764705882182}, "8": {"z": 1.5000000000000002, "qx": -0.0, "qy": -0.0, "qz": -0.58823529411764675, "type": "_origin", "_k": 0, "y": -3.425166865496446, "x": -0.29411764705882504}, "14": {"z": 1.5000000000000002, "qx": -0.0, "qy": -0.0, "qz": -0.58823529411764763, "_k": 5, "y": -3.425166865496446, "x": 3.2352941176470571}, "34": {"_k": 7, "z": 1.2037239091868748, "y": -3.4251668654964469, "x": 4.4541225999160687}, "24": {"_k": 2, "z": 0.25178880311740109, "y": -3.4251668654964469, "x": -1.534325549273964}, "13": {"z": 1.5000000000000002, "qx": -0.0, "qy": -0.0, "qz": -0.58823529411764719, "_k": 4, "y": -3.425166865496446, "x": 2.6470588235294104}, "33": {"_k": 6, "z": 0.94630278801450474, "y": -3.4251668654964469, "x": 3.8940873343504734}, "23": {"_k": 3, "z": 0.3709403841441577, "y": -3.4251668654964469, "x": -2.1390656522184517}}, "max_int_key": 35, "attributes": {"gkey_node": {"5.000,-3.425,1.500": 17, "-0.294,-3.425,1.500": 8, "3.824,-3.425,1.500": 15, "-0.923,-3.425,0.172": 25, "-4.454,-3.425,1.204": 19, "2.735,-3.425,0.528": 31, "-5.000,-3.425,1.500": 0, "-1.534,-3.425,0.252": 24, "0.308,-3.425,0.131": 27, "-5.000,-3.425,1.490": 18, "1.534,-3.425,0.252": 29, "4.412,-3.425,1.500": 16, "2.647,-3.425,1.500": 13, "5.000,-3.425,1.490": 35, "-1.471,-3.425,1.500": 6, "4.454,-3.425,1.204": 34, "3.894,-3.425,0.946": 33, "-3.321,-3.425,0.720": 21, "-2.139,-3.425,0.371": 23, "0.923,-3.425,0.172": 28, "-0.308,-3.425,0.131": 26, "0.294,-3.425,1.500": 9, "-4.412,-3.425,1.500": 1, "-2.735,-3.425,0.528": 22, "1.471,-3.425,1.500": 11, "-3.235,-3.425,1.500": 3, "-2.059,-3.425,1.500": 5, "2.139,-3.425,0.371": 30, "0.882,-3.425,1.500": 10, "-2.647,-3.425,1.500": 4, "3.235,-3.425,1.500": 14, "-3.824,-3.425,1.500": 2, "-3.894,-3.425,0.946": 20, "-0.882,-3.425,1.500": 7, "3.321,-3.425,0.720": 32, "2.059,-3.425,1.500": 12}, "name": "Network", "_aux_length": 0.33000000000000002, "_trails": {"8": [8, 7, 6, 5, 4, 3, 2, 1, 0], "9": [9, 10, 11, 12, 13, 14, 15, 16, 17], "26": [26, 25, 24, 23, 22, 21, 20, 19, 18], "27": [27, 28, 29, 30, 31, 32, 33, 34, 35]}, "tol": "3f", "_auxiliary_trails": {}, "_aux_vector": {"dtype": "compas.geometry/Vector", "value": [-0.0, -0.0, -1.0]}}, "edge_attributes": {"force": 0.0, "type": null, "length": 0.0}, "edge": {"16": {"17": {"length": -0.58823529411764675, "type": "trail"}}, "26": {"27": {"force": 9.0, "type": "deviation"}, "8": {"force": -1.1000000000000001, "type": "deviation"}}, "15": {"16": {"length": -0.58823529411764497, "type": "trail"}}, "18": {"19": {"length": 0.6163895976520245, "type": "trail"}, "0": {"force": -1.1000000000000001, "type": "deviation"}},