{"compas": "1.7.1", "datatype": "compas_cem.diagrams/TopologyDiagram", "data": {"adjacency": {"5": {"4": null, "6": null, "1": null}, "4": {"0": null, "5": null}, "7": {"6": null, "3": null}, "6": {"5": null, "7": null, "2": null}, "1": {"5": null, "0": null, "2": null}, "0": {"4": null, "1": null}, "3": {"7": null, "2": null}, "2": {"6": null, "1": null, "3": null}}, "node_attributes": {"z": 0.0, "qx": 0.0, "rx": 0.0, "qy": 0.0, "ry": 0.0, "qz": 0.0, "type": null, "rz": 0.0, "_k": null, "y": 0.0, "x": 0.0}, "node": {"5": {"z": 0.28723041260998317, "type": "_origin", "_k": 0, "y": -3.4251668654964469, "x": -1.7367320752545381}, "4": {"z": 1.4900000000000007, "type": "support", "_k": 1, "y": -3.4251668654964469, "x": -5.0000000000000009}, "7": {"z": 1.4899999999999975, "type": "support", "_k": 1, "y": -3.4251668654964469, "x": 4.9999999999999902}, "6": {"z": 0.28723041260998095, "type": "_origin", "_k": 0, "y": -3.4251668654964469, "x": 1.7367320752545257}, "1": {"z": 1.5000000000000002, "qx": -0.0, "qy": -0.0, "qz": -0.33333333333333359, "type": "_origin", "_k": 0, "y": -3.425166865496446, "x": -1.6666666666666674}, "0": {"z": 1.5000000000000002, "qx": -0.0, "qy": -0.0, "qz": -0.16666666666666669, "type": "support", "_k": 1, "y": -3.425166865496446, "x": -5.0000000000000009}, "3": {"z": 1.5000000000000002, "qx": -0.0, "qy": -0.0, "qz": -0.16666666666666641, "type": "support", "_k": 1, "y": -3.425166865496446, "x": 4.9999999999999973}, "2": {"z": 1.5000000000000002, "qx": -0.0, "qy": -0.0, "qz": -0.33333333333333326, "type": "_origin", "_k": 0, "y": -3.425166865496446, "x": 1.6666666666666698}}, "max_int_key": 7, "attributes": {"gkey_node": {"-5.000,-3.425,1.490": 4, "1.737,-3.425,0.287": 6, "1.667,-3.425,1.500": 2, "5.000,-3.425,1.490": 7, "5.000,-3.425,1.500": 3, "-1.667,-3.425,1.500": 1, "-1.737,-3.425,0.287": 5, "-5.000,-3.425,1.500": 0}, "name": "Network", "_aux_length": 0.33000000000000002, "_trails": {"1": [1, 0], "2": [2, 3], "5": [5, 4], "6": [6, 7]}, "tol": "3f", "_auxiliary_trails": {}, "_aux_vector": {"dtype": "compas.geometry/Vector", "value": [-0.0, -0.0, -1.0]}}, "edge_attributes": {"force": 0.0, "type": null, "length": 0.0}, "edge": {"5": {"6": {"force": 9.0, "type": "deviation"}, "1": {"force": -1.1000000000000001, "type": "deviation"}}, "4": {"0": {"force": -1.1000000000000001, "type": "deviation"}, "5": {"length": 3.4778689206212059, "type": "trail"}}, "7": {"3": {"force": -1.1000000000000001, "type": "deviation"}}, "6": {"7": {"length": 3.4778689206212072, "type": "trail"}, "2": {"force": -1.1000000000000001, "type": "deviation"}}, "1": {"2": {"force": -20.0, "type": "deviation"}}, "0": {"1": {"length": -3.3333333333333335, "type": "trail"}}, "3": {}, "2": {"3": {"length": -3.3333333333333277, "type": "trail"}}}}}