{"compas": "1.7.1", "datatype": "compas_cem.diagrams/TopologyDiagram", "data": {"adjacency": {"14": {"13": null, "15": null, "5": null}, "17": {"8": null, "16": null}, "12": {"13": null, "3": null, "11": null}, "5": {"4": null, "6": null, "14": null}, "4": {"13": null, "3": null, "5": null}, "7": {"6": null, "8": null, "16": null}, "6": {"7": null, "15": null, "5": null}, "1": {"0": null, "10": null, "2": null}, "0": {"1": null, "9": null}, "3": {"4": null, "12": null, "2": null}, "2": {"1": null, "3": null, "11": null}, "10": {"1": null, "9": null, "11": null}, "13": {"4": null, "12": null, "14": null}, "15": {"6": null, "14": null, "16": null}, "11": {"12": null, "10": null, "2": null}, "9": {"0": null, "10": null}, "8": {"7": null, "17": null}, "16": {"7": null, "15": null, "17": null}}, "node_attributes": {"z": 0.0, "qx": 0.0, "rx": 0.0, "qy": 0.0, "ry": 0.0, "qz": 0.0, "type": null, "rz": 0.0, "_k": null, "y": 0.0, "x": 0.0}, "node": {"14": {"z": 0.21722929731696011, "type": "_origin", "_k": 0, "y": -3.4251668654964469, "x": 1.3057565887921208}, "17": {"z": 1.4899999999999975, "type": "support", "_k": 3, "y": -3.4251668654964469, "x": 4.9999999999999902}, "12": {"_k": 1, "z": 0.217229297316962, "y": -3.4251668654964469, "x": -1.305756588792133}, "5": {"z": 1.5000000000000002, "qx": -0.0, "qy": -0.0, "qz": -1.2499999999999987, "_k": 1, "y": -3.425166865496446, "x": 1.2499999999999982}, "4": {"z": 1.5000000000000002, "qx": -0.0, "qy": -0.0, "qz": -1.25, "type": "_origin", "_k": 0, "y": -3.425166865496446, "x": 2.2204460492503131e-16}, "7": {"z": 1.5000000000000002, "qx": -0.0, "qy": -0.0, "qz": -1.25, "_k": 3, "y": -3.425166865496446, "x": 3.7499999999999973}, "6": {"z": 1.5000000000000002, "qx": -0.0, "qy": -0.0, "qz": -1.2499999999999996, "_k": 2, "y": -3.425166865496446, "x": 2.4999999999999973}, "1": {"z": 1.5000000000000002, "qx": -0.0, "qy": -0.0, "qz": -1.2499999999999998, "_k": 2, "y": -3.425166865496446, "x": -3.7500000000000009}, "0": {"z": 1.5000000000000002, "qx": -0.0, "qy": -0.0, "qz": -0.625, "type": "support", "_k": 3, "y": -3.425166865496446, "x": -5.0000000000000009}, "3": {"z": 1.5000000000000002, "qx": -0.0, "qy": -0.0, "qz": -1.2500000000000009, "type": "_origin", "_k": 0, "y": -3.425166865496446, "x": -1.2500000000000018}, "2": {"z": 1.5000000000000002, "qx": -0.0, "qy": -0.0, "qz": -1.2499999999999996, "_k": 1, "y": -3.425166865496446, "x": -2.5000000000000013}, "10": {"_k": 3, "z": 0.91615587825247835, "y": -3.4251668654964469, "x": -3.8231718026181492}, "13": {"z": 0.12657978240272752, "type": "_origin", "_k": 0, "y": -3.4251668654964469, "x": -5.8841820305133297e-15}, "15": {"_k": 1, "z": 0.48524960132751399, "y": -3.4251668654964469, "x": 2.5870126010578725}, "11": {"_k": 2, "z": 0.48524960132751632, "y": -3.4251668654964469, "x": -2.5870126010578831}, "9": {"z": 1.4900000000000007, "type": "support", "_k": 4, "y": -3.4251668654964469, "x": -5.0000000000000009}, "8": {"z": 1.5000000000000002, "qx": -0.0, "qy": -0.0, "qz": -0.625, "type": "support", "_k": 4, "y": -3.425166865496446, "x": 4.9999999999999973}, "16": {"_k": 2, "z": 0.91615587825247491, "y": -3.4251668654964469, "x": 3.823171802618138}}, "max_int_key": 17, "attributes": {"gkey_node": {"-5.000,-3.425,1.490": 9, "-3.750,-3.425,1.500": 1, "2.500,-3.425,1.500": 6, "1.306,-3.425,0.217": 14, "2.587,-3.425,0.485": 15, "0.000,-3.425,0.127": 13, "3.750,-3.425,1.500": 7, "1.250,-3.425,1.500": 5, "-2.587,-3.425,0.485": 11, "3.823,-3.425,0.916": 16, "5.000,-3.425,1.490": 17, "-1.250,-3.425,1.500": 3, "5.000,-3.425,1.500": 8, "-1.306,-3.425,0.217": 12, "-2.500,-3.425,1.500": 2, "-5.000,-3.425,1.500": 0, "-3.823,-3.425,0.916": 10, "0.000,-3.425,1.500": 4}, "name": "Network", "_aux_length": 0.33000000000000002, "_trails": {"14": [14, 15, 16, 17], "3": [3, 2, 1, 0], "4": [4, 5, 6, 7, 8], "13": [13, 12, 11, 10, 9]}, "tol": "3f", "_auxiliary_trails": {}, "_aux_vector": {"dtype": "compas.geometry/Vector", "value": [-0.0, -0.0, -1.0]}}, "edge_attributes": {"force": 0.0, "type": null, "length": 0.0}, "edge": {"14": {"15": {"length": 1.3089888663884983, "type": "trail"}, "5": {"force": -1.1000000000000001, "type": "deviation"}}, "17": {"8": {"force": -1.1000000000000001, "type": "deviation"}}, "12": {"13": {"length": 1.3088993864037979, "type": "trail"}, "3": {"force": -1.1000000000000001, "type": "deviation"}}, "5": {"6": {"length": -1.2499999999999991, "type": "trail"}}, "4": {"5": {"length": -1.249999999999998, "type": "trail"}}, "7": {"8": {"length": -1.25, "type": "trail"}}, "6": {"7": {"length": -1.25, "type": "trail"}}, "1": {"2": {"length": -1.2499999999999996, "type": "trail"}}, "0": {"1": {"length": -1.25, "type": "trail"}}, "3": {"4": {"force": -20.0, "type": "deviation"}}, "2": {"3": {"length": -1.2499999999999996, "type": "trail"}}, "10": {"1": {"force": -1.1000000000000001, "type": "deviation"}, "11": {"length": 1.309110305167386, "type": "trail"}}, "13": {"4": {"force": -1.1000000000000001, "type": "deviation"}, "14": {"force": 9.0, "type": "deviation"}}, "15": {"6": {"force": -1.1000000000000001, "type": "deviation"}, "16": {"length": 1.3091103051673851, "type": "trail"}}, "11": {"12": {"length": 1.308988866388497, "type": "trail"}, "2": {"force": -1.1000000000000001, "type": "deviation"}}, "9": {"0": {"force": -1.1000000000000001, "type": "deviation"}, "10": {"length": 1.3092828885375398, "type": "trail"}}, "8": {}, "16": {"7": {"force": -1.1000000000000001, "type": "deviation"}, "17": {"length": 1.3092828885375403, "type": "trail"}}}}}