{"compas": "1.7.1", "datatype": "compas_cem.diagrams/TopologyDiagram", "data": {"adjacency": {"16": {"37": null, "15": null, "17": null}, "36": {"37": null, "15": null, "35": null}, "26": {"5": null, "27": null, "25": null}, "15": {"36": null, "14": null, "16": null}, "18": {"19": null, "39": null, "17": null}, "35": {"36": null, "14": null, "34": null}, "25": {"4": null, "26": null, "24": null}, "28": {"7": null, "27": null, "29": null}, "38": {"37": null, "39": null, "17": null}, "40": {"19": null, "41": null, "39": null}, "10": {"31": null, "9": null, "11": null}, "30": {"31": null, "9": null, "29": null}, "20": {"19": null, "41": null}, "17": {"18": null, "16": null, "38": null}, "37": {"36": null, "16": null, "38": null}, "27": {"28": null, "26": null, "6": null}, "12": {"13": null, "33": null, "11": null}, "32": {"31": null, "33": null, "11": null}, "22": {"21": null, "1": null, "23": null}, "19": {"20": null, "40": null, "18": null}, "39": {"40": null, "18": null, "38": null}, "29": {"28": null, "30": null, "8": null}, "41": {"20": null, "40": null}, "11": {"12": null, "32": null, "10": null}, "5": {"4": null, "26": null, "6": null}, "4": {"5": null, "3": null, "25": null}, "7": {"28": null, "6": null, "8": null}, "6": {"7": null, "27": null, "5": null}, "1": {"22": null, "0": null, "2": null}, "0": {"21": null, "1": null}, "3": {"24": null, "4": null, "2": null}, "2": {"1": null, "23": null, "3": null}, "21": {"22": null, "0": null}, "31": {"30": null, "32": null, "10": null}, "9": {"30": null, "8": null, "10": null}, "8": {"7": null, "9": null, "29": null}, "14": {"13": null, "15": null, "35": null}, "34": {"13": null, "33": null, "35": null}, "24": {"23": null, "3": null, "25": null}, "13": {"12": null, "14": null, "34": null}, "33": {"12": null, "32": null, "34": null}, "23": {"24": null, "22": null, "2": null}}, "node_attributes": {"z": 0.0, "qx": 0.0, "rx": 0.0, "qy": 0.0, "ry": 0.0, "qz": 0.0, "type": null, "rz": 0.0, "_k": null, "y": 0.0, "x": 0.0}, "node": {"16": {"z": 1.5000000000000002, "qx": -0.0, "qy": -0.0, "qz": -0.5, "_k": 6, "y": -3.425166865496446, "x": 2.9999999999999991}, "36": {"_k": 4, "z": 0.48524960132751399, "y": -3.4251668654964469, "x": 2.5870126010578725}, "26": {"_k": 5, "z": 0.48524960132751632, "y": -3.4251668654964469, "x": -2.5870126010578831}, "15": {"z": 1.5000000000000002, "qx": -0.0, "qy": -0.0, "qz": -0.50000000000000022, "_k": 5, "y": -3.425166865496446, "x": 2.4999999999999991}, "18": {"z": 1.5000000000000002, "qx": -0.0, "qy": -0.0, "qz": -0.50000000000000089, "_k": 8, "y": -3.425166865496446, "x": 3.9999999999999991}, "35": {"_k": 3, "z": 0.35773996460859792, "y": -3.4251668654964469, "x": 2.0788496065005733}, "25": {"_k": 6, "z": 0.63922850908250528, "y": -3.4251668654964469, "x": -3.0877990476486863}, "28": {"_k": 3, "z": 0.25709849385097522, "y": -3.4251668654964469, "x": -1.5646877460615245}, "38": {"_k": 6, "z": 0.81756116100948439, "y": -3.4251668654964469, "x": 3.5804451750109836}, "40": {"_k": 8, "z": 1.2448761787934632, "y": -3.4251668654964469, "x": 4.536929562131224}, "10": {"z": 1.5000000000000002, "qx": -0.0, "qy": -0.0, "qz": -0.49999999999999967, "type": "_origin", "_k": 0, "y": -3.425166865496446, "x": 2.2204460492503131e-16}, "30": {"_k": 1, "z": 0.1407817483880105, "y": -3.4251668654964469, "x": -0.52372040959658428}, "20": {"z": 1.5000000000000002, "qx": -0.0, "qy": -0.0, "qz": -0.24999999999999822, "type": "support", "_k": 10, "y": -3.425166865496446, "x": 4.9999999999999973}, "17": {"z": 1.5000000000000002, "qx": -0.0, "qy": -0.0, "qz": -0.5, "_k": 7, "y": -3.425166865496446, "x": 3.4999999999999991}, "37": {"_k": 5, "z": 0.63922850908250362, "y": -3.4251668654964469, "x": 3.0877990476486765}, "27": {"_k": 4, "z": 0.35773996460859991, "y": -3.4251668654964469, "x": -2.0788496065005844}, "12": {"z": 1.5000000000000002, "qx": -0.0, "qy": -0.0, "qz": -0.50000000000000044, "_k": 2, "y": -3.425166865496446, "x": 0.99999999999999845}, "32": {"z": 0.14078174838801022, "type": "_origin", "_k": 0, "y": -3.4251668654964469, "x": 0.52372040959657107}, "22": {"_k": 9, "z": 1.2448761787934657, "y": -3.4251668654964469, "x": -4.5369295621312302}, "19": {"z": 1.5000000000000002, "qx": -0.0, "qy": -0.0, "qz": -0.49999999999999911, "_k": 9, "y": -3.425166865496446, "x": 4.5000000000000009}, "39": {"_k": 7, "z": 1.0203360357502997, "y": -3.4251668654964469, "x": 4.0635502838740996}, "29": {"_k": 2, "z": 0.18488548522827289, "y": -3.4251668654964469, "x": -1.0457782026015399}, "41": {"z": 1.4899999999999975, "type": "support", "_k": 9, "y": -3.4251668654964469, "x": 4.9999999999999902}, "11": {"z": 1.5000000000000002, "qx": -0.0, "qy": -0.0, "qz": -0.49999999999999911, "_k": 1, "y": -3.425166865496446, "x": 0.49999999999999761}, "5": {"z": 1.5000000000000002, "qx": -0.0, "qy": -0.0, "qz": -0.49999999999999956, "_k": 4, "y": -3.425166865496446, "x": -2.5000000000000013}, "4": {"z": 1.5000000000000002, "qx": -0.0, "qy": -0.0, "qz": -0.49999999999999978, "_k": 5, "y": -3.425166865496446, "x": -3.0000000000000009}, "7": {"z": 1.5000000000000002, "qx": -0.0, "qy": -0.0, "qz": -0.5, "_k": 2, "y": -3.425166865496446, "x": -1.5000000000000022}, "6": {"z": 1.5000000000000002, "qx": -0.0, "qy": -0.0, "qz": -0.49999999999999956, "_k": 3, "y": -3.425166865496446, "x": -2.0000000000000018}, "1": {"z": 1.5000000000000002, "qx": -0.0, "qy": -0.0, "qz": -0.5, "_k": 8, "y": -3.425166865496446, "x": -4.5000000000000009}, "0": {"z": 1.5000000000000002, "qx": -0.0, "qy": -0.0, "qz": -0.25, "type": "support", "_k": 9, "y": -3.425166865496446, "x": -5.0000000000000009}, "3": {"z": 1.5000000000000002, "qx": -0.0, "qy": -0.0, "qz": -0.5, "_k": 6, "y": -3.425166865496446, "x": -3.5000000000000009}, "2": {"z": 1.5000000000000002, "qx": -0.0, "qy": -0.0, "qz": -0.5, "_k": 7, "y": -3.425166865496446, "x": -4.0000000000000009}, "21": {"z": 1.4900000000000007, "type": "support", "_k": 10, "y": -3.4251668654964469, "x": -5.0000000000000009}, "31": {"z": 0.12657978240272752, "type": "_origin", "_k": 0, "y": -3.4251668654964469, "x": -6.6197047843274959e-15}, "9": {"z": 1.5000000000000002, "qx": -0.0, "qy": -0.0, "qz": -0.500000000000001, "type": "_origin", "_k": 0, "y": -3.425166865496446, "x": -0.50000000000000167}, "8": {"z": 1.5000000000000002, "qx": -0.0, "qy": -0.0, "qz": -0.50000000000000022, "_k": 1, "y": -3.425166865496446, "x": -1.0000000000000018}, "14": {"z": 1.5000000000000002, "qx": -0.0, "qy": -0.0, "qz": -0.50000000000000033, "_k": 4, "y": -3.425166865496446, "x": 1.9999999999999987}, "34": {"_k": 2, "z": 0.2570984938509745, "y": -3.4251668654964469, "x": 1.5646877460615125}, "24": {"_k": 7, "z": 0.81756116100948539, "y": -3.4251668654964469, "x": -3.580445175010992}, "13": {"z": 1.5000000000000002, "qx": -0.0, "qy": -0.0, "qz": -0.50000000000000011, "_k": 3, "y": -3.425166865496446, "x": 1.4999999999999984}, "33": {"_k": 1, "z": 0.18488548522827256, "y": -3.4251668654964469, "x": 1.045778202601527}, "23": {"_k": 8, "z": 1.0203360357503015, "y": -3.4251668654964469, "x": -4.0635502838741067}}, "max_int_key": 41, "attributes": {"gkey_node": {"5.000,-3.425,1.500": 20, "-2.500,-3.425,1.500": 5, "0.000,-3.425,0.127": 31, "-0.524,-3.425,0.141": 30, "0.500,-3.425,1.500": 11, "2.500,-3.425,1.500": 15, "4.064,-3.425,1.020": 39, "-4.000,-3.425,1.500": 2, "-5.000,-3.425,1.500": 0, "1.046,-3.425,0.185": 33, "-3.500,-3.425,1.500": 3, "-5.000,-3.425,1.490": 21, "3.580,-3.425,0.818": 38, "-4.537,-3.425,1.245": 22, "-1.046,-3.425,0.185": 29, "0.524,-3.425,0.141": 32, "-4.064,-3.425,1.020": 23, "5.000,-3.425,1.490": 41, "-3.088,-3.425,0.639": 25, "-1.565,-3.425,0.257": 28, "-4.500,-3.425,1.500": 1, "1.565,-3.425,0.257": 34, "4.537,-3.425,1.245": 40, "-1.000,-3.425,1.500": 8, "-0.500,-3.425,1.500": 9, "2.079,-3.425,0.358": 35, "-2.587,-3.425,0.485": 26, "0.000,-3.425,1.500": 10, "-3.580,-3.425,0.818": 24, "2.000,-3.425,1.500": 14, "4.500,-3.425,1.500": 19, "2.587,-3.425,0.485": 36, "1.000,-3.425,1.500": 12,