{"compas": "1.7.1", "datatype": "compas_cem.diagrams/TopologyDiagram", "data": {"adjacency": {"16": {"15": null, "1": null, "17": null}, "26": {"27": null, "11": null, "25": null}, "15": {"0": null, "16": null}, "18": {"19": null, "17": null, "3": null}, "25": {"26": null, "10": null, "24": null}, "28": {"13": null, "27": null, "29": null}, "10": {"9": null, "11": null, "25": null}, "20": {"21": null, "19": null, "5": null}, "17": {"18": null, "16": null, "2": null}, "27": {"28": null, "26": null, "12": null}, "12": {"13": null, "27": null, "11": null}, "22": {"21": null, "7": null, "23": null}, "19": {"4": null, "20": null, "18": null}, "29": {"28": null, "14": null}, "11": {"12": null, "26": null, "10": null}, "5": {"4": null, "20": null, "6": null}, "4": {"19": null, "3": null, "5": null}, "7": {"6": null, "22": null, "8": null}, "6": {"21": null, "7": null, "5": null}, "1": {"0": null, "16": null, "2": null}, "0": {"1": null, "15": null}, "3": {"4": null, "18": null, "2": null}, "2": {"1": null, "3": null, "17": null}, "21": {"20": null, "6": null, "22": null}, "9": {"24": null, "8": null, "10": null}, "8": {"7": null, "23": null, "9": null}, "14": {"13": null, "29": null}, "24": {"23": null, "9": null, "25": null}, "13": {"28": null, "12": null, "14": null}, "23": {"22": null, "8": null, "24": null}}, "node_attributes": {"z": 0.0, "qx": 0.0, "rx": 0.0, "qy": 0.0, "ry": 0.0, "qz": 0.0, "type": null, "rz": 0.0, "_k": null, "y": 0.0, "x": 0.0}, "node": {"16": {"_k": 6, "z": 1.1459560904479236, "y": -3.4251668654964469, "x": -4.335331868508673}, "26": {"_k": 3, "z": 0.59232744578850904, "y": -3.4251668654964469, "x": 2.9456265224283005}, "15": {"z": 1.4900000000000007, "type": "support", "_k": 7, "y": -3.4251668654964469, "x": -5.0000000000000009}, "18": {"_k": 4, "z": 0.59232744578851282, "y": -3.4251668654964469, "x": -2.9456265224283169}, "25": {"_k": 2, "z": 0.39153679124233476, "y": -3.4251668654964469, "x": 2.2246880725648759}, "28": {"_k": 5, "z": 1.1459560904479187, "y": -3.4251668654964469, "x": 4.3353318685086606}, "10": {"z": 1.5000000000000002, "qx": -0.0, "qy": -0.0, "qz": -0.71428571428571341, "_k": 3, "y": -3.425166865496446, "x": 2.1428571428571379}, "20": {"_k": 2, "z": 0.24505632312013964, "y": -3.4251668654964469, "x": -1.4908112619329044}, "17": {"_k": 5, "z": 0.84545621155853778, "y": -3.4251668654964469, "x": -3.6499092415578764}, "27": {"_k": 4, "z": 0.84545621155853401, "y": -3.4251668654964469, "x": 3.6499092415578627}, "12": {"z": 1.5000000000000002, "qx": -0.0, "qy": -0.0, "qz": -0.71428571428571441, "_k": 5, "y": -3.425166865496446, "x": 3.5714285714285667}, "22": {"z": 0.12657978240272752, "type": "_origin", "_k": 0, "y": -3.4251668654964469, "x": -6.6197047843274959e-15}, "19": {"_k": 3, "z": 0.39153679124233753, "y": -3.4251668654964469, "x": -2.2246880725648897}, "29": {"z": 1.4899999999999975, "type": "support", "_k": 6, "y": -3.4251668654964469, "x": 4.9999999999999902}, "11": {"z": 1.5000000000000002, "qx": -0.0, "qy": -0.0, "qz": -0.71428571428571441, "_k": 4, "y": -3.425166865496446, "x": 2.8571428571428514}, "5": {"z": 1.5000000000000002, "qx": -0.0, "qy": -0.0, "qz": -0.71428571428571397, "_k": 1, "y": -3.425166865496446, "x": -1.428571428571431}, "4": {"z": 1.5000000000000002, "qx": -0.0, "qy": -0.0, "qz": -0.71428571428571397, "_k": 2, "y": -3.425166865496446, "x": -2.142857142857145}, "7": {"z": 1.5000000000000002, "qx": -0.0, "qy": -0.0, "qz": -0.71428571428571397, "type": "_origin", "_k": 0, "y": -3.425166865496446, "x": 2.2204460492503131e-16}, "6": {"z": 1.5000000000000002, "qx": -0.0, "qy": -0.0, "qz": -0.71428571428571563, "type": "_origin", "_k": 0, "y": -3.425166865496446, "x": -0.71428571428571697}, "1": {"z": 1.5000000000000002, "qx": -0.0, "qy": -0.0, "qz": -0.71428571428571419, "_k": 5, "y": -3.425166865496446, "x": -4.2857142857142865}, "0": {"z": 1.5000000000000002, "qx": -0.0, "qy": -0.0, "qz": -0.35714285714285721, "type": "support", "_k": 6, "y": -3.425166865496446, "x": -5.0000000000000009}, "3": {"z": 1.5000000000000002, "qx": -0.0, "qy": -0.0, "qz": -0.71428571428571375, "_k": 3, "y": -3.425166865496446, "x": -2.857142857142859}, "2": {"z": 1.5000000000000002, "qx": -0.0, "qy": -0.0, "qz": -0.71428571428571375, "_k": 4, "y": -3.425166865496446, "x": -3.5714285714285725}, "21": {"_k": 1, "z": 0.15614040012962091, "y": -3.4251668654964469, "x": -0.74775524606951715}, "9": {"z": 1.5000000000000002, "qx": -0.0, "qy": -0.0, "qz": -0.71428571428571341, "_k": 2, "y": -3.425166865496446, "x": 1.4285714285714246}, "8": {"z": 1.5000000000000002, "qx": -0.0, "qy": -0.0, "qz": -0.71428571428571219, "_k": 1, "y": -3.425166865496446, "x": 0.71428571428571108}, "14": {"z": 1.5000000000000002, "qx": -0.0, "qy": -0.0, "qz": -0.35714285714285854, "type": "support", "_k": 7, "y": -3.425166865496446, "x": 4.9999999999999973}, "24": {"_k": 1, "z": 0.24505632312013853, "y": -3.4251668654964469, "x": 1.4908112619328895}, "13": {"z": 1.5000000000000002, "qx": -0.0, "qy": -0.0, "qz": -0.7142857142857153, "_k": 6, "y": -3.425166865496446, "x": 4.2857142857142803}, "23": {"z": 0.15614040012962035, "type": "_origin", "_k": 0, "y": -3.4251668654964469, "x": 0.74775524606950183}}, "max_int_key": 29, "attributes": {"gkey_node": {"2.946,-3.425,0.592": 26, "5.000,-3.425,1.500": 14, "-4.335,-3.425,1.146": 16, "0.000,-3.425,0.127": 22, "-1.429,-3.425,1.500": 5, "1.491,-3.425,0.245": 24, "0.748,-3.425,0.156": 23, "-3.650,-3.425,0.845": 17, "-5.000,-3.425,1.500": 0, "-2.143,-3.425,1.500": 4, "-5.000,-3.425,1.490": 15, "4.286,-3.425,1.500": 13, "-3.571,-3.425,1.500": 2, "5.000,-3.425,1.490": 29, "-2.225,-3.425,0.392": 19, "3.650,-3.425,0.845": 27, "-0.748,-3.425,0.156": 21, "-4.286,-3.425,1.500": 1, "-2.857,-3.425,1.500": 3, "0.000,-3.425,1.500": 7, "0.714,-3.425,1.500": 8, "1.429,-3.425,1.500": 9, "-2.946,-3.425,0.592": 18, "2.857,-3.425,1.500": 11, "-0.714,-3.425,1.500": 6, "4.335,-3.425,1.146": 28, "2.143,-3.425,1.500": 10, "-1.491,-3.425,0.245": 20, "2.225,-3.425,0.392": 25, "3.571,-3.425,1.500": 12}, "name": "Network", "_aux_length": 0.33000000000000002, "_trails": {"7": [7, 8, 9, 10, 11, 12, 13, 14], "22": [22, 21, 20, 19, 18, 17, 16, 15], "23": [23, 24, 25, 26, 27, 28, 29], "6": [6, 5, 4, 3, 2, 1, 0]}, "tol": "3f", "_auxiliary_trails": {}, "_aux_vector": {"dtype": "compas.geometry/Vector", "value": [-0.0, -0.0, -1.0]}}, "edge_attributes": {"force": 0.0, "type": null, "length": 0.0}, "edge": {"16": {"1": {"force": -1.1000000000000001, "type": "deviation"}, "17": {"length": 0.74840119905613889, "type": "trail"}}, "26": {"27": {"length": 0.74839048666106522, "type": "trail"}, "11": {"force": -1.1000000000000001, "type": "deviation"}}, "15": {"0": {"force": -1.1000000000000001, "type": "deviation"}, "16": {"length": 0.74843165133501055, "type": "trail"}}, "18": {"19": {"length": 0.74837766899110703, "type": "trail"}, "3": {"force": -1.1000000000000001, "type": "deviation"}}, "25": {"26": {"length": 0.74837766899110414, "type": "trail"}, "10": {"force": -1.1000000000000001, "type": "deviation"}}, "28": {"13": {"force": -1.1000000000000001, "type": "deviation"}, "29": {"length": 0.74843165133501299, "type": "trail"}}, "10": {"11": {"length": -0.71428571428571352, "type": "trail"}}, "20": {"21": {"length": 0.74835705653920725, "type": "trail"}, "5": {"force": -1.1000000000000001, "type": "deviation"}}, "17": {"18": {"length": 0.74839048666106267, "type": "trail"}, "2": {"force": -1.1000000000000001, "type": "deviation"}}, "27": {"28": {"length": 0.74840119905613955, "type": "trail"}, "12": {"force": -1.1000000000000001, "type": "deviation"}}, "12": {"13": {"length": -0.71428571428571352, "type": "trail"}}, "22": {"7": {"force": -1.1000000000000001, "type": "deviation"}, "23": {"force": 9.0, "type": "deviation"}}, "19": {"4": {"force": -1.1000000000000001, "type": "deviation"}, "20": {"length": 0.74835265799265605, "type": "trail"}}, "29": {"14": {"force": -1.1000000000000001, "type": "deviation"}},