{"compas": "1.7.1", "datatype": "compas_cem.diagrams/TopologyDiagram", "data": {"adjacency": {"16": {"15": null, "35": null, "17": null}, "36": {"37": null, "35": null, "17": null}, "26": {"7": null, "27": null, "25": null}, "15": {"14": null, "16": null, "34": null}, "18": {"37": null, "17": null, "38": null}, "35": {"36": null, "16": null, "34": null}, "25": {"26": null, "6": null, "24": null}, "28": {"27": null, "9": null, "38": null}, "38": {"37": null, "19": null, "18": null, "39": null, "0": null, "28": null, "9": null}, "10": {"0": null, "29": null, "11": null}, "30": {"31": null, "29": null, "11": null}, "20": {"21": null, "19": null, "1": null}, "17": {"36": null, "18": null, "16": null}, "37": {"36": null, "18": null, "38": null}, "27": {"28": null, "26": null, "8": null}, "12": {"31": null, "13": null, "11": null}, "32": {"31": null, "13": null, "33": null}, "22": {"21": null, "23": null, "3": null}, "19": {"20": null, "0": null, "29": null, "38": null}, "39": {"38": null}, "29": {"30": null, "19": null, "10": null}, "11": {"30": null, "12": null, "10": null}, "5": {"4": null, "6": null, "24": null}, "4": {"23": null, "3": null, "5": null}, "7": {"26": null, "6": null, "8": null}, "6": {"5": null, "7": null, "25": null}, "1": {"20": null, "0": null, "2": null}, "0": {"19": null, "1": null, "10": null, "38": null}, "3": {"4": null, "22": null, "2": null}, "2": {"21": null, "1": null, "3": null}, "21": {"20": null, "22": null, "2": null}, "31": {"30": null, "12": null, "32": null}, "9": {"28": null, "8": null, "38": null}, "8": {"7": null, "27": null, "9": null}, "14": {"13": null, "33": null, "15": null}, "34": {"33": null, "15": null, "35": null}, "24": {"5": null, "23": null, "25": null}, "13": {"12": null, "32": null, "14": null}, "33": {"32": null, "14": null, "34": null}, "23": {"4": null, "22": null, "24": null}}, "node_attributes": {"z": 0.0, "qx": 0.0, "rx": 0.0, "qy": 0.0, "ry": 0.0, "qz": 0.0, "type": null, "rz": 0.0, "_k": null, "y": 0.0, "x": 0.0}, "node": {"16": {"z": 1.5000000000000002, "qx": -0.0, "qy": -0.0, "qz": -0.05555555555555558, "_k": 7, "y": -3.425166865496446, "x": 3.8888888888888871}, "36": {"z": 1.5000000000000002, "qx": -0.0, "qy": -0.0, "qz": -0.055555555555555511, "_k": 8, "y": -2.425166865496446, "x": 4.4444444444444429}, "26": {"z": 1.5000000000000002, "qx": -0.0, "qy": -0.0, "qz": -0.05555555555555558, "_k": 6, "y": -2.425166865496446, "x": -3.8888888888888906}, "15": {"z": 1.5000000000000002, "qx": -0.0, "qy": -0.0, "qz": -0.05555555555555558, "_k": 6, "y": -3.425166865496446, "x": 3.3333333333333313}, "18": {"z": 1.5000000000000002, "qx": -0.0, "qy": -0.0, "qz": -0.027777777777777724, "type": "support", "_k": 9, "y": -3.425166865496446, "x": 4.9999999999999973}, "35": {"z": 1.5000000000000002, "qx": -0.0, "qy": -0.0, "qz": -0.05555555555555558, "_k": 7, "y": -2.425166865496446, "x": 3.8888888888888871}, "25": {"z": 1.5000000000000002, "qx": -0.0, "qy": -0.0, "qz": -0.055555555555555559, "_k": 5, "y": -2.425166865496446, "x": -3.3333333333333348}, "28": {"z": 1.5000000000000002, "qx": -0.0, "qy": -0.0, "qz": -0.027777777777777724, "type": "support", "_k": 8, "y": -2.425166865496446, "x": -5.0000000000000009}, "38": {"z": -0.83153829077499308, "type": "_origin", "_k": 0, "y": -2.925166865496446, "x": -2.415923710588034e-16}, "10": {"z": 1.5000000000000002, "qx": -0.0, "qy": -0.0, "qz": -0.055555555555555573, "_k": 1, "y": -3.425166865496446, "x": 0.55555555555555391}, "30": {"z": 1.5000000000000002, "qx": -0.0, "qy": -0.0, "qz": -0.05555555555555558, "_k": 2, "y": -2.425166865496446, "x": 1.1111111111111096}, "20": {"z": 1.5000000000000002, "qx": -0.0, "qy": -0.0, "qz": -0.055555555555555539, "type": "_origin", "_k": 0, "y": -2.425166865496446, "x": -0.55555555555555747}, "17": {"z": 1.5000000000000002, "qx": -0.0, "qy": -0.0, "qz": -0.055555555555555511, "_k": 8, "y": -3.425166865496446, "x": 4.4444444444444429}, "37": {"z": 1.5000000000000002, "qx": -0.0, "qy": -0.0, "qz": -0.027777777777777724, "type": "support", "_k": 9, "y": -2.425166865496446, "x": 4.9999999999999973}, "27": {"z": 1.5000000000000002, "qx": -0.0, "qy": -0.0, "qz": -0.055555555555555511, "_k": 7, "y": -2.425166865496446, "x": -4.4444444444444464}, "12": {"z": 1.5000000000000002, "qx": -0.0, "qy": -0.0, "qz": -0.055555555555555525, "_k": 3, "y": -3.425166865496446, "x": 1.6666666666666654}, "32": {"z": 1.5000000000000002, "qx": -0.0, "qy": -0.0, "qz": -0.055555555555555504, "_k": 4, "y": -2.425166865496446, "x": 2.2222222222222201}, "22": {"z": 1.5000000000000002, "qx": -0.0, "qy": -0.0, "qz": -0.055555555555555539, "_k": 2, "y": -2.425166865496446, "x": -1.6666666666666676}, "19": {"z": 1.5000000000000002, "qx": -0.0, "qy": -0.0, "qz": -0.055555555555555573, "type": "_origin", "_k": 0, "y": -2.425166865496446, "x": -1.7763568394002505e-15}, "39": {"z": -1.1615382907749932, "type": "support", "_k": 1, "y": -2.925166865496446, "x": -2.415923710588034e-16}, "29": {"z": 1.5000000000000002, "qx": -0.0, "qy": -0.0, "qz": -0.055555555555555573, "_k": 1, "y": -2.425166865496446, "x": 0.55555555555555391}, "11": {"z": 1.5000000000000002, "qx": -0.0, "qy": -0.0, "qz": -0.05555555555555558, "_k": 2, "y": -3.425166865496446, "x": 1.1111111111111096}, "5": {"z": 1.5000000000000002, "qx": -0.0, "qy": -0.0, "qz": -0.05555555555555558, "_k": 4, "y": -3.425166865496446, "x": -2.7777777777777795}, "4": {"z": 1.5000000000000002, "qx": -0.0, "qy": -0.0, "qz": -0.055555555555555594, "_k": 3, "y": -3.425166865496446, "x": -2.2222222222222232}, "7": {"z": 1.5000000000000002, "qx": -0.0, "qy": -0.0, "qz": -0.05555555555555558, "_k": 6, "y": -3.425166865496446, "x": -3.8888888888888906}, "6": {"z": 1.5000000000000002, "qx": -0.0, "qy": -0.0, "qz": -0.055555555555555559, "_k": 5, "y": -3.425166865496446, "x": -3.3333333333333348}, "1": {"z": 1.5000000000000002, "qx": -0.0, "qy": -0.0, "qz": -0.055555555555555539, "type": "_origin", "_k": 0, "y": -3.425166865496446, "x": -0.55555555555555747}, "0": {"z": 1.5000000000000002, "qx": -0.0, "qy": -0.0, "qz": -0.055555555555555573, "type": "_origin", "_k": 0, "y": -3.425166865496446, "x": -1.7763568394002505e-15}, "3": {"z": 1.5000000000000002, "qx": -0.0, "qy": -0.0, "qz": -0.055555555555555539, "_k": 2, "y": -3.425166865496446, "x": -1.6666666666666676}, "2": {"z": 1.5000000000000002, "qx": -0.0, "qy": -0.0, "qz": -0.055555555555555511, "_k": 1, "y": -3.425166865496446, "x": -1.1111111111111125}, "21": {"z": 1.5000000000000002, "qx": -0.0, "qy": -0.0, "qz": -0.055555555555555511, "_k": 1, "y": -2.425166865496446, "x": -1.1111111111111125}, "31": {"z": 1.5000000000000002, "qx": -0.0, "qy": -0.0, "qz": -0.055555555555555525, "_k": 3, "y": -2.425166865496446, "x": 1.6666666666666654}, "9": {"z": 1.5000000000000002, "qx": -0.0, "qy": -0.0, "qz": -0.027777777777777724, "type": "support", "_k": 8, "y": -3.425166865496446, "x": -5.0000000000000009}, "8": {"z": 1.5000000000000002, "qx": -0.0, "qy": -0.0, "qz": -0.055555555555555511, "_k": 7, "y": -3.425166865496446, "x": -4.4444444444444464}, "14": {"z": 1.5000000000000002, "qx": -0.0, "qy": -0.0, "qz": -0.055555555555555559, "_k": 5, "y": -3.425166865496446, "x": 2.7777777777777755}, "34": {"z": 1.5000000000000002, "qx": -0.0, "qy": -0.0, "qz": -0.05555555555555558, "_k": 6, "y": -2.425166865496446, "x": 3.3333333333333313}, "24": {"z": 1.5000000000000002, "qx": -0.0, "qy": -0.0, "qz": -0.05555555555555558, "_k": 4, "y": -2.425166865496446, "x": -2.7777777777777795}, "13": {"z": 1.5000000000000002, "qx": -0.0, "qy": -0.0, "qz": -0.055555555555555504, "_k": 4, "y": -3.425166865496446, "x": 2.2222222222222201}, "33": {"z": 1.5000000000000002, "qx": -0.0, "qy": -0.0, "qz": -0.055555555555555559, "_k": 5, "y": -2.425166865496446, "x": 2.7777777777777755}, "23": {"z": 1.5000000000000002, "qx": -0.0, "qy": -0.0, "qz": -0.055555555555555594, "_k": 3, "y": -2.425166865496446, "x": -2.2222222222222232}}, "max_int_key": 39, "attributes": {"gkey_node": {"5.000,-3.425,1.500": 18,