{"compas": "1.7.1", "datatype": "compas_cem.diagrams/TopologyDiagram", "data": {"adjacency": {"16": {"2": null, "15": null, "8": null, "17": null}, "15": {"14": null, "7": null, "1": null, "8": null, "16": null}, "18": {"4": null, "19": null, "17": null, "10": null}, "10": {"17": null, "5": null, "4": null, "18": null, "19": null, "3": null, "11": null, "9": null}, "20": {"19": null, "6": null, "11": null}, "17": {"18": null, "10": null, "3": null, "9": null, "8": null, "16": null}, "12": {"11": null}, "19": {"5": null, "18": null, "10": null, "20": null, "11": null}, "11": {"12": null, "5": null, "19": null, "10": null, "20": null}, "5": {"4": null, "19": null, "6": null, "10": null, "11": null}, "4": {"5": null, "18": null, "10": null, "3": null}, "7": {"14": null, "15": null, "1": null, "13": null, "8": null}, "6": {"20": null, "5": null}, "1": {"15": null, "7": null, "0": null, "2": null, "8": null}, "0": {"14": null, "1": null}, "3": {"17": null, "4": null, "10": null, "2": null, "9": null, "8": null}, "2": {"8": null, "1": null, "16": null, "3": null}, "9": {"3": null, "17": null, "8": null, "10": null}, "8": {"17": null, "15": null, "7": null, "1": null, "3": null, "2": null, "9": null, "16": null}, "14": {"7": null, "15": null, "0": null}, "13": {"7": null}}, "node_attributes": {"z": 0.0, "qx": 0.0, "rx": 0.0, "qy": 0.0, "ry": 0.0, "qz": 0.0, "type": null, "rz": 0.0, "_k": null, "y": 0.0, "x": 0.0}, "node": {"16": {"z": 1.5000000000000002, "qx": -0.0, "qy": -0.0, "qz": -0.16666666666666674, "type": "_origin", "_k": 0, "y": -2.425166865496446, "x": -1.6666666666666674}, "15": {"z": 1.5000000000000002, "qx": -0.0, "qy": -0.0, "qz": -0.16666666666666669, "_k": 1, "y": -2.425166865496446, "x": -3.3333333333333348}, "18": {"z": 1.5000000000000002, "qx": -0.0, "qy": -0.0, "qz": -0.16666666666666682, "_k": 1, "y": -2.425166865496446, "x": 1.6666666666666698}, "10": {"_k": 1, "z": 0.29723041260998095, "y": -2.9251668654964469, "x": 1.7367320752545257}, "20": {"z": 1.5000000000000002, "qx": -0.0, "qy": -0.0, "qz": -0.083333333333333037, "type": "support", "_k": 3, "y": -2.425166865496446, "x": 4.9999999999999973}, "17": {"z": 1.5000000000000002, "qx": -0.0, "qy": -0.0, "qz": -0.16666666666666685, "type": "_origin", "_k": 0, "y": -2.425166865496446, "x": 2.2204460492503131e-16}, "12": {"z": 1.4632793414364196, "type": "support", "_k": 3, "y": -3.4001668654964461, "x": 4.9208574146442166}, "19": {"z": 1.5000000000000002, "qx": -0.0, "qy": -0.0, "qz": -0.16666666666666638, "_k": 2, "y": -2.425166865496446, "x": 3.3333333333333366}, "11": {"_k": 2, "z": 0.76558682872838835, "y": -2.9251668654964469, "x": 3.4171482928843799}, "5": {"z": 1.5000000000000002, "qx": -0.0, "qy": -0.0, "qz": -0.16666666666666638, "_k": 2, "y": -3.425166865496446, "x": 3.3333333333333366}, "4": {"z": 1.5000000000000002, "qx": -0.0, "qy": -0.0, "qz": -0.16666666666666682, "_k": 1, "y": -3.425166865496446, "x": 1.6666666666666698}, "7": {"_k": 1, "z": 0.76558682872839112, "y": -2.9251668654964469, "x": -3.4171482928843928}, "6": {"z": 1.5000000000000002, "qx": -0.0, "qy": -0.0, "qz": -0.083333333333333037, "type": "support", "_k": 3, "y": -3.425166865496446, "x": 4.9999999999999973}, "1": {"z": 1.5000000000000002, "qx": -0.0, "qy": -0.0, "qz": -0.16666666666666669, "_k": 1, "y": -3.425166865496446, "x": -3.3333333333333348}, "0": {"z": 1.5000000000000002, "qx": -0.0, "qy": -0.0, "qz": -0.083333333333333315, "type": "support", "_k": 2, "y": -3.425166865496446, "x": -5.0000000000000009}, "3": {"z": 1.5000000000000002, "qx": -0.0, "qy": -0.0, "qz": -0.16666666666666685, "type": "_origin", "_k": 0, "y": -3.425166865496446, "x": 2.2204460492503131e-16}, "2": {"z": 1.5000000000000002, "qx": -0.0, "qy": -0.0, "qz": -0.16666666666666674, "type": "_origin", "_k": 0, "y": -3.425166865496446, "x": -1.6666666666666674}, "9": {"z": 0.13657978240272753, "type": "_origin", "_k": 0, "y": -2.9251668654964469, "x": -5.8841820305133297e-15}, "8": {"z": 0.29723041260998317, "type": "_origin", "_k": 0, "y": -2.9251668654964469, "x": -1.7367320752545381}, "14": {"z": 1.5000000000000002, "qx": -0.0, "qy": -0.0, "qz": -0.083333333333333315, "type": "support", "_k": 2, "y": -2.425166865496446, "x": -5.0000000000000009}, "13": {"z": 1.4632793414364196, "type": "support", "_k": 2, "y": -3.4001668654964461, "x": -4.920857414644221}}, "max_int_key": 20, "attributes": {"gkey_node": {"0.000,-2.925,0.137": 9, "5.000,-3.425,1.500": 6, "3.417,-2.925,0.766": 11, "1.667,-3.425,1.500": 4, "-5.000,-3.425,1.500": 0, "-3.333,-2.425,1.500": 15, "5.000,-2.425,1.500": 20, "1.667,-2.425,1.500": 18, "-5.000,-2.425,1.500": 14, "-3.333,-3.425,1.500": 1, "-1.667,-3.425,1.500": 2, "-1.737,-2.925,0.297": 8, "0.000,-3.425,1.500": 3, "3.333,-2.425,1.500": 19, "-3.417,-2.925,0.766": 7, "-4.921,-3.400,1.463": 13, "-1.667,-2.425,1.500": 16, "1.737,-2.925,0.297": 10, "4.921,-3.400,1.463": 12, "0.000,-2.425,1.500": 17, "3.333,-3.425,1.500": 5}, "name": "Network", "_aux_length": 0.33000000000000002, "_trails": {"2": [2, 1, 0], "3": [3, 4, 5, 6], "8": [8, 7, 13], "9": [9, 10, 11, 12], "16": [16, 15, 14], "17": [17, 18, 19, 20]}, "tol": "3f", "_auxiliary_trails": {}, "_aux_vector": {"dtype": "compas.geometry/Vector", "value": [-0.0, -0.0, -1.0]}}, "edge_attributes": {"force": 0.0, "type": null, "length": 0.0}, "edge": {"16": {"17": {"force": -49.0, "type": "deviation"}}, "15": {"8": {"force": 0.0, "type": "deviation"}, "16": {"length": -1.6666666666666674, "type": "trail"}}, "18": {"19": {"length": -1.6666666666666667, "type": "trail"}}, "10": {"5": {"force": 0.0, "type": "deviation"}, "4": {"force": -2.6000000000000001, "type": "deviation"}, "19": {"force": 0.0, "type": "deviation"}, "18": {"force": -2.6000000000000001, "type": "deviation"}, "11": {"length": 1.7444645014997309, "type": "trail"}}, "20": {"11": {"force": 2.0, "type": "deviation"}}, "17": {"18": {"length": -1.6666666666666696, "type": "trail"}, "10": {"force": 0.0, "type": "deviation"}}, "12": {}, "19": {"20": {"length": -1.6666666666666607, "type": "trail"}}, "11": {"12": {"length": 1.7243958261236267, "type": "trail"}, "19": {"force": -2.6000000000000001, "type": "deviation"}, "5": {"force": -2.6000000000000001, "type": "deviation"}}, "5": {"19": {"force": -0.10000000000000001, "type": "deviation"}, "6": {"length": -1.6666666666666607, "type": "trail"}}, "4": {"18": {"force": -0.10000000000000001, "type": "deviation"}, "5": {"length": -1.6666666666666667, "type": "trail"}}, "7": {"14": {"force": 2.0, "type": "deviation"}, "15": {"force": -2.6000000000000001, "type": "deviation"}, "1": {"force": -2.6000000000000001, "type": "deviation"}, "13": {"length": 1.7243958261236181, "type": "trail"}, "8": {"length": 1.7444645014997313, "type": "trail"}}, "6": {"20": {"force": -0.10000000000000001, "type": "deviation"}}, "1": {"15": {"force": -0.10000000000000001, "type": "deviation"}, "8": {"force": 0.0, "type": "deviation"}, "2": {"length": -1.6666666666666674, "type": "trail"}}, "0": {"14": {"force": -0.10000000000000001, "type": "deviation"}, "1": {"length": -1.6666666666666661, "type": "trail"}}, "3": {"4": {"length": -1.6666666666666696, "type": "trail"}, "10": {"force": 0.0, "type": "deviation"}, "17": {"force": -0.10000000000000001, "type": "deviation"}}, "2": {"16": {"force": -0.10000000000000001, "type": "deviation"}, "3": {"force": -49.0, "type": "deviation"}}, "9": {"10": {"length": 1.7441464749853721, "type": "trail"}, "3": {"force": -2.6000000000000001, "type": "deviation"}, "17": {"force": -2.6000000000000001, "type": "deviation"}}, "8": {"17": {"force": 0.0, "type": "deviation"}, "3": {"force": 0.0, "type": "deviation"}, "2": {"force": -2.6000000000000001, "type": "deviation"}, "9": {"force": 18.899999999999999, "type": "deviation"}, "16": {"force": -2.6000000000000001, "type": "deviation"}}, "14": {"15": {"length": -1.6666666666666661, "type": "trail"}}, "13": {}}}}