{"compas": "1.7.1", "datatype": "compas_cem.diagrams/TopologyDiagram", "data": {"adjacency": {"16": {"0": null, "8": null, "17": null}, "15": {"8": null}, "18": {"19": null, "9": null, "17": null, "2": null}, "10": {"19": null, "9": null, "3": null, "11": null}, "20": {"4": null, "21": null, "19": null, "11": null}, "17": {"18": null, "1": null, "9": null, "8": null, "16": null}, "12": {"13": null, "21": null, "11": null, "5": null}, "22": {"13": null, "21": null, "6": null, "23": null}, "19": {"18": null, "10": null, "3": null, "20": null, "11": null, "9": null}, "11": {"12": null, "5": null, "4": null, "19": null, "10": null, "3": null, "20": null, "21": null}, "5": {"12": null, "4": null, "6": null, "13": null, "11": null, "21": null}, "4": {"5": null, "20": null, "3": null, "11": null}, "7": {"6": null, "23": null}, "6": {"13": null, "7": null, "22": null, "5": null}, "1": {"17": null, "0": null, "2": null, "9": null, "8": null}, "0": {"1": null, "16": null}, "3": {"4": null, "19": null, "10": null, "2": null, "11": null, "9": null}, "2": {"1": null, "9": null, "3": null, "18": null}, "21": {"12": null, "5": null, "22": null, "13": null, "20": null, "11": null}, "9": {"17": null, "19": null, "18": null, "10": null, "1": null, "3": null, "2": null, "8": null}, "8": {"17": null, "15": null, "1": null, "9": null, "16": null}, "14": {"13": null}, "13": {"14": null, "12": null, "5": null, "22": null, "6": null, "23": null, "21": null}, "23": {"13": null, "7": null, "22": null}}, "node_attributes": {"z": 0.0, "qx": 0.0, "rx": 0.0, "qy": 0.0, "ry": 0.0, "qz": 0.0, "type": null, "rz": 0.0, "_k": null, "y": 0.0, "x": 0.0}, "node": {"16": {"z": 1.5000000000000002, "qx": -0.0, "qy": -0.0, "qz": -0.071428571428571425, "type": "support", "_k": 3, "y": -2.425166865496446, "x": -5.0000000000000009}, "15": {"z": 1.4677728105779271, "type": "support", "_k": 3, "y": -3.4001668654964461, "x": -4.9324954620778945}, "18": {"z": 1.5000000000000002, "qx": -0.0, "qy": -0.0, "qz": -0.14285714285714282, "_k": 1, "y": -2.425166865496446, "x": -2.142857142857145}, "10": {"z": 0.16614040012962086, "type": "_origin", "_k": 0, "y": -2.9251668654964469, "x": -0.74775524606951649}, "20": {"z": 1.5000000000000002, "qx": -0.0, "qy": -0.0, "qz": -0.14285714285714285, "type": "_origin", "_k": 0, "y": -2.425166865496446, "x": 0.71428571428571286}, "17": {"z": 1.5000000000000002, "qx": -0.0, "qy": -0.0, "qz": -0.14285714285714279, "_k": 2, "y": -2.425166865496446, "x": -3.5714285714285725}, "12": {"_k": 1, "z": 0.4015367912423351, "y": -2.9251668654964469, "x": 2.2246880725648772}, "22": {"z": 1.5000000000000002, "qx": -0.0, "qy": -0.0, "qz": -0.14285714285714282, "_k": 2, "y": -2.425166865496446, "x": 3.5714285714285667}, "19": {"z": 1.5000000000000002, "qx": -0.0, "qy": -0.0, "qz": -0.14285714285714288, "type": "_origin", "_k": 0, "y": -2.425166865496446, "x": -0.71428571428571608}, "11": {"z": 0.16614040012962056, "type": "_origin", "_k": 0, "y": -2.9251668654964469, "x": 0.74775524606950405}, "5": {"z": 1.5000000000000002, "qx": -0.0, "qy": -0.0, "qz": -0.14285714285714268, "_k": 1, "y": -3.425166865496446, "x": 2.142857142857141}, "4": {"z": 1.5000000000000002, "qx": -0.0, "qy": -0.0, "qz": -0.14285714285714285, "type": "_origin", "_k": 0, "y": -3.425166865496446, "x": 0.71428571428571286}, "7": {"z": 1.5000000000000002, "qx": -0.0, "qy": -0.0, "qz": -0.071428571428571536, "type": "support", "_k": 3, "y": -3.425166865496446, "x": 4.9999999999999973}, "6": {"z": 1.5000000000000002, "qx": -0.0, "qy": -0.0, "qz": -0.14285714285714282, "_k": 2, "y": -3.425166865496446, "x": 3.5714285714285667}, "1": {"z": 1.5000000000000002, "qx": -0.0, "qy": -0.0, "qz": -0.14285714285714279, "_k": 2, "y": -3.425166865496446, "x": -3.5714285714285725}, "0": {"z": 1.5000000000000002, "qx": -0.0, "qy": -0.0, "qz": -0.071428571428571425, "type": "support", "_k": 3, "y": -3.425166865496446, "x": -5.0000000000000009}, "3": {"z": 1.5000000000000002, "qx": -0.0, "qy": -0.0, "qz": -0.14285714285714288, "type": "_origin", "_k": 0, "y": -3.425166865496446, "x": -0.71428571428571608}, "2": {"z": 1.5000000000000002, "qx": -0.0, "qy": -0.0, "qz": -0.14285714285714282, "_k": 1, "y": -3.425166865496446, "x": -2.142857142857145}, "21": {"z": 1.5000000000000002, "qx": -0.0, "qy": -0.0, "qz": -0.14285714285714268, "_k": 1, "y": -2.425166865496446, "x": 2.142857142857141}, "9": {"_k": 1, "z": 0.40153679124233754, "y": -2.9251668654964469, "x": -2.2246880725648897}, "8": {"_k": 2, "z": 0.85545621155853779, "y": -2.9251668654964469, "x": -3.6499092415578764}, "14": {"z": 1.4677728105779269, "type": "support", "_k": 3, "y": -3.4001668654964461, "x": 4.9324954620778909}, "13": {"_k": 2, "z": 0.85545621155853446, "y": -2.9251668654964469, "x": 3.6499092415578644}, "23": {"z": 1.5000000000000002, "qx": -0.0, "qy": -0.0, "qz": -0.071428571428571536, "type": "support", "_k": 3, "y": -2.425166865496446, "x": 4.9999999999999973}}, "max_int_key": 23, "attributes": {"gkey_node": {"2.225,-2.925,0.402": 12, "5.000,-3.425,1.500": 7, "-3.571,-2.425,1.500": 17, "-5.000,-3.425,1.500": 0, "-2.143,-3.425,1.500": 2, "2.143,-2.425,1.500": 21, "-3.571,-3.425,1.500": 1, "0.748,-2.925,0.166": 11, "5.000,-2.425,1.500": 23, "0.714,-2.425,1.500": 20, "-5.000,-2.425,1.500": 16, "-2.143,-2.425,1.500": 18, "4.932,-3.400,1.468": 14, "-4.932,-3.400,1.468": 15, "-0.748,-2.925,0.166": 10, "-3.650,-2.925,0.855": 8, "-0.714,-2.425,1.500": 19, "3.571,-2.425,1.500": 22, "0.714,-3.425,1.500": 4, "-2.225,-2.925,0.402": 9, "3.650,-2.925,0.855": 13, "-0.714,-3.425,1.500": 3, "2.143,-3.425,1.500": 5, "3.571,-3.425,1.500": 6}, "name": "Network", "_aux_length": 0.33000000000000002, "_trails": {"3": [3, 2, 1, 0], "4": [4, 5, 6, 7], "10": [10, 9, 8, 15], "11": [11, 12, 13, 14], "19": [19, 18, 17, 16], "20": [20, 21, 22, 23]}, "tol": "3f", "_auxiliary_trails": {}, "_aux_vector": {"dtype": "compas.geometry/Vector", "value": [-0.0, -0.0, -1.0]}}, "edge_attributes": {"force": 0.0, "type": null, "length": 0.0}, "edge": {"16": {"17": {"length": -1.4285714285714284, "type": "trail"}}, "15": {}, "18": {"19": {"length": -1.4285714285714288, "type": "trail"}}, "10": {"19": {"force": -2.6000000000000001, "type": "deviation"}, "3": {"force": -2.6000000000000001, "type": "deviation"}, "11": {"force": 18.899999999999999, "type": "deviation"}}, "20": {"21": {"length": -1.4285714285714282, "type": "trail"}}, "17": {"9": {"force": 0.0, "type": "deviation"}, "18": {"length": -1.4285714285714275, "type": "trail"}}, "12": {"13": {"length": 1.4957600812583318, "type": "trail"}, "21": {"force": -2.6000000000000001, "type": "deviation"}, "5": {"force": -2.6000000000000001, "type": "deviation"}}, "22": {"23": {"length": -1.4285714285714306, "type": "trail"}}, "19": {"20": {"force": -49.0, "type": "deviation"}, "11": {"force": 0.0, "type": "deviation"}}, "11": {"12": {"length": 1.4955741489235839, "type": "trail"}, "5": {"force": 0.0, "type": "deviation"}, "4": {"force": -2.6000000000000001, "type": "deviation"}, "20": {"force": -2.6000000000000001, "type": "deviation"}, "21": {"force": 0.0, "type": "deviation"}}, "5": {"13": {"force": 0.0, "type": "deviation"}, "21": {"force": -0.10000000000000001, "type": "deviation"}, "6": {"length": -1.4285714285714257, "type": "trail"}}, "4": {"20": {"force": -0.10000000000000001, "type": "deviation"}, "5": {"length": -1.4285714285714282, "type": "trail"}}, "7": {"23": {"force": -0.10000000000000001, "type": "deviation"}}, "6": {"7": {"length": -1.4285714285714306, "type": "trail"}, "22": {"force": -0.10000000000000001, "type": "deviation"}}, "1": {"9": {"force": 0.0, "type": "deviation"}, "17": {"force": -0.10000000000000001, "type": "deviation"}, "2": {"length": -1.4285714285714275, "type": "trail"}}, "0": {"1": {"length": -1.4285714285714284, "type": "trail"}, "16": {"force": -0.10000000000000001, "type": "deviation"}}, "3": {"4": {"force": -49.0, "type": "deviation"}, "19": {"force": -0.10000000000000001, "type": "deviation"},