{"compas": "1.7.1", "datatype": "compas_cem.diagrams/TopologyDiagram", "data": {"adjacency": {"14": {"4": null, "13": null, "6": null}, "12": {"5": null, "13": null, "11": null, "2": null}, "5": {"12": null, "6": null, "1": null, "13": null, "3": null, "2": null, "11": null, "8": null}, "4": {"14": null, "3": null}, "7": {"6": null}, "6": {"14": null, "5": null, "7": null, "13": null, "3": null}, "1": {"5": null, "0": null, "2": null, "11": null, "8": null}, "0": {"1": null, "10": null}, "3": {"5": null, "4": null, "6": null, "13": null, "2": null}, "2": {"12": null, "1": null, "3": null, "5": null}, "10": {"0": null, "8": null, "11": null}, "13": {"14": null, "12": null, "5": null, "6": null, "3": null}, "11": {"12": null, "5": null, "10": null, "1": null, "8": null}, "9": {"8": null}, "8": {"5": null, "1": null, "10": null, "11": null, "9": null}}, "node_attributes": {"z": 0.0, "qx": 0.0, "rx": 0.0, "qy": 0.0, "ry": 0.0, "qz": 0.0, "type": null, "rz": 0.0, "_k": null, "y": 0.0, "x": 0.0}, "node": {"14": {"z": 1.5000000000000002, "qx": -0.0, "qy": -0.0, "qz": -0.125, "type": "support", "_k": 2, "y": -2.425166865496446, "x": 4.9999999999999973}, "12": {"z": 1.5000000000000002, "qx": -0.0, "qy": -0.0, "qz": -0.24999999999999994, "type": "_origin", "_k": 0, "y": -2.425166865496446, "x": 2.2204460492503131e-16}, "5": {"z": 0.13657978240272753, "type": "_origin", "_k": 0, "y": -2.9251668654964469, "x": -5.8841820305133297e-15}, "4": {"z": 1.5000000000000002, "qx": -0.0, "qy": -0.0, "qz": -0.125, "type": "support", "_k": 2, "y": -3.425166865496446, "x": 4.9999999999999973}, "7": {"z": 1.4497624800663758, "type": "support", "_k": 2, "y": -3.4001668654964461, "x": 4.8793506300528913}, "6": {"_k": 1, "z": 0.495249601327514, "y": -2.9251668654964469, "x": 2.5870126010578725}, "1": {"z": 1.5000000000000002, "qx": -0.0, "qy": -0.0, "qz": -0.25000000000000006, "type": "_origin", "_k": 0, "y": -3.425166865496446, "x": -2.5000000000000013}, "0": {"z": 1.5000000000000002, "qx": -0.0, "qy": -0.0, "qz": -0.12499999999999999, "type": "support", "_k": 1, "y": -3.425166865496446, "x": -5.0000000000000009}, "3": {"z": 1.5000000000000002, "qx": -0.0, "qy": -0.0, "qz": -0.24999999999999989, "_k": 1, "y": -3.425166865496446, "x": 2.4999999999999973}, "2": {"z": 1.5000000000000002, "qx": -0.0, "qy": -0.0, "qz": -0.24999999999999994, "type": "_origin", "_k": 0, "y": -3.425166865496446, "x": 2.2204460492503131e-16}, "10": {"z": 1.5000000000000002, "qx": -0.0, "qy": -0.0, "qz": -0.12499999999999999, "type": "support", "_k": 1, "y": -2.425166865496446, "x": -5.0000000000000009}, "13": {"z": 1.5000000000000002, "qx": -0.0, "qy": -0.0, "qz": -0.24999999999999989, "_k": 1, "y": -2.425166865496446, "x": 2.4999999999999973}, "11": {"z": 1.5000000000000002, "qx": -0.0, "qy": -0.0, "qz": -0.25000000000000006, "type": "_origin", "_k": 0, "y": -2.425166865496446, "x": -2.5000000000000013}, "9": {"z": 1.449762480066376, "type": "support", "_k": 1, "y": -3.4001668654964461, "x": -4.8793506300528948}, "8": {"z": 0.49524960132751633, "type": "_origin", "_k": 0, "y": -2.9251668654964469, "x": -2.5870126010578831}}, "max_int_key": 14, "attributes": {"gkey_node": {"-5.000,-2.425,1.500": 10, "0.000,-3.425,1.500": 2, "2.587,-2.925,0.495": 6, "0.000,-2.925,0.137": 5, "4.879,-3.400,1.450": 7, "2.500,-3.425,1.500": 3, "0.000,-2.425,1.500": 12, "2.500,-2.425,1.500": 13, "5.000,-3.425,1.500": 4, "-2.587,-2.925,0.495": 8, "-2.500,-3.425,1.500": 1, "-2.500,-2.425,1.500": 11, "-4.879,-3.400,1.450": 9, "-5.000,-3.425,1.500": 0, "5.000,-2.425,1.500": 14}, "name": "Network", "_aux_length": 0.33000000000000002, "_trails": {"1": [1, 0], "2": [2, 3, 4], "5": [5, 6, 7], "8": [8, 9], "11": [11, 10], "12": [12, 13, 14]}, "tol": "3f", "_auxiliary_trails": {}, "_aux_vector": {"dtype": "compas.geometry/Vector", "value": [-0.0, -0.0, -1.0]}}, "edge_attributes": {"force": 0.0, "type": null, "length": 0.0}, "edge": {"14": {"6": {"force": 2.0, "type": "deviation"}}, "12": {"13": {"length": -2.4999999999999973, "type": "trail"}}, "5": {"12": {"force": -2.6000000000000001, "type": "deviation"}, "6": {"length": 2.6117576911037879, "type": "trail"}, "13": {"force": 0.0, "type": "deviation"}, "3": {"force": 0.0, "type": "deviation"}, "2": {"force": -2.6000000000000001, "type": "deviation"}}, "4": {"14": {"force": -0.10000000000000001, "type": "deviation"}}, "7": {}, "6": {"13": {"force": -2.6000000000000001, "type": "deviation"}, "7": {"length": 2.5281482303961362, "type": "trail"}, "3": {"force": -2.6000000000000001, "type": "deviation"}}, "1": {"5": {"force": 0.0, "type": "deviation"}, "11": {"force": -0.10000000000000001, "type": "deviation"}, "2": {"force": -49.0, "type": "deviation"}}, "0": {"1": {"length": -2.4999999999999996, "type": "trail"}, "10": {"force": -0.10000000000000001, "type": "deviation"}}, "3": {"4": {"length": -2.5, "type": "trail"}, "13": {"force": -0.10000000000000001, "type": "deviation"}}, "2": {"12": {"force": -0.10000000000000001, "type": "deviation"}, "3": {"length": -2.4999999999999973, "type": "trail"}}, "10": {"11": {"length": -2.4999999999999996, "type": "trail"}}, "13": {"14": {"length": -2.5, "type": "trail"}}, "11": {"12": {"force": -49.0, "type": "deviation"}, "5": {"force": 0.0, "type": "deviation"}}, "9": {}, "8": {"5": {"force": 18.899999999999999, "type": "deviation"}, "1": {"force": -2.6000000000000001, "type": "deviation"}, "10": {"force": 2.0, "type": "deviation"}, "11": {"force": -2.6000000000000001, "type": "deviation"}, "9": {"length": 2.5281482303961296, "type": "trail"}}}}}