{"compas": "1.7.1", "datatype": "compas_cem.diagrams/TopologyDiagram", "data": {"adjacency": {"16": {"15": null}, "26": {"15": null, "8": null, "25": null}, "15": {"26": null, "14": null, "7": null, "25": null, "16": null}, "18": {"19": null, "0": null, "9": null}, "25": {"26": null, "14": null, "24": null, "15": null, "7": null}, "10": {"19": null, "1": null, "3": null, "2": null, "20": null, "11": null, "9": null, "21": null}, "20": {"21": null, "19": null, "10": null, "2": null}, "17": {"9": null}, "12": {"5": null, "4": null, "22": null, "13": null, "3": null, "23": null, "11": null, "21": null}, "22": {"4": null, "21": null, "12": null, "23": null}, "19": {"18": null, "1": null, "10": null, "20": null, "9": null}, "11": {"12": null, "21": null, "10": null, "3": null}, "5": {"14": null, "12": null, "4": null, "6": null, "13": null, "23": null}, "4": {"12": null, "22": null, "3": null, "5": null}, "7": {"14": null, "15": null, "6": null, "25": null, "8": null}, "6": {"5": null, "7": null, "14": null, "24": null}, "1": {"19": null, "10": null, "0": null, "2": null, "9": null}, "0": {"1": null, "18": null}, "3": {"12": null, "4": null, "10": null, "2": null, "11": null, "21": null}, "2": {"20": null, "1": null, "3": null, "10": null}, "21": {"12": null, "22": null, "10": null, "3": null, "20": null, "11": null}, "9": {"17": null, "19": null, "18": null, "1": null, "10": null}, "8": {"7": null, "26": null}, "14": {"24": null, "5": null, "15": null, "7": null, "6": null, "25": null, "13": null, "23": null}, "24": {"6": null, "14": null, "23": null, "25": null}, "13": {"12": null, "14": null, "23": null, "5": null}, "23": {"14": null, "24": null, "12": null, "5": null, "22": null, "13": null}}, "node_attributes": {"z": 0.0, "qx": 0.0, "rx": 0.0, "qy": 0.0, "ry": 0.0, "qz": 0.0, "type": null, "rz": 0.0, "_k": null, "y": 0.0, "x": 0.0}, "node": {"16": {"z": 1.4713077939126238, "type": "support", "_k": 4, "y": -3.4001668654964461, "x": 4.9411585901309047}, "26": {"z": 1.5000000000000002, "qx": -0.0, "qy": -0.0, "qz": -0.0625, "type": "support", "_k": 4, "y": -2.425166865496446, "x": 4.9999999999999973}, "15": {"_k": 3, "z": 0.92615587825247492, "y": -2.9251668654964469, "x": 3.823171802618138}, "18": {"z": 1.5000000000000002, "qx": -0.0, "qy": -0.0, "qz": -0.0625, "type": "support", "_k": 3, "y": -2.425166865496446, "x": -5.0000000000000009}, "25": {"z": 1.5000000000000002, "qx": -0.0, "qy": -0.0, "qz": -0.125, "_k": 3, "y": -2.425166865496446, "x": 3.7499999999999973}, "10": {"_k": 1, "z": 0.49524960132751633, "y": -2.9251668654964469, "x": -2.5870126010578831}, "20": {"z": 1.5000000000000002, "qx": -0.0, "qy": -0.0, "qz": -0.12499999999999996, "_k": 1, "y": -2.425166865496446, "x": -2.5000000000000013}, "17": {"z": 1.471307793912624, "type": "support", "_k": 3, "y": -3.4001668654964461, "x": -4.9411585901309083}, "12": {"z": 0.13657978240272753, "type": "_origin", "_k": 0, "y": -2.9251668654964469, "x": -5.8841820305133297e-15}, "22": {"z": 1.5000000000000002, "qx": -0.0, "qy": -0.0, "qz": -0.125, "type": "_origin", "_k": 0, "y": -2.425166865496446, "x": 2.2204460492503131e-16}, "19": {"z": 1.5000000000000002, "qx": -0.0, "qy": -0.0, "qz": -0.12499999999999997, "_k": 2, "y": -2.425166865496446, "x": -3.7500000000000009}, "11": {"z": 0.22722929731696201, "type": "_origin", "_k": 0, "y": -2.9251668654964469, "x": -1.305756588792133}, "5": {"z": 1.5000000000000002, "qx": -0.0, "qy": -0.0, "qz": -0.12499999999999986, "_k": 1, "y": -3.425166865496446, "x": 1.2499999999999982}, "4": {"z": 1.5000000000000002, "qx": -0.0, "qy": -0.0, "qz": -0.125, "type": "_origin", "_k": 0, "y": -3.425166865496446, "x": 2.2204460492503131e-16}, "7": {"z": 1.5000000000000002, "qx": -0.0, "qy": -0.0, "qz": -0.125, "_k": 3, "y": -3.425166865496446, "x": 3.7499999999999973}, "6": {"z": 1.5000000000000002, "qx": -0.0, "qy": -0.0, "qz": -0.12499999999999996, "_k": 2, "y": -3.425166865496446, "x": 2.4999999999999973}, "1": {"z": 1.5000000000000002, "qx": -0.0, "qy": -0.0, "qz": -0.12499999999999997, "_k": 2, "y": -3.425166865496446, "x": -3.7500000000000009}, "0": {"z": 1.5000000000000002, "qx": -0.0, "qy": -0.0, "qz": -0.0625, "type": "support", "_k": 3, "y": -3.425166865496446, "x": -5.0000000000000009}, "3": {"z": 1.5000000000000002, "qx": -0.0, "qy": -0.0, "qz": -0.12500000000000008, "type": "_origin", "_k": 0, "y": -3.425166865496446, "x": -1.2500000000000018}, "2": {"z": 1.5000000000000002, "qx": -0.0, "qy": -0.0, "qz": -0.12499999999999996, "_k": 1, "y": -3.425166865496446, "x": -2.5000000000000013}, "21": {"z": 1.5000000000000002, "qx": -0.0, "qy": -0.0, "qz": -0.12500000000000008, "type": "_origin", "_k": 0, "y": -2.425166865496446, "x": -1.2500000000000018}, "9": {"_k": 2, "z": 0.92615587825247836, "y": -2.9251668654964469, "x": -3.8231718026181492}, "8": {"z": 1.5000000000000002, "qx": -0.0, "qy": -0.0, "qz": -0.0625, "type": "support", "_k": 4, "y": -3.425166865496446, "x": 4.9999999999999973}, "14": {"_k": 2, "z": 0.495249601327514, "y": -2.9251668654964469, "x": 2.5870126010578725}, "24": {"z": 1.5000000000000002, "qx": -0.0, "qy": -0.0, "qz": -0.12499999999999996, "_k": 2, "y": -2.425166865496446, "x": 2.4999999999999973}, "13": {"_k": 1, "z": 0.22722929731696012, "y": -2.9251668654964469, "x": 1.3057565887921208}, "23": {"z": 1.5000000000000002, "qx": -0.0, "qy": -0.0, "qz": -0.12499999999999986, "_k": 1, "y": -2.425166865496446, "x": 1.2499999999999982}}, "max_int_key": 26, "attributes": {"gkey_node": {"0.000,-2.925,0.137": 12, "-1.250,-3.425,1.500": 3, "5.000,-3.425,1.500": 8, "-2.500,-3.425,1.500": 2, "-1.306,-2.925,0.227": 11, "2.500,-3.425,1.500": 6, "-3.823,-2.925,0.926": 9, "-5.000,-3.425,1.500": 0, "2.587,-2.925,0.495": 14, "-2.500,-2.425,1.500": 20, "3.823,-2.925,0.926": 15, "4.941,-3.400,1.471": 16, "-2.587,-2.925,0.495": 10, "5.000,-2.425,1.500": 26, "-5.000,-2.425,1.500": 18, "2.500,-2.425,1.500": 24, "3.750,-2.425,1.500": 25, "-4.941,-3.400,1.471": 17, "0.000,-3.425,1.500": 4, "1.250,-2.425,1.500": 23, "3.750,-3.425,1.500": 7, "-3.750,-2.425,1.500": 19, "-1.250,-2.425,1.500": 21, "1.306,-2.925,0.227": 13, "0.000,-2.425,1.500": 22, "1.250,-3.425,1.500": 5, "-3.750,-3.425,1.500": 1}, "name": "Network", "_aux_length": 0.33000000000000002, "_trails": {"3": [3, 2, 1, 0], "4": [4, 5, 6, 7, 8], "11": [11, 10, 9, 17], "12": [12, 13, 14, 15, 16], "21": [21, 20, 19, 18], "22": [22, 23, 24, 25, 26]}, "tol": "3f", "_auxiliary_trails": {}, "_aux_vector": {"dtype": "compas.geometry/Vector", "value": [-0.0, -0.0, -1.0]}}, "edge_attributes": {"force": 0.0, "type": null, "length": 0.0}, "edge": {"16": {}, "26": {"15": {"force": 2.0, "type": "deviation"}}, "15": {"7": {"force": -2.6000000000000001, "type": "deviation"}, "16": {"length": 1.3314315860009653, "type": "trail"}, "25": {"force": -2.6000000000000001, "type": "deviation"}}, "18": {"19": {"length": -1.25, "type": "trail"}}, "25": {"26": {"length": -1.25, "type": "trail"}}, "10": {"3": {"force": 0.0, "type": "deviation"}, "20": {"force": -2.6000000000000001, "type": "deviation"}, "2": {"force": -2.6000000000000001, "type": "deviation"}, "11": {"length": 1.308988866388497, "type": "trail"}, "21": {"force": 0.0, "type": "deviation"}}, "20": {"21": {"length": -1.2499999999999996, "type": "trail"}}, "17": {}, "12": {"5": {"force": 0.0, "type": "deviation"}, "4": {"force": -2.6000000000000001, "type": "deviation"}, "22": {"force": -2.6000000000000001, "type": "deviation"}, "13": {"length": 1.3088993864037974, "type": "trail"}, "23": {"force": 0.0, "type": "deviation"}}, "22": {"23": {"length": -1.249999999999998, "type": "trail"}}, "19": {"20": {"length": -1.2499999999999996, "type": "trail"}, "10": {"force": 0.0, "type": "deviation"}}, "11": {"12": {"force": 18.899999999999999, "type": "deviation"}, "21": {"force": -2.6000000000000001, "type": "deviation"}, "3": {"force": -2.6000000000000001, "type": "deviation"}}, "5": {"6": {"length": -1.2499999999999991, "type": "trail"}, "14": {"force": 0.0, "type": "deviation"},