{"compas": "1.7.1", "datatype": "compas_cem.diagrams/TopologyDiagram", "data": {"adjacency": {"16": {"15": null, "22": null, "17": null, "2": null}, "26": {"27": null, "22": null, "17": null}, "15": {"14": null, "1": null, "16": null}, "18": {"4": null, "27": null, "19": null, "17": null}, "25": {"24": null}, "10": {"13": null, "11": null, "5": null}, "20": {"21": null, "19": null, "6": null}, "17": {"26": null, "18": null, "16": null, "3": null}, "27": {"26": null, "18": null, "24": null}, "12": {"13": null, "8": null, "3": null}, "22": {"26": null, "23": null, "16": null}, "19": {"5": null, "20": null, "18": null, "24": null}, "11": {"10": null}, "5": {"4": null, "19": null, "6": null, "10": null}, "4": {"13": null, "18": null, "3": null, "5": null}, "7": {"21": null, "6": null}, "6": {"7": null, "20": null, "5": null}, "1": {"15": null, "0": null, "2": null}, "0": {"14": null, "1": null}, "3": {"4": null, "12": null, "17": null, "2": null}, "2": {"8": null, "1": null, "16": null, "3": null}, "21": {"7": null, "20": null}, "9": {"8": null}, "8": {"12": null, "9": null, "2": null}, "14": {"15": null, "0": null}, "24": {"27": null, "19": null, "25": null}, "13": {"4": null, "12": null, "10": null}, "23": {"22": null}}, "node_attributes": {"z": 0.0, "qx": 0.0, "rx": 0.0, "qy": 0.0, "ry": 0.0, "qz": 0.0, "type": null, "rz": 0.0, "_k": null, "y": 0.0, "x": 0.0}, "node": {"16": {"z": 1.5000000000000002, "qx": -0.0, "qy": -0.0, "qz": -0.14285714285714288, "_k": 1, "y": -2.425166865496446, "x": 2.142857142857141}, "26": {"z": 1.3282868500952263, "type": "_origin", "_k": 0, "y": -2.4251668654964464, "x": 0.7142857142857123}, "15": {"z": 1.5000000000000002, "qx": -0.0, "qy": -0.0, "qz": -0.14285714285714282, "_k": 2, "y": -2.425166865496446, "x": 3.5714285714285698}, "18": {"z": 1.5000000000000002, "qx": -0.0, "qy": -0.0, "qz": -0.14285714285714279, "type": "_origin", "_k": 0, "y": -2.425166865496446, "x": -0.71428571428571563}, "25": {"z": 0.27000000000000024, "type": "support", "_k": 2, "y": -2.8751668654964462, "x": -3.7700000000000014}, "10": {"_k": 1, "z": 1.3900000000000001, "y": -3.425166865496446, "x": -2.1428571428571437}, "20": {"z": 1.5000000000000002, "qx": -0.0, "qy": -0.0, "qz": -0.14285714285714285, "_k": 2, "y": -2.425166865496446, "x": -3.5714285714285703}, "17": {"z": 1.5000000000000002, "qx": -0.0, "qy": -0.0, "qz": -0.14285714285714285, "type": "_origin", "_k": 0, "y": -2.425166865496446, "x": 0.71428571428571241}, "27": {"z": 1.3282868500952263, "type": "_origin", "_k": 0, "y": -2.4251668654964464, "x": -0.71428571428571574}, "12": {"z": 1.3282868500952261, "type": "_origin", "_k": 0, "y": -3.425166865496446, "x": 0.71428571428571241}, "22": {"_k": 1, "z": 1.3900000000000001, "y": -2.425166865496446, "x": 2.142857142857141}, "19": {"z": 1.5000000000000002, "qx": -0.0, "qy": -0.0, "qz": -0.14285714285714274, "_k": 1, "y": -2.425166865496446, "x": -2.1428571428571437}, "11": {"z": 0.27000000000000024, "type": "support", "_k": 2, "y": -2.9751668654964458, "x": -3.7700000000000014}, "5": {"z": 1.5000000000000002, "qx": -0.0, "qy": -0.0, "qz": -0.14285714285714274, "_k": 1, "y": -3.425166865496446, "x": -2.1428571428571437}, "4": {"z": 1.5000000000000002, "qx": -0.0, "qy": -0.0, "qz": -0.14285714285714279, "type": "_origin", "_k": 0, "y": -3.425166865496446, "x": -0.71428571428571563}, "7": {"z": 1.5000000000000002, "qx": -0.0, "qy": -0.0, "qz": -0.071428571428571536, "type": "support", "_k": 3, "y": -3.425166865496446, "x": -5.0000000000000009}, "6": {"z": 1.5000000000000002, "qx": -0.0, "qy": -0.0, "qz": -0.14285714285714285, "_k": 2, "y": -3.425166865496446, "x": -3.5714285714285703}, "1": {"z": 1.5000000000000002, "qx": -0.0, "qy": -0.0, "qz": -0.14285714285714282, "_k": 2, "y": -3.425166865496446, "x": 3.5714285714285698}, "0": {"z": 1.5000000000000002, "qx": -0.0, "qy": -0.0, "qz": -0.071428571428571383, "type": "support", "_k": 3, "y": -3.425166865496446, "x": 4.9999999999999973}, "3": {"z": 1.5000000000000002, "qx": -0.0, "qy": -0.0, "qz": -0.14285714285714285, "type": "_origin", "_k": 0, "y": -3.425166865496446, "x": 0.71428571428571241}, "2": {"z": 1.5000000000000002, "qx": -0.0, "qy": -0.0, "qz": -0.14285714285714288, "_k": 1, "y": -3.425166865496446, "x": 2.142857142857141}, "21": {"z": 1.5000000000000002, "qx": -0.0, "qy": -0.0, "qz": -0.071428571428571536, "type": "support", "_k": 3, "y": -2.425166865496446, "x": -5.0000000000000009}, "9": {"z": 0.27000000000000024, "type": "support", "_k": 2, "y": -2.9751668654964458, "x": 3.7699999999999974}, "8": {"_k": 1, "z": 1.3900000000000001, "y": -3.425166865496446, "x": 2.142857142857141}, "14": {"z": 1.5000000000000002, "qx": -0.0, "qy": -0.0, "qz": -0.071428571428571383, "type": "support", "_k": 3, "y": -2.425166865496446, "x": 4.9999999999999973}, "24": {"_k": 1, "z": 1.3900000000000001, "y": -2.425166865496446, "x": -2.1428571428571437}, "13": {"z": 1.3282868500952261, "type": "_origin", "_k": 0, "y": -3.425166865496446, "x": -0.71428571428571552}, "23": {"z": 0.27000000000000024, "type": "support", "_k": 2, "y": -2.8751668654964462, "x": 3.7699999999999974}}, "max_int_key": 27, "attributes": {"gkey_node": {"5.000,-3.425,1.500": 0, "-3.571,-2.425,1.500": 20, "-5.000,-3.425,1.500": 7, "-3.770,-2.875,0.270": 25, "0.714,-2.425,1.328": 26, "-2.143,-3.425,1.500": 5, "2.143,-2.425,1.500": 16, "-0.714,-2.425,1.328": 27, "-2.143,-3.425,1.390": 10, "3.770,-2.975,0.270": 9, "-3.571,-3.425,1.500": 6, "5.000,-2.425,1.500": 14, "0.714,-2.425,1.500": 17, "-5.000,-2.425,1.500": 21, "2.143,-3.425,1.390": 8, "-2.143,-2.425,1.500": 19, "0.714,-3.425,1.328": 12, "-0.714,-3.425,1.328": 13, "-2.143,-2.425,1.390": 24, "-0.714,-2.425,1.500": 18, "3.571,-2.425,1.500": 15, "0.714,-3.425,1.500": 3, "3.770,-2.875,0.270": 23, "2.143,-2.425,1.390": 22, "-0.714,-3.425,1.500": 4, "2.143,-3.425,1.500": 2, "3.571,-3.425,1.500": 1, "-3.770,-2.975,0.270": 11}, "name": "Network", "_aux_length": 0.33000000000000002, "_trails": {"3": [3, 2, 1, 0], "4": [4, 5, 6, 7], "12": [12, 8, 9], "13": [13, 10, 11], "17": [17, 16, 15, 14], "18": [18, 19, 20, 21], "26": [26, 22, 23], "27": [27, 24, 25]}, "tol": "3f", "_auxiliary_trails": {}, "_aux_vector": {"dtype": "compas.geometry/Vector", "value": [-0.0, -0.0, -1.0]}}, "edge_attributes": {"force": 0.0, "type": null, "length": 0.0}, "edge": {"16": {"22": {"force": 0.20000000000000001, "type": "deviation"}, "17": {"length": -1.4285714285714286, "type": "trail"}}, "26": {"27": {"force": 0.10000000000000001, "type": "deviation"}}, "15": {"16": {"length": -1.4285714285714288, "type": "trail"}}, "18": {"27": {"force": 0.0001, "type": "deviation"}, "19": {"length": -1.4285714285714279, "type": "trail"}}, "25": {}, "10": {"11": {"length": 2.025955053191216, "type": "trail"}}, "20": {"21": {"length": -1.4285714285714306, "type": "trail"}}, "17": {"26": {"force": 0.0001, "type": "deviation"}, "18": {"force": -12.0, "type": "deviation"}}, "27": {"24": {"length": 1.4299037867639137, "type": "trail"}}, "12": {"13": {"force": 0.10000000000000001, "type": "deviation"}}, "22": {"26": {"length": 1.4299037867639111, "type": "trail"}, "23": {"length": 2.0259550531912147, "type": "trail"}}, "19": {"20": {"length": -1.4285714285714266, "type": "trail"}, "24": {"force": 0.20000000000000001, "type": "deviation"}}, "11": {}, "5": {"19": {"force": -0.34699999999999998, "type": "deviation"}, "6": {"length": -1.4285714285714266, "type": "trail"}, "10": {"force": 0.20000000000000001, "type": "deviation"}}, "4": {"13": {"force": 0.0001, "type": "deviation"}, "18": {"force": -0.34699999999999998, "type": "deviation"}, "5": {"length": -1.4285714285714279, "type": "trail"}}, "7": {"21": {"force": -0.34699999999999998, "type": "deviation"}}, "6": {"7": {"length": -1.4285714285714306, "type": "trail"}, "20": {"force": -0.34699999999999998, "type": "deviation"}}, "1": {"15": {"force": -0.34699999999999998, "type": "deviation"}, "2": {"length": -1.4285714285714288, "type": "trail"}},