{"compas": "1.7.1", "datatype": "compas_cem.diagrams/TopologyDiagram", "data": {"adjacency": {"14": {"4": null, "13": null, "15": null, "8": null}, "17": {"1": null, "16": null, "11": null}, "12": {"13": null, "6": null, "3": null}, "5": {"4": null, "1": null, "9": null, "15": null}, "4": {"5": null, "14": null, "8": null, "3": null}, "7": {"13": null, "6": null, "8": null, "3": null}, "6": {"12": null, "7": null}, "1": {"17": null, "5": null, "10": null, "0": null, "16": null}, "0": {"1": null}, "3": {"12": null, "4": null, "7": null, "13": null, "2": null}, "2": {"3": null}, "10": {"1": null, "9": null, "16": null, "11": null}, "13": {"12": null, "7": null, "14": null, "3": null}, "15": {"14": null, "9": null, "16": null, "5": null}, "11": {"10": null, "17": null}, "9": {"5": null, "15": null, "8": null, "10": null}, "8": {"4": null, "7": null, "14": null, "9": null}, "16": {"15": null, "1": null, "17": null, "10": null}}, "node_attributes": {"z": 0.0, "qx": 0.0, "rx": 0.0, "qy": 0.0, "ry": 0.0, "qz": 0.0, "type": null, "rz": 0.0, "_k": null, "y": 0.0, "x": 0.0}, "node": {"14": {"z": 1.5000000000000002, "qx": -0.0, "qy": -0.0, "qz": -0.20000000000000004, "type": "_origin", "_k": 0, "y": -2.425166865496446, "x": -1.0000000000000018}, "17": {"z": 1.5000000000000002, "qx": -0.0, "qy": -0.0, "qz": -0.099999999999999964, "type": "support", "_k": 2, "y": -2.425166865496446, "x": 4.9999999999999973}, "12": {"z": 1.5000000000000002, "qx": -0.0, "qy": -0.0, "qz": -0.10000000000000001, "type": "support", "_k": 2, "y": -2.425166865496446, "x": -5.0000000000000009}, "5": {"z": 0.18488548522827269, "type": "_origin", "_k": 0, "y": -2.9251668654964469, "x": 1.0457782026015283}, "4": {"z": 0.18488548522827281, "type": "_origin", "_k": 0, "y": -2.9251668654964469, "x": -1.045778202601539}, "7": {"z": 1.5000000000000002, "qx": -0.0, "qy": -0.0, "qz": -0.19999999999999996, "_k": 1, "y": -3.425166865496446, "x": -3.0000000000000009}, "6": {"z": 1.5000000000000002, "qx": -0.0, "qy": -0.0, "qz": -0.10000000000000001, "type": "support", "_k": 2, "y": -3.425166865496446, "x": -5.0000000000000009}, "1": {"_k": 1, "z": 0.63922850908250317, "y": -2.9251668654964469, "x": 3.0877990476486747}, "0": {"z": 1.4899999999999975, "type": "support", "_k": 2, "y": -3.4251668654964469, "x": 4.9999999999999902}, "3": {"_k": 1, "z": 0.63922850908250528, "y": -2.9251668654964469, "x": -3.0877990476486863}, "2": {"z": 1.4900000000000007, "type": "support", "_k": 2, "y": -3.4251668654964469, "x": -5.0000000000000009}, "10": {"z": 1.5000000000000002, "qx": -0.0, "qy": -0.0, "qz": -0.1999999999999999, "_k": 1, "y": -3.425166865496446, "x": 2.9999999999999982}, "13": {"z": 1.5000000000000002, "qx": -0.0, "qy": -0.0, "qz": -0.19999999999999996, "_k": 1, "y": -2.425166865496446, "x": -3.0000000000000009}, "15": {"z": 1.5000000000000002, "qx": -0.0, "qy": -0.0, "qz": -0.20000000000000001, "type": "_origin", "_k": 0, "y": -2.425166865496446, "x": 0.99999999999999944}, "11": {"z": 1.5000000000000002, "qx": -0.0, "qy": -0.0, "qz": -0.099999999999999964, "type": "support", "_k": 2, "y": -3.425166865496446, "x": 4.9999999999999973}, "9": {"z": 1.5000000000000002, "qx": -0.0, "qy": -0.0, "qz": -0.20000000000000001, "type": "_origin", "_k": 0, "y": -3.425166865496446, "x": 0.99999999999999944}, "8": {"z": 1.5000000000000002, "qx": -0.0, "qy": -0.0, "qz": -0.20000000000000004, "type": "_origin", "_k": 0, "y": -3.425166865496446, "x": -1.0000000000000018}, "16": {"z": 1.5000000000000002, "qx": -0.0, "qy": -0.0, "qz": -0.1999999999999999, "_k": 1, "y": -2.425166865496446, "x": 2.9999999999999982}}, "max_int_key": 17, "attributes": {"gkey_node": {"-5.000,-2.425,1.500": 12, "-5.000,-3.425,1.490": 2, "3.088,-2.925,0.639": 1, "-1.000,-3.425,1.500": 8, "1.000,-3.425,1.500": 9, "-1.000,-2.425,1.500": 14, "-3.088,-2.925,0.639": 3, "1.000,-2.425,1.500": 15, "5.000,-3.425,1.490": 0, "-3.000,-3.425,1.500": 7, "5.000,-3.425,1.500": 11, "-3.000,-2.425,1.500": 13, "3.000,-3.425,1.500": 10, "3.000,-2.425,1.500": 16, "-1.046,-2.925,0.185": 4, "-5.000,-3.425,1.500": 6, "1.046,-2.925,0.185": 5, "5.000,-2.425,1.500": 17}, "name": "Network", "_aux_length": 0.33000000000000002, "_trails": {"4": [4, 3, 2], "5": [5, 1, 0], "8": [8, 7, 6], "9": [9, 10, 11], "14": [14, 13, 12], "15": [15, 16, 17]}, "tol": "3f", "_auxiliary_trails": {}, "_aux_vector": {"dtype": "compas.geometry/Vector", "value": [-0.0, -0.0, -1.0]}}, "edge_attributes": {"force": 0.0, "type": null, "length": 0.0}, "edge": {"14": {"15": {"force": -20.0, "type": "deviation"}}, "17": {}, "12": {"13": {"length": -2.0, "type": "trail"}}, "5": {"1": {"length": 2.0919552373155756, "type": "trail"}, "9": {"force": -1.1000000000000001, "type": "deviation"}, "15": {"force": -1.1000000000000001, "type": "deviation"}}, "4": {"14": {"force": -1.1000000000000001, "type": "deviation"}, "8": {"force": -1.1000000000000001, "type": "deviation"}, "5": {"force": 9.0, "type": "deviation"}}, "7": {"13": {"force": -0.10000000000000001, "type": "deviation"}, "8": {"length": -1.9999999999999991, "type": "trail"}}, "6": {"12": {"force": -0.10000000000000001, "type": "deviation"}, "7": {"length": -2.0, "type": "trail"}}, "1": {"17": {"force": 0.29999999999999999, "type": "deviation"}, "16": {"force": -1.1000000000000001, "type": "deviation"}, "10": {"force": -1.1000000000000001, "type": "deviation"}}, "0": {"1": {"length": 2.1518189077920229, "type": "trail"}}, "3": {"4": {"length": 2.091955237315577, "type": "trail"}, "7": {"force": -1.1000000000000001, "type": "deviation"}, "12": {"force": 0.29999999999999999, "type": "deviation"}, "13": {"force": -1.1000000000000001, "type": "deviation"}}, "2": {"3": {"length": 2.1518189077920225, "type": "trail"}}, "10": {"16": {"force": -0.10000000000000001, "type": "deviation"}, "11": {"length": -1.9999999999999991, "type": "trail"}}, "13": {"14": {"length": -1.9999999999999991, "type": "trail"}}, "15": {"16": {"length": -1.9999999999999987, "type": "trail"}}, "11": {"17": {"force": -0.10000000000000001, "type": "deviation"}}, "9": {"15": {"force": -0.10000000000000001, "type": "deviation"}, "10": {"length": -1.9999999999999987, "type": "trail"}}, "8": {"14": {"force": -0.10000000000000001, "type": "deviation"}, "9": {"force": -20.0, "type": "deviation"}}, "16": {"17": {"length": -1.9999999999999991, "type": "trail"}}}}}