{"compas": "1.7.1", "datatype": "compas_cem.diagrams/TopologyDiagram", "data": {"adjacency": {"16": {"7": null, "27": null, "15": null, "17": null}, "26": {"27": null, "6": null, "15": null, "25": null}, "15": {"26": null, "6": null, "14": null, "16": null}, "18": {"19": null, "9": null, "29": null, "17": null}, "25": {"5": null, "26": null, "14": null, "24": null}, "28": {"17": null, "27": null, "8": null, "29": null}, "10": {"30": null, "19": null, "1": null, "9": null}, "30": {"31": null, "19": null, "29": null, "10": null}, "20": {"31": null, "21": null, "19": null, "1": null}, "17": {"28": null, "18": null, "8": null, "16": null}, "27": {"28": null, "7": null, "26": null, "16": null}, "12": {"13": null, "23": null, "3": null, "11": null}, "32": {"31": null, "21": null, "1": null}, "22": {"23": null, "3": null, "11": null}, "19": {"30": null, "20": null, "18": null, "10": null}, "29": {"28": null, "30": null, "9": null, "18": null}, "11": {"12": null, "22": null}, "5": {"4": null, "6": null, "14": null, "25": null}, "4": {"5": null, "13": null, "3": null, "24": null}, "7": {"27": null, "6": null, "8": null, "16": null}, "6": {"7": null, "26": null, "15": null, "5": null}, "1": {"32": null, "10": null, "0": null, "20": null, "31": null}, "0": {"1": null}, "3": {"12": null, "4": null, "22": null, "2": null, "23": null}, "2": {"3": null}, "21": {"20": null, "32": null}, "31": {"30": null, "20": null, "32": null, "1": null}, "9": {"10": null, "18": null, "29": null, "8": null}, "8": {"28": null, "7": null, "9": null, "17": null}, "14": {"5": null, "13": null, "15": null, "25": null}, "24": {"4": null, "13": null, "23": null, "25": null}, "13": {"4": null, "12": null, "14": null, "24": null}, "23": {"12": null, "22": null, "3": null, "24": null}}, "node_attributes": {"z": 0.0, "qx": 0.0, "rx": 0.0, "qy": 0.0, "ry": 0.0, "qz": 0.0, "type": null, "rz": 0.0, "_k": null, "y": 0.0, "x": 0.0}, "node": {"16": {"z": 1.5000000000000002, "qx": -0.0, "qy": -0.0, "qz": -0.10000000000000001, "type": "_origin", "_k": 0, "y": -3.425166865496446, "x": 2.2204460492503131e-16}, "26": {"z": 1.5000000000000002, "qx": -0.0, "qy": -0.0, "qz": -0.10000000000000006, "type": "_origin", "_k": 0, "y": -2.425166865496446, "x": -1.0000000000000018}, "15": {"z": 1.5000000000000002, "qx": -0.0, "qy": -0.0, "qz": -0.10000000000000006, "type": "_origin", "_k": 0, "y": -3.425166865496446, "x": -1.0000000000000018}, "18": {"z": 1.5000000000000002, "qx": -0.0, "qy": -0.0, "qz": -0.09999999999999995, "_k": 2, "y": -3.425166865496446, "x": 1.9999999999999973}, "25": {"z": 1.5000000000000002, "qx": -0.0, "qy": -0.0, "qz": -0.099999999999999964, "_k": 1, "y": -2.425166865496446, "x": -2.0000000000000009}, "28": {"z": 1.5000000000000002, "qx": -0.0, "qy": -0.0, "qz": -0.099999999999999867, "_k": 1, "y": -2.425166865496446, "x": 0.99999999999999845}, "10": {"_k": 2, "z": 0.63922850908250273, "y": -2.9251668654964469, "x": 3.0877990476486739}, "30": {"z": 1.5000000000000002, "qx": -0.0, "qy": -0.0, "qz": -0.10000000000000001, "_k": 3, "y": -2.425166865496446, "x": 2.9999999999999973}, "20": {"z": 1.5000000000000002, "qx": -0.0, "qy": -0.0, "qz": -0.10000000000000001, "_k": 4, "y": -3.425166865496446, "x": 3.9999999999999973}, "17": {"z": 1.5000000000000002, "qx": -0.0, "qy": -0.0, "qz": -0.099999999999999867, "_k": 1, "y": -3.425166865496446, "x": 0.99999999999999845}, "27": {"z": 1.5000000000000002, "qx": -0.0, "qy": -0.0, "qz": -0.10000000000000001, "type": "_origin", "_k": 0, "y": -2.425166865496446, "x": 2.2204460492503131e-16}, "12": {"z": 1.5000000000000002, "qx": -0.0, "qy": -0.0, "qz": -0.10000000000000001, "_k": 3, "y": -3.425166865496446, "x": -4.0000000000000009}, "32": {"z": 1.5000000000000002, "qx": -0.0, "qy": -0.0, "qz": -0.050000000000000003, "type": "support", "_k": 5, "y": -2.425166865496446, "x": 4.9999999999999973}, "22": {"z": 1.5000000000000002, "qx": -0.0, "qy": -0.0, "qz": -0.050000000000000003, "type": "support", "_k": 4, "y": -2.425166865496446, "x": -5.0000000000000009}, "19": {"z": 1.5000000000000002, "qx": -0.0, "qy": -0.0, "qz": -0.10000000000000001, "_k": 3, "y": -3.425166865496446, "x": 2.9999999999999973}, "29": {"z": 1.5000000000000002, "qx": -0.0, "qy": -0.0, "qz": -0.09999999999999995, "_k": 2, "y": -2.425166865496446, "x": 1.9999999999999973}, "11": {"z": 1.5000000000000002, "qx": -0.0, "qy": -0.0, "qz": -0.050000000000000003, "type": "support", "_k": 4, "y": -3.425166865496446, "x": -5.0000000000000009}, "5": {"_k": 2, "z": 0.3577399646085998, "y": -2.9251668654964469, "x": -2.0788496065005839}, "4": {"_k": 3, "z": 0.63922850908250528, "y": -2.9251668654964469, "x": -3.0877990476486863}, "7": {"z": 0.12657978240272752, "type": "_origin", "_k": 0, "y": -2.9251668654964469, "x": -5.8841820305133297e-15}, "6": {"_k": 1, "z": 0.18488548522827281, "y": -2.9251668654964469, "x": -1.045778202601539}, "1": {"_k": 3, "z": 1.0203360357502984, "y": -2.9251668654964469, "x": 4.063550283874096}, "0": {"z": 1.4899999999999975, "type": "support", "_k": 4, "y": -3.4251668654964469, "x": 4.9999999999999902}, "3": {"_k": 4, "z": 1.0203360357503015, "y": -2.9251668654964469, "x": -4.0635502838741067}, "2": {"z": 1.4900000000000007, "type": "support", "_k": 5, "y": -3.4251668654964469, "x": -5.0000000000000009}, "21": {"z": 1.5000000000000002, "qx": -0.0, "qy": -0.0, "qz": -0.050000000000000003, "type": "support", "_k": 5, "y": -3.425166865496446, "x": 4.9999999999999973}, "31": {"z": 1.5000000000000002, "qx": -0.0, "qy": -0.0, "qz": -0.10000000000000001, "_k": 4, "y": -2.425166865496446, "x": 3.9999999999999973}, "9": {"_k": 1, "z": 0.35773996460859764, "y": -2.9251668654964469, "x": 2.0788496065005724}, "8": {"z": 0.18488548522827256, "type": "_origin", "_k": 0, "y": -2.9251668654964469, "x": 1.045778202601527}, "14": {"z": 1.5000000000000002, "qx": -0.0, "qy": -0.0, "qz": -0.099999999999999964, "_k": 1, "y": -3.425166865496446, "x": -2.0000000000000009}, "24": {"z": 1.5000000000000002, "qx": -0.0, "qy": -0.0, "qz": -0.10000000000000001, "_k": 2, "y": -2.425166865496446, "x": -3.0000000000000009}, "13": {"z": 1.5000000000000002, "qx": -0.0, "qy": -0.0, "qz": -0.10000000000000001, "_k": 2, "y": -3.425166865496446, "x": -3.0000000000000009}, "23": {"z": 1.5000000000000002, "qx": -0.0, "qy": -0.0, "qz": -0.10000000000000001, "_k": 3, "y": -2.425166865496446, "x": -4.0000000000000009}}, "max_int_key": 32, "attributes": {"gkey_node": {"5.000,-3.425,1.500": 21, "3.000,-2.425,1.500": 30, "0.000,-2.925,0.127": 7, "-4.000,-3.425,1.500": 12, "-5.000,-3.425,1.500": 11, "-5.000,-3.425,1.490": 2, "-2.000,-2.425,1.500": 25, "-3.000,-2.425,1.500": 24, "3.088,-2.925,0.639": 10, "-3.088,-2.925,0.639": 4, "4.000,-2.425,1.500": 31, "1.046,-2.925,0.185": 8, "5.000,-2.425,1.500": 32, "-4.000,-2.425,1.500": 23, "-5.000,-2.425,1.500": 22, "5.000,-3.425,1.490": 0, "4.064,-2.925,1.020": 1, "-1.046,-2.925,0.185": 6, "-1.000,-3.425,1.500": 15, "0.000,-3.425,1.500": 16, "2.000,-3.425,1.500": 18, "-2.079,-2.925,0.358": 5, "2.079,-2.925,0.358": 9, "1.000,-3.425,1.500": 17, "3.000,-3.425,1.500": 19, "-1.000,-2.425,1.500": 26, "0.000,-2.425,1.500": 27, "-4.064,-2.925,1.020": 3, "2.000,-2.425,1.500": 29, "4.000,-3.425,1.500": 20, "1.000,-2.425,1.500": 28, "-2.000,-3.425,1.500": 14, "-3.000,-3.425,1.500": 13}, "name": "Network", "_aux_length": 0.33000000000000002, "_trails": {"7": [7, 6, 5, 4, 3, 2], "8": [8, 9, 10, 1, 0], "15": [15, 14, 13, 12, 11], "16": [16, 17, 18, 19, 20, 21], "26": [26, 25, 24, 23, 22], "27": [27, 28, 29, 30, 31, 32]}, "tol": "3f", "_auxiliary_trails": {}, "_aux_vector": {"dtype": "compas.geometry/Vector", "value": [-0.0, -0.0, -1.0]}}, "edge_attributes": {"force": 0.0, "type": null, "length": 0.0}, "edge": {"16": {"27": {"force": -0.10000000000000001, "type": "deviation"}, "17": {"length": -0.99999999999999822, "type": "trail"}}, "26": {"27": {"force": -20.0, "type": "deviation"}}, "15": {"26": {"force": -0.10000000000000001, "type": "deviation"}, "16": {"force": -20.0,