{"compas": "1.7.1", "datatype": "compas_cem.diagrams/TopologyDiagram", "data": {"adjacency": {"16": {"15": null, "1": null, "17": null, "25": null}, "26": {"1": null, "17": null, "25": null}, "15": {"24": null, "14": null, "8": null, "16": null}, "18": {"19": null, "9": null, "3": null}, "25": {"26": null, "1": null, "16": null, "24": null}, "10": {"19": null, "9": null, "3": null, "11": null}, "20": {"4": null, "21": null, "19": null, "11": null}, "17": {"26": null, "16": null}, "12": {"13": null, "21": null, "11": null, "5": null}, "22": {"13": null, "21": null, "6": null, "23": null}, "19": {"20": null, "18": null, "10": null, "3": null}, "11": {"4": null, "12": null, "20": null, "10": null}, "5": {"4": null, "21": null, "12": null, "6": null}, "4": {"5": null, "20": null, "3": null, "11": null}, "7": {"6": null, "14": null, "23": null, "8": null}, "6": {"13": null, "7": null, "22": null, "5": null}, "1": {"26": null, "25": null, "0": null, "8": null, "16": null}, "0": {"1": null}, "3": {"4": null, "19": null, "18": null, "10": null, "2": null}, "2": {"3": null}, "21": {"12": null, "20": null, "22": null, "5": null}, "9": {"18": null, "10": null}, "8": {"7": null, "1": null, "15": null, "24": null}, "14": {"13": null, "7": null, "15": null, "23": null}, "24": {"15": null, "23": null, "8": null, "25": null}, "13": {"12": null, "6": null, "14": null, "22": null}, "23": {"7": null, "14": null, "22": null, "24": null}}, "node_attributes": {"z": 0.0, "qx": 0.0, "rx": 0.0, "qy": 0.0, "ry": 0.0, "qz": 0.0, "type": null, "rz": 0.0, "_k": null, "y": 0.0, "x": 0.0}, "node": {"16": {"z": 1.5000000000000002, "qx": -0.0, "qy": -0.0, "qz": -0.125, "_k": 3, "y": -3.425166865496446, "x": 3.7499999999999973}, "26": {"z": 1.5000000000000002, "qx": -0.0, "qy": -0.0, "qz": -0.0625, "type": "support", "_k": 3, "y": -2.425166865496446, "x": 4.9999999999999973}, "15": {"z": 1.5000000000000002, "qx": -0.0, "qy": -0.0, "qz": -0.12499999999999996, "_k": 2, "y": -3.425166865496446, "x": 2.4999999999999973}, "18": {"z": 1.5000000000000002, "qx": -0.0, "qy": -0.0, "qz": -0.0625, "type": "support", "_k": 4, "y": -2.425166865496446, "x": -5.0000000000000009}, "25": {"z": 1.5000000000000002, "qx": -0.0, "qy": -0.0, "qz": -0.125, "_k": 2, "y": -2.425166865496446, "x": 3.7499999999999973}, "10": {"z": 1.5000000000000002, "qx": -0.0, "qy": -0.0, "qz": -0.12499999999999997, "_k": 2, "y": -3.425166865496446, "x": -3.7500000000000009}, "20": {"z": 1.5000000000000002, "qx": -0.0, "qy": -0.0, "qz": -0.12499999999999996, "_k": 2, "y": -2.425166865496446, "x": -2.5000000000000013}, "17": {"z": 1.5000000000000002, "qx": -0.0, "qy": -0.0, "qz": -0.0625, "type": "support", "_k": 4, "y": -3.425166865496446, "x": 4.9999999999999973}, "12": {"z": 1.5000000000000002, "qx": -0.0, "qy": -0.0, "qz": -0.12500000000000008, "type": "_origin", "_k": 0, "y": -3.425166865496446, "x": -1.2500000000000018}, "22": {"z": 1.5000000000000002, "qx": -0.0, "qy": -0.0, "qz": -0.125, "type": "_origin", "_k": 0, "y": -2.425166865496446, "x": 2.2204460492503131e-16}, "19": {"z": 1.5000000000000002, "qx": -0.0, "qy": -0.0, "qz": -0.12499999999999997, "_k": 3, "y": -2.425166865496446, "x": -3.7500000000000009}, "11": {"z": 1.5000000000000002, "qx": -0.0, "qy": -0.0, "qz": -0.12499999999999996, "_k": 1, "y": -3.425166865496446, "x": -2.5000000000000013}, "5": {"_k": 1, "z": 0.217229297316962, "y": -2.9251668654964469, "x": -1.305756588792133}, "4": {"_k": 2, "z": 0.48524960132751632, "y": -2.9251668654964469, "x": -2.5870126010578831}, "7": {"z": 0.21722929731696011, "type": "_origin", "_k": 0, "y": -2.9251668654964469, "x": 1.3057565887921208}, "6": {"z": 0.12657978240272752, "type": "_origin", "_k": 0, "y": -2.9251668654964469, "x": -5.8841820305133297e-15}, "1": {"_k": 2, "z": 0.91615587825247491, "y": -2.9251668654964469, "x": 3.823171802618138}, "0": {"z": 1.4899999999999975, "type": "support", "_k": 3, "y": -3.4251668654964469, "x": 4.9999999999999902}, "3": {"_k": 3, "z": 0.91615587825247835, "y": -2.9251668654964469, "x": -3.8231718026181492}, "2": {"z": 1.4900000000000007, "type": "support", "_k": 4, "y": -3.4251668654964469, "x": -5.0000000000000009}, "21": {"z": 1.5000000000000002, "qx": -0.0, "qy": -0.0, "qz": -0.12500000000000008, "_k": 1, "y": -2.425166865496446, "x": -1.2500000000000018}, "9": {"z": 1.5000000000000002, "qx": -0.0, "qy": -0.0, "qz": -0.0625, "type": "support", "_k": 3, "y": -3.425166865496446, "x": -5.0000000000000009}, "8": {"_k": 1, "z": 0.48524960132751399, "y": -2.9251668654964469, "x": 2.5870126010578725}, "14": {"z": 1.5000000000000002, "qx": -0.0, "qy": -0.0, "qz": -0.12499999999999986, "_k": 1, "y": -3.425166865496446, "x": 1.2499999999999982}, "24": {"z": 1.5000000000000002, "qx": -0.0, "qy": -0.0, "qz": -0.12499999999999996, "_k": 1, "y": -2.425166865496446, "x": 2.4999999999999973}, "13": {"z": 1.5000000000000002, "qx": -0.0, "qy": -0.0, "qz": -0.125, "type": "_origin", "_k": 0, "y": -3.425166865496446, "x": 2.2204460492503131e-16}, "23": {"z": 1.5000000000000002, "qx": -0.0, "qy": -0.0, "qz": -0.12499999999999986, "type": "_origin", "_k": 0, "y": -2.425166865496446, "x": 1.2499999999999982}}, "max_int_key": 26, "attributes": {"gkey_node": {"-1.250,-3.425,1.500": 12, "5.000,-3.425,1.500": 17, "-2.500,-3.425,1.500": 11, "0.000,-2.925,0.127": 6, "2.500,-3.425,1.500": 15, "-5.000,-3.425,1.500": 9, "-5.000,-3.425,1.490": 2, "2.587,-2.925,0.485": 8, "-2.500,-2.425,1.500": 20, "3.823,-2.925,0.916": 1, "5.000,-2.425,1.500": 26, "5.000,-3.425,1.490": 0, "2.500,-2.425,1.500": 24, "-5.000,-2.425,1.500": 18, "3.750,-2.425,1.500": 25, "0.000,-3.425,1.500": 13, "1.250,-2.425,1.500": 23, "-2.587,-2.925,0.485": 4, "3.750,-3.425,1.500": 16, "-3.750,-2.425,1.500": 19, "-1.250,-2.425,1.500": 21, "-1.306,-2.925,0.217": 5, "-3.823,-2.925,0.916": 3, "1.306,-2.925,0.217": 7, "0.000,-2.425,1.500": 22, "1.250,-3.425,1.500": 14, "-3.750,-3.425,1.500": 10}, "name": "Network", "_aux_length": 0.33000000000000002, "_trails": {"6": [6, 5, 4, 3, 2], "7": [7, 8, 1, 0], "12": [12, 11, 10, 9], "13": [13, 14, 15, 16, 17], "22": [22, 21, 20, 19, 18], "23": [23, 24, 25, 26]}, "tol": "3f", "_auxiliary_trails": {}, "_aux_vector": {"dtype": "compas.geometry/Vector", "value": [-0.0, -0.0, -1.0]}}, "edge_attributes": {"force": 0.0, "type": null, "length": 0.0}, "edge": {"16": {"17": {"length": -1.25, "type": "trail"}, "25": {"force": -0.10000000000000001, "type": "deviation"}}, "26": {}, "15": {"16": {"length": -1.25, "type": "trail"}, "24": {"force": -0.10000000000000001, "type": "deviation"}}, "18": {"19": {"length": -1.25, "type": "trail"}}, "25": {"26": {"length": -1.25, "type": "trail"}}, "10": {"19": {"force": -0.10000000000000001, "type": "deviation"}, "11": {"length": -1.2499999999999996, "type": "trail"}}, "20": {"21": {"length": -1.2499999999999996, "type": "trail"}}, "17": {"26": {"force": -0.10000000000000001, "type": "deviation"}}, "12": {"13": {"force": -20.0, "type": "deviation"}, "21": {"force": -0.10000000000000001, "type": "deviation"}}, "22": {"23": {"force": -20.0, "type": "deviation"}}, "19": {"20": {"length": -1.2499999999999996, "type": "trail"}}, "11": {"12": {"length": -1.2499999999999996, "type": "trail"}, "20": {"force": -0.10000000000000001, "type": "deviation"}}, "5": {"12": {"force": -1.1000000000000001, "type": "deviation"}, "21": {"force": -1.1000000000000001, "type": "deviation"}, "6": {"length": 1.3088993864037979, "type": "trail"}}, "4": {"20": {"force": -1.1000000000000001, "type": "deviation"}, "11": {"force": -1.1000000000000001, "type": "deviation"}, "5": {"length": 1.308988866388497, "type": "trail"}}, "7": {"14": {"force": -1.1000000000000001, "type": "deviation"}, "23": {"force": -1.1000000000000001, "type": "deviation"}, "8": {"length": 1.3089888663884983, "type": "trail"}}, "6": {"13": {"force": -1.1000000000000001, "type": "deviation"}, "7": {"force": 9.0, "type": "deviation"}, "22": {"force": -1.1000000000000001, "type": "deviation"}},