{"compas": "1.7.1", "datatype": "compas_cem.diagrams/TopologyDiagram", "data": {"adjacency": {"5": {"4": null, "6": null, "9": null, "3": null}, "4": {"8": null, "5": null}, "7": {"6": null, "11": null}, "6": {"7": null, "1": null, "10": null, "5": null}, "1": {"6": null, "10": null, "0": null, "3": null, "11": null}, "0": {"1": null}, "3": {"5": null, "1": null, "2": null, "9": null, "8": null}, "2": {"3": null}, "10": {"6": null, "1": null, "9": null, "11": null}, "11": {"7": null, "1": null, "10": null}, "9": {"10": null, "5": null, "8": null, "3": null}, "8": {"4": null, "9": null, "3": null}}, "node_attributes": {"z": 0.0, "qx": 0.0, "rx": 0.0, "qy": 0.0, "ry": 0.0, "qz": 0.0, "type": null, "rz": 0.0, "_k": null, "y": 0.0, "x": 0.0}, "node": {"5": {"z": 1.5000000000000002, "qx": -0.0, "qy": -0.0, "qz": -0.33333333333333359, "type": "_origin", "_k": 0, "y": -3.425166865496446, "x": -1.6666666666666674}, "4": {"z": 1.5000000000000002, "qx": -0.0, "qy": -0.0, "qz": -0.16666666666666669, "type": "support", "_k": 1, "y": -3.425166865496446, "x": -5.0000000000000009}, "7": {"z": 1.5000000000000002, "qx": -0.0, "qy": -0.0, "qz": -0.16666666666666641, "type": "support", "_k": 1, "y": -3.425166865496446, "x": 4.9999999999999973}, "6": {"z": 1.5000000000000002, "qx": -0.0, "qy": -0.0, "qz": -0.33333333333333326, "type": "_origin", "_k": 0, "y": -3.425166865496446, "x": 1.6666666666666698}, "1": {"z": 0.28723041260998095, "type": "_origin", "_k": 0, "y": -2.9251668654964469, "x": 1.7367320752545257}, "0": {"z": 1.4899999999999975, "type": "support", "_k": 1, "y": -3.4251668654964469, "x": 4.9999999999999902}, "3": {"z": 0.28723041260998317, "type": "_origin", "_k": 0, "y": -2.9251668654964469, "x": -1.7367320752545381}, "2": {"z": 1.4900000000000007, "type": "support", "_k": 1, "y": -3.4251668654964469, "x": -5.0000000000000009}, "10": {"z": 1.5000000000000002, "qx": -0.0, "qy": -0.0, "qz": -0.33333333333333326, "type": "_origin", "_k": 0, "y": -2.425166865496446, "x": 1.6666666666666698}, "11": {"z": 1.5000000000000002, "qx": -0.0, "qy": -0.0, "qz": -0.16666666666666641, "type": "support", "_k": 1, "y": -2.425166865496446, "x": 4.9999999999999973}, "9": {"z": 1.5000000000000002, "qx": -0.0, "qy": -0.0, "qz": -0.33333333333333359, "type": "_origin", "_k": 0, "y": -2.425166865496446, "x": -1.6666666666666674}, "8": {"z": 1.5000000000000002, "qx": -0.0, "qy": -0.0, "qz": -0.16666666666666669, "type": "support", "_k": 1, "y": -2.425166865496446, "x": -5.0000000000000009}}, "max_int_key": 11, "attributes": {"gkey_node": {"-5.000,-3.425,1.490": 2, "1.667,-3.425,1.500": 6, "1.737,-2.925,0.287": 1, "-1.737,-2.925,0.287": 3, "5.000,-3.425,1.490": 0, "1.667,-2.425,1.500": 10, "5.000,-3.425,1.500": 7, "-1.667,-3.425,1.500": 5, "-1.667,-2.425,1.500": 9, "-5.000,-3.425,1.500": 4, "-5.000,-2.425,1.500": 8, "5.000,-2.425,1.500": 11}, "name": "Network", "_aux_length": 0.33000000000000002, "_trails": {"1": [1, 0], "3": [3, 2], "5": [5, 4], "6": [6, 7], "9": [9, 8], "10": [10, 11]}, "tol": "3f", "_auxiliary_trails": {}, "_aux_vector": {"dtype": "compas.geometry/Vector", "value": [-0.0, -0.0, -1.0]}}, "edge_attributes": {"force": 0.0, "type": null, "length": 0.0}, "edge": {"5": {"6": {"force": -20.0, "type": "deviation"}, "9": {"force": -0.10000000000000001, "type": "deviation"}}, "4": {"8": {"force": -0.10000000000000001, "type": "deviation"}, "5": {"length": -3.3333333333333335, "type": "trail"}}, "7": {"11": {"force": -0.10000000000000001, "type": "deviation"}}, "6": {"7": {"length": -3.3333333333333277, "type": "trail"}, "10": {"force": -0.10000000000000001, "type": "deviation"}}, "1": {"6": {"force": -1.1000000000000001, "type": "deviation"}, "10": {"force": -1.1000000000000001, "type": "deviation"}, "11": {"force": 0.29999999999999999, "type": "deviation"}}, "0": {"1": {"length": 3.5136266490654529, "type": "trail"}}, "3": {"1": {"force": 9.0, "type": "deviation"}, "9": {"force": -1.1000000000000001, "type": "deviation"}, "8": {"force": 0.29999999999999999, "type": "deviation"}, "5": {"force": -1.1000000000000001, "type": "deviation"}}, "2": {"3": {"length": 3.5136266490654515, "type": "trail"}}, "10": {"11": {"length": -3.3333333333333277, "type": "trail"}}, "11": {}, "9": {"10": {"force": -20.0, "type": "deviation"}}, "8": {"9": {"length": -3.3333333333333335, "type": "trail"}}}}}