{"compas": "1.7.1", "datatype": "compas_cem.diagrams/FormDiagram", "data": {"adjacency": {"5": {"4": null, "6": null, "9": null, "3": null}, "4": {"8": null, "5": null}, "7": {"6": null, "11": null}, "6": {"7": null, "1": null, "10": null, "5": null}, "1": {"6": null, "10": null, "0": null, "3": null, "11": null}, "0": {"1": null}, "3": {"5": null, "1": null, "2": null, "9": null, "8": null}, "2": {"3": null}, "10": {"6": null, "1": null, "9": null, "11": null}, "11": {"7": null, "1": null, "10": null}, "9": {"10": null, "5": null, "8": null, "3": null}, "8": {"4": null, "9": null, "3": null}}, "node_attributes": {"z": 0.0, "qx": 0.0, "rx": 0.0, "qy": 0.0, "ry": 0.0, "qz": 0.0, "type": null, "rz": 0.0, "_k": null, "y": 0.0, "x": 0.0}, "node": {"5": {"z": 1.5000000000000002, "qx": -0.0, "qy": -0.0, "qz": -0.33333333333333359, "type": "_origin", "_k": 0, "y": -3.425166865496446, "x": -1.6666666666666674}, "4": {"z": 1.6139261328594321, "qx": -0.0, "rx": 19.941330650310359, "qy": -0.0, "ry": 0.61867556952916136, "qz": -0.16666666666666669, "type": "support", "rz": -0.51551399541632459, "_k": 1, "y": -3.5117871775772538, "x": -4.9969262464738975}, "7": {"z": 1.6139261328594321, "qx": -0.0, "rx": -19.941330650310373, "qy": -0.0, "ry": 0.61867556952916092, "qz": -0.16666666666666641, "type": "support", "rz": -0.51551399541632581, "_k": 1, "y": -3.5117871775772533, "x": 4.9969262464738939}, "6": {"z": 1.5000000000000002, "qx": -0.0, "qy": -0.0, "qz": -0.33333333333333326, "type": "_origin", "_k": 0, "y": -3.425166865496446, "x": 1.6666666666666698}, "1": {"z": 0.28723041260998095, "type": "_origin", "_k": 0, "y": -2.9251668654964469, "x": 1.7367320752545257}, "0": {"z": 1.051888633157251, "rx": 8.6085686065856102, "ry": -0.049318639709676551, "type": "support", "rz": 1.9194893569260492, "_k": 1, "y": -2.9448137070609173, "x": 5.1660882883634738}, "3": {"z": 0.28723041260998317, "type": "_origin", "_k": 0, "y": -2.9251668654964469, "x": -1.7367320752545381}, "2": {"z": 1.051888633157259, "rx": -8.6085686065855853, "ry": -0.049318639709676676, "type": "support", "rz": 1.9194893569260592, "_k": 1, "y": -2.9448137070609173, "x": -5.1660882883634835}, "10": {"z": 1.5000000000000002, "qx": -0.0, "qy": -0.0, "qz": -0.33333333333333326, "type": "_origin", "_k": 0, "y": -2.425166865496446, "x": 1.6666666666666698}, "11": {"z": 1.6139261328594321, "qx": -0.0, "rx": -19.66723795627524, "qy": -0.0, "ry": -0.56935692981948438, "qz": -0.16666666666666641, "type": "support", "rz": -0.40397536150972968, "_k": 1, "y": -2.3385465534156382, "x": 4.9969262464738939}, "9": {"z": 1.5000000000000002, "qx": -0.0, "qy": -0.0, "qz": -0.33333333333333359, "type": "_origin", "_k": 0, "y": -2.425166865496446, "x": -1.6666666666666674}, "8": {"z": 1.6139261328594321, "qx": -0.0, "rx": 19.667237956275226, "qy": -0.0, "ry": -0.5693569298194846, "qz": -0.16666666666666669, "type": "support", "rz": -0.40397536150972818, "_k": 1, "y": -2.3385465534156382, "x": -4.9969262464738975}}, "max_int_key": 11, "attributes": {"gkey_node": {"-5.000,-3.425,1.490": 2, "-4.997,-3.512,1.614": 4, "4.997,-3.512,1.614": 7, "1.667,-3.425,1.500": 6, "1.737,-2.925,0.287": 1, "-1.737,-2.925,0.287": 3, "5.166,-2.945,1.052": 0, "-5.166,-2.945,1.052": 2, "-4.997,-2.339,1.614": 8, "5.000,-3.425,1.490": 0, "1.667,-2.425,1.500": 10, "5.000,-3.425,1.500": 7, "4.997,-2.339,1.614": 11, "-1.667,-3.425,1.500": 5, "-1.667,-2.425,1.500": 9, "-5.000,-3.425,1.500": 4, "-5.000,-2.425,1.500": 8, "5.000,-2.425,1.500": 11}, "name": "Network", "tol": "3f"}, "edge_attributes": {"force": 0.0, "type": null, "length": 0.0}, "edge": {"5": {"6": {"force": -20.0, "type": "deviation", "length": 3.3333333333333375}, "9": {"force": -0.10000000000000001, "type": "deviation", "length": 1.0}}, "4": {"8": {"force": -0.10000000000000001, "type": "deviation", "length": 1.1732406241616156}, "5": {"force": -19.95973604302306, "length": 3.3333333333333335, "type": "trail"}}, "7": {"11": {"force": -0.10000000000000001, "type": "deviation", "length": 1.1732406241616151}}, "6": {"7": {"force": -19.959736043023074, "length": 3.3333333333333273, "type": "trail"}, "10": {"force": -0.10000000000000001, "type": "deviation", "length": 1.0}}, "1": {"6": {"force": -1.1000000000000001, "type": "deviation", "length": 1.3136663326654681}, "10": {"force": -1.1000000000000001, "type": "deviation", "length": 1.3136663326654687}, "11": {"force": 0.29999999999999999, "type": "deviation", "length": 3.568348491771332}}, "0": {"1": {"force": 8.8201091361652946, "length": 3.5136266490654529, "type": "trail"}}, "3": {"1": {"force": 9.0, "type": "deviation", "length": 3.4734641505090638}, "9": {"force": -1.1000000000000001, "type": "deviation", "length": 1.3136663326654674}, "8": {"force": 0.29999999999999999, "type": "deviation", "length": 3.5683484917713231}, "5": {"force": -1.1000000000000001, "type": "deviation", "length": 1.3136663326654667}}, "2": {"3": {"force": 8.8201091361652733, "length": 3.5136266490654515, "type": "trail"}}, "10": {"11": {"force": -19.959736043023074, "length": 3.3333333333333273, "type": "trail"}}, "11": {}, "9": {"10": {"force": -20.0, "type": "deviation", "length": 3.3333333333333375}}, "8": {"9": {"force": -19.95973604302306, "length": 3.3333333333333335, "type": "trail"}}}}}