{"compas": "1.7.1", "datatype": "compas_cem.diagrams/TopologyDiagram", "data": {"adjacency": {"14": {"13": null, "1": null, "9": null}, "12": {"4": null, "7": null, "13": null, "11": null}, "5": {"6": null, "10": null}, "4": {"12": null, "7": null, "1": null, "3": null}, "7": {"4": null, "12": null, "6": null, "8": null}, "6": {"5": null, "7": null, "3": null, "11": null}, "1": {"14": null, "4": null, "13": null, "0": null, "8": null}, "0": {"1": null}, "3": {"4": null, "6": null, "10": null, "2": null, "11": null}, "2": {"3": null}, "10": {"5": null, "3": null, "11": null}, "13": {"12": null, "14": null, "1": null, "8": null}, "11": {"12": null, "6": null, "10": null, "3": null}, "9": {"14": null, "8": null}, "8": {"13": null, "7": null, "1": null, "9": null}}, "node_attributes": {"z": 0.0, "qx": 0.0, "rx": 0.0, "qy": 0.0, "ry": 0.0, "qz": 0.0, "type": null, "rz": 0.0, "_k": null, "y": 0.0, "x": 0.0}, "node": {"14": {"z": 1.5000000000000002, "qx": -0.0, "qy": -0.0, "qz": -0.125, "type": "support", "_k": 1, "y": -2.425166865496446, "x": 4.9999999999999973}, "12": {"z": 1.5000000000000002, "qx": -0.0, "qy": -0.0, "qz": -0.24999999999999994, "type": "_origin", "_k": 0, "y": -2.425166865496446, "x": 2.2204460492503131e-16}, "5": {"z": 1.5000000000000002, "qx": -0.0, "qy": -0.0, "qz": -0.12499999999999999, "type": "support", "_k": 1, "y": -3.425166865496446, "x": -5.0000000000000009}, "4": {"z": 0.12657978240272752, "type": "_origin", "_k": 0, "y": -2.9251668654964469, "x": -5.8841820305133297e-15}, "7": {"z": 1.5000000000000002, "qx": -0.0, "qy": -0.0, "qz": -0.24999999999999994, "type": "_origin", "_k": 0, "y": -3.425166865496446, "x": 2.2204460492503131e-16}, "6": {"z": 1.5000000000000002, "qx": -0.0, "qy": -0.0, "qz": -0.25000000000000006, "type": "_origin", "_k": 0, "y": -3.425166865496446, "x": -2.5000000000000013}, "1": {"z": 0.48524960132751399, "type": "_origin", "_k": 0, "y": -2.9251668654964469, "x": 2.5870126010578725}, "0": {"z": 1.4899999999999975, "type": "support", "_k": 1, "y": -3.4251668654964469, "x": 4.9999999999999902}, "3": {"_k": 1, "z": 0.48524960132751632, "y": -2.9251668654964469, "x": -2.5870126010578831}, "2": {"z": 1.4900000000000007, "type": "support", "_k": 2, "y": -3.4251668654964469, "x": -5.0000000000000009}, "10": {"z": 1.5000000000000002, "qx": -0.0, "qy": -0.0, "qz": -0.12499999999999999, "type": "support", "_k": 2, "y": -2.425166865496446, "x": -5.0000000000000009}, "13": {"z": 1.5000000000000002, "qx": -0.0, "qy": -0.0, "qz": -0.24999999999999989, "type": "_origin", "_k": 0, "y": -2.425166865496446, "x": 2.4999999999999973}, "11": {"z": 1.5000000000000002, "qx": -0.0, "qy": -0.0, "qz": -0.25000000000000006, "_k": 1, "y": -2.425166865496446, "x": -2.5000000000000013}, "9": {"z": 1.5000000000000002, "qx": -0.0, "qy": -0.0, "qz": -0.125, "type": "support", "_k": 2, "y": -3.425166865496446, "x": 4.9999999999999973}, "8": {"z": 1.5000000000000002, "qx": -0.0, "qy": -0.0, "qz": -0.24999999999999989, "_k": 1, "y": -3.425166865496446, "x": 2.4999999999999973}}, "max_int_key": 14, "attributes": {"gkey_node": {"0.000,-3.425,1.500": 7, "-2.587,-2.925,0.485": 3, "-5.000,-3.425,1.490": 2, "2.587,-2.925,0.485": 1, "0.000,-2.925,0.127": 4, "2.500,-3.425,1.500": 8, "0.000,-2.425,1.500": 12, "2.500,-2.425,1.500": 13, "5.000,-3.425,1.490": 0, "5.000,-3.425,1.500": 9, "-2.500,-3.425,1.500": 6, "-2.500,-2.425,1.500": 11, "-5.000,-3.425,1.500": 5, "-5.000,-2.425,1.500": 10, "5.000,-2.425,1.500": 14}, "name": "Network", "_aux_length": 0.33000000000000002, "_trails": {"1": [1, 0], "4": [4, 3, 2], "6": [6, 5], "7": [7, 8, 9], "12": [12, 11, 10], "13": [13, 14]}, "tol": "3f", "_auxiliary_trails": {}, "_aux_vector": {"dtype": "compas.geometry/Vector", "value": [-0.0, -0.0, -1.0]}}, "edge_attributes": {"force": 0.0, "type": null, "length": 0.0}, "edge": {"14": {}, "12": {"13": {"force": -20.0, "type": "deviation"}}, "5": {"6": {"length": -2.4999999999999996, "type": "trail"}, "10": {"force": -0.10000000000000001, "type": "deviation"}}, "4": {"12": {"force": -1.1000000000000001, "type": "deviation"}, "7": {"force": -1.1000000000000001, "type": "deviation"}, "1": {"force": 9.0, "type": "deviation"}}, "7": {"12": {"force": -0.10000000000000001, "type": "deviation"}, "8": {"length": -2.4999999999999973, "type": "trail"}}, "6": {"7": {"force": -20.0, "type": "deviation"}, "11": {"force": -0.10000000000000001, "type": "deviation"}}, "1": {"13": {"force": -1.1000000000000001, "type": "deviation"}, "14": {"force": 0.29999999999999999, "type": "deviation"}, "8": {"force": -1.1000000000000001, "type": "deviation"}}, "0": {"1": {"length": 2.6612086635748735, "type": "trail"}}, "3": {"4": {"length": 2.6117576911037865, "type": "trail"}, "6": {"force": -1.1000000000000001, "type": "deviation"}, "10": {"force": 0.29999999999999999, "type": "deviation"}, "11": {"force": -1.1000000000000001, "type": "deviation"}}, "2": {"3": {"length": 2.6612086635748735, "type": "trail"}}, "10": {"11": {"length": -2.4999999999999996, "type": "trail"}}, "13": {"14": {"length": -2.5, "type": "trail"}}, "11": {"12": {"length": -2.5000000000000018, "type": "trail"}}, "9": {"14": {"force": -0.10000000000000001, "type": "deviation"}}, "8": {"13": {"force": -0.10000000000000001, "type": "deviation"}, "9": {"length": -2.5, "type": "trail"}}}}}