{"compas": "1.7.1", "datatype": "compas_cem.diagrams/TopologyDiagram", "data": {"adjacency": {"16": {"3": null, "8": null, "17": null}, "15": {"14": null, "23": null}, "18": {"4": null, "19": null, "17": null, "10": null}, "10": {"4": null, "9": null, "11": null, "18": null}, "20": {"12": null, "21": null, "6": null, "19": null}, "17": {"16": null, "9": null, "3": null, "18": null}, "12": {"13": null, "20": null, "6": null, "11": null}, "22": {"21": null, "14": null, "23": null, "1": null}, "19": {"20": null, "18": null, "11": null, "5": null}, "11": {"12": null, "19": null, "10": null, "5": null}, "5": {"4": null, "19": null, "6": null, "11": null}, "4": {"5": null, "18": null, "10": null, "3": null}, "7": {"13": null, "21": null, "6": null, "1": null}, "6": {"12": null, "7": null, "20": null, "5": null}, "1": {"14": null, "22": null, "7": null, "0": null, "23": null}, "0": {"1": null}, "3": {"17": null, "4": null, "2": null, "9": null, "16": null}, "2": {"3": null}, "21": {"13": null, "7": null, "20": null, "22": null}, "9": {"17": null, "3": null, "8": null, "10": null}, "8": {"9": null, "16": null}, "14": {"13": null, "15": null, "22": null, "1": null}, "13": {"12": null, "21": null, "7": null, "14": null}, "23": {"22": null, "15": null, "1": null}}, "node_attributes": {"z": 0.0, "qx": 0.0, "rx": 0.0, "qy": 0.0, "ry": 0.0, "qz": 0.0, "type": null, "rz": 0.0, "_k": null, "y": 0.0, "x": 0.0}, "node": {"16": {"z": 1.5000000000000002, "qx": -0.0, "qy": -0.0, "qz": -0.071428571428571425, "type": "support", "_k": 3, "y": -2.425166865496446, "x": -5.0000000000000009}, "15": {"z": 1.5000000000000002, "qx": -0.0, "qy": -0.0, "qz": -0.071428571428571536, "type": "support", "_k": 3, "y": -3.425166865496446, "x": 4.9999999999999973}, "18": {"z": 1.5000000000000002, "qx": -0.0, "qy": -0.0, "qz": -0.14285714285714282, "_k": 1, "y": -2.425166865496446, "x": -2.142857142857145}, "10": {"z": 1.5000000000000002, "qx": -0.0, "qy": -0.0, "qz": -0.14285714285714282, "_k": 1, "y": -3.425166865496446, "x": -2.142857142857145}, "20": {"z": 1.5000000000000002, "qx": -0.0, "qy": -0.0, "qz": -0.14285714285714285, "type": "_origin", "_k": 0, "y": -2.425166865496446, "x": 0.71428571428571286}, "17": {"z": 1.5000000000000002, "qx": -0.0, "qy": -0.0, "qz": -0.14285714285714279, "_k": 2, "y": -2.425166865496446, "x": -3.5714285714285725}, "12": {"z": 1.5000000000000002, "qx": -0.0, "qy": -0.0, "qz": -0.14285714285714285, "type": "_origin", "_k": 0, "y": -3.425166865496446, "x": 0.71428571428571286}, "22": {"z": 1.5000000000000002, "qx": -0.0, "qy": -0.0, "qz": -0.14285714285714282, "_k": 2, "y": -2.425166865496446, "x": 3.5714285714285667}, "19": {"z": 1.5000000000000002, "qx": -0.0, "qy": -0.0, "qz": -0.14285714285714288, "type": "_origin", "_k": 0, "y": -2.425166865496446, "x": -0.71428571428571608}, "11": {"z": 1.5000000000000002, "qx": -0.0, "qy": -0.0, "qz": -0.14285714285714288, "type": "_origin", "_k": 0, "y": -3.425166865496446, "x": -0.71428571428571608}, "5": {"z": 0.15614040012962085, "type": "_origin", "_k": 0, "y": -2.9251668654964469, "x": -0.74775524606951649}, "4": {"_k": 1, "z": 0.39153679124233753, "y": -2.9251668654964469, "x": -2.2246880725648897}, "7": {"_k": 1, "z": 0.39153679124233509, "y": -2.9251668654964469, "x": 2.2246880725648772}, "6": {"z": 0.15614040012962055, "type": "_origin", "_k": 0, "y": -2.9251668654964469, "x": 0.74775524606950405}, "1": {"_k": 2, "z": 0.84545621155853445, "y": -2.9251668654964469, "x": 3.6499092415578644}, "0": {"z": 1.4899999999999975, "type": "support", "_k": 3, "y": -3.4251668654964469, "x": 4.9999999999999902}, "3": {"_k": 2, "z": 0.84545621155853778, "y": -2.9251668654964469, "x": -3.6499092415578764}, "2": {"z": 1.4900000000000007, "type": "support", "_k": 3, "y": -3.4251668654964469, "x": -5.0000000000000009}, "21": {"z": 1.5000000000000002, "qx": -0.0, "qy": -0.0, "qz": -0.14285714285714268, "_k": 1, "y": -2.425166865496446, "x": 2.142857142857141}, "9": {"z": 1.5000000000000002, "qx": -0.0, "qy": -0.0, "qz": -0.14285714285714279, "_k": 2, "y": -3.425166865496446, "x": -3.5714285714285725}, "8": {"z": 1.5000000000000002, "qx": -0.0, "qy": -0.0, "qz": -0.071428571428571425, "type": "support", "_k": 3, "y": -3.425166865496446, "x": -5.0000000000000009}, "14": {"z": 1.5000000000000002, "qx": -0.0, "qy": -0.0, "qz": -0.14285714285714282, "_k": 2, "y": -3.425166865496446, "x": 3.5714285714285667}, "13": {"z": 1.5000000000000002, "qx": -0.0, "qy": -0.0, "qz": -0.14285714285714268, "_k": 1, "y": -3.425166865496446, "x": 2.142857142857141}, "23": {"z": 1.5000000000000002, "qx": -0.0, "qy": -0.0, "qz": -0.071428571428571536, "type": "support", "_k": 3, "y": -2.425166865496446, "x": 4.9999999999999973}}, "max_int_key": 23, "attributes": {"gkey_node": {"5.000,-3.425,1.500": 15, "-3.571,-2.425,1.500": 17, "-5.000,-3.425,1.500": 8, "-2.143,-3.425,1.500": 10, "-5.000,-3.425,1.490": 2, "-3.650,-2.925,0.845": 3, "2.143,-2.425,1.500": 21, "0.748,-2.925,0.156": 6, "-3.571,-3.425,1.500": 9, "5.000,-2.425,1.500": 23, "0.714,-2.425,1.500": 20, "5.000,-3.425,1.490": 0, "-5.000,-2.425,1.500": 16, "-2.225,-2.925,0.392": 4, "-2.143,-2.425,1.500": 18, "-0.714,-2.425,1.500": 19, "3.571,-2.425,1.500": 22, "0.714,-3.425,1.500": 12, "-0.748,-2.925,0.156": 5, "3.650,-2.925,0.845": 1, "-0.714,-3.425,1.500": 11, "2.143,-3.425,1.500": 13, "3.571,-3.425,1.500": 14, "2.225,-2.925,0.392": 7}, "name": "Network", "_aux_length": 0.33000000000000002, "_trails": {"5": [5, 4, 3, 2], "6": [6, 7, 1, 0], "11": [11, 10, 9, 8], "12": [12, 13, 14, 15], "19": [19, 18, 17, 16], "20": [20, 21, 22, 23]}, "tol": "3f", "_auxiliary_trails": {}, "_aux_vector": {"dtype": "compas.geometry/Vector", "value": [-0.0, -0.0, -1.0]}}, "edge_attributes": {"force": 0.0, "type": null, "length": 0.0}, "edge": {"16": {"17": {"length": -1.4285714285714284, "type": "trail"}}, "15": {"23": {"force": -0.10000000000000001, "type": "deviation"}}, "18": {"19": {"length": -1.4285714285714288, "type": "trail"}}, "10": {"18": {"force": -0.10000000000000001, "type": "deviation"}, "11": {"length": -1.4285714285714288, "type": "trail"}}, "20": {"21": {"length": -1.4285714285714282, "type": "trail"}}, "17": {"18": {"length": -1.4285714285714275, "type": "trail"}}, "12": {"13": {"length": -1.4285714285714282, "type": "trail"}, "20": {"force": -0.10000000000000001, "type": "deviation"}}, "22": {"23": {"length": -1.4285714285714306, "type": "trail"}}, "19": {"20": {"force": -20.0, "type": "deviation"}}, "11": {"12": {"force": -20.0, "type": "deviation"}, "19": {"force": -0.10000000000000001, "type": "deviation"}}, "5": {"19": {"force": -1.1000000000000001, "type": "deviation"}, "6": {"force": 9.0, "type": "deviation"}, "11": {"force": -1.1000000000000001, "type": "deviation"}}, "4": {"18": {"force": -1.1000000000000001, "type": "deviation"}, "10": {"force": -1.1000000000000001, "type": "deviation"}, "5": {"length": 1.4955741489235841, "type": "trail"}}, "7": {"13": {"force": -1.1000000000000001, "type": "deviation"}, "21": {"force": -1.1000000000000001, "type": "deviation"}, "1": {"length": 1.4957600812583318, "type": "trail"}}, "6": {"12": {"force": -1.1000000000000001, "type": "deviation"}, "7": {"length": 1.4955741489235839, "type": "trail"}, "20": {"force": -1.1000000000000001, "type": "deviation"}}, "1": {"14": {"force": -1.1000000000000001, "type": "deviation"}, "22": {"force": -1.1000000000000001, "type": "deviation"}, "23": {"force": 0.29999999999999999, "type": "deviation"}}, "0": {"1": {"length": 1.5773971444279047, "type": "trail"}}, "3": {"4": {"length": 1.4957600812583318, "type": "trail"}, "9": {"force": -1.1000000000000001, "type": "deviation"}, "16": {"force": 0.29999999999999999, "type": "deviation"}, "17": {"force": -1.1000000000000001, "type": "deviation"}}, "2": {"3": {"length": 1.5773971444279034, "type": "trail"}}, "21": {"22": {"length": -1.4285714285714257, "type": "trail"}}, "9": {"10": {"length": -1.4285714285714275, "type": "trail"}, "17": {"force": -0.10000000000000001,