{"compas": "1.7.1", "datatype": "compas_cem.diagrams/TopologyDiagram", "data": {"adjacency": {"16": {"15": null, "17": null}, "15": {"14": null, "16": null}, "18": {"19": null, "17": null}, "10": {"9": null, "11": null}, "20": {"6": null, "22": null}, "17": {"18": null, "16": null}, "12": {"13": null, "11": null}, "22": {"20": null}, "19": {"18": null}, "11": {"12": null, "10": null}, "5": {"4": null, "6": null}, "4": {"3": null, "5": null}, "7": {"6": null, "8": null}, "6": {"7": null, "20": null, "5": null}, "1": {"0": null, "2": null}, "0": {"1": null}, "3": {"4": null, "2": null}, "2": {"1": null, "3": null}, "21": {"13": null, "23": null}, "9": {"8": null, "10": null}, "8": {"7": null, "9": null}, "14": {"13": null, "15": null}, "13": {"12": null, "21": null, "14": null}, "23": {"21": null}}, "node_attributes": {"z": 0.0, "qx": 0.0, "rx": 0.0, "qy": 0.0, "ry": 0.0, "qz": 0.0, "type": null, "rz": 0.0, "_k": null, "y": 0.0, "x": 0.0}, "node": {"16": {"z": 1.5000000000000002, "qx": -0.0, "qy": -0.0, "qz": -0.05263157894736839, "_k": 6, "y": -3.425166865496446, "x": -3.421052631578946}, "15": {"z": 1.5000000000000002, "qx": -0.0, "qy": -0.0, "qz": -0.05263157894736839, "_k": 5, "y": -3.425166865496446, "x": -2.8947368421052619}, "18": {"z": 1.5000000000000002, "qx": -0.0, "qy": -0.0, "qz": -0.052631578947368571, "_k": 8, "y": -3.425166865496446, "x": -4.4736842105263124}, "10": {"z": 1.5000000000000002, "qx": -0.0, "qy": -0.0, "qz": -0.05263157894736846, "type": "_origin", "_k": 0, "y": -3.425166865496446, "x": -0.2631578947368437}, "20": {"z": 0.27000000000000024, "type": "_origin", "_k": 0, "y": -3.425166865496446, "x": 3.7699999999999974}, "17": {"z": 1.5000000000000002, "qx": -0.0, "qy": -0.0, "qz": -0.052631578947368321, "_k": 7, "y": -3.425166865496446, "x": -3.9473684210526296}, "12": {"z": 1.5000000000000002, "qx": -0.0, "qy": -0.0, "qz": -0.052631578947368363, "_k": 2, "y": -3.425166865496446, "x": -1.3157894736842117}, "22": {"z": -0.059999999999999776, "type": "support", "_k": 1, "y": -3.425166865496446, "x": 3.7699999999999974}, "19": {"z": 1.5000000000000002, "qx": -0.0, "qy": -0.0, "qz": -0.026315789473684428, "type": "support", "_k": 9, "y": -3.425166865496446, "x": -5.0000000000000009}, "11": {"z": 1.5000000000000002, "qx": -0.0, "qy": -0.0, "qz": -0.052631578947368404, "_k": 1, "y": -3.425166865496446, "x": -0.78947368421052866}, "5": {"z": 1.5000000000000002, "qx": -0.0, "qy": -0.0, "qz": -0.052631578947368418, "_k": 4, "y": -3.425166865496446, "x": 2.368421052631577}, "4": {"z": 1.5000000000000002, "qx": -0.0, "qy": -0.0, "qz": -0.05263157894736839, "_k": 5, "y": -3.425166865496446, "x": 2.8947368421052615}, "7": {"z": 1.5000000000000002, "qx": -0.0, "qy": -0.0, "qz": -0.052631578947368439, "_k": 2, "y": -3.425166865496446, "x": 1.3157894736842091}, "6": {"z": 1.5000000000000002, "qx": -0.0, "qy": -0.0, "qz": -0.052631578947368404, "_k": 3, "y": -3.425166865496446, "x": 1.8421052631578931}, "1": {"z": 1.5000000000000002, "qx": -0.0, "qy": -0.0, "qz": -0.052631578947368411, "_k": 8, "y": -3.425166865496446, "x": 4.4736842105263133}, "0": {"z": 1.5000000000000002, "qx": -0.0, "qy": -0.0, "qz": -0.026315789473684206, "type": "support", "_k": 9, "y": -3.425166865496446, "x": 4.9999999999999973}, "3": {"z": 1.5000000000000002, "qx": -0.0, "qy": -0.0, "qz": -0.05263157894736839, "_k": 6, "y": -3.425166865496446, "x": 3.4210526315789447}, "2": {"z": 1.5000000000000002, "qx": -0.0, "qy": -0.0, "qz": -0.052631578947368432, "_k": 7, "y": -3.425166865496446, "x": 3.9473684210526292}, "21": {"z": 0.27000000000000024, "type": "_origin", "_k": 0, "y": -3.425166865496446, "x": -3.7700000000000014}, "9": {"z": 1.5000000000000002, "qx": -0.0, "qy": -0.0, "qz": -0.052631578947368411, "type": "_origin", "_k": 0, "y": -3.425166865496446, "x": 0.26315789473684043}, "8": {"z": 1.5000000000000002, "qx": -0.0, "qy": -0.0, "qz": -0.052631578947368439, "_k": 1, "y": -3.425166865496446, "x": 0.78947368421052444}, "14": {"z": 1.5000000000000002, "qx": -0.0, "qy": -0.0, "qz": -0.052631578947368307, "_k": 4, "y": -3.425166865496446, "x": -2.3684210526315783}, "13": {"z": 1.5000000000000002, "qx": -0.0, "qy": -0.0, "qz": -0.052631578947368335, "_k": 3, "y": -3.425166865496446, "x": -1.8421052631578958}, "23": {"z": -0.059999999999999776, "type": "support", "_k": 1, "y": -3.425166865496446, "x": -3.7700000000000014}}, "max_int_key": 23, "attributes": {"gkey_node": {"5.000,-3.425,1.500": 0, "1.316,-3.425,1.500": 7, "3.770,-3.425,-0.060": 22, "-5.000,-3.425,1.500": 19, "3.421,-3.425,1.500": 3, "-3.421,-3.425,1.500": 16, "-1.842,-3.425,1.500": 13, "2.368,-3.425,1.500": 5, "2.895,-3.425,1.500": 4, "-1.316,-3.425,1.500": 12, "-3.770,-3.425,-0.060": 23, "1.842,-3.425,1.500": 6, "-4.474,-3.425,1.500": 18, "3.947,-3.425,1.500": 2, "3.770,-3.425,0.270": 20, "0.789,-3.425,1.500": 8, "-3.947,-3.425,1.500": 17, "-0.263,-3.425,1.500": 10, "-3.770,-3.425,0.270": 21, "-2.368,-3.425,1.500": 14, "4.474,-3.425,1.500": 1, "-2.895,-3.425,1.500": 15, "0.263,-3.425,1.500": 9, "-0.789,-3.425,1.500": 11}, "name": "Network", "_aux_length": 0.33000000000000002, "_trails": {"21": [21, 23], "9": [9, 8, 7, 6, 5, 4, 3, 2, 1, 0], "10": [10, 11, 12, 13, 14, 15, 16, 17, 18, 19], "20": [20, 22]}, "tol": "3f", "_auxiliary_trails": {"21": [21, 23], "20": [20, 22]}, "_aux_vector": {"dtype": "compas.geometry/Vector", "value": [-0.0, -0.0, -1.0]}}, "edge_attributes": {"force": 0.0, "type": null, "length": 0.0}, "edge": {"16": {"17": {"length": -0.52631578947368363, "type": "trail"}}, "15": {"16": {"length": -0.52631578947368407, "type": "trail"}}, "18": {"19": {"length": -0.52631578947368851, "type": "trail"}}, "10": {"11": {"length": -0.52631578947368496, "type": "trail"}}, "20": {"22": {"length": 0.33000000000000002, "type": "trail"}}, "17": {"18": {"length": -0.52631578947368274, "type": "trail"}}, "12": {"13": {"length": -0.52631578947368407, "type": "trail"}}, "22": {}, "19": {}, "11": {"12": {"length": -0.52631578947368307, "type": "trail"}}, "5": {"6": {"length": -0.52631578947368385, "type": "trail"}}, "4": {"5": {"length": -0.52631578947368451, "type": "trail"}}, "7": {"8": {"length": -0.52631578947368463, "type": "trail"}}, "6": {"7": {"length": -0.52631578947368407, "type": "trail"}, "20": {"force": 0.20000000000000001, "type": "deviation"}}, "1": {"2": {"length": -0.52631578947368407, "type": "trail"}}, "0": {"1": {"length": -0.52631578947368407, "type": "trail"}}, "3": {"4": {"length": -0.52631578947368318, "type": "trail"}}, "2": {"3": {"length": -0.52631578947368451, "type": "trail"}}, "21": {"23": {"length": 0.33000000000000002, "type": "trail"}}, "9": {"10": {"force": -12.9, "type": "deviation"}}, "8": {"9": {"length": -0.52631578947368407, "type": "trail"}}, "14": {"15": {"length": -0.52631578947368363, "type": "trail"}}, "13": {"21": {"force": 0.20000000000000001, "type": "deviation"}, "14": {"length": -0.52631578947368252, "type": "trail"}}, "23": {}}}}