{"compas": "1.7.1", "datatype": "compas_cem.diagrams/FormDiagram", "data": {"adjacency": {"5": {"7": null, "2": null}, "4": {"6": null, "1": null}, "7": {"5": null}, "6": {"4": null}, "1": {"4": null, "0": null, "2": null}, "0": {"1": null}, "3": {"2": null}, "2": {"1": null, "3": null, "5": null}}, "node_attributes": {"z": 0.0, "qx": 0.0, "rx": 0.0, "qy": 0.0, "ry": 0.0, "qz": 0.0, "type": null, "rz": 0.0, "_k": null, "y": 0.0, "x": 0.0}, "node": {"5": {"z": 0.27000000000000024, "type": "_origin", "_k": 0, "y": -3.425166865496446, "x": -3.7700000000000014}, "4": {"z": 0.27000000000000024, "type": "_origin", "_k": 0, "y": -3.425166865496446, "x": 3.7699999999999974}, "7": {"z": 0.10341389343842253, "rx": -0.17264651924177643, "ry": -0.0, "type": "support", "rz": -0.1009612767039865, "_k": 1, "y": -3.425166865496446, "x": -4.0548667567489325}, "6": {"z": 0.10341389343842244, "rx": 0.1726465192417764, "ry": -0.0, "type": "support", "rz": -0.10096127670398654, "_k": 1, "y": -3.425166865496446, "x": 4.054866756748928}, "1": {"z": 1.5000000000000002, "qx": -0.0, "qy": -0.0, "qz": -0.33333333333333326, "type": "_origin", "_k": 0, "y": -3.425166865496446, "x": 1.6666666666666645}, "0": {"z": 1.3893222967021948, "qx": -0.0, "rx": -13.072646519241777, "qy": -0.0, "ry": -0.0, "qz": -0.16666666666666666, "type": "support", "rz": 0.60096127670398647, "_k": 1, "y": -3.425166865496446, "x": 4.9981620601954972}, "3": {"z": 1.3893222967021948, "qx": -0.0, "rx": 13.072646519241777, "qy": -0.0, "ry": -0.0, "qz": -0.16666666666666671, "type": "support", "rz": 0.60096127670398658, "_k": 1, "y": -3.425166865496446, "x": -4.9981620601955008}, "2": {"z": 1.5000000000000002, "qx": -0.0, "qy": -0.0, "qz": -0.33333333333333331, "type": "_origin", "_k": 0, "y": -3.425166865496446, "x": -1.6666666666666672}}, "max_int_key": 7, "attributes": {"gkey_node": {"3.770,-3.425,0.270": 4, "-4.055,-3.425,0.103": 7, "4.998,-3.425,1.389": 0, "1.667,-3.425,1.500": 1, "-3.770,-3.425,-0.060": 7, "-4.998,-3.425,1.389": 3, "4.055,-3.425,0.103": 6, "5.000,-3.425,1.500": 0, "-3.770,-3.425,0.270": 5, "-1.667,-3.425,1.500": 2, "-5.000,-3.425,1.500": 3, "3.770,-3.425,-0.060": 6}, "name": "Network", "tol": "3f"}, "edge_attributes": {"force": 0.0, "type": null, "length": 0.0}, "edge": {"5": {"7": {"force": 0.20000000000000001, "length": 0.33000000000000007, "type": "trail"}}, "4": {"6": {"force": 0.20000000000000001, "length": 0.32999999999999968, "type": "trail"}}, "7": {}, "6": {}, "1": {"4": {"force": 0.20000000000000001, "type": "deviation", "length": 2.4365777457555318}, "2": {"force": -12.9, "type": "deviation", "length": 3.3333333333333317}}, "0": {"1": {"force": -13.079858517023478, "length": 3.333333333333333, "type": "trail"}}, "3": {}, "2": {"3": {"force": -13.079858517023478, "length": 3.3333333333333339, "type": "trail"}, "5": {"force": 0.20000000000000001, "type": "deviation", "length": 2.4365777457555331}}}}}