{"compas": "1.7.1", "datatype": "compas_cem.diagrams/TopologyDiagram", "data": {"adjacency": {"16": {"17": null, "15": null, "3": null, "2": null}, "15": {"14": null, "1": null, "16": null, "2": null}, "18": {"4": null, "19": null, "17": null, "5": null}, "25": {"12": null, "24": null}, "10": {"22": null, "9": null, "23": null, "11": null}, "20": {"21": null, "7": null, "19": null, "8": null}, "17": {"4": null, "18": null, "16": null, "3": null}, "12": {"25": null, "11": null, "24": null}, "22": {"21": null, "23": null, "9": null, "10": null}, "19": {"5": null, "7": null, "6": null, "18": null, "20": null}, "11": {"12": null, "23": null, "10": null, "24": null}, "5": {"4": null, "19": null, "6": null, "18": null}, "4": {"5": null, "18": null, "17": null, "3": null}, "7": {"20": null, "6": null, "19": null, "8": null}, "6": {"7": null, "19": null, "5": null}, "1": {"14": null, "0": null, "15": null, "2": null}, "0": {"13": null, "14": null, "1": null}, "3": {"4": null, "16": null, "17": null, "2": null}, "2": {"1": null, "15": null, "3": null, "16": null}, "21": {"20": null, "22": null, "9": null, "8": null}, "9": {"21": null, "22": null, "8": null, "10": null}, "8": {"7": null, "21": null, "20": null, "9": null}, "14": {"13": null, "15": null, "0": null, "1": null}, "24": {"12": null, "23": null, "11": null, "25": null}, "13": {"14": null, "0": null}, "23": {"10": null, "22": null, "11": null, "24": null}}, "node_attributes": {"z": 0.0, "qx": 0.0, "rx": 0.0, "qy": 0.0, "ry": 0.0, "qz": 0.0, "type": null, "rz": 0.0, "_k": null, "y": 0.0, "x": 0.0}, "node": {"16": {"z": 1.5000000000000002, "qx": -0.0, "qy": -0.0, "qz": -0.08333333333333337, "_k": 2, "y": -3.425166865496446, "x": -2.5000000000000013}, "15": {"z": 1.5000000000000002, "qx": -0.0, "qy": -0.0, "qz": -0.083333333333333343, "_k": 3, "y": -3.425166865496446, "x": -3.3333333333333348}, "18": {"z": 1.5000000000000002, "qx": -0.0, "qy": -0.0, "qz": -0.083333333333333398, "type": "_origin", "_k": 0, "y": -3.425166865496446, "x": -0.83333333333333559}, "25": {"z": 1.5000000000000002, "qx": -0.0, "qy": -0.0, "qz": -0.041666666666666519, "type": "support", "_k": 6, "y": -3.425166865496446, "x": 4.9999999999999973}, "10": {"_k": 4, "z": 2.9510000000000005, "y": -3.425166865496446, "x": 3.3333333333333366}, "20": {"z": 1.5000000000000002, "qx": -0.0, "qy": -0.0, "qz": -0.083333333333333481, "_k": 1, "y": -3.425166865496446, "x": 0.83333333333333059}, "17": {"z": 1.5000000000000002, "qx": -0.0, "qy": -0.0, "qz": -0.083333333333333287, "_k": 1, "y": -3.425166865496446, "x": -1.6666666666666674}, "12": {"z": 2.9510000000000005, "type": "support", "_k": 6, "y": -3.425166865496446, "x": 4.9999999999999982}, "22": {"z": 1.5000000000000002, "qx": -0.0, "qy": -0.0, "qz": -0.083333333333333343, "_k": 3, "y": -3.425166865496446, "x": 2.4999999999999973}, "19": {"z": 1.5000000000000002, "qx": -0.0, "qy": -0.0, "qz": -0.083333333333333315, "type": "_origin", "_k": 0, "y": -3.425166865496446, "x": 2.2204460492503131e-16}, "11": {"_k": 5, "z": 2.9510000000000005, "y": -3.425166865496446, "x": 4.1666666666666679}, "5": {"z": 2.9510000000000005, "type": "_origin", "_k": 0, "y": -3.425166865496446, "x": -0.83333333333333526}, "4": {"_k": 1, "z": 2.9510000000000005, "y": -3.425166865496446, "x": -1.6666666666666681}, "7": {"_k": 1, "z": 2.9510000000000005, "y": -3.425166865496446, "x": 0.83333333333333059}, "6": {"z": 2.9510000000000005, "type": "_origin", "_k": 0, "y": -3.425166865496446, "x": 2.2204460492503131e-16}, "1": {"_k": 4, "z": 2.9510000000000005, "y": -3.425166865496446, "x": -4.1666666666666679}, "0": {"z": 2.9510000000000005, "type": "support", "_k": 5, "y": -3.425166865496446, "x": -5.0000000000000009}, "3": {"_k": 2, "z": 2.9510000000000005, "y": -3.425166865496446, "x": -2.5000000000000009}, "2": {"_k": 3, "z": 2.9510000000000005, "y": -3.425166865496446, "x": -3.3333333333333348}, "21": {"z": 1.5000000000000002, "qx": -0.0, "qy": -0.0, "qz": -0.083333333333333343, "_k": 2, "y": -3.425166865496446, "x": 1.6666666666666698}, "9": {"_k": 3, "z": 2.9510000000000005, "y": -3.425166865496446, "x": 2.4999999999999973}, "8": {"_k": 2, "z": 2.9510000000000005, "y": -3.425166865496446, "x": 1.6666666666666696}, "14": {"z": 1.5000000000000002, "qx": -0.0, "qy": -0.0, "qz": -0.083333333333333315, "_k": 4, "y": -3.425166865496446, "x": -4.1666666666666679}, "24": {"z": 1.5000000000000002, "qx": -0.0, "qy": -0.0, "qz": -0.083333333333333037, "_k": 5, "y": -3.425166865496446, "x": 4.166666666666667}, "13": {"z": 1.5000000000000002, "qx": -0.0, "qy": -0.0, "qz": -0.041666666666666657, "type": "support", "_k": 5, "y": -3.425166865496446, "x": -5.0000000000000009}, "23": {"z": 1.5000000000000002, "qx": -0.0, "qy": -0.0, "qz": -0.083333333333333481, "_k": 4, "y": -3.425166865496446, "x": 3.3333333333333366}}, "max_int_key": 25, "attributes": {"gkey_node": {"5.000,-3.425,1.500": 25, "-2.500,-3.425,1.500": 16, "1.667,-3.425,1.500": 21, "4.167,-3.425,1.500": 24, "2.500,-3.425,1.500": 22, "0.000,-3.425,2.951": 6, "-2.500,-3.425,2.951": 3, "-5.000,-3.425,1.500": 13, "-0.833,-3.425,2.951": 5, "-4.167,-3.425,2.951": 1, "0.833,-3.425,1.500": 20, "-5.000,-3.425,2.951": 0, "-4.167,-3.425,1.500": 14, "-3.333,-3.425,2.951": 2, "-0.833,-3.425,1.500": 18, "1.667,-3.425,2.951": 8, "4.167,-3.425,2.951": 11, "3.333,-3.425,2.951": 10, "-1.667,-3.425,2.951": 4, "-3.333,-3.425,1.500": 15, "-1.667,-3.425,1.500": 17, "5.000,-3.425,2.951": 12, "0.833,-3.425,2.951": 7, "2.500,-3.425,2.951": 9, "0.000,-3.425,1.500": 19, "3.333,-3.425,1.500": 23}, "name": "Network", "_aux_length": 0.33000000000000002, "_trails": {"19": [19, 20, 21, 22, 23, 24, 25], "18": [18, 17, 16, 15, 14, 13], "5": [5, 4, 3, 2, 1, 0], "6": [6, 7, 8, 9, 10, 11, 12]}, "tol": "3f", "_auxiliary_trails": {}, "_aux_vector": {"dtype": "compas.geometry/Vector", "value": [-0.0, -0.0, -1.0]}}, "edge_attributes": {"force": 0.0, "type": null, "length": 0.0}, "edge": {"16": {"17": {"length": -0.83333333333333393, "type": "trail"}, "3": {"force": 0.40000000000000002, "type": "deviation"}, "2": {"force": 0.20000000000000001, "type": "deviation"}}, "15": {"1": {"force": 0.20000000000000001, "type": "deviation"}, "16": {"length": -0.83333333333333348, "type": "trail"}, "2": {"force": 0.40000000000000002, "type": "deviation"}}, "18": {"4": {"force": 0.20000000000000001, "type": "deviation"}, "19": {"force": -21.010000000000002, "type": "deviation"}, "5": {"force": 0.40000000000000002, "type": "deviation"}}, "25": {}, "10": {"11": {"length": 0.83333333333333126, "type": "trail"}}, "20": {"21": {"length": -0.83333333333333925, "type": "trail"}, "7": {"force": 0.40000000000000002, "type": "deviation"}, "8": {"force": 0.20000000000000001, "type": "deviation"}}, "17": {"4": {"force": 0.40000000000000002, "type": "deviation"}, "18": {"length": -0.83333333333333182, "type": "trail"}, "3": {"force": 0.20000000000000001, "type": "deviation"}}, "12": {"25": {"force": 2.8999999999999999, "type": "deviation"}}, "22": {"23": {"length": -0.83333333333333925, "type": "trail"}, "9": {"force": 0.40000000000000002, "type": "deviation"}, "10": {"force": 0.20000000000000001, "type": "deviation"}}, "19": {"7": {"force": 0.20000000000000001, "type": "deviation"}, "20": {"length": -0.83333333333333037, "type": "trail"}, "6": {"force": 0.40000000000000002, "type": "deviation"}, "5": {"force": 0.20000000000000001, "type": "deviation"}}, "11": {"12": {"length": 0.83333333333333037, "type": "trail"}}, "5": {"6": {"force": 21.800000000000001, "type": "deviation"}}, "4": {"5": {"length": 0.83333333333333282, "type": "trail"}}, "7": {"8": {"length": 0.83333333333333903, "type": "trail"}}, "6": {"7": {"length": 0.83333333333333037, "type": "trail"}}, "1": {"2": {"length": 0.83333333333333304, "type": "trail"}}, "0": {"13": {"force": 2.8999999999999999, "type": "deviation"}, "1": {"length": 0.83333333333333304, "type": "trail"}}, "3": {"4": {"length": 0.83333333333333282, "type": "trail"}},