{"compas": "1.7.1", "datatype": "compas_cem.diagrams/TopologyDiagram", "data": {"adjacency": {"16": {"4": null, "15": null, "17": null, "3": null}, "15": {"2": null, "14": null, "16": null, "3": null}, "18": {"7": null, "19": null, "6": null, "17": null}, "10": {"21": null, "22": null, "9": null, "11": null}, "20": {"21": null, "19": null, "9": null, "8": null}, "17": {"4": null, "18": null, "16": null, "5": null}, "12": {"13": null, "0": null}, "22": {"21": null, "23": null, "10": null, "11": null}, "19": {"7": null, "20": null, "18": null, "8": null}, "11": {"22": null, "23": null, "10": null}, "5": {"4": null, "6": null, "17": null}, "4": {"17": null, "5": null, "16": null, "3": null}, "7": {"19": null, "6": null, "18": null, "8": null}, "6": {"7": null, "18": null, "5": null}, "1": {"13": null, "14": null, "0": null, "2": null}, "0": {"12": null, "13": null, "1": null}, "3": {"4": null, "15": null, "16": null, "2": null}, "2": {"14": null, "1": null, "15": null, "3": null}, "21": {"20": null, "22": null, "9": null, "10": null}, "9": {"21": null, "20": null, "8": null, "10": null}, "8": {"7": null, "19": null, "20": null, "9": null}, "14": {"13": null, "15": null, "1": null, "2": null}, "13": {"12": null, "14": null, "1": null, "0": null}, "23": {"22": null, "11": null}}, "node_attributes": {"z": 0.0, "qx": 0.0, "rx": 0.0, "qy": 0.0, "ry": 0.0, "qz": 0.0, "type": null, "rz": 0.0, "_k": null, "y": 0.0, "x": 0.0}, "node": {"16": {"z": 1.5000000000000002, "qx": -0.0, "qy": -0.0, "qz": -0.090909090909090925, "_k": 1, "y": -3.425166865496446, "x": -1.3636363636363651}, "15": {"z": 1.5000000000000002, "qx": -0.0, "qy": -0.0, "qz": -0.090909090909090912, "_k": 2, "y": -3.425166865496446, "x": -2.2727272727272743}, "18": {"z": 1.5000000000000002, "qx": -0.0, "qy": -0.0, "qz": -0.090909090909090939, "type": "_origin", "_k": 0, "y": -3.425166865496446, "x": 0.45454545454545353}, "10": {"_k": 4, "z": 2.9510000000000005, "y": -3.425166865496446, "x": 4.0909090909090917}, "20": {"z": 1.5000000000000002, "qx": -0.0, "qy": -0.0, "qz": -0.090909090909090912, "_k": 2, "y": -3.425166865496446, "x": 2.2727272727272716}, "17": {"z": 1.5000000000000002, "qx": -0.0, "qy": -0.0, "qz": -0.090909090909090939, "type": "_origin", "_k": 0, "y": -3.425166865496446, "x": -0.45454545454545586}, "12": {"z": 1.5000000000000002, "qx": -0.0, "qy": -0.0, "qz": -0.045454545454545463, "type": "support", "_k": 5, "y": -3.425166865496446, "x": -5.0000000000000009}, "22": {"z": 1.5000000000000002, "qx": -0.0, "qy": -0.0, "qz": -0.090909090909090828, "_k": 4, "y": -3.425166865496446, "x": 4.0909090909090926}, "19": {"z": 1.5000000000000002, "qx": -0.0, "qy": -0.0, "qz": -0.090909090909090912, "_k": 1, "y": -3.425166865496446, "x": 1.3636363636363626}, "11": {"z": 2.9510000000000005, "type": "support", "_k": 5, "y": -3.425166865496446, "x": 5.0}, "5": {"z": 2.9510000000000005, "type": "_origin", "_k": 0, "y": -3.425166865496446, "x": -0.45454545454545625}, "4": {"_k": 1, "z": 2.9510000000000005, "y": -3.425166865496446, "x": -1.3636363636363651}, "7": {"_k": 1, "z": 2.9510000000000005, "y": -3.425166865496446, "x": 1.3636363636363629}, "6": {"z": 2.9510000000000005, "type": "_origin", "_k": 0, "y": -3.425166865496446, "x": 0.45454545454545392}, "1": {"_k": 4, "z": 2.9510000000000005, "y": -3.425166865496446, "x": -4.0909090909090917}, "0": {"z": 2.9510000000000005, "type": "support", "_k": 5, "y": -3.425166865496446, "x": -5.0000000000000018}, "3": {"_k": 2, "z": 2.9510000000000005, "y": -3.425166865496446, "x": -2.2727272727272743}, "2": {"_k": 3, "z": 2.9510000000000005, "y": -3.425166865496446, "x": -3.1818181818181834}, "21": {"z": 1.5000000000000002, "qx": -0.0, "qy": -0.0, "qz": -0.09090909090909105, "_k": 3, "y": -3.425166865496446, "x": 3.1818181818181808}, "9": {"_k": 3, "z": 2.9510000000000005, "y": -3.425166865496446, "x": 3.1818181818181808}, "8": {"_k": 2, "z": 2.9510000000000005, "y": -3.425166865496446, "x": 2.2727272727272716}, "14": {"z": 1.5000000000000002, "qx": -0.0, "qy": -0.0, "qz": -0.090909090909090884, "_k": 3, "y": -3.425166865496446, "x": -3.181818181818183}, "13": {"z": 1.5000000000000002, "qx": -0.0, "qy": -0.0, "qz": -0.090909090909090912, "_k": 4, "y": -3.425166865496446, "x": -4.0909090909090917}, "23": {"z": 1.5000000000000002, "qx": -0.0, "qy": -0.0, "qz": -0.045454545454545241, "type": "support", "_k": 5, "y": -3.425166865496446, "x": 4.9999999999999973}}, "max_int_key": 23, "attributes": {"gkey_node": {"5.000,-3.425,1.500": 23, "-0.455,-3.425,2.951": 5, "-1.364,-3.425,1.500": 16, "0.455,-3.425,1.500": 18, "-5.000,-3.425,1.500": 12, "4.091,-3.425,1.500": 22, "-5.000,-3.425,2.951": 0, "-4.091,-3.425,1.500": 13, "-3.182,-3.425,1.500": 14, "1.364,-3.425,1.500": 19, "-2.273,-3.425,2.951": 3, "3.182,-3.425,2.951": 9, "-2.273,-3.425,1.500": 15, "4.091,-3.425,2.951": 10, "-0.455,-3.425,1.500": 17, "5.000,-3.425,2.951": 11, "2.273,-3.425,2.951": 8, "2.273,-3.425,1.500": 20, "1.364,-3.425,2.951": 7, "0.455,-3.425,2.951": 6, "-4.091,-3.425,2.951": 1, "3.182,-3.425,1.500": 21, "-3.182,-3.425,2.951": 2, "-1.364,-3.425,2.951": 4}, "name": "Network", "_aux_length": 0.33000000000000002, "_trails": {"17": [17, 16, 15, 14, 13, 12], "18": [18, 19, 20, 21, 22, 23], "5": [5, 4, 3, 2, 1, 0], "6": [6, 7, 8, 9, 10, 11]}, "tol": "3f", "_auxiliary_trails": {}, "_aux_vector": {"dtype": "compas.geometry/Vector", "value": [-0.0, -0.0, -1.0]}}, "edge_attributes": {"force": 0.0, "type": null, "length": 0.0}, "edge": {"16": {"4": {"force": 0.40000000000000002, "type": "deviation"}, "17": {"length": -0.90909090909090917, "type": "trail"}, "3": {"force": 0.20000000000000001, "type": "deviation"}}, "15": {"2": {"force": 0.20000000000000001, "type": "deviation"}, "16": {"length": -0.90909090909090917, "type": "trail"}, "3": {"force": 0.40000000000000002, "type": "deviation"}}, "18": {"7": {"force": 0.20000000000000001, "type": "deviation"}, "19": {"length": -0.90909090909090917, "type": "trail"}, "6": {"force": 0.40000000000000002, "type": "deviation"}}, "10": {"11": {"length": 0.90909090909090828, "type": "trail"}}, "20": {"21": {"length": -0.90909090909090917, "type": "trail"}, "9": {"force": 0.20000000000000001, "type": "deviation"}, "8": {"force": 0.40000000000000002, "type": "deviation"}}, "17": {"4": {"force": 0.20000000000000001, "type": "deviation"}, "18": {"force": -21.010000000000002, "type": "deviation"}, "5": {"force": 0.40000000000000002, "type": "deviation"}}, "12": {"13": {"length": -0.90909090909090917, "type": "trail"}}, "22": {"23": {"length": -0.90909090909090473, "type": "trail"}, "10": {"force": 0.40000000000000002, "type": "deviation"}, "11": {"force": 0.20000000000000001, "type": "deviation"}}, "19": {"7": {"force": 0.40000000000000002, "type": "deviation"}, "20": {"length": -0.90909090909090895, "type": "trail"}, "8": {"force": 0.20000000000000001, "type": "deviation"}}, "11": {"23": {"force": 2.8999999999999999, "type": "deviation"}}, "5": {"6": {"force": 21.800000000000001, "type": "deviation"}}, "4": {"5": {"length": 0.90909090909090884, "type": "trail"}}, "7": {"8": {"length": 0.90909090909090873, "type": "trail"}}, "6": {"7": {"length": 0.90909090909090895, "type": "trail"}}, "1": {"2": {"length": 0.90909090909090828, "type": "trail"}}, "0": {"12": {"force": 2.8999999999999999, "type": "deviation"}, "1": {"length": 0.90909090909091006, "type": "trail"}}, "3": {"4": {"length": 0.90909090909090917, "type": "trail"}}, "2": {"3": {"length": 0.90909090909090917, "type": "trail"}}, "21": {"22": {"length": -0.90909090909091184, "type": "trail"}, "9": {"force": 0.40000000000000002, "type": "deviation"}, "10": {"force": 0.20000000000000001, "type": "deviation"}}, "9": {"10": {"length": 0.90909090909091095, "type": "trail"}}, "8": {"9": {"length": 0.90909090909090917, "type": "trail"}}, "14": {"15": {"length": -0.90909090909090873, "type": "trail"}, "1": {"force": 0.20000000000000001, "type": "deviation"}, "2": {"force": 0.40000000000000002, "type": "deviation"}},