{"compas": "1.7.1", "datatype": "compas_cem.diagrams/TopologyDiagram", "data": {"adjacency": {"14": {"4": null, "13": null, "15": null, "5": null}, "17": {"7": null, "18": null, "8": null, "16": null}, "12": {"11": null, "13": null, "3": null, "2": null}, "5": {"4": null, "6": null, "14": null, "15": null}, "4": {"13": null, "14": null, "3": null, "5": null}, "7": {"17": null, "6": null, "8": null, "16": null}, "6": {"7": null, "15": null, "16": null, "5": null}, "1": {"11": null, "0": null, "10": null, "2": null}, "0": {"1": null, "10": null}, "3": {"4": null, "12": null, "13": null, "2": null}, "2": {"12": null, "1": null, "3": null, "11": null}, "10": {"1": null, "0": null, "11": null}, "13": {"4": null, "12": null, "14": null, "3": null}, "15": {"6": null, "14": null, "16": null, "5": null}, "11": {"12": null, "1": null, "10": null, "2": null}, "9": {"18": null, "8": null}, "8": {"7": null, "9": null, "17": null, "18": null}, "18": {"9": null, "8": null, "17": null}, "16": {"7": null, "6": null, "15": null, "17": null}}, "node_attributes": {"z": 0.0, "qx": 0.0, "rx": 0.0, "qy": 0.0, "ry": 0.0, "qz": 0.0, "type": null, "rz": 0.0, "_k": null, "y": 0.0, "x": 0.0}, "node": {"14": {"z": 3.024, "type": "_origin", "_k": 0, "y": -3.425166865496446, "x": -1.1657341758564144e-15}, "17": {"_k": 3, "z": 3.024, "y": -3.425166865496446, "x": 3.3333333333333326}, "12": {"_k": 1, "z": 3.024, "y": -3.425166865496446, "x": -2.2222222222222232}, "5": {"z": 1.5000000000000002, "qx": -0.0, "qy": -0.0, "qz": -0.11111111111111134, "type": "_origin", "_k": 0, "y": -3.425166865496446, "x": 0.55555555555555469}, "4": {"z": 1.5000000000000002, "qx": -0.0, "qy": -0.0, "qz": -0.1111111111111111, "type": "_origin", "_k": 0, "y": -3.425166865496446, "x": -0.55555555555555702}, "7": {"z": 1.5000000000000002, "qx": -0.0, "qy": -0.0, "qz": -0.11111111111111094, "_k": 2, "y": -3.425166865496446, "x": 2.7777777777777768}, "6": {"z": 1.5000000000000002, "qx": -0.0, "qy": -0.0, "qz": -0.1111111111111111, "_k": 1, "y": -3.425166865496446, "x": 1.6666666666666698}, "1": {"z": 1.5000000000000002, "qx": -0.0, "qy": -0.0, "qz": -0.11111111111111108, "_k": 3, "y": -3.425166865496446, "x": -3.8888888888888897}, "0": {"z": 1.5000000000000002, "qx": -0.0, "qy": -0.0, "qz": -0.055555555555555559, "type": "support", "_k": 4, "y": -3.425166865496446, "x": -5.0000000000000009}, "3": {"z": 1.5000000000000002, "qx": -0.0, "qy": -0.0, "qz": -0.11111111111111113, "_k": 1, "y": -3.425166865496446, "x": -1.6666666666666674}, "2": {"z": 1.5000000000000002, "qx": -0.0, "qy": -0.0, "qz": -0.11111111111111113, "_k": 2, "y": -3.425166865496446, "x": -2.7777777777777795}, "10": {"z": 3.024, "type": "support", "_k": 3, "y": -3.425166865496446, "x": -4.4444444444444455}, "13": {"z": 3.024, "type": "_origin", "_k": 0, "y": -3.425166865496446, "x": -1.1111111111111123}, "15": {"_k": 1, "z": 3.024, "y": -3.425166865496446, "x": 1.1111111111111123}, "11": {"_k": 2, "z": 3.024, "y": -3.425166865496446, "x": -3.3333333333333348}, "9": {"z": 1.5000000000000002, "qx": -0.0, "qy": -0.0, "qz": -0.055555555555555448, "type": "support", "_k": 4, "y": -3.425166865496446, "x": 4.9999999999999973}, "8": {"z": 1.5000000000000002, "qx": -0.0, "qy": -0.0, "qz": -0.11111111111111102, "_k": 3, "y": -3.425166865496446, "x": 3.8888888888888884}, "18": {"z": 3.024, "type": "support", "_k": 4, "y": -3.425166865496446, "x": 4.4444444444444429}, "16": {"_k": 2, "z": 3.024, "y": -3.425166865496446, "x": 2.2222222222222232}}, "max_int_key": 18, "attributes": {"gkey_node": {"-1.111,-3.425,3.024": 13, "3.889,-3.425,1.500": 8, "0.556,-3.425,1.500": 5, "-3.889,-3.425,1.500": 1, "1.667,-3.425,1.500": 6, "1.111,-3.425,3.024": 15, "2.222,-3.425,3.024": 16, "4.444,-3.425,3.024": 18, "-0.556,-3.425,1.500": 4, "3.333,-3.425,3.024": 17, "-2.778,-3.425,1.500": 2, "2.778,-3.425,1.500": 7, "5.000,-3.425,1.500": 9, "-4.444,-3.425,3.024": 10, "-3.333,-3.425,3.024": 11, "-1.667,-3.425,1.500": 3, "-5.000,-3.425,1.500": 0, "0.000,-3.425,3.024": 14, "-2.222,-3.425,3.024": 12}, "name": "Network", "_aux_length": 0.33000000000000002, "_trails": {"14": [14, 15, 16, 17, 18], "4": [4, 3, 2, 1, 0], "5": [5, 6, 7, 8, 9], "13": [13, 12, 11, 10]}, "tol": "3f", "_auxiliary_trails": {}, "_aux_vector": {"dtype": "compas.geometry/Vector", "value": [-0.0, -0.0, -1.0]}}, "edge_attributes": {"force": 0.0, "type": null, "length": 0.0}, "edge": {"14": {"15": {"length": 1.1111111111111134, "type": "trail"}, "5": {"force": 0.5, "type": "deviation"}}, "17": {"18": {"length": 1.1111111111111103, "type": "trail"}, "8": {"force": 0.5, "type": "deviation"}}, "12": {"13": {"length": 1.1111111111111109, "type": "trail"}, "3": {"force": 0.59999999999999998, "type": "deviation"}}, "5": {"6": {"length": -1.1111111111111152, "type": "trail"}, "15": {"force": 0.59999999999999998, "type": "deviation"}}, "4": {"14": {"force": 0.5, "type": "deviation"}, "5": {"force": -20.0, "type": "deviation"}}, "7": {"8": {"length": -1.1111111111111116, "type": "trail"}, "17": {"force": 0.59999999999999998, "type": "deviation"}}, "6": {"7": {"length": -1.1111111111111069, "type": "trail"}, "16": {"force": 0.59999999999999998, "type": "deviation"}}, "1": {"11": {"force": 0.5, "type": "deviation"}, "2": {"length": -1.1111111111111103, "type": "trail"}}, "0": {"1": {"length": -1.1111111111111112, "type": "trail"}}, "3": {"4": {"length": -1.1111111111111103, "type": "trail"}, "13": {"force": 0.5, "type": "deviation"}}, "2": {"12": {"force": 0.5, "type": "deviation"}, "3": {"length": -1.111111111111112, "type": "trail"}}, "10": {"1": {"force": 0.59999999999999998, "type": "deviation"}, "0": {"force": 0.314, "type": "deviation"}, "11": {"length": 1.1111111111111107, "type": "trail"}}, "13": {"4": {"force": 0.59999999999999998, "type": "deviation"}, "14": {"force": 22.199999999999999, "type": "deviation"}}, "15": {"6": {"force": 0.5, "type": "deviation"}, "16": {"length": 1.1111111111111109, "type": "trail"}}, "11": {"12": {"length": 1.1111111111111116, "type": "trail"}, "2": {"force": 0.59999999999999998, "type": "deviation"}}, "9": {}, "8": {"9": {"length": -1.1111111111111089, "type": "trail"}, "18": {"force": 0.59999999999999998, "type": "deviation"}}, "18": {"9": {"force": 0.314, "type": "deviation"}}, "16": {"7": {"force": 0.5, "type": "deviation"}, "17": {"length": 1.1111111111111094, "type": "trail"}}}}}