{"compas": "1.7.1", "datatype": "compas_cem.diagrams/TopologyDiagram", "data": {"adjacency": {"16": {"15": null, "1": null, "17": null, "2": null}, "26": {"12": null, "27": null, "11": null, "25": null}, "15": {"1": null, "0": null, "16": null}, "18": {"4": null, "19": null, "17": null, "3": null}, "25": {"11": null, "26": null, "10": null, "24": null}, "28": {"13": null, "27": null, "14": null}, "10": {"25": null, "9": null, "11": null, "24": null}, "20": {"21": null, "19": null, "6": null, "5": null}, "17": {"2": null, "18": null, "16": null, "3": null}, "27": {"28": null, "13": null, "12": null, "26": null}, "12": {"13": null, "27": null, "26": null, "11": null}, "22": {"7": null, "21": null, "23": null, "8": null}, "19": {"4": null, "20": null, "18": null, "5": null}, "11": {"12": null, "26": null, "10": null, "25": null}, "5": {"4": null, "20": null, "6": null, "19": null}, "4": {"19": null, "18": null, "3": null, "5": null}, "7": {"21": null, "6": null, "22": null, "8": null}, "6": {"21": null, "7": null, "20": null, "5": null}, "1": {"15": null, "0": null, "16": null, "2": null}, "0": {"1": null, "15": null}, "3": {"4": null, "18": null, "17": null, "2": null}, "2": {"17": null, "1": null, "16": null, "3": null}, "21": {"7": null, "20": null, "22": null, "6": null}, "9": {"24": null, "23": null, "8": null, "10": null}, "8": {"7": null, "22": null, "9": null, "23": null}, "14": {"28": null, "13": null}, "24": {"23": null, "9": null, "10": null, "25": null}, "13": {"28": null, "12": null, "27": null, "14": null}, "23": {"22": null, "9": null, "8": null, "24": null}}, "node_attributes": {"z": 0.0, "qx": 0.0, "rx": 0.0, "qy": 0.0, "ry": 0.0, "qz": 0.0, "type": null, "rz": 0.0, "_k": null, "y": 0.0, "x": 0.0}, "node": {"16": {"_k": 5, "z": 3.024, "y": -3.425166865496446, "x": -3.9285714285714297}, "26": {"_k": 4, "z": 3.024, "y": -3.425166865496446, "x": 3.2142857142857091}, "15": {"z": 3.024, "type": "support", "_k": 6, "y": -3.425166865496446, "x": -4.6428571428571441}, "18": {"_k": 3, "z": 3.024, "y": -3.425166865496446, "x": -2.5000000000000022}, "25": {"_k": 3, "z": 3.024, "y": -3.425166865496446, "x": 2.4999999999999947}, "28": {"z": 3.024, "type": "support", "_k": 6, "y": -3.425166865496446, "x": 4.6428571428571388}, "10": {"z": 1.5000000000000002, "qx": -0.0, "qy": -0.0, "qz": -0.071428571428571341, "_k": 3, "y": -3.425166865496446, "x": 2.1428571428571379}, "20": {"_k": 1, "z": 3.024, "y": -3.425166865496446, "x": -1.0714285714285741}, "17": {"_k": 4, "z": 3.024, "y": -3.425166865496446, "x": -3.2142857142857157}, "27": {"_k": 5, "z": 3.024, "y": -3.425166865496446, "x": 3.9285714285714226}, "12": {"z": 1.5000000000000002, "qx": -0.0, "qy": -0.0, "qz": -0.071428571428571452, "_k": 5, "y": -3.425166865496446, "x": 3.5714285714285667}, "22": {"z": 3.024, "type": "_origin", "_k": 0, "y": -3.425166865496446, "x": 0.35714285714285565}, "19": {"_k": 2, "z": 3.024, "y": -3.425166865496446, "x": -1.7857142857142883}, "11": {"z": 1.5000000000000002, "qx": -0.0, "qy": -0.0, "qz": -0.071428571428571452, "_k": 4, "y": -3.425166865496446, "x": 2.8571428571428514}, "5": {"z": 1.5000000000000002, "qx": -0.0, "qy": -0.0, "qz": -0.071428571428571397, "_k": 1, "y": -3.425166865496446, "x": -1.428571428571431}, "4": {"z": 1.5000000000000002, "qx": -0.0, "qy": -0.0, "qz": -0.071428571428571397, "_k": 2, "y": -3.425166865496446, "x": -2.142857142857145}, "7": {"z": 1.5000000000000002, "qx": -0.0, "qy": -0.0, "qz": -0.071428571428571397, "type": "_origin", "_k": 0, "y": -3.425166865496446, "x": 2.2204460492503131e-16}, "6": {"z": 1.5000000000000002, "qx": -0.0, "qy": -0.0, "qz": -0.071428571428571563, "type": "_origin", "_k": 0, "y": -3.425166865496446, "x": -0.71428571428571697}, "1": {"z": 1.5000000000000002, "qx": -0.0, "qy": -0.0, "qz": -0.071428571428571425, "_k": 5, "y": -3.425166865496446, "x": -4.2857142857142865}, "0": {"z": 1.5000000000000002, "qx": -0.0, "qy": -0.0, "qz": -0.035714285714285719, "type": "support", "_k": 6, "y": -3.425166865496446, "x": -5.0000000000000009}, "3": {"z": 1.5000000000000002, "qx": -0.0, "qy": -0.0, "qz": -0.071428571428571369, "_k": 3, "y": -3.425166865496446, "x": -2.857142857142859}, "2": {"z": 1.5000000000000002, "qx": -0.0, "qy": -0.0, "qz": -0.071428571428571369, "_k": 4, "y": -3.425166865496446, "x": -3.5714285714285725}, "21": {"z": 3.024, "type": "_origin", "_k": 0, "y": -3.425166865496446, "x": -0.35714285714285837}, "9": {"z": 1.5000000000000002, "qx": -0.0, "qy": -0.0, "qz": -0.071428571428571341, "_k": 2, "y": -3.425166865496446, "x": 1.4285714285714246}, "8": {"z": 1.5000000000000002, "qx": -0.0, "qy": -0.0, "qz": -0.07142857142857123, "_k": 1, "y": -3.425166865496446, "x": 0.71428571428571108}, "14": {"z": 1.5000000000000002, "qx": -0.0, "qy": -0.0, "qz": -0.035714285714285858, "type": "support", "_k": 7, "y": -3.425166865496446, "x": 4.9999999999999973}, "24": {"_k": 2, "z": 3.024, "y": -3.425166865496446, "x": 1.7857142857142814}, "13": {"z": 1.5000000000000002, "qx": -0.0, "qy": -0.0, "qz": -0.071428571428571536, "_k": 6, "y": -3.425166865496446, "x": 4.2857142857142803}, "23": {"_k": 1, "z": 3.024, "y": -3.425166865496446, "x": 1.0714285714285681}}, "max_int_key": 28, "attributes": {"gkey_node": {"5.000,-3.425,1.500": 14, "-0.357,-3.425,3.024": 21, "-4.643,-3.425,3.024": 15, "-1.429,-3.425,1.500": 5, "3.214,-3.425,3.024": 26, "-5.000,-3.425,1.500": 0, "-2.143,-3.425,1.500": 4, "0.357,-3.425,3.024": 22, "4.286,-3.425,1.500": 13, "-2.500,-3.425,3.024": 18, "-3.571,-3.425,1.500": 2, "-1.071,-3.425,3.024": 20, "4.643,-3.425,3.024": 28, "1.071,-3.425,3.024": 23, "2.500,-3.425,3.024": 25, "-4.286,-3.425,1.500": 1, "-3.929,-3.425,3.024": 16, "-2.857,-3.425,1.500": 3, "0.000,-3.425,1.500": 7, "1.786,-3.425,3.024": 24, "-3.214,-3.425,3.024": 17, "0.714,-3.425,1.500": 8, "1.429,-3.425,1.500": 9, "2.857,-3.425,1.500": 11, "-0.714,-3.425,1.500": 6, "2.143,-3.425,1.500": 10, "-1.786,-3.425,3.024": 19, "3.571,-3.425,1.500": 12, "3.929,-3.425,3.024": 27}, "name": "Network", "_aux_length": 0.33000000000000002, "_trails": {"7": [7, 8, 9, 10, 11, 12, 13, 14], "21": [21, 20, 19, 18, 17, 16, 15], "22": [22, 23, 24, 25, 26, 27, 28], "6": [6, 5, 4, 3, 2, 1, 0]}, "tol": "3f", "_auxiliary_trails": {}, "_aux_vector": {"dtype": "compas.geometry/Vector", "value": [-0.0, -0.0, -1.0]}}, "edge_attributes": {"force": 0.0, "type": null, "length": 0.0}, "edge": {"16": {"17": {"length": 0.71428571428571397, "type": "trail"}, "2": {"force": 0.59999999999999998, "type": "deviation"}}, "26": {"12": {"force": 0.59999999999999998, "type": "deviation"}, "27": {"length": 0.71428571428571352, "type": "trail"}}, "15": {"1": {"force": 0.59999999999999998, "type": "deviation"}, "0": {"force": 0.314, "type": "deviation"}, "16": {"length": 0.71428571428571441, "type": "trail"}}, "18": {"4": {"force": 0.59999999999999998, "type": "deviation"}, "19": {"length": 0.71428571428571397, "type": "trail"}}, "25": {"26": {"length": 0.71428571428571441, "type": "trail"}, "11": {"force": 0.59999999999999998, "type": "deviation"}}, "28": {"14": {"force": 0.314, "type": "deviation"}}, "10": {"11": {"length": -0.71428571428571352, "type": "trail"}, "25": {"force": 0.5, "type": "deviation"}}, "20": {"21": {"length": 0.71428571428571574, "type": "trail"}, "6": {"force": 0.59999999999999998, "type": "deviation"}}, "17": {"18": {"length": 0.71428571428571352, "type": "trail"}, "3": {"force": 0.59999999999999998, "type": "deviation"}}, "27": {"28": {"length": 0.71428571428571619, "type": "trail"}, "13": {"force": 0.59999999999999998, "type": "deviation"}}, "12": {"13": {"length": -0.71428571428571352, "type": "trail"}, "27": {"force": 0.5, "type": "deviation"}}, "22": {"23": {"length": 0.71428571428571241, "type": "trail"}, "8": {"force": 0.59999999999999998, "type": "deviation"}}, "19": {"20": {"length": 0.71428571428571419, "type": "trail"}, "5": {"force": 0.59999999999999998, "type": "deviation"}}, "11": {"12": {"length": -0.7142857142857153, "type": "trail"},