{"compas": "1.7.1", "datatype": "compas_cem.diagrams/TopologyDiagram", "data": {"adjacency": {"16": {"15": null, "1": null, "17": null}, "26": {"27": null, "11": null, "25": null}, "15": {"22": null, "0": null, "16": null}, "18": {"19": null, "17": null, "3": null}, "25": {"26": null, "10": null, "24": null}, "28": {"13": null, "27": null, "29": null}, "10": {"9": null, "11": null, "25": null}, "30": {"14": null, "22": null, "7": null, "6": null, "29": null, "31": null, "21": null}, "20": {"21": null, "19": null, "5": null}, "17": {"18": null, "16": null, "2": null}, "27": {"28": null, "26": null, "12": null}, "12": {"13": null, "27": null, "11": null}, "22": {"30": null, "7": null, "15": null, "23": null}, "19": {"4": null, "20": null, "18": null}, "29": {"28": null, "30": null, "14": null}, "11": {"12": null, "26": null, "10": null}, "5": {"4": null, "20": null, "6": null}, "4": {"19": null, "3": null, "5": null}, "7": {"30": null, "22": null, "0": null, "8": null}, "6": {"30": null, "21": null, "5": null}, "1": {"0": null, "16": null, "2": null}, "0": {"7": null, "1": null, "15": null}, "3": {"4": null, "18": null, "2": null}, "2": {"1": null, "3": null, "17": null}, "21": {"30": null, "20": null, "6": null}, "31": {"30": null}, "9": {"24": null, "8": null, "10": null}, "8": {"7": null, "23": null, "9": null}, "14": {"30": null, "13": null, "29": null}, "24": {"23": null, "9": null, "25": null}, "13": {"28": null, "12": null, "14": null}, "23": {"22": null, "8": null, "24": null}}, "node_attributes": {"z": 0.0, "qx": 0.0, "rx": 0.0, "qy": 0.0, "ry": 0.0, "qz": 0.0, "type": null, "rz": 0.0, "_k": null, "y": 0.0, "x": 0.0}, "node": {"16": {"z": 1.5000000000000002, "qx": -0.0, "qy": -0.0, "qz": -0.071428571428571425, "_k": 1, "y": -3.425166865496446, "x": -1.4285714285714302}, "26": {"z": 1.5000000000000002, "qx": -0.0, "qy": -0.0, "qz": -0.071428571428571452, "_k": 4, "y": -3.425166865496446, "x": 2.8571428571428545}, "15": {"z": 1.5000000000000002, "qx": -0.0, "qy": -0.0, "qz": -0.071428571428571425, "type": "_origin", "_k": 0, "y": -3.425166865496446, "x": -0.71428571428571563}, "18": {"z": 1.5000000000000002, "qx": -0.0, "qy": -0.0, "qz": -0.071428571428571397, "_k": 3, "y": -3.425166865496446, "x": -2.8571428571428585}, "25": {"z": 1.5000000000000002, "qx": -0.0, "qy": -0.0, "qz": -0.071428571428571438, "_k": 3, "y": -3.425166865496446, "x": 2.1428571428571397}, "28": {"z": 1.5000000000000002, "qx": -0.0, "qy": -0.0, "qz": -0.071428571428571438, "_k": 6, "y": -3.425166865496446, "x": 4.2857142857142829}, "10": {"z": 1.5000000000000002, "qx": -0.0, "qy": -0.0, "qz": -0.071428571428571438, "_k": 3, "y": -2.425166865496446, "x": 2.1428571428571397}, "30": {"z": 5.1327126400268055, "type": "_origin", "_k": 0, "y": -2.925166865496446, "x": -3.9968028886505635e-15}, "20": {"z": 1.5000000000000002, "qx": -0.0, "qy": -0.0, "qz": -0.071428571428571452, "_k": 5, "y": -3.425166865496446, "x": -4.2857142857142856}, "17": {"z": 1.5000000000000002, "qx": -0.0, "qy": -0.0, "qz": -0.071428571428571425, "_k": 2, "y": -3.425166865496446, "x": -2.1428571428571441}, "27": {"z": 1.5000000000000002, "qx": -0.0, "qy": -0.0, "qz": -0.071428571428571425, "_k": 5, "y": -3.425166865496446, "x": 3.5714285714285685}, "12": {"z": 1.5000000000000002, "qx": -0.0, "qy": -0.0, "qz": -0.071428571428571425, "_k": 5, "y": -2.425166865496446, "x": 3.5714285714285685}, "22": {"z": 1.5000000000000002, "qx": -0.0, "qy": -0.0, "qz": -0.071428571428571383, "type": "_origin", "_k": 0, "y": -3.425166865496446, "x": -1.7763568394002505e-15}, "19": {"z": 1.5000000000000002, "qx": -0.0, "qy": -0.0, "qz": -0.071428571428571355, "_k": 4, "y": -3.425166865496446, "x": -3.5714285714285721}, "29": {"z": 1.5000000000000002, "qx": -0.0, "qy": -0.0, "qz": -0.035714285714285719, "type": "support", "_k": 7, "y": -3.425166865496446, "x": 4.9999999999999973}, "11": {"z": 1.5000000000000002, "qx": -0.0, "qy": -0.0, "qz": -0.071428571428571452, "_k": 4, "y": -2.425166865496446, "x": 2.8571428571428545}, "5": {"z": 1.5000000000000002, "qx": -0.0, "qy": -0.0, "qz": -0.071428571428571452, "_k": 5, "y": -2.425166865496446, "x": -4.2857142857142856}, "4": {"z": 1.5000000000000002, "qx": -0.0, "qy": -0.0, "qz": -0.071428571428571355, "_k": 4, "y": -2.425166865496446, "x": -3.5714285714285721}, "7": {"z": 1.5000000000000002, "qx": -0.0, "qy": -0.0, "qz": -0.071428571428571383, "type": "_origin", "_k": 0, "y": -2.425166865496446, "x": -1.7763568394002505e-15}, "6": {"z": 1.5000000000000002, "qx": -0.0, "qy": -0.0, "qz": -0.035714285714285768, "type": "support", "_k": 6, "y": -2.425166865496446, "x": -5.0000000000000009}, "1": {"z": 1.5000000000000002, "qx": -0.0, "qy": -0.0, "qz": -0.071428571428571425, "_k": 1, "y": -2.425166865496446, "x": -1.4285714285714302}, "0": {"z": 1.5000000000000002, "qx": -0.0, "qy": -0.0, "qz": -0.071428571428571425, "type": "_origin", "_k": 0, "y": -2.425166865496446, "x": -0.71428571428571563}, "3": {"z": 1.5000000000000002, "qx": -0.0, "qy": -0.0, "qz": -0.071428571428571397, "_k": 3, "y": -2.425166865496446, "x": -2.8571428571428585}, "2": {"z": 1.5000000000000002, "qx": -0.0, "qy": -0.0, "qz": -0.071428571428571425, "_k": 2, "y": -2.425166865496446, "x": -2.1428571428571441}, "21": {"z": 1.5000000000000002, "qx": -0.0, "qy": -0.0, "qz": -0.035714285714285768, "type": "support", "_k": 6, "y": -3.425166865496446, "x": -5.0000000000000009}, "31": {"z": 4.8027126400268054, "type": "support", "_k": 1, "y": -2.925166865496446, "x": -3.9968028886505635e-15}, "9": {"z": 1.5000000000000002, "qx": -0.0, "qy": -0.0, "qz": -0.071428571428571383, "_k": 2, "y": -2.425166865496446, "x": 1.4285714285714259}, "8": {"z": 1.5000000000000002, "qx": -0.0, "qy": -0.0, "qz": -0.071428571428571383, "_k": 1, "y": -2.425166865496446, "x": 0.71428571428571208}, "14": {"z": 1.5000000000000002, "qx": -0.0, "qy": -0.0, "qz": -0.035714285714285719, "type": "support", "_k": 7, "y": -2.425166865496446, "x": 4.9999999999999973}, "24": {"z": 1.5000000000000002, "qx": -0.0, "qy": -0.0, "qz": -0.071428571428571383, "_k": 2, "y": -3.425166865496446, "x": 1.4285714285714259}, "13": {"z": 1.5000000000000002, "qx": -0.0, "qy": -0.0, "qz": -0.071428571428571438, "_k": 6, "y": -2.425166865496446, "x": 4.2857142857142829}, "23": {"z": 1.5000000000000002, "qx": -0.0, "qy": -0.0, "qz": -0.071428571428571383, "_k": 1, "y": -3.425166865496446, "x": 0.71428571428571208}}, "max_int_key": 31, "attributes": {"gkey_node": {"5.000,-3.425,1.500": 29, "1.429,-2.425,1.500": 9, "-3.571,-2.425,1.500": 4, "-1.429,-3.425,1.500": 16, "-5.000,-3.425,1.500": 21, "-2.143,-3.425,1.500": 17, "2.143,-2.425,1.500": 10, "0.000,-2.925,4.803": 31, "4.286,-3.425,1.500": 28, "-3.571,-3.425,1.500": 19, "-1.429,-2.425,1.500": 1, "5.000,-2.425,1.500": 14, "-2.857,-2.425,1.500": 3, "-5.000,-2.425,1.500": 6, "0.714,-2.425,1.500": 8, "-2.143,-2.425,1.500": 2, "2.857,-2.425,1.500": 11, "-4.286,-3.425,1.500": 20, "4.286,-2.425,1.500": 13, "-2.857,-3.425,1.500": 18, "0.000,-3.425,1.500": 22, "-0.714,-2.425,1.500": 0, "3.571,-2.425,1.500": 12, "0.714,-3.425,1.500": 23, "1.429,-3.425,1.500": 24, "0.000,-2.925,5.133": 30, "-4.286,-2.425,1.500": 5, "2.857,-3.425,1.500": 26, "-0.714,-3.425,1.500": 15, "2.143,-3.425,1.500": 25, "0.000,-2.425,1.500": 7, "3.571,-3.425,1.500": 27}, "name": "Network", "_aux_length": 0.33000000000000002, "_trails": {"0": [0, 1, 2, 3, 4, 5, 6], "30": [30, 31], "7": [7, 8, 9, 10, 11, 12, 13, 14], "15": [15, 16, 17, 18, 19, 20, 21], "22": [22, 23, 24, 25, 26, 27, 28, 29]}, "tol": "3f", "_auxiliary_trails": {"30": [30, 31]}, "_aux_vector": {"dtype": "compas.geometry/Vector", "value": [-0.0, -0.0, -1.0]}}, "edge_attributes": {"force": 0.0, "type": null, "length": 0.0}, "edge": {"16": {"17": {"length": -0.71428571428571397, "type": "trail"}}, "26": {"27": {"length": -0.71428571428571397, "type": "trail"}}, "15": {"16": {"length": -0.71428571428571452, "type": "trail"}}, "18": {"19": {"length": -0.71428571428571352, "type": "trail"}},