{"compas": "1.7.1", "datatype": "compas_cem.diagrams/TopologyDiagram", "data": {"adjacency": {"16": {"33": null, "15": null, "34": null}, "26": {"27": null, "9": null, "25": null}, "15": {"32": null, "14": null, "16": null}, "18": {"19": null, "17": null, "2": null}, "35": {"34": null}, "25": {"26": null, "0": null, "17": null, "34": null}, "28": {"27": null, "29": null, "11": null}, "10": {"27": null, "9": null, "11": null}, "30": {"31": null, "13": null, "29": null}, "20": {"4": null, "21": null, "19": null}, "17": {"1": null, "18": null, "25": null}, "27": {"28": null, "26": null, "10": null}, "12": {"13": null, "29": null, "11": null}, "32": {"31": null, "33": null, "15": null}, "22": {"21": null, "6": null, "23": null}, "19": {"20": null, "18": null, "3": null}, "29": {"28": null, "30": null, "12": null}, "11": {"28": null, "12": null, "10": null}, "5": {"4": null, "21": null, "6": null}, "4": {"20": null, "3": null, "5": null}, "7": {"6": null, "23": null, "8": null}, "6": {"7": null, "22": null, "5": null}, "1": {"0": null, "17": null, "2": null}, "0": {"1": null, "9": null, "34": null, "25": null}, "3": {"4": null, "19": null, "2": null}, "2": {"1": null, "18": null, "3": null}, "21": {"20": null, "22": null, "5": null}, "31": {"30": null, "32": null, "14": null}, "9": {"26": null, "0": null, "10": null}, "8": {"7": null, "34": null, "24": null}, "14": {"31": null, "13": null, "15": null}, "34": {"24": null, "35": null, "25": null, "0": null, "33": null, "8": null, "16": null}, "24": {"23": null, "8": null, "34": null}, "13": {"30": null, "12": null, "14": null}, "33": {"32": null, "16": null, "34": null}, "23": {"7": null, "22": null, "24": null}}, "node_attributes": {"z": 0.0, "qx": 0.0, "rx": 0.0, "qy": 0.0, "ry": 0.0, "qz": 0.0, "type": null, "rz": 0.0, "_k": null, "y": 0.0, "x": 0.0}, "node": {"16": {"z": 1.5000000000000002, "qx": -0.0, "qy": -0.0, "qz": -0.03125, "type": "support", "_k": 7, "y": -2.425166865496446, "x": 4.9999999999999973}, "26": {"z": 1.5000000000000002, "qx": -0.0, "qy": -0.0, "qz": -0.062499999999999993, "_k": 1, "y": -3.425166865496446, "x": 0.62499999999999811}, "15": {"z": 1.5000000000000002, "qx": -0.0, "qy": -0.0, "qz": -0.062499999999999979, "_k": 6, "y": -2.425166865496446, "x": 4.3749999999999973}, "18": {"z": 1.5000000000000002, "qx": -0.0, "qy": -0.0, "qz": -0.0625, "_k": 1, "y": -3.425166865496446, "x": -1.2500000000000016}, "35": {"z": 4.8027126400268054, "type": "support", "_k": 1, "y": -2.925166865496446, "x": -3.9968028886505635e-15}, "25": {"z": 1.5000000000000002, "qx": -0.0, "qy": -0.0, "qz": -0.062499999999999993, "type": "_origin", "_k": 0, "y": -3.425166865496446, "x": -1.7763568394002505e-15}, "28": {"z": 1.5000000000000002, "qx": -0.0, "qy": -0.0, "qz": -0.062499999999999986, "_k": 3, "y": -3.425166865496446, "x": 1.874999999999998}, "10": {"z": 1.5000000000000002, "qx": -0.0, "qy": -0.0, "qz": -0.0625, "_k": 1, "y": -2.425166865496446, "x": 1.249999999999998}, "30": {"z": 1.5000000000000002, "qx": -0.0, "qy": -0.0, "qz": -0.0625, "_k": 5, "y": -3.425166865496446, "x": 3.1249999999999973}, "20": {"z": 1.5000000000000002, "qx": -0.0, "qy": -0.0, "qz": -0.062499999999999972, "_k": 3, "y": -3.425166865496446, "x": -2.5000000000000013}, "17": {"z": 1.5000000000000002, "qx": -0.0, "qy": -0.0, "qz": -0.062499999999999993, "type": "_origin", "_k": 0, "y": -3.425166865496446, "x": -0.62500000000000167}, "27": {"z": 1.5000000000000002, "qx": -0.0, "qy": -0.0, "qz": -0.0625, "_k": 2, "y": -3.425166865496446, "x": 1.249999999999998}, "12": {"z": 1.5000000000000002, "qx": -0.0, "qy": -0.0, "qz": -0.062499999999999972, "_k": 3, "y": -2.425166865496446, "x": 2.4999999999999978}, "32": {"z": 1.5000000000000002, "qx": -0.0, "qy": -0.0, "qz": -0.062499999999999979, "_k": 7, "y": -3.425166865496446, "x": 4.3749999999999973}, "22": {"z": 1.5000000000000002, "qx": -0.0, "qy": -0.0, "qz": -0.0625, "_k": 5, "y": -3.425166865496446, "x": -3.7500000000000013}, "19": {"z": 1.5000000000000002, "qx": -0.0, "qy": -0.0, "qz": -0.062499999999999986, "_k": 2, "y": -3.425166865496446, "x": -1.8750000000000016}, "29": {"z": 1.5000000000000002, "qx": -0.0, "qy": -0.0, "qz": -0.062499999999999972, "_k": 4, "y": -3.425166865496446, "x": 2.4999999999999978}, "11": {"z": 1.5000000000000002, "qx": -0.0, "qy": -0.0, "qz": -0.062499999999999986, "_k": 2, "y": -2.425166865496446, "x": 1.874999999999998}, "5": {"z": 1.5000000000000002, "qx": -0.0, "qy": -0.0, "qz": -0.0625, "_k": 5, "y": -2.425166865496446, "x": -3.1250000000000009}, "4": {"z": 1.5000000000000002, "qx": -0.0, "qy": -0.0, "qz": -0.062499999999999972, "_k": 4, "y": -2.425166865496446, "x": -2.5000000000000013}, "7": {"z": 1.5000000000000002, "qx": -0.0, "qy": -0.0, "qz": -0.062499999999999979, "_k": 7, "y": -2.425166865496446, "x": -4.3750000000000009}, "6": {"z": 1.5000000000000002, "qx": -0.0, "qy": -0.0, "qz": -0.0625, "_k": 6, "y": -2.425166865496446, "x": -3.7500000000000013}, "1": {"z": 1.5000000000000002, "qx": -0.0, "qy": -0.0, "qz": -0.062499999999999993, "_k": 1, "y": -2.425166865496446, "x": -0.62500000000000167}, "0": {"z": 1.5000000000000002, "qx": -0.0, "qy": -0.0, "qz": -0.062499999999999993, "type": "_origin", "_k": 0, "y": -2.425166865496446, "x": -1.7763568394002505e-15}, "3": {"z": 1.5000000000000002, "qx": -0.0, "qy": -0.0, "qz": -0.062499999999999986, "_k": 3, "y": -2.425166865496446, "x": -1.8750000000000016}, "2": {"z": 1.5000000000000002, "qx": -0.0, "qy": -0.0, "qz": -0.0625, "_k": 2, "y": -2.425166865496446, "x": -1.2500000000000016}, "21": {"z": 1.5000000000000002, "qx": -0.0, "qy": -0.0, "qz": -0.0625, "_k": 4, "y": -3.425166865496446, "x": -3.1250000000000009}, "31": {"z": 1.5000000000000002, "qx": -0.0, "qy": -0.0, "qz": -0.0625, "_k": 6, "y": -3.425166865496446, "x": 3.7499999999999978}, "9": {"z": 1.5000000000000002, "qx": -0.0, "qy": -0.0, "qz": -0.062499999999999993, "type": "_origin", "_k": 0, "y": -2.425166865496446, "x": 0.62499999999999811}, "8": {"z": 1.5000000000000002, "qx": -0.0, "qy": -0.0, "qz": -0.03125, "type": "support", "_k": 8, "y": -2.425166865496446, "x": -5.0000000000000009}, "14": {"z": 1.5000000000000002, "qx": -0.0, "qy": -0.0, "qz": -0.0625, "_k": 5, "y": -2.425166865496446, "x": 3.7499999999999978}, "34": {"z": 5.1327126400268055, "type": "_origin", "_k": 0, "y": -2.925166865496446, "x": -3.9968028886505635e-15}, "24": {"z": 1.5000000000000002, "qx": -0.0, "qy": -0.0, "qz": -0.03125, "type": "support", "_k": 7, "y": -3.425166865496446, "x": -5.0000000000000009}, "13": {"z": 1.5000000000000002, "qx": -0.0, "qy": -0.0, "qz": -0.0625, "_k": 4, "y": -2.425166865496446, "x": 3.1249999999999973}, "33": {"z": 1.5000000000000002, "qx": -0.0, "qy": -0.0, "qz": -0.03125, "type": "support", "_k": 8, "y": -3.425166865496446, "x": 4.9999999999999973}, "23": {"z": 1.5000000000000002, "qx": -0.0, "qy": -0.0, "qz": -0.062499999999999979, "_k": 6, "y": -3.425166865496446, "x": -4.3750000000000009}}, "max_int_key": 35, "attributes": {"gkey_node": {"-1.250,-3.425,1.500": 18, "5.000,-3.425,1.500": 33, "-1.875,-2.425,1.500": 3, "-2.500,-3.425,1.500": 20, "1.875,-2.425,1.500": 11, "2.500,-3.425,1.500": 29, "3.125,-2.425,1.500": 13, "-4.375,-2.425,1.500": 7, "-0.625,-2.425,1.500": 1, "-5.000,-3.425,1.500": 24, "0.625,-3.425,1.500": 26, "-3.125,-3.425,1.500": 21, "-2.500,-2.425,1.500": 4, "-1.875,-3.425,1.500": 19, "0.000,-2.925,4.803": 35, "1.875,-3.425,1.500": 28, "5.000,-2.425,1.500": 16, "-4.375,-3.425,1.500": 23, "-5.000,-2.425,1.500": 8, "2.500,-2.425,1.500": 12, "3.750,-2.425,1.500": 14, "-3.125,-2.425,1.500": 5, "0.625,-2.425,1.500": 9, "4.375,-2.425,1.500": 15, "0.000,-3.425,1.500": 25, "1.250,-2.425,1.500": 10, "0.000,-2.925,5.133": 34, "3.750,-3.425,1.500": 31, "-3.750,-2.425,1.500": 6, "-1.250,-2.425,1.500": 2, "3.125,-3.425,1.500": 30, "4.375,-3.425,1.500": 32, "-0.625,-3.425,1.500": 17, "0.000,-2.425,1.500": 0, "1.250,-3.425,1.500": 27, "-3.750,-3.425,1.500": 22}, "name": "Network", "_aux_length": 0.33000000000000002,