{"compas": "1.7.1", "datatype": "compas_cem.diagrams/FormDiagram", "data": {"adjacency": {"5": {"7": null, "6": null, "1": null}, "4": {"9": null, "3": null, "10": null}, "7": {"5": null, "0": null, "8": null, "10": null}, "6": {"5": null, "10": null, "2": null}, "1": {"5": null, "0": null, "2": null}, "0": {"7": null, "1": null, "10": null, "3": null}, "3": {"4": null, "0": null, "8": null}, "2": {"6": null, "1": null, "10": null}, "10": {"4": null, "7": null, "6": null, "0": null, "2": null, "11": null, "9": null}, "11": {"10": null}, "9": {"4": null, "8": null, "10": null}, "8": {"7": null, "9": null, "3": null}}, "node_attributes": {"z": 0.0, "qx": 0.0, "rx": 0.0, "qy": 0.0, "ry": 0.0, "qz": 0.0, "type": null, "rz": 0.0, "_k": null, "y": 0.0, "x": 0.0}, "node": {"5": {"z": 1.5000000000000002, "qx": -0.0, "qy": -0.0, "qz": -0.24999999999999997, "type": "_origin", "_k": 0, "y": -3.425166865496446, "x": -2.5000000000000013}, "4": {"z": 1.4707524010055957, "qx": -0.0, "rx": -11.961652663623832, "qy": -0.0, "ry": 0.62968844659948964, "qz": -0.12499999999999999, "type": "support", "rz": -5.5594391690036193, "_k": 1, "y": -2.4128293089268578, "x": 4.9997984644068687}, "7": {"z": 1.5000000000000002, "qx": -0.0, "qy": -0.0, "qz": -0.24999999999999997, "type": "_origin", "_k": 0, "y": -3.425166865496446, "x": -1.7763568394002505e-15}, "6": {"z": 1.4707524010055957, "qx": -0.0, "rx": 11.961652663623836, "qy": -0.0, "ry": -0.62968844659949008, "qz": -0.12499999999999999, "type": "support", "rz": -5.559439169003622, "_k": 1, "y": -3.4375044220660342, "x": -4.9997984644068723}, "1": {"z": 1.3329216577328076, "qx": -0.0, "qy": -0.0, "qz": -0.24999999999999997, "_k": 1, "y": -2.3939906671796667, "x": -2.4942158832394132}, "0": {"z": 1.5000000000000002, "qx": -0.0, "qy": -0.0, "qz": -0.24999999999999997, "type": "_origin", "_k": 0, "y": -2.425166865496446, "x": -1.7763568394002505e-15}, "3": {"z": 1.5000000000000002, "qx": -0.0, "qy": -0.0, "qz": -0.24999999999999997, "type": "_origin", "_k": 0, "y": -2.425166865496446, "x": 2.4999999999999978}, "2": {"z": 1.1328751096798102, "qx": -0.0, "rx": 12.22939909313793, "qy": -0.0, "ry": 0.45117572942341577, "qz": -0.12499999999999999, "type": "support", "rz": -4.4720758369962983, "_k": 2, "y": -2.3505484464589341, "x": -4.9858206175564206}, "10": {"z": 5.1327126400268055, "type": "_origin", "_k": 0, "y": -2.925166865496446, "x": -3.9968028886505635e-15}, "11": {"z": 5.4627126400268056, "rx": -4.885088152857271e-15, "ry": -0.0, "type": "support", "rz": 22.063030011999835, "_k": 1, "y": -2.925166865496446, "x": -4.0698698739905697e-15}, "9": {"z": 1.1328751096798102, "qx": -0.0, "rx": -12.229399093137928, "qy": -0.0, "ry": -0.45117572942341533, "qz": -0.12499999999999999, "type": "support", "rz": -4.4720758369962956, "_k": 2, "y": -3.4997852845339579, "x": 4.985820617556417}, "8": {"z": 1.3329216577328076, "qx": -0.0, "qy": -0.0, "qz": -0.24999999999999997, "_k": 1, "y": -3.4563430638132253, "x": 2.4942158832394097}}, "max_int_key": 11, "attributes": {"gkey_node": {"0.000,-3.425,1.500": 7, "-2.494,-2.394,1.333": 1, "0.000,-2.925,4.803": 11, "-4.986,-2.351,1.133": 2, "-5.000,-3.438,1.471": 6, "0.000,-2.925,5.133": 10, "2.494,-3.456,1.333": 8, "4.986,-3.500,1.133": 9, "2.500,-3.425,1.500": 8, "0.000,-2.925,5.463": 11, "0.000,-2.425,1.500": 0, "2.500,-2.425,1.500": 3, "5.000,-3.425,1.500": 9, "5.000,-2.413,1.471": 4, "-2.500,-3.425,1.500": 5, "-2.500,-2.425,1.500": 1, "-5.000,-3.425,1.500": 6, "-5.000,-2.425,1.500": 2, "5.000,-2.425,1.500": 4}, "name": "Network", "tol": "3f"}, "edge_attributes": {"force": 0.0, "type": null, "length": 0.0}, "edge": {"5": {"6": {"force": -20.002166154046989, "length": 2.4999999999999991, "type": "trail"}}, "4": {"9": {"force": -0.10000000000000001, "type": "deviation", "length": 1.1383451748499693}}, "7": {"8": {"force": -20.046380241577772, "length": 2.4999999999999996, "type": "trail"}, "5": {"force": -20.0, "type": "deviation", "length": 2.4999999999999996}}, "6": {}, "1": {"5": {"force": -0.10000000000000001, "type": "deviation", "length": 1.0446401200588167}, "2": {"force": -20.066832862640112, "length": 2.4999999999999987, "type": "trail"}}, "0": {"7": {"force": -0.10000000000000001, "type": "deviation", "length": 1.0}, "1": {"force": -20.046380241577772, "length": 2.4999999999999996, "type": "trail"}, "10": {"force": -1.1000000000000001, "type": "deviation", "length": 3.666960747677908}, "3": {"force": -20.0, "type": "deviation", "length": 2.4999999999999996}}, "3": {"4": {"force": -20.002166154046989, "length": 2.4999999999999991, "type": "trail"}, "8": {"force": -0.10000000000000001, "type": "deviation", "length": 1.0446401200588167}}, "2": {"6": {"force": -0.10000000000000001, "type": "deviation", "length": 1.1383451748499693}}, "10": {"4": {"force": 10.0, "type": "deviation", "length": 6.2185550772449778}, "7": {"force": -1.1000000000000001, "type": "deviation", "length": 3.666960747677908}, "6": {"force": 10.0, "type": "deviation", "length": 6.2185550772449751}, "2": {"force": 10.0, "type": "deviation", "length": 6.4177327637663577}, "11": {"force": 22.063030011999835, "length": 0.33000000000000007, "type": "trail"}, "9": {"force": 10.0, "type": "deviation", "length": 6.4177327637663604}}, "11": {}, "9": {}, "8": {"9": {"force": -20.066832862640112, "length": 2.4999999999999987, "type": "trail"}}}}}