{"compas": "1.7.1", "datatype": "compas_cem.diagrams/TopologyDiagram", "data": {"adjacency": {"14": {"15": null, "7": null, "6": null, "10": null, "0": null, "3": null, "13": null}, "12": {"13": null, "11": null, "5": null}, "5": {"4": null, "12": null, "6": null}, "4": {"0": null, "11": null, "5": null}, "7": {"14": null, "0": null, "8": null, "11": null}, "6": {"13": null, "14": null, "5": null}, "1": {"0": null, "8": null, "2": null}, "0": {"4": null, "7": null, "14": null, "1": null}, "3": {"14": null, "10": null, "2": null}, "2": {"1": null, "9": null, "3": null}, "10": {"14": null, "9": null, "3": null}, "13": {"12": null, "6": null, "14": null}, "15": {"14": null}, "11": {"4": null, "7": null, "12": null}, "9": {"10": null, "8": null, "2": null}, "8": {"7": null, "1": null, "9": null}}, "node_attributes": {"z": 0.0, "qx": 0.0, "rx": 0.0, "qy": 0.0, "ry": 0.0, "qz": 0.0, "type": null, "rz": 0.0, "_k": null, "y": 0.0, "x": 0.0}, "node": {"14": {"z": 5.1327126400268055, "type": "_origin", "_k": 0, "y": -2.925166865496446, "x": -3.9968028886505635e-15}, "12": {"z": 1.5000000000000002, "qx": -0.0, "qy": -0.0, "qz": -0.16666666666666663, "_k": 1, "y": -3.425166865496446, "x": 3.3333333333333304}, "5": {"z": 1.5000000000000002, "qx": -0.0, "qy": -0.0, "qz": -0.16666666666666663, "_k": 1, "y": -2.425166865496446, "x": 3.3333333333333304}, "4": {"z": 1.5000000000000002, "qx": -0.0, "qy": -0.0, "qz": -0.16666666666666663, "type": "_origin", "_k": 0, "y": -2.425166865496446, "x": 1.6666666666666654}, "7": {"z": 1.5000000000000002, "qx": -0.0, "qy": -0.0, "qz": -0.16666666666666669, "type": "_origin", "_k": 0, "y": -3.425166865496446, "x": -1.7763568394002505e-15}, "6": {"z": 1.5000000000000002, "qx": -0.0, "qy": -0.0, "qz": -0.083333333333333356, "type": "support", "_k": 2, "y": -2.425166865496446, "x": 4.9999999999999973}, "1": {"z": 1.5000000000000002, "qx": -0.0, "qy": -0.0, "qz": -0.16666666666666663, "_k": 1, "y": -2.425166865496446, "x": -1.6666666666666676}, "0": {"z": 1.5000000000000002, "qx": -0.0, "qy": -0.0, "qz": -0.16666666666666669, "type": "_origin", "_k": 0, "y": -2.425166865496446, "x": -1.7763568394002505e-15}, "3": {"z": 1.5000000000000002, "qx": -0.0, "qy": -0.0, "qz": -0.083333333333333329, "type": "support", "_k": 3, "y": -2.425166865496446, "x": -5.0000000000000009}, "2": {"z": 1.5000000000000002, "qx": -0.0, "qy": -0.0, "qz": -0.16666666666666669, "_k": 2, "y": -2.425166865496446, "x": -3.3333333333333344}, "10": {"z": 1.5000000000000002, "qx": -0.0, "qy": -0.0, "qz": -0.083333333333333329, "type": "support", "_k": 3, "y": -3.425166865496446, "x": -5.0000000000000009}, "13": {"z": 1.5000000000000002, "qx": -0.0, "qy": -0.0, "qz": -0.083333333333333356, "type": "support", "_k": 2, "y": -3.425166865496446, "x": 4.9999999999999973}, "15": {"z": 4.8027126400268054, "type": "support", "_k": 1, "y": -2.925166865496446, "x": -3.9968028886505635e-15}, "11": {"z": 1.5000000000000002, "qx": -0.0, "qy": -0.0, "qz": -0.16666666666666663, "type": "_origin", "_k": 0, "y": -3.425166865496446, "x": 1.6666666666666654}, "9": {"z": 1.5000000000000002, "qx": -0.0, "qy": -0.0, "qz": -0.16666666666666669, "_k": 2, "y": -3.425166865496446, "x": -3.3333333333333344}, "8": {"z": 1.5000000000000002, "qx": -0.0, "qy": -0.0, "qz": -0.16666666666666663, "_k": 1, "y": -3.425166865496446, "x": -1.6666666666666676}}, "max_int_key": 15, "attributes": {"gkey_node": {"5.000,-2.425,1.500": 6, "0.000,-2.925,4.803": 15, "1.667,-3.425,1.500": 11, "0.000,-2.925,5.133": 14, "-3.333,-2.425,1.500": 2, "0.000,-2.425,1.500": 0, "-3.333,-3.425,1.500": 9, "1.667,-2.425,1.500": 4, "3.333,-2.425,1.500": 5, "5.000,-3.425,1.500": 13, "3.333,-3.425,1.500": 12, "-1.667,-3.425,1.500": 8, "-1.667,-2.425,1.500": 1, "-5.000,-3.425,1.500": 10, "-5.000,-2.425,1.500": 3, "0.000,-3.425,1.500": 7}, "name": "Network", "_aux_length": 0.33000000000000002, "_trails": {"0": [0, 1, 2, 3], "4": [4, 5, 6], "7": [7, 8, 9, 10], "11": [11, 12, 13], "14": [14, 15]}, "tol": "3f", "_auxiliary_trails": {"14": [14, 15]}, "_aux_vector": {"dtype": "compas.geometry/Vector", "value": [-0.0, -0.0, -1.0]}}, "edge_attributes": {"force": 0.0, "type": null, "length": 0.0}, "edge": {"14": {"15": {"length": 0.33000000000000002, "type": "trail"}, "7": {"force": -1.1000000000000001, "type": "deviation"}, "6": {"force": 10.0, "type": "deviation"}, "10": {"force": 10.0, "type": "deviation"}, "13": {"force": 10.0, "type": "deviation"}, "3": {"force": 10.0, "type": "deviation"}}, "12": {"13": {"length": -1.666666666666667, "type": "trail"}}, "5": {"12": {"force": -0.10000000000000001, "type": "deviation"}, "6": {"length": -1.666666666666667, "type": "trail"}}, "4": {"11": {"force": -0.10000000000000001, "type": "deviation"}, "5": {"length": -1.666666666666665, "type": "trail"}}, "7": {"8": {"length": -1.6666666666666659, "type": "trail"}, "11": {"force": -20.0, "type": "deviation"}}, "6": {"13": {"force": -0.10000000000000001, "type": "deviation"}}, "1": {"8": {"force": -0.10000000000000001, "type": "deviation"}, "2": {"length": -1.6666666666666667, "type": "trail"}}, "0": {"4": {"force": -20.0, "type": "deviation"}, "7": {"force": -0.10000000000000001, "type": "deviation"}, "14": {"force": -1.1000000000000001, "type": "deviation"}, "1": {"length": -1.6666666666666659, "type": "trail"}}, "3": {"10": {"force": -0.10000000000000001, "type": "deviation"}}, "2": {"9": {"force": -0.10000000000000001, "type": "deviation"}, "3": {"length": -1.6666666666666665, "type": "trail"}}, "10": {}, "13": {}, "15": {}, "11": {"12": {"length": -1.666666666666665, "type": "trail"}}, "9": {"10": {"length": -1.6666666666666665, "type": "trail"}}, "8": {"9": {"length": -1.6666666666666667, "type": "trail"}}}}}