{"compas": "1.7.1", "datatype": "compas_cem.diagrams/FormDiagram", "data": {"adjacency": {"16": {"4": null, "15": null, "17": null, "2": null}, "15": {"12": null, "1": null, "16": null, "3": null}, "18": {"4": null, "19": null, "6": null, "17": null}, "10": {"13": null, "9": null}, "20": {"21": null, "19": null, "6": null, "8": null}, "17": {"5": null, "18": null, "16": null, "3": null}, "12": {"15": null, "11": null, "2": null}, "19": {"7": null, "20": null, "18": null, "5": null}, "11": {"12": null, "0": null}, "5": {"4": null, "19": null, "6": null, "17": null}, "4": {"5": null, "18": null, "16": null, "3": null}, "7": {"21": null, "19": null, "6": null, "8": null}, "6": {"7": null, "20": null, "18": null, "5": null}, "1": {"15": null, "0": null, "2": null}, "0": {"1": null, "11": null}, "3": {"4": null, "15": null, "17": null, "2": null}, "2": {"12": null, "1": null, "16": null, "3": null}, "21": {"7": null, "20": null, "14": null, "9": null}, "9": {"21": null, "8": null, "10": null}, "8": {"7": null, "20": null, "14": null, "9": null}, "14": {"13": null, "21": null, "8": null}, "13": {"14": null, "10": null}}, "node_attributes": {"z": 0.0, "qx": 0.0, "rx": 0.0, "qy": 0.0, "ry": 0.0, "qz": 0.0, "type": null, "rz": 0.0, "_k": null, "y": 0.0, "x": 0.0}, "node": {"16": {"y": -3.4251668654964469, "x": -2.0213576503206614, "z": 3.2007774279554204, "_k": 2}, "15": {"y": -3.4251668654964469, "x": -3.0722885464106353, "z": 3.0886908799494575, "_k": 3}, "18": {"z": 3.2413167131927958, "type": "_origin", "_k": 0, "y": -3.4251668654964469, "x": -9.7144514654701197e-17}, "10": {"z": 1.3467306469497098, "qx": -0.0, "rx": -40.866494472960433, "qy": -0.0, "ry": 4.9980036457684125e-15, "qz": -0.050000000000000003, "type": "support", "rz": -4.5478052726759461, "_k": 5, "y": -3.425166865496446, "x": 4.9971585213766403}, "20": {"y": -3.4251668654964469, "x": 2.0125137830211326, "z": 3.0478232645466794, "_k": 1}, "17": {"y": -3.4251668654964469, "x": -1.0022128993733193, "z": 3.2505549033159711, "_k": 1}, "12": {"y": -3.4251668654964469, "x": -4.1701351357607219, "z": 2.9087019930710531, "_k": 4}, "19": {"z": 3.1741152264010459, "type": "_origin", "_k": 0, "y": -3.4251668654964469, "x": 0.999999999999998}, "11": {"z": 2.7140433704766025, "rx": -6.7115642471529418, "ry": -3.6064555745627832e-15, "type": "support", "rz": 5.4088249390226908, "_k": 5, "y": -3.4251668654964469, "x": -5.1732661597182528}, "5": {"z": 1.5000000000000002, "qx": -0.0, "qy": -0.0, "qz": -0.049999999999999913, "type": "_origin", "_k": 0, "y": -3.425166865496446, "x": 2.2204460492503131e-16}, "4": {"z": 1.5000000000000002, "qx": -0.0, "qy": -0.0, "qz": -0.049999999999999947, "type": "_origin", "_k": 0, "y": -3.425166865496446, "x": -1.000000000000002}, "7": {"z": 1.4691999065149124, "qx": -0.0, "qy": -0.0, "qz": -0.09999999999999995, "_k": 2, "y": -3.425166865496446, "x": 1.9997323646783183}, "6": {"z": 1.4901179920066281, "qx": -0.0, "qy": -0.0, "qz": -0.099999999999999867, "_k": 1, "y": -3.425166865496446, "x": 0.99995117176690973}, "1": {"z": 1.4376226914680883, "qx": -0.0, "qy": -0.0, "qz": -0.099999999999999978, "_k": 3, "y": -3.425166865496446, "x": -3.9992330534192191}, "0": {"z": 1.3992357481196716, "qx": -0.0, "rx": 40.92360902517207, "qy": -0.0, "ry": 3.7826060536642503e-15, "qz": -0.050000000000000003, "type": "support", "rz": -4.9537709690624556, "_k": 4, "y": -3.425166865496446, "x": -4.9984960030878058}, "3": {"z": 1.4901272936579915, "qx": -0.0, "qy": -0.0, "qz": -0.099999999999999978, "_k": 1, "y": -3.425166865496446, "x": -1.9999512636471271}, "2": {"z": 1.4692488219312614, "qx": -0.0, "qy": -0.0, "qz": -0.10000000000000001, "_k": 2, "y": -3.425166865496446, "x": -2.9997332845988729}, "21": {"y": -3.4251668654964469, "x": 3.0524377727718059, "z": 2.8592039703548915, "_k": 2}, "9": {"z": 1.3953819321938632, "qx": -0.0, "qy": -0.0, "qz": -0.10000000000000001, "_k": 4, "y": -3.425166865496446, "x": 3.9983426962897064}, "8": {"z": 1.4374750873683293, "qx": -0.0, "qy": -0.0, "qz": -0.10000000000000001, "_k": 3, "y": -3.425166865496446, "x": 2.9992290059183562}, "14": {"y": -3.4251668654964469, "x": 4.1350495919434094, "z": 2.6030501452081816, "_k": 3}, "13": {"z": 2.3395927294699232, "rx": 6.6544496949412224, "ry": -5.1741541248689851e-15, "type": "support", "rz": 4.9927513027157167, "_k": 4, "y": -3.4251668654964469, "x": 5.1223459105169979}}, "max_int_key": 21, "attributes": {"gkey_node": {"5.000,-3.425,1.500": 10, "2.999,-3.425,1.437": 8, "1.000,-3.425,1.490": 6, "4.135,-3.425,2.603": 14, "2.013,-3.425,3.048": 20, "-4.000,-3.425,1.500": 1, "-5.000,-3.425,1.500": 0, "2.000,-3.425,2.971": 20, "-3.072,-3.425,3.089": 15, "-5.173,-3.425,2.714": 11, "-4.860,-3.425,1.590": 11, "4.000,-3.425,2.142": 14, "3.052,-3.425,2.859": 21, "-4.170,-3.425,2.909": 12, "-2.000,-3.425,1.490": 3, "-3.000,-3.425,2.629": 15, "4.860,-3.425,1.590": 13, "-3.000,-3.425,1.469": 2, "2.000,-3.425,1.469": 7, "3.000,-3.425,2.629": 21, "0.000,-3.425,3.241": 18, "-1.002,-3.425,3.251": 17, "-1.000,-3.425,3.174": 17, "-4.998,-3.425,1.399": 0, "-1.000,-3.425,1.500": 4, "-2.000,-3.425,2.971": 16, "0.000,-3.425,1.500": 5, "2.000,-3.425,1.500": 7, "5.122,-3.425,2.340": 13, "1.000,-3.425,1.500": 6, "3.000,-3.425,1.500": 8, "4.997,-3.425,1.347": 10, "1.000,-3.425,3.174": 19, "3.998,-3.425,1.395": 9, "-3.999,-3.425,1.438": 1, "-4.000,-3.425,2.142": 12, "4.000,-3.425,1.500": 9, "-2.021,-3.425,3.201": 16, "-2.000,-3.425,1.500": 3, "-3.000,-3.425,1.500": 2}, "name": "Network", "tol": "3f"}, "edge_attributes": {"force": 0.0, "type": null, "length": 0.0}, "edge": {"16": {"17": {"force": 5.9933060131169587, "length": 1.0203596524935659, "type": "trail"}}, "15": {"16": {"force": 6.0155169763202556, "length": 1.0568912633759295, "type": "trail"}}, "18": {"19": {"force": 6.0, "type": "deviation", "length": 1.0022554763267786}}, "10": {"13": {"force": 6.5999999999999996, "type": "deviation", "length": 1.0007232371171133}}, "20": {"21": {"force": 6.0781703949086223, "length": 1.0568912633759289, "type": "trail"}}, "17": {"18": {"force": 5.9871791319324146, "length": 1.002255476326783, "type": "trail"}}, "12": {"15": {"force": 6.0477605357542581, "length": 1.1125030935450673, "type": "trail"}}, "19": {"20": {"force": 6.0314800781028053, "length": 1.0203596524935676, "type": "trail"}}, "11": {"12": {"force": 5.9508863161408563, "length": 1.0218433493331809, "type": "trail"}}, "5": {"19": {"force": -0.20000000000000001, "type": "deviation", "length": 1.950041484499194}, "6": {"force": -39.998760603117319, "length": 0.99999999999999822, "type": "trail"}, "17": {"force": -0.20000000000000001, "type": "deviation", "length": 2.0171448052120264}}, "4": {"18": {"force": -0.20000000000000001, "type": "deviation", "length": 2.0080298542712369}, "16": {"force": -0.20000000000000001, "type": "deviation", "length": 1.9838889357298186}, "5": {"force": -40.0, "type": "deviation", "length": 1.0000000000000022}}, "7": {"21": {"force": -0.20000000000000001, "type": "deviation", "length": 1.7436455986584354}, "19": {"force": -0.20000000000000001, "type": "deviation", "length": 1.9764111538259803}, "8": {"force": -39.987525556121298, "length": 1.0000000000000002, "type": "trail"}}, "6": {"7": {"force": -39.995730032469048, "length": 0.99999999999999889, "type": "trail"}, "20": {"force": -0.20000000000000001, "type": "deviation", "length": 1.8578828697765222}, "18": {"force": -0.20000000000000001, "type": "deviation", "length": 2.0165810935844077}}, "1": {"15": {"force": -0.20000000000000001, "type": "deviation", "length": 1.893476242810703}, "2": {"force": -39.9760445232045, "length": 0.99999999999999956, "type": "trail"}}, "0": {"1": {"force": -40.083500099375058, "length": 0.99999999999999944, "type": "trail"}, "11": {"force": 6.5999999999999996, "type": "deviation", "length": 1.326372380388146}}, "3": {"4": {"force": -39.998584293376879, "length": 0.99999999999999889, "type": "trail"}, "15": {"force": -0.20000000000000001, "type": "deviation",