{"compas": "1.7.1", "datatype": "compas_cem.diagrams/TopologyDiagram", "data": {"adjacency": {"16": {"15": null, "10": null, "25": null}, "15": {"12": null, "16": null}, "18": {"4": null, "19": null, "17": null, "2": null}, "25": {"16": null, "9": null, "11": null, "24": null}, "10": {"11": null, "9": null, "16": null, "24": null}, "20": {"4": null, "21": null, "19": null, "6": null}, "17": {"14": null, "1": null, "3": null, "18": null}, "12": {"15": null, "11": null}, "22": {"21": null, "6": null, "23": null, "8": null}, "19": {"20": null, "18": null, "3": null, "5": null}, "11": {"12": null, "10": null, "25": null}, "5": {"4": null, "21": null, "19": null, "6": null}, "4": {"20": null, "18": null, "3": null, "5": null}, "7": {"21": null, "6": null, "23": null, "8": null}, "6": {"7": null, "20": null, "22": null, "5": null}, "1": {"0": null, "17": null, "2": null}, "0": {"13": null, "1": null}, "3": {"4": null, "19": null, "17": null, "2": null}, "2": {"14": null, "1": null, "3": null, "18": null}, "21": {"7": null, "20": null, "22": null, "5": null}, "9": {"25": null, "23": null, "8": null, "10": null}, "8": {"7": null, "22": null, "9": null, "24": null}, "14": {"13": null, "17": null, "2": null}, "24": {"25": null, "23": null, "8": null, "10": null}, "13": {"14": null, "0": null}, "23": {"7": null, "22": null, "9": null, "24": null}}, "node_attributes": {"z": 0.0, "qx": 0.0, "rx": 0.0, "qy": 0.0, "ry": 0.0, "qz": 0.0, "type": null, "rz": 0.0, "_k": null, "y": 0.0, "x": 0.0}, "node": {"16": {"_k": 4, "z": 2.0457480534215491, "y": -3.4251668654964469, "x": 4.1666666666666661}, "15": {"z": 1.5764047274790225, "type": "support", "_k": 5, "y": -3.4251668654964469, "x": 4.8833333333333249}, "18": {"_k": 3, "z": 2.8179952303397249, "y": -3.4251668654964469, "x": -2.5000000000000013}, "25": {"_k": 3, "z": 2.4832565556714288, "y": -3.4251668654964469, "x": 3.3333333333333375}, "10": {"z": 1.5000000000000002, "qx": -0.0, "qy": -0.0, "qz": -0.08333333333333344, "_k": 4, "y": -3.425166865496446, "x": 3.3333333333333366}, "20": {"_k": 1, "z": 3.194670604619025, "y": -3.4251668654964469, "x": -0.83333333333333603}, "17": {"_k": 4, "z": 2.4832565556714301, "y": -3.4251668654964469, "x": -3.3333333333333348}, "12": {"z": 1.5000000000000002, "qx": -0.0, "qy": -0.0, "qz": -0.041666666666666567, "type": "support", "_k": 6, "y": -3.425166865496446, "x": 4.9999999999999973}, "22": {"z": 3.1946706046190245, "type": "_origin", "_k": 0, "y": -3.4251668654964469, "x": 0.83333333333333082}, "19": {"_k": 2, "z": 3.0541490747569018, "y": -3.4251668654964469, "x": -1.6666666666666672}, "11": {"z": 1.5000000000000002, "qx": -0.0, "qy": -0.0, "qz": -0.083333333333333037, "_k": 5, "y": -3.425166865496446, "x": 4.1666666666666661}, "5": {"z": 1.5000000000000002, "qx": -0.0, "qy": -0.0, "qz": -0.041666666666666595, "type": "_origin", "_k": 0, "y": -3.425166865496446, "x": -0.83333333333333559}, "4": {"z": 1.5000000000000002, "qx": -0.0, "qy": -0.0, "qz": -0.083333333333333287, "_k": 1, "y": -3.425166865496446, "x": -1.6666666666666674}, "7": {"z": 1.5000000000000002, "qx": -0.0, "qy": -0.0, "qz": -0.083333333333333481, "_k": 1, "y": -3.425166865496446, "x": 0.83333333333333071}, "6": {"z": 1.5000000000000002, "qx": -0.0, "qy": -0.0, "qz": -0.041666666666666526, "type": "_origin", "_k": 0, "y": -3.425166865496446, "x": 2.2204460492503131e-16}, "1": {"z": 1.5000000000000002, "qx": -0.0, "qy": -0.0, "qz": -0.083333333333333315, "_k": 4, "y": -3.425166865496446, "x": -4.1666666666666679}, "0": {"z": 1.5000000000000002, "qx": -0.0, "qy": -0.0, "qz": -0.041666666666666657, "type": "support", "_k": 5, "y": -3.425166865496446, "x": -5.0000000000000009}, "3": {"z": 1.5000000000000002, "qx": -0.0, "qy": -0.0, "qz": -0.08333333333333337, "_k": 2, "y": -3.425166865496446, "x": -2.5000000000000013}, "2": {"z": 1.5000000000000002, "qx": -0.0, "qy": -0.0, "qz": -0.083333333333333343, "_k": 3, "y": -3.425166865496446, "x": -3.3333333333333348}, "21": {"z": 3.2413167131927958, "type": "_origin", "_k": 0, "y": -3.4251668654964469, "x": -9.7144514654701197e-17}, "9": {"z": 1.5000000000000002, "qx": -0.0, "qy": -0.0, "qz": -0.083333333333333343, "_k": 3, "y": -3.425166865496446, "x": 2.4999999999999973}, "8": {"z": 1.5000000000000002, "qx": -0.0, "qy": -0.0, "qz": -0.083333333333333343, "_k": 2, "y": -3.425166865496446, "x": 1.6666666666666698}, "14": {"_k": 5, "z": 2.0457480534215491, "y": -3.4251668654964469, "x": -4.1666666666666679}, "24": {"_k": 2, "z": 2.8179952303397249, "y": -3.4251668654964469, "x": 2.4999999999999964}, "13": {"z": 1.5764047274790174, "type": "support", "_k": 6, "y": -3.4251668654964469, "x": -4.8833333333333346}, "23": {"_k": 1, "z": 3.0541490747568991, "y": -3.4251668654964469, "x": 1.6666666666666701}}, "max_int_key": 25, "attributes": {"gkey_node": {"5.000,-3.425,1.500": 12, "-2.500,-3.425,1.500": 3, "1.667,-3.425,1.500": 8, "4.167,-3.425,1.500": 11, "2.500,-3.425,1.500": 9, "4.883,-3.425,1.576": 15, "-1.667,-3.425,3.054": 19, "0.833,-3.425,3.195": 22, "-5.000,-3.425,1.500": 0, "-3.333,-3.425,2.483": 17, "0.833,-3.425,1.500": 7, "1.667,-3.425,3.054": 23, "-4.167,-3.425,1.500": 1, "3.333,-3.425,2.483": 25, "-0.833,-3.425,1.500": 5, "-4.883,-3.425,1.576": 13, "-3.333,-3.425,1.500": 2, "-0.833,-3.425,3.195": 20, "-1.667,-3.425,1.500": 4, "0.000,-3.425,3.241": 21, "0.000,-3.425,1.500": 6, "4.167,-3.425,2.046": 16, "-4.167,-3.425,2.046": 14, "2.500,-3.425,2.818": 24, "3.333,-3.425,1.500": 10, "-2.500,-3.425,2.818": 18}, "name": "Network", "_aux_length": 0.33000000000000002, "_trails": {"21": [21, 20, 19, 18, 17, 14, 13], "22": [22, 23, 24, 25, 16, 15], "5": [5, 4, 3, 2, 1, 0], "6": [6, 7, 8, 9, 10, 11, 12]}, "tol": "3f", "_auxiliary_trails": {}, "_aux_vector": {"dtype": "compas.geometry/Vector", "value": [-0.0, -0.0, -1.0]}}, "edge_attributes": {"force": 0.0, "type": null, "length": 0.0}, "edge": {"16": {}, "15": {"16": {"length": 0.85667629167491999, "type": "trail"}}, "18": {"19": {"length": 0.86614841838882217, "type": "trail"}}, "25": {"16": {"length": 0.94120036867043866, "type": "trail"}}, "10": {"11": {"length": -0.83333333333332948, "type": "trail"}, "16": {"force": -0.20000000000000001, "type": "deviation"}, "24": {"force": -0.20000000000000001, "type": "deviation"}}, "20": {"21": {"length": 0.83463782797661701, "type": "trail"}}, "17": {"18": {"length": 0.89805034645231963, "type": "trail"}}, "12": {"15": {"force": 6.5999999999999996, "type": "deviation"}}, "22": {"23": {"length": 0.84509806815496069, "type": "trail"}}, "19": {"20": {"length": 0.84509806815495225, "type": "trail"}}, "11": {"12": {"length": -0.83333333333333126, "type": "trail"}, "25": {"force": -0.20000000000000001, "type": "deviation"}}, "5": {"21": {"force": -0.20000000000000001, "type": "deviation"}, "19": {"force": -0.20000000000000001, "type": "deviation"}, "6": {"force": -40.0, "type": "deviation"}}, "4": {"20": {"force": -0.20000000000000001, "type": "deviation"}, "18": {"force": -0.20000000000000001, "type": "deviation"}, "5": {"length": -0.83333333333333182, "type": "trail"}}, "7": {"21": {"force": -0.20000000000000001, "type": "deviation"}, "23": {"force": -0.20000000000000001, "type": "deviation"}, "8": {"length": -0.83333333333333914, "type": "trail"}}, "6": {"7": {"length": -0.83333333333333048, "type": "trail"}, "20": {"force": -0.20000000000000001, "type": "deviation"}, "22": {"force": -0.20000000000000001, "type": "deviation"}}, "1": {"17": {"force": -0.20000000000000001, "type": "deviation"}, "2": {"length": -0.83333333333333304, "type": "trail"}}, "0": {"13": {"force": 6.5999999999999996, "type": "deviation"}, "1": {"length": -0.83333333333333304, "type": "trail"}}, "3": {"4": {"length": -0.83333333333333393, "type": "trail"}, "19": {"force": -0.20000000000000001, "type": "deviation"}, "17": {"force": -0.20000000000000001, "type": "deviation"}}, "2": {"14": {"force": -0.20000000000000001, "type": "deviation"}, "18": {"force": -0.20000000000000001, "type": "deviation"},