{"compas": "1.7.1", "datatype": "compas_cem.diagrams/FormDiagram", "data": {"adjacency": {"16": {"4": null, "15": null, "17": null, "2": null}, "15": {"12": null, "1": null, "16": null, "3": null}, "18": {"4": null, "19": null, "6": null, "17": null}, "10": {"13": null, "9": null}, "20": {"21": null, "19": null, "6": null, "8": null}, "17": {"5": null, "18": null, "16": null, "3": null}, "12": {"15": null, "11": null, "2": null}, "19": {"7": null, "20": null, "18": null, "5": null}, "11": {"12": null, "0": null}, "5": {"4": null, "19": null, "6": null, "17": null}, "4": {"5": null, "18": null, "16": null, "3": null}, "7": {"21": null, "19": null, "6": null, "8": null}, "6": {"7": null, "20": null, "18": null, "5": null}, "1": {"15": null, "0": null, "2": null}, "0": {"1": null, "11": null}, "3": {"4": null, "15": null, "17": null, "2": null}, "2": {"12": null, "1": null, "16": null, "3": null}, "21": {"7": null, "20": null, "14": null, "9": null}, "9": {"21": null, "8": null, "10": null}, "8": {"7": null, "20": null, "14": null, "9": null}, "14": {"13": null, "21": null, "8": null}, "13": {"14": null, "10": null}}, "node_attributes": {"z": 0.0, "qx": 0.0, "rx": 0.0, "qy": 0.0, "ry": 0.0, "qz": 0.0, "type": null, "rz": 0.0, "_k": null, "y": 0.0, "x": 0.0}, "node": {"16": {"y": -3.4251668654964469, "x": -2.0213571902967598, "z": 3.2007617398357087, "_k": 2}, "15": {"y": -3.4251668654964469, "x": -3.0722855889300997, "z": 3.0886517779842633, "_k": 3}, "18": {"z": 3.2413167131927958, "type": "_origin", "_k": 0, "y": -3.4251668654964469, "x": -9.7144514654701197e-17}, "10": {"z": 1.3404492186583832, "qx": -0.0, "rx": -40.862252517128319, "qy": -0.0, "ry": 4.9641100954876613e-15, "qz": -0.050000000000000003, "type": "support", "rz": -4.4975786974096437, "_k": 5, "y": -3.425166865496446, "x": 4.99696150425323}, "20": {"y": -3.4251668654964469, "x": 2.0125121090236759, "z": 3.047809844420633, "_k": 1}, "17": {"y": -3.4251668654964469, "x": -1.0022129479866542, "z": 3.2505496279507042, "_k": 1}, "12": {"y": -3.4251668654964469, "x": -4.1701234832366438, "z": 2.9086098634978956, "_k": 4}, "19": {"z": 3.1741152264010459, "type": "_origin", "_k": 0, "y": -3.4251668654964469, "x": 0.999999999999998}, "11": {"z": 2.7138883182096847, "rx": -6.708833397732918, "ry": -3.5909237372997556e-15, "type": "support", "rz": 5.4088133442895661, "_k": 5, "y": -3.4251668654964469, "x": -5.1732422949319607}, "5": {"z": 1.5000000000000002, "qx": -0.0, "qy": -0.0, "qz": -0.10000000000000003, "type": "_origin", "_k": 0, "y": -3.425166865496446, "x": 2.2204460492503131e-16}, "4": {"z": 1.5000000000000002, "qx": -0.0, "qy": -0.0, "qz": -0.10000000000000006, "type": "_origin", "_k": 0, "y": -3.425166865496446, "x": -1.000000000000002}, "7": {"z": 1.4666987392093573, "qx": -0.0, "qy": -0.0, "qz": -0.09999999999999995, "_k": 2, "y": -3.425166865496446, "x": 1.9996922679698836}, "6": {"z": 1.4888681028252013, "qx": -0.0, "qy": -0.0, "qz": -0.099999999999999867, "_k": 1, "y": -3.425166865496446, "x": 0.9999380385130302}, "1": {"z": 1.433866239069199, "qx": -0.0, "qy": -0.0, "qz": -0.099999999999999978, "_k": 3, "y": -3.425166865496446, "x": -3.9991525099332641}, "0": {"z": 1.3942254623203487, "qx": -0.0, "rx": 40.920824068091449, "qy": -0.0, "ry": 3.7670273083810583e-15, "qz": -0.050000000000000003, "type": "support", "rz": -4.9037902587060138, "_k": 4, "y": -3.425166865496446, "x": -4.9983665054411075}, "3": {"z": 1.4888774051547675, "qx": -0.0, "qy": -0.0, "qz": -0.099999999999999978, "_k": 1, "y": -3.425166865496446, "x": -1.999938142028751}, "2": {"z": 1.4667475836141615, "qx": -0.0, "qy": -0.0, "qz": -0.10000000000000001, "_k": 2, "y": -3.425166865496446, "x": -2.9996932475413871}, "21": {"y": -3.4251668654964469, "x": 3.0524281657865684, "z": 2.8591468181354478, "_k": 2}, "9": {"z": 1.3903632023339223, "qx": -0.0, "qy": -0.0, "qz": -0.10000000000000001, "_k": 4, "y": -3.425166865496446, "x": 3.9982079839922808}, "8": {"z": 1.4337189749479815, "qx": -0.0, "qy": -0.0, "qz": -0.10000000000000001, "_k": 3, "y": -3.425166865496446, "x": 2.9991482875871873}, "14": {"y": -3.4251668654964469, "x": 4.1350164440479027, "z": 2.6028935197791174, "_k": 3}, "13": {"z": 2.3393184296644747, "rx": 6.6502618467697037, "ry": -5.1402136665680954e-15, "type": "support", "rz": 4.9925556118260985, "_k": 4, "y": -3.4251668654964469, "x": 5.1222813540125482}}, "max_int_key": 21, "attributes": {"gkey_node": {"5.000,-3.425,1.500": 10, "4.135,-3.425,2.603": 14, "2.013,-3.425,3.048": 20, "-4.000,-3.425,1.500": 1, "-5.000,-3.425,1.500": 0, "2.000,-3.425,2.971": 20, "-3.072,-3.425,3.089": 15, "-5.173,-3.425,2.714": 11, "-4.860,-3.425,1.590": 11, "4.000,-3.425,2.142": 14, "5.122,-3.425,2.339": 13, "3.052,-3.425,2.859": 21, "2.000,-3.425,1.467": 7, "-4.170,-3.425,2.909": 12, "-3.000,-3.425,2.629": 15, "2.999,-3.425,1.434": 8, "4.860,-3.425,1.590": 13, "3.000,-3.425,2.629": 21, "0.000,-3.425,3.241": 18, "-4.998,-3.425,1.394": 0, "-1.002,-3.425,3.251": 17, "-3.000,-3.425,1.467": 2, "-1.000,-3.425,3.174": 17, "-1.000,-3.425,1.500": 4, "1.000,-3.425,1.489": 6, "-2.000,-3.425,1.489": 3, "-2.000,-3.425,2.971": 16, "0.000,-3.425,1.500": 5, "2.000,-3.425,1.500": 7, "3.998,-3.425,1.390": 9, "1.000,-3.425,1.500": 6, "3.000,-3.425,1.500": 8, "1.000,-3.425,3.174": 19, "4.997,-3.425,1.340": 10, "-3.999,-3.425,1.434": 1, "-4.000,-3.425,2.142": 12, "4.000,-3.425,1.500": 9, "-2.021,-3.425,3.201": 16, "-2.000,-3.425,1.500": 3, "-3.000,-3.425,1.500": 2}, "name": "Network", "tol": "3f"}, "edge_attributes": {"force": 0.0, "type": null, "length": 0.0}, "edge": {"16": {"17": {"force": 5.9933093813869203, "length": 1.0203596524935659, "type": "trail"}}, "15": {"16": {"force": 6.0154203876453511, "length": 1.0568912633759298, "type": "trail"}}, "18": {"19": {"force": 6.0, "type": "deviation", "length": 1.0022554763267786}}, "10": {"13": {"force": 6.5999999999999996, "type": "deviation", "length": 1.0066999381343131}}, "20": {"21": {"force": 6.0779770770361976, "length": 1.0568912633759293, "type": "trail"}}, "17": {"18": {"force": 5.9872331806466885, "length": 1.002255476326783, "type": "trail"}}, "12": {"15": {"force": 6.0475790030595284, "length": 1.1125030935450666, "type": "trail"}}, "19": {"20": {"force": 6.0313758125769681, "length": 1.0203596524935679, "type": "trail"}}, "11": {"12": {"force": 5.9508556629666503, "length": 1.0218433493331809, "type": "trail"}}, "5": {"19": {"force": -0.20000000000000001, "type": "deviation", "length": 1.950041484499194}, "6": {"force": -39.99928617872262, "length": 0.999999999999998, "type": "trail"}, "17": {"force": -0.20000000000000001, "type": "deviation", "length": 2.0171402512047716}}, "4": {"18": {"force": -0.20000000000000001, "type": "deviation", "length": 2.0080298542712369}, "16": {"force": -0.20000000000000001, "type": "deviation", "length": 1.983875249570868}, "5": {"force": -40.0, "type": "deviation", "length": 1.0000000000000022}}, "7": {"21": {"force": -0.20000000000000001, "type": "deviation", "length": 1.7456129362080419}, "19": {"force": -0.20000000000000001, "type": "deviation", "length": 1.9785488852623225}, "8": {"force": -39.98917586583142, "length": 1.0, "type": "trail"}}, "6": {"7": {"force": -39.996814543214199, "length": 0.99999999999999911, "type": "trail"}, "20": {"force": -0.20000000000000001, "type": "deviation", "length": 1.8589259269694141}, "18": {"force": -0.20000000000000001, "type": "deviation", "length": 2.0176600835731966}}, "1": {"15": {"force": -0.20000000000000001, "type": "deviation", "length": 1.8966806449827831}, "2": {"force": -39.977682973468646, "length": 0.99999999999999967, "type": "trail"}}, "0": {"1": {"force": -40.085308455441464, "length": 1.0000000000000002, "type": "trail"}, "11": {"force": 6.5999999999999996, "type": "deviation", "length": 1.3311993070025419}}, "3": {"4": {"force": -39.999108508012718, "length": 0.99999999999999889, "type": "trail"}, "15": {"force": -0.20000000000000001, "type": "deviation", "length": 1.9259301884642257},