{"compas": "1.7.1", "datatype": "compas_cem.diagrams/TopologyDiagram", "data": {"adjacency": {"16": {"0": null, "17": null}, "26": {"7": null, "27": null, "9": null, "25": null}, "15": {"14": null, "18": null}, "18": {"19": null, "15": null}, "25": {"26": null, "6": null, "8": null, "24": null}, "28": {"27": null, "9": null, "29": null, "11": null}, "10": {"27": null, "9": null, "29": null, "11": null}, "30": {"31": null, "13": null, "29": null, "11": null}, "20": {"21": null, "1": null, "17": null, "3": null}, "17": {"20": null, "16": null, "2": null}, "27": {"28": null, "26": null, "8": null, "10": null}, "12": {"31": null, "13": null, "29": null, "11": null}, "22": {"21": null, "23": null, "3": null, "5": null}, "19": {"31": null, "13": null, "18": null}, "29": {"28": null, "30": null, "12": null, "10": null}, "11": {"28": null, "30": null, "12": null, "10": null}, "5": {"4": null, "6": null, "22": null, "24": null}, "4": {"21": null, "23": null, "3": null, "5": null}, "7": {"26": null, "6": null, "8": null, "24": null}, "6": {"5": null, "7": null, "23": null, "25": null}, "1": {"20": null, "0": null, "2": null}, "0": {"1": null, "16": null}, "3": {"4": null, "20": null, "22": null, "2": null}, "2": {"21": null, "1": null, "3": null, "17": null}, "21": {"4": null, "20": null, "22": null, "2": null}, "31": {"30": null, "12": null, "19": null, "14": null}, "9": {"28": null, "26": null, "8": null, "10": null}, "8": {"7": null, "27": null, "9": null, "25": null}, "14": {"31": null, "13": null, "15": null}, "24": {"5": null, "7": null, "23": null, "25": null}, "13": {"30": null, "12": null, "19": null, "14": null}, "23": {"4": null, "6": null, "22": null, "24": null}}, "node_attributes": {"z": 0.0, "qx": 0.0, "rx": 0.0, "qy": 0.0, "ry": 0.0, "qz": 0.0, "type": null, "rz": 0.0, "_k": null, "y": 0.0, "x": 0.0}, "node": {"16": {"z": 1.5623026498068215, "type": "support", "_k": 7, "y": -3.4251668654964469, "x": -4.9066666666666672}, "26": {"z": 3.2342328592317524, "type": "_origin", "_k": 0, "y": -3.4251668654964469, "x": 0.33333333333333137}, "15": {"z": 1.5000000000000002, "qx": -0.0, "qy": -0.0, "qz": -0.033333333333333305, "type": "support", "_k": 7, "y": -3.425166865496446, "x": 4.9999999999999973}, "18": {"z": 1.5623026498068269, "type": "support", "_k": 7, "y": -3.4251668654964469, "x": 4.9066666666666583}, "25": {"z": 3.2342328592317524, "type": "_origin", "_k": 0, "y": -3.4251668654964469, "x": -0.33333333333333592}, "28": {"_k": 2, "z": 3.0541490747568991, "y": -3.4251668654964469, "x": 1.6666666666666701}, "10": {"z": 1.5000000000000002, "qx": -0.0, "qy": -0.0, "qz": -0.066666666666666596, "_k": 2, "y": -3.425166865496446, "x": 1.6666666666666698}, "30": {"_k": 4, "z": 2.6292198739331356, "y": -3.4251668654964469, "x": 2.9999999999999973}, "20": {"_k": 5, "z": 2.3204422575384021, "y": -3.4251668654964469, "x": -3.6666666666666674}, "17": {"_k": 6, "z": 1.9450189271915788, "y": -3.4251668654964469, "x": -4.3333333333333339}, "27": {"_k": 1, "z": 3.1741152264010459, "y": -3.4251668654964469, "x": 0.999999999999998}, "12": {"z": 1.5000000000000002, "qx": -0.0, "qy": -0.0, "qz": -0.066666666666666652, "_k": 4, "y": -3.425166865496446, "x": 2.9999999999999973}, "22": {"_k": 3, "z": 2.8733917210052606, "y": -3.4251668654964469, "x": -2.3333333333333348}, "19": {"_k": 6, "z": 1.9450189271915801, "y": -3.4251668654964469, "x": 4.3333333333333304}, "29": {"_k": 3, "z": 2.8733917210052602, "y": -3.4251668654964469, "x": 2.3333333333333295}, "11": {"z": 1.5000000000000002, "qx": -0.0, "qy": -0.0, "qz": -0.066666666666666374, "_k": 3, "y": -3.425166865496446, "x": 2.3333333333333304}, "5": {"z": 1.5000000000000002, "qx": -0.0, "qy": -0.0, "qz": -0.066666666666666652, "_k": 2, "y": -3.425166865496446, "x": -1.6666666666666674}, "4": {"z": 1.5000000000000002, "qx": -0.0, "qy": -0.0, "qz": -0.066666666666666707, "_k": 3, "y": -3.425166865496446, "x": -2.3333333333333348}, "7": {"z": 1.5000000000000002, "qx": -0.0, "qy": -0.0, "qz": -0.06666666666666668, "type": "_origin", "_k": 0, "y": -3.425166865496446, "x": -0.33333333333333554}, "6": {"z": 1.5000000000000002, "qx": -0.0, "qy": -0.0, "qz": -0.066666666666666596, "_k": 1, "y": -3.425166865496446, "x": -1.000000000000002}, "1": {"z": 1.5000000000000002, "qx": -0.0, "qy": -0.0, "qz": -0.06666666666666668, "_k": 6, "y": -3.425166865496446, "x": -4.3333333333333339}, "0": {"z": 1.5000000000000002, "qx": -0.0, "qy": -0.0, "qz": -0.033333333333333347, "type": "support", "_k": 7, "y": -3.425166865496446, "x": -5.0000000000000009}, "3": {"z": 1.5000000000000002, "qx": -0.0, "qy": -0.0, "qz": -0.066666666666666624, "_k": 4, "y": -3.425166865496446, "x": -3.0000000000000013}, "2": {"z": 1.5000000000000002, "qx": -0.0, "qy": -0.0, "qz": -0.066666666666666624, "_k": 5, "y": -3.425166865496446, "x": -3.6666666666666674}, "21": {"_k": 4, "z": 2.6292198739331356, "y": -3.4251668654964469, "x": -3.0000000000000009}, "31": {"_k": 5, "z": 2.3204422575384016, "y": -3.4251668654964469, "x": 3.6666666666666643}, "9": {"z": 1.5000000000000002, "qx": -0.0, "qy": -0.0, "qz": -0.066666666666666916, "_k": 1, "y": -3.425166865496446, "x": 0.99999999999999845}, "8": {"z": 1.5000000000000002, "qx": -0.0, "qy": -0.0, "qz": -0.066666666666666707, "type": "_origin", "_k": 0, "y": -3.425166865496446, "x": 0.33333333333333154}, "14": {"z": 1.5000000000000002, "qx": -0.0, "qy": -0.0, "qz": -0.066666666666666707, "_k": 6, "y": -3.425166865496446, "x": 4.3333333333333313}, "24": {"_k": 1, "z": 3.1741152264010464, "y": -3.4251668654964469, "x": -1.0000000000000024}, "13": {"z": 1.5000000000000002, "qx": -0.0, "qy": -0.0, "qz": -0.066666666666666707, "_k": 5, "y": -3.425166865496446, "x": 3.6666666666666634}, "23": {"_k": 2, "z": 3.0541490747569018, "y": -3.4251668654964469, "x": -1.6666666666666672}}, "max_int_key": 31, "attributes": {"gkey_node": {"5.000,-3.425,1.500": 15, "-3.667,-3.425,2.320": 20, "1.667,-3.425,1.500": 10, "-5.000,-3.425,1.500": 0, "-1.667,-3.425,3.054": 23, "0.333,-3.425,1.500": 8, "4.907,-3.425,1.562": 18, "1.667,-3.425,3.054": 28, "-3.000,-3.425,2.629": 21, "-4.333,-3.425,1.500": 1, "-4.907,-3.425,1.562": 16, "-3.667,-3.425,1.500": 2, "4.333,-3.425,1.945": 19, "-1.667,-3.425,1.500": 5, "3.000,-3.425,2.629": 30, "-1.000,-3.425,3.174": 24, "4.333,-3.425,1.500": 14, "-1.000,-3.425,1.500": 6, "3.667,-3.425,2.320": 31, "-0.333,-3.425,3.234": 25, "-2.333,-3.425,1.500": 4, "-4.333,-3.425,1.945": 17, "1.000,-3.425,1.500": 9, "3.000,-3.425,1.500": 12, "3.667,-3.425,1.500": 13, "-2.333,-3.425,2.873": 22, "1.000,-3.425,3.174": 27, "-0.333,-3.425,1.500": 7, "2.333,-3.425,2.873": 29, "2.333,-3.425,1.500": 11, "0.333,-3.425,3.234": 26, "-3.000,-3.425,1.500": 3}, "name": "Network", "_aux_length": 0.33000000000000002, "_trails": {"7": [7, 6, 5, 4, 3, 2, 1, 0], "8": [8, 9, 10, 11, 12, 13, 14, 15], "25": [25, 24, 23, 22, 21, 20, 17, 16], "26": [26, 27, 28, 29, 30, 31, 19, 18]}, "tol": "3f", "_auxiliary_trails": {}, "_aux_vector": {"dtype": "compas.geometry/Vector", "value": [-0.0, -0.0, -1.0]}}, "edge_attributes": {"force": 0.0, "type": null, "length": 0.0}, "edge": {"16": {"17": {"length": 0.68933508548916722, "type": "trail"}}, "26": {"27": {"length": 0.66937177578802354, "type": "trail"}}, "15": {"18": {"force": 6.5999999999999996, "type": "deviation"}}, "18": {"19": {"length": 0.68933508548916056, "type": "trail"}}, "25": {"26": {"force": 6.0, "type": "deviation"}}, "28": {"29": {"length": 0.69073704503213817, "type": "trail"}}, "10": {"27": {"force": -0.20000000000000001, "type": "deviation"}, "29": {"force": -0.20000000000000001, "type": "deviation"}, "11": {"length": -0.66666666666666052, "type": "trail"}}, "30": {"31": {"length": 0.73470270234351154, "type": "trail"}}, "20": {"21": {"length": 0.73470270234351087, "type": "trail"}}, "17": {"20": {"length": 0.76510595437046769, "type": "trail"}}, "27": {"28": {"length": 0.67737458026173236, "type": "trail"}}, "12": {"31": {"force": -0.20000000000000001, "type": "deviation"},