{"compas": "1.7.1", "datatype": "compas_cem.diagrams/TopologyDiagram", "data": {"adjacency": {"16": {"15": null, "17": null}, "26": {"25": null}, "15": {"14": null, "16": null, "2": null}, "18": {"19": null, "0": null, "17": null}, "25": {"26": null, "6": null}, "10": {"9": null, "11": null}, "20": {"19": null}, "17": {"18": null, "16": null}, "12": {"13": null, "11": null}, "22": {"21": null}, "19": {"20": null, "18": null}, "11": {"12": null, "23": null, "10": null}, "5": {"4": null, "6": null}, "4": {"5": null}, "7": {"21": null, "6": null, "8": null}, "6": {"5": null, "7": null, "25": null}, "1": {"0": null}, "0": {"1": null, "18": null}, "3": {"2": null}, "2": {"13": null, "15": null, "3": null}, "21": {"7": null, "22": null}, "9": {"23": null, "8": null, "10": null}, "8": {"7": null, "9": null}, "14": {"13": null, "15": null}, "24": {"23": null}, "13": {"12": null, "14": null, "2": null}, "23": {"9": null, "11": null, "24": null}}, "node_attributes": {"z": 0.0, "qx": 0.0, "rx": 0.0, "qy": 0.0, "ry": 0.0, "qz": 0.0, "type": null, "rz": 0.0, "_k": null, "y": 0.0, "x": 0.0}, "node": {"16": {"z": 1.5000000000000002, "qx": -0.0, "qy": -0.0, "qz": -0.062499999999999889, "_k": 4, "y": -3.425166865496446, "x": -2.5000000000000009}, "26": {"z": 0.13000000000000012, "type": "support", "_k": 1, "y": -3.425166865496446, "x": 3.7499999999999978}, "15": {"z": 1.5000000000000002, "qx": -0.0, "qy": -0.0, "qz": -0.062499999999999993, "_k": 3, "y": -3.425166865496446, "x": -1.8750000000000031}, "18": {"z": 1.5000000000000002, "qx": -0.0, "qy": -0.0, "qz": -0.0625, "_k": 6, "y": -3.425166865496446, "x": -3.7500000000000013}, "25": {"z": 1.2260000000000002, "type": "_origin", "_k": 0, "y": -3.425166865496446, "x": 3.7499999999999978}, "10": {"z": 1.5000000000000002, "qx": -0.0, "qy": -0.0, "qz": -0.0625, "_k": 1, "y": -3.425166865496446, "x": 1.249999999999998}, "20": {"z": 1.5000000000000002, "qx": -0.0, "qy": -0.0, "qz": -0.03125, "type": "support", "_k": 8, "y": -3.425166865496446, "x": -5.0000000000000009}, "17": {"z": 1.5000000000000002, "qx": -0.0, "qy": -0.0, "qz": -0.062500000000000028, "_k": 5, "y": -3.425166865496446, "x": -3.1250000000000009}, "12": {"z": 1.5000000000000002, "qx": -0.0, "qy": -0.0, "qz": -0.0625, "type": "_origin", "_k": 0, "y": -3.425166865496446, "x": -2.1316282072803005e-15}, "22": {"z": 0.13000000000000012, "type": "support", "_k": 1, "y": -3.425166865496446, "x": 3.1249999999999973}, "19": {"z": 1.5000000000000002, "qx": -0.0, "qy": -0.0, "qz": -0.062499999999999979, "_k": 7, "y": -3.425166865496446, "x": -4.3750000000000009}, "11": {"z": 1.5000000000000002, "qx": -0.0, "qy": -0.0, "qz": -0.0625, "type": "_origin", "_k": 0, "y": -3.425166865496446, "x": 0.62499999999999789}, "5": {"z": 1.5000000000000002, "qx": -0.0, "qy": -0.0, "qz": -0.062499999999999979, "_k": 6, "y": -3.425166865496446, "x": 4.3749999999999973}, "4": {"z": 1.5000000000000002, "qx": -0.0, "qy": -0.0, "qz": -0.03125, "type": "support", "_k": 7, "y": -3.425166865496446, "x": 4.9999999999999973}, "7": {"z": 1.5000000000000002, "qx": -0.0, "qy": -0.0, "qz": -0.0625, "_k": 4, "y": -3.425166865496446, "x": 3.1249999999999973}, "6": {"z": 1.5000000000000002, "qx": -0.0, "qy": -0.0, "qz": -0.0625, "_k": 5, "y": -3.425166865496446, "x": 3.7499999999999978}, "1": {"z": 0.13000000000000012, "type": "support", "_k": 1, "y": -3.425166865496446, "x": -3.7500000000000013}, "0": {"z": 1.2260000000000002, "type": "_origin", "_k": 0, "y": -3.425166865496446, "x": -3.7500000000000013}, "3": {"z": 0.13000000000000012, "type": "support", "_k": 1, "y": -3.425166865496446, "x": -1.2500000000000011}, "2": {"z": 1.1575000000000002, "type": "_origin", "_k": 0, "y": -3.425166865496446, "x": -1.2500000000000011}, "21": {"z": 1.2260000000000002, "type": "_origin", "_k": 0, "y": -3.425166865496446, "x": 3.1249999999999973}, "9": {"z": 1.5000000000000002, "qx": -0.0, "qy": -0.0, "qz": -0.062499999999999986, "_k": 2, "y": -3.425166865496446, "x": 1.8749999999999978}, "8": {"z": 1.5000000000000002, "qx": -0.0, "qy": -0.0, "qz": -0.062499999999999979, "_k": 3, "y": -3.425166865496446, "x": 2.4999999999999978}, "14": {"z": 1.5000000000000002, "qx": -0.0, "qy": -0.0, "qz": -0.062500000000000056, "_k": 2, "y": -3.425166865496446, "x": -1.2500000000000011}, "24": {"z": 0.13000000000000012, "type": "support", "_k": 1, "y": -3.425166865496446, "x": 1.249999999999998}, "13": {"z": 1.5000000000000002, "qx": -0.0, "qy": -0.0, "qz": -0.062499999999999951, "_k": 1, "y": -3.425166865496446, "x": -0.62500000000000211}, "23": {"z": 1.1575000000000002, "type": "_origin", "_k": 0, "y": -3.425166865496446, "x": 1.249999999999998}}, "max_int_key": 26, "attributes": {"gkey_node": {"5.000,-3.425,1.500": 4, "3.750,-3.425,1.226": 25, "-1.250,-3.425,0.130": 3, "-1.250,-3.425,1.500": 14, "-2.500,-3.425,1.500": 16, "2.500,-3.425,1.500": 8, "-5.000,-3.425,1.500": 20, "0.625,-3.425,1.500": 11, "3.750,-3.425,0.130": 26, "-3.125,-3.425,1.500": 17, "-1.875,-3.425,1.500": 15, "1.875,-3.425,1.500": 9, "-4.375,-3.425,1.500": 19, "1.250,-3.425,0.130": 24, "3.125,-3.425,1.226": 21, "-3.750,-3.425,1.226": 0, "0.000,-3.425,1.500": 12, "1.250,-3.425,1.158": 23, "3.750,-3.425,1.500": 6, "3.125,-3.425,1.500": 7, "-3.750,-3.425,0.130": 1, "3.125,-3.425,0.130": 22, "4.375,-3.425,1.500": 5, "-0.625,-3.425,1.500": 13, "-1.250,-3.425,1.158": 2, "1.250,-3.425,1.500": 10, "-3.750,-3.425,1.500": 18}, "name": "Network", "_aux_length": 0.33000000000000002, "_trails": {"0": [0, 1], "2": [2, 3], "11": [11, 10, 9, 8, 7, 6, 5, 4], "12": [12, 13, 14, 15, 16, 17, 18, 19, 20], "21": [21, 22], "23": [23, 24], "25": [25, 26]}, "tol": "3f", "_auxiliary_trails": {}, "_aux_vector": {"dtype": "compas.geometry/Vector", "value": [-0.0, -0.0, -1.0]}}, "edge_attributes": {"force": 0.0, "type": null, "length": 0.0}, "edge": {"16": {"17": {"length": -0.625, "type": "trail"}}, "26": {}, "15": {"16": {"length": -0.62499999999999778, "type": "trail"}, "2": {"force": 1.9571000000000001, "type": "deviation"}}, "18": {"19": {"length": -0.62499999999999956, "type": "trail"}, "0": {"force": -4.5999999999999996, "type": "deviation"}}, "25": {"26": {"length": -1.0960000000000001, "type": "trail"}}, "10": {"11": {"length": -0.62500000000000011, "type": "trail"}}, "20": {}, "17": {"18": {"length": -0.62500000000000044, "type": "trail"}}, "12": {"13": {"length": -0.625, "type": "trail"}}, "22": {}, "19": {"20": {"length": -0.625, "type": "trail"}}, "11": {"12": {"force": -20.0, "type": "deviation"}, "23": {"force": 1.75, "type": "deviation"}}, "5": {"6": {"length": -0.62499999999999956, "type": "trail"}}, "4": {"5": {"length": -0.625, "type": "trail"}}, "7": {"21": {"force": -3.2999999999999998, "type": "deviation"}, "8": {"length": -0.62499999999999956, "type": "trail"}}, "6": {"7": {"length": -0.62500000000000044, "type": "trail"}, "25": {"force": -1.1000000000000001, "type": "deviation"}}, "1": {}, "0": {"1": {"length": -1.0960000000000001, "type": "trail"}}, "3": {}, "2": {"3": {"length": 1.0275000000000001, "type": "trail"}}, "21": {"22": {"length": -1.0960000000000001, "type": "trail"}}, "9": {"23": {"force": 1.75, "type": "deviation"}, "10": {"length": -0.62499999999999978, "type": "trail"}}, "8": {"9": {"length": -0.625, "type": "trail"}}, "14": {"15": {"length": -0.625000000000002, "type": "trail"}}, "24": {}, "13": {"14": {"length": -0.624999999999999, "type": "trail"}, "2": {"force": 1.9571000000000001, "type": "deviation"}}, "23": {"24": {"length": 1.0275000000000001, "type": "trail"}}}}}