{"compas": "1.7.1", "datatype": "compas_cem.diagrams/TopologyDiagram", "data": {"adjacency": {"16": {"15": null}, "15": {"14": null, "16": null}, "18": {"17": null}, "10": {"9": null, "11": null}, "20": {"19": null}, "17": {"6": null, "18": null}, "12": {"13": null, "11": null}, "22": {"21": null}, "19": {"7": null, "20": null, "9": null}, "11": {"12": null, "10": null, "2": null}, "5": {"4": null, "21": null, "6": null}, "4": {"5": null}, "7": {"19": null, "6": null, "8": null}, "6": {"7": null, "17": null, "5": null}, "1": {"0": null}, "0": {"14": null, "1": null}, "3": {"2": null}, "2": {"13": null, "3": null, "11": null}, "21": {"22": null, "5": null}, "9": {"19": null, "8": null, "10": null}, "8": {"7": null, "9": null}, "14": {"13": null, "15": null, "0": null}, "13": {"12": null, "14": null, "2": null}}, "node_attributes": {"z": 0.0, "qx": 0.0, "rx": 0.0, "qy": 0.0, "ry": 0.0, "qz": 0.0, "type": null, "rz": 0.0, "_k": null, "y": 0.0, "x": 0.0}, "node": {"16": {"z": 1.5000000000000002, "qx": -0.0, "qy": -0.0, "qz": -0.041666666666666609, "type": "support", "_k": 6, "y": -3.425166865496446, "x": -5.0000000000000009}, "15": {"z": 1.5000000000000002, "qx": -0.0, "qy": -0.0, "qz": -0.083333333333333287, "_k": 5, "y": -3.425166865496446, "x": -4.1666666666666687}, "18": {"z": 0.13000000000000012, "type": "support", "_k": 1, "y": -3.425166865496446, "x": 3.3333333333333308}, "10": {"z": 1.5000000000000002, "qx": -0.0, "qy": -0.0, "qz": -0.083333333333333315, "type": "_origin", "_k": 0, "y": -3.425166865496446, "x": -2.1316282072803005e-15}, "20": {"z": 0.13000000000000012, "type": "support", "_k": 1, "y": -3.425166865496446, "x": 1.6666666666666652}, "17": {"z": 1.2260000000000002, "type": "_origin", "_k": 0, "y": -3.425166865496446, "x": 3.3333333333333308}, "12": {"z": 1.5000000000000002, "qx": -0.0, "qy": -0.0, "qz": -0.083333333333333343, "_k": 2, "y": -3.425166865496446, "x": -1.6666666666666672}, "22": {"z": 0.13000000000000012, "type": "support", "_k": 1, "y": -3.425166865496446, "x": 4.1666666666666643}, "19": {"z": 1.1575000000000002, "type": "_origin", "_k": 0, "y": -3.425166865496446, "x": 1.6666666666666652}, "11": {"z": 1.5000000000000002, "qx": -0.0, "qy": -0.0, "qz": -0.083333333333333259, "_k": 1, "y": -3.425166865496446, "x": -0.83333333333333426}, "5": {"z": 1.5000000000000002, "qx": -0.0, "qy": -0.0, "qz": -0.083333333333333343, "_k": 4, "y": -3.425166865496446, "x": 4.1666666666666643}, "4": {"z": 1.5000000000000002, "qx": -0.0, "qy": -0.0, "qz": -0.041666666666666657, "type": "support", "_k": 5, "y": -3.425166865496446, "x": 4.9999999999999973}, "7": {"z": 1.5000000000000002, "qx": -0.0, "qy": -0.0, "qz": -0.083333333333333287, "_k": 2, "y": -3.425166865496446, "x": 2.4999999999999982}, "6": {"z": 1.5000000000000002, "qx": -0.0, "qy": -0.0, "qz": -0.083333333333333315, "_k": 3, "y": -3.425166865496446, "x": 3.3333333333333308}, "1": {"z": 0.13000000000000012, "type": "support", "_k": 1, "y": -3.425166865496446, "x": -3.3333333333333353}, "0": {"z": 1.2260000000000002, "type": "_origin", "_k": 0, "y": -3.425166865496446, "x": -3.3333333333333353}, "3": {"z": 0.13000000000000012, "type": "support", "_k": 1, "y": -3.425166865496446, "x": -1.6666666666666672}, "2": {"z": 1.1575000000000002, "type": "_origin", "_k": 0, "y": -3.425166865496446, "x": -1.6666666666666672}, "21": {"z": 1.2260000000000002, "type": "_origin", "_k": 0, "y": -3.425166865496446, "x": 4.1666666666666643}, "9": {"z": 1.5000000000000002, "qx": -0.0, "qy": -0.0, "qz": -0.08333333333333337, "type": "_origin", "_k": 0, "y": -3.425166865496446, "x": 0.83333333333333193}, "8": {"z": 1.5000000000000002, "qx": -0.0, "qy": -0.0, "qz": -0.083333333333333315, "_k": 1, "y": -3.425166865496446, "x": 1.6666666666666652}, "14": {"z": 1.5000000000000002, "qx": -0.0, "qy": -0.0, "qz": -0.083333333333333398, "_k": 4, "y": -3.425166865496446, "x": -3.3333333333333353}, "13": {"z": 1.5000000000000002, "qx": -0.0, "qy": -0.0, "qz": -0.083333333333333398, "_k": 3, "y": -3.425166865496446, "x": -2.5000000000000009}}, "max_int_key": 22, "attributes": {"gkey_node": {"5.000,-3.425,1.500": 4, "-2.500,-3.425,1.500": 13, "-1.667,-3.425,0.130": 3, "1.667,-3.425,1.500": 8, "4.167,-3.425,1.500": 5, "2.500,-3.425,1.500": 7, "3.333,-3.425,1.226": 17, "-5.000,-3.425,1.500": 16, "0.833,-3.425,1.500": 9, "4.167,-3.425,1.226": 21, "-4.167,-3.425,1.500": 15, "-0.833,-3.425,1.500": 11, "-3.333,-3.425,0.130": 1, "-3.333,-3.425,1.226": 0, "-3.333,-3.425,1.500": 14, "-1.667,-3.425,1.500": 12, "-1.667,-3.425,1.158": 2, "0.000,-3.425,1.500": 10, "1.667,-3.425,0.130": 20, "4.167,-3.425,0.130": 22, "1.667,-3.425,1.158": 19, "3.333,-3.425,0.130": 18, "3.333,-3.425,1.500": 6}, "name": "Network", "_aux_length": 0.33000000000000002, "_trails": {"0": [0, 1], "2": [2, 3], "9": [9, 8, 7, 6, 5, 4], "10": [10, 11, 12, 13, 14, 15, 16], "17": [17, 18], "19": [19, 20], "21": [21, 22]}, "tol": "3f", "_auxiliary_trails": {}, "_aux_vector": {"dtype": "compas.geometry/Vector", "value": [-0.0, -0.0, -1.0]}}, "edge_attributes": {"force": 0.0, "type": null, "length": 0.0}, "edge": {"16": {}, "15": {"16": {"length": -0.83333333333333215, "type": "trail"}}, "18": {}, "10": {"11": {"length": -0.83333333333333215, "type": "trail"}}, "20": {}, "17": {"18": {"length": -1.0960000000000001, "type": "trail"}}, "12": {"13": {"length": -0.8333333333333337, "type": "trail"}}, "22": {}, "19": {"20": {"length": 1.0275000000000001, "type": "trail"}}, "11": {"12": {"length": -0.83333333333333293, "type": "trail"}, "2": {"force": 1.9571000000000001, "type": "deviation"}}, "5": {"21": {"force": -1.1000000000000001, "type": "deviation"}, "6": {"length": -0.83333333333333348, "type": "trail"}}, "4": {"5": {"length": -0.83333333333333304, "type": "trail"}}, "7": {"19": {"force": 1.75, "type": "deviation"}, "8": {"length": -0.83333333333333304, "type": "trail"}}, "6": {"7": {"length": -0.83333333333333259, "type": "trail"}, "17": {"force": -3.2999999999999998, "type": "deviation"}}, "1": {}, "0": {"1": {"length": -1.0960000000000001, "type": "trail"}}, "3": {}, "2": {"3": {"length": 1.0275000000000001, "type": "trail"}}, "21": {"22": {"length": -1.0960000000000001, "type": "trail"}}, "9": {"19": {"force": 1.75, "type": "deviation"}, "10": {"force": -20.0, "type": "deviation"}}, "8": {"9": {"length": -0.83333333333333326, "type": "trail"}}, "14": {"15": {"length": -0.83333333333333348, "type": "trail"}, "0": {"force": -4.5999999999999996, "type": "deviation"}}, "13": {"14": {"length": -0.83333333333333437, "type": "trail"}, "2": {"force": 1.9571000000000001, "type": "deviation"}}}}}