{"compas": "1.7.1", "datatype": "compas_cem.diagrams/TopologyDiagram", "data": {"adjacency": {"16": {"15": null, "0": null, "17": null}, "15": {"14": null, "16": null}, "18": {"17": null}, "10": {"21": null, "9": null, "11": null}, "20": {"19": null}, "17": {"18": null, "16": null}, "12": {"13": null, "11": null, "2": null}, "22": {"21": null}, "19": {"7": null, "20": null}, "11": {"12": null, "10": null}, "5": {"4": null, "6": null, "23": null}, "4": {"5": null}, "7": {"19": null, "6": null, "8": null}, "6": {"7": null, "5": null}, "1": {"0": null}, "0": {"1": null, "16": null}, "3": {"2": null}, "2": {"12": null, "14": null, "3": null}, "21": {"22": null, "8": null, "10": null}, "9": {"8": null, "10": null}, "8": {"7": null, "21": null, "9": null}, "14": {"13": null, "15": null, "2": null}, "24": {"23": null}, "13": {"12": null, "14": null}, "23": {"5": null, "24": null}}, "node_attributes": {"z": 0.0, "qx": 0.0, "rx": 0.0, "qy": 0.0, "ry": 0.0, "qz": 0.0, "type": null, "rz": 0.0, "_k": null, "y": 0.0, "x": 0.0}, "node": {"16": {"z": 1.5000000000000002, "qx": -0.0, "qy": -0.0, "qz": -0.071428571428571369, "_k": 5, "y": -3.425166865496446, "x": -3.5714285714285703}, "15": {"z": 1.5000000000000002, "qx": -0.0, "qy": -0.0, "qz": -0.071428571428571369, "_k": 4, "y": -3.425166865496446, "x": -2.8571428571428563}, "18": {"z": 1.5000000000000002, "qx": -0.0, "qy": -0.0, "qz": -0.035714285714285858, "type": "support", "_k": 7, "y": -3.425166865496446, "x": -5.0000000000000009}, "10": {"z": 1.5000000000000002, "qx": -0.0, "qy": -0.0, "qz": -0.07142857142857148, "type": "_origin", "_k": 0, "y": -3.425166865496446, "x": 0.7142857142857133}, "20": {"z": 0.13000000000000012, "type": "support", "_k": 1, "y": -3.425166865496446, "x": 2.857142857142855}, "17": {"z": 1.5000000000000002, "qx": -0.0, "qy": -0.0, "qz": -0.071428571428571536, "_k": 6, "y": -3.425166865496446, "x": -4.2857142857142838}, "12": {"z": 1.5000000000000002, "qx": -0.0, "qy": -0.0, "qz": -0.071428571428571314, "_k": 1, "y": -3.425166865496446, "x": -0.71428571428571463}, "22": {"z": 0.13000000000000012, "type": "support", "_k": 1, "y": -3.425166865496446, "x": 1.4285714285714273}, "19": {"z": 1.2260000000000002, "type": "_origin", "_k": 0, "y": -3.425166865496446, "x": 2.857142857142855}, "11": {"z": 1.5000000000000002, "qx": -0.0, "qy": -0.0, "qz": -0.071428571428571397, "type": "_origin", "_k": 0, "y": -3.425166865496446, "x": -2.1316282072803005e-15}, "5": {"z": 1.5000000000000002, "qx": -0.0, "qy": -0.0, "qz": -0.071428571428571369, "_k": 5, "y": -3.425166865496446, "x": 4.2857142857142829}, "4": {"z": 1.5000000000000002, "qx": -0.0, "qy": -0.0, "qz": -0.035714285714285719, "type": "support", "_k": 6, "y": -3.425166865496446, "x": 4.9999999999999973}, "7": {"z": 1.5000000000000002, "qx": -0.0, "qy": -0.0, "qz": -0.071428571428571452, "_k": 3, "y": -3.425166865496446, "x": 2.857142857142855}, "6": {"z": 1.5000000000000002, "qx": -0.0, "qy": -0.0, "qz": -0.071428571428571397, "_k": 4, "y": -3.425166865496446, "x": 3.5714285714285698}, "1": {"z": 0.13000000000000012, "type": "support", "_k": 1, "y": -3.425166865496446, "x": -3.5714285714285703}, "0": {"z": 1.2260000000000002, "type": "_origin", "_k": 0, "y": -3.425166865496446, "x": -3.5714285714285703}, "3": {"z": 0.13000000000000012, "type": "support", "_k": 1, "y": -3.425166865496446, "x": -1.4285714285714284}, "2": {"z": 1.1575000000000002, "type": "_origin", "_k": 0, "y": -3.425166865496446, "x": -1.4285714285714284}, "21": {"z": 1.1575000000000002, "type": "_origin", "_k": 0, "y": -3.425166865496446, "x": 1.4285714285714273}, "9": {"z": 1.5000000000000002, "qx": -0.0, "qy": -0.0, "qz": -0.071428571428571397, "_k": 1, "y": -3.425166865496446, "x": 1.4285714285714273}, "8": {"z": 1.5000000000000002, "qx": -0.0, "qy": -0.0, "qz": -0.071428571428571397, "_k": 2, "y": -3.425166865496446, "x": 2.142857142857141}, "14": {"z": 1.5000000000000002, "qx": -0.0, "qy": -0.0, "qz": -0.071428571428571397, "_k": 3, "y": -3.425166865496446, "x": -2.1428571428571428}, "24": {"z": 0.13000000000000012, "type": "support", "_k": 1, "y": -3.425166865496446, "x": 4.2857142857142829}, "13": {"z": 1.5000000000000002, "qx": -0.0, "qy": -0.0, "qz": -0.071428571428571411, "_k": 2, "y": -3.425166865496446, "x": -1.4285714285714284}, "23": {"z": 1.2260000000000002, "type": "_origin", "_k": 0, "y": -3.425166865496446, "x": 4.2857142857142829}}, "max_int_key": 24, "attributes": {"gkey_node": {"5.000,-3.425,1.500": 4, "-1.429,-3.425,1.158": 2, "-1.429,-3.425,1.500": 13, "-5.000,-3.425,1.500": 18, "2.857,-3.425,1.226": 19, "-2.143,-3.425,1.500": 14, "-3.571,-3.425,1.226": 0, "4.286,-3.425,1.500": 5, "2.857,-3.425,0.130": 20, "-3.571,-3.425,1.500": 16, "-3.571,-3.425,0.130": 1, "4.286,-3.425,0.130": 24, "-1.429,-3.425,0.130": 3, "-4.286,-3.425,1.500": 17, "-2.857,-3.425,1.500": 15, "0.000,-3.425,1.500": 11, "0.714,-3.425,1.500": 10, "1.429,-3.425,1.500": 9, "4.286,-3.425,1.226": 23, "1.429,-3.425,0.130": 22, "2.857,-3.425,1.500": 7, "-0.714,-3.425,1.500": 12, "1.429,-3.425,1.158": 21, "2.143,-3.425,1.500": 8, "3.571,-3.425,1.500": 6}, "name": "Network", "_aux_length": 0.33000000000000002, "_trails": {"0": [0, 1], "2": [2, 3], "10": [10, 9, 8, 7, 6, 5, 4], "11": [11, 12, 13, 14, 15, 16, 17, 18], "19": [19, 20], "21": [21, 22], "23": [23, 24]}, "tol": "3f", "_auxiliary_trails": {}, "_aux_vector": {"dtype": "compas.geometry/Vector", "value": [-0.0, -0.0, -1.0]}}, "edge_attributes": {"force": 0.0, "type": null, "length": 0.0}, "edge": {"16": {"0": {"force": -4.5999999999999996, "type": "deviation"}, "17": {"length": -0.71428571428571352, "type": "trail"}}, "15": {"16": {"length": -0.71428571428571397, "type": "trail"}}, "18": {}, "10": {"21": {"force": 1.75, "type": "deviation"}, "11": {"force": -20.0, "type": "deviation"}}, "20": {}, "17": {"18": {"length": -0.71428571428571708, "type": "trail"}}, "12": {"13": {"length": -0.71428571428571375, "type": "trail"}, "2": {"force": 1.9571000000000001, "type": "deviation"}}, "22": {}, "19": {"20": {"length": -1.0960000000000001, "type": "trail"}}, "11": {"12": {"length": -0.71428571428571253, "type": "trail"}}, "5": {"6": {"length": -0.71428571428571308, "type": "trail"}, "23": {"force": -1.1000000000000001, "type": "deviation"}}, "4": {"5": {"length": -0.71428571428571441, "type": "trail"}}, "7": {"19": {"force": -3.2999999999999998, "type": "deviation"}, "8": {"length": -0.71428571428571397, "type": "trail"}}, "6": {"7": {"length": -0.71428571428571486, "type": "trail"}}, "1": {}, "0": {"1": {"length": -1.0960000000000001, "type": "trail"}}, "3": {}, "2": {"3": {"length": 1.0275000000000001, "type": "trail"}}, "21": {"22": {"length": 1.0275000000000001, "type": "trail"}}, "9": {"10": {"length": -0.71428571428571397, "type": "trail"}}, "8": {"21": {"force": 1.75, "type": "deviation"}, "9": {"length": -0.71428571428571375, "type": "trail"}}, "14": {"15": {"length": -0.71428571428571352, "type": "trail"}, "2": {"force": 1.9571000000000001, "type": "deviation"}}, "24": {}, "13": {"14": {"length": -0.71428571428571441, "type": "trail"}}, "23": {"24": {"length": -1.0960000000000001, "type": "trail"}}}}}