{"compas": "1.7.1", "datatype": "compas_cem.diagrams/TopologyDiagram", "data": {"adjacency": {"16": {"15": null, "17": null}, "26": {"25": null}, "15": {"14": null, "16": null}, "18": {"19": null, "17": null}, "25": {"26": null, "24": null}, "28": {"27": null}, "10": {"9": null, "11": null}, "30": {"29": null}, "20": {"21": null, "19": null}, "17": {"18": null, "16": null, "2": null}, "27": {"28": null, "8": null}, "12": {"13": null, "11": null}, "32": {"31": null}, "22": {"21": null, "23": null}, "19": {"20": null, "18": null, "2": null}, "29": {"30": null, "13": null, "11": null}, "11": {"12": null, "29": null, "10": null}, "5": {"4": null, "6": null}, "4": {"5": null}, "7": {"6": null, "8": null}, "6": {"31": null, "7": null, "5": null}, "1": {"0": null}, "0": {"1": null, "23": null}, "3": {"2": null}, "2": {"19": null, "3": null, "17": null}, "21": {"20": null, "22": null}, "31": {"32": null, "6": null}, "9": {"8": null, "10": null}, "8": {"7": null, "27": null, "9": null}, "14": {"13": null, "15": null}, "24": {"23": null, "25": null}, "13": {"12": null, "14": null, "29": null}, "23": {"22": null, "0": null, "24": null}}, "node_attributes": {"z": 0.0, "qx": 0.0, "rx": 0.0, "qy": 0.0, "ry": 0.0, "qz": 0.0, "type": null, "rz": 0.0, "_k": null, "y": 0.0, "x": 0.0}, "node": {"16": {"z": 1.5000000000000002, "qx": -0.0, "qy": -0.0, "qz": -0.045454545454545456, "_k": 1, "y": -3.425166865496446, "x": -0.45454545454545714}, "26": {"z": 1.5000000000000002, "qx": -0.0, "qy": -0.0, "qz": -0.022727272727272842, "type": "support", "_k": 11, "y": -3.425166865496446, "x": -5.0000000000000009}, "15": {"z": 1.5000000000000002, "qx": -0.0, "qy": -0.0, "qz": -0.045454545454545414, "type": "_origin", "_k": 0, "y": -3.425166865496446, "x": -2.1316282072803005e-15}, "18": {"z": 1.5000000000000002, "qx": -0.0, "qy": -0.0, "qz": -0.0454545454545454, "_k": 3, "y": -3.425166865496446, "x": -1.3636363636363653}, "25": {"z": 1.5000000000000002, "qx": -0.0, "qy": -0.0, "qz": -0.045454545454545636, "_k": 10, "y": -3.425166865496446, "x": -4.5454545454545441}, "28": {"z": 0.13000000000000012, "type": "support", "_k": 1, "y": -3.425166865496446, "x": 3.1818181818181799}, "10": {"z": 1.5000000000000002, "qx": -0.0, "qy": -0.0, "qz": -0.04545454545454547, "_k": 4, "y": -3.425166865496446, "x": 2.2727272727272703}, "30": {"z": 0.13000000000000012, "type": "support", "_k": 1, "y": -3.425166865496446, "x": 1.3636363636363613}, "20": {"z": 1.5000000000000002, "qx": -0.0, "qy": -0.0, "qz": -0.045454545454545442, "_k": 5, "y": -3.425166865496446, "x": -2.2727272727272738}, "17": {"z": 1.5000000000000002, "qx": -0.0, "qy": -0.0, "qz": -0.045454545454545414, "_k": 2, "y": -3.425166865496446, "x": -0.90909090909091128}, "27": {"z": 1.2260000000000002, "type": "_origin", "_k": 0, "y": -3.425166865496446, "x": 3.1818181818181799}, "12": {"z": 1.5000000000000002, "qx": -0.0, "qy": -0.0, "qz": -0.045454545454545491, "_k": 2, "y": -3.425166865496446, "x": 1.3636363636363613}, "32": {"z": 0.13000000000000012, "type": "support", "_k": 1, "y": -3.425166865496446, "x": 4.0909090909090882}, "22": {"z": 1.5000000000000002, "qx": -0.0, "qy": -0.0, "qz": -0.0454545454545454, "_k": 7, "y": -3.425166865496446, "x": -3.1818181818181812}, "19": {"z": 1.5000000000000002, "qx": -0.0, "qy": -0.0, "qz": -0.045454545454545428, "_k": 4, "y": -3.425166865496446, "x": -1.8181818181818192}, "29": {"z": 1.1575000000000002, "type": "_origin", "_k": 0, "y": -3.425166865496446, "x": 1.3636363636363613}, "11": {"z": 1.5000000000000002, "qx": -0.0, "qy": -0.0, "qz": -0.045454545454545456, "_k": 3, "y": -3.425166865496446, "x": 1.8181818181818159}, "5": {"z": 1.5000000000000002, "qx": -0.0, "qy": -0.0, "qz": -0.045454545454545456, "_k": 9, "y": -3.425166865496446, "x": 4.5454545454545432}, "4": {"z": 1.5000000000000002, "qx": -0.0, "qy": -0.0, "qz": -0.022727272727272707, "type": "support", "_k": 10, "y": -3.425166865496446, "x": 4.9999999999999973}, "7": {"z": 1.5000000000000002, "qx": -0.0, "qy": -0.0, "qz": -0.045454545454545414, "_k": 7, "y": -3.425166865496446, "x": 3.636363636363634}, "6": {"z": 1.5000000000000002, "qx": -0.0, "qy": -0.0, "qz": -0.045454545454545456, "_k": 8, "y": -3.425166865496446, "x": 4.0909090909090882}, "1": {"z": 0.13000000000000012, "type": "support", "_k": 1, "y": -3.425166865496446, "x": -3.6363636363636358}, "0": {"z": 1.2260000000000002, "type": "_origin", "_k": 0, "y": -3.425166865496446, "x": -3.6363636363636358}, "3": {"z": 0.13000000000000012, "type": "support", "_k": 1, "y": -3.425166865496446, "x": -1.3636363636363653}, "2": {"z": 1.1575000000000002, "type": "_origin", "_k": 0, "y": -3.425166865496446, "x": -1.3636363636363653}, "21": {"z": 1.5000000000000002, "qx": -0.0, "qy": -0.0, "qz": -0.045454545454545373, "_k": 6, "y": -3.425166865496446, "x": -2.727272727272728}, "31": {"z": 1.2260000000000002, "type": "_origin", "_k": 0, "y": -3.425166865496446, "x": 4.0909090909090882}, "9": {"z": 1.5000000000000002, "qx": -0.0, "qy": -0.0, "qz": -0.045454545454545484, "_k": 5, "y": -3.425166865496446, "x": 2.7272727272727253}, "8": {"z": 1.5000000000000002, "qx": -0.0, "qy": -0.0, "qz": -0.045454545454545442, "_k": 6, "y": -3.425166865496446, "x": 3.1818181818181799}, "14": {"z": 1.5000000000000002, "qx": -0.0, "qy": -0.0, "qz": -0.045454545454545414, "type": "_origin", "_k": 0, "y": -3.425166865496446, "x": 0.45454545454545114}, "24": {"z": 1.5000000000000002, "qx": -0.0, "qy": -0.0, "qz": -0.045454545454545414, "_k": 9, "y": -3.425166865496446, "x": -4.0909090909090882}, "13": {"z": 1.5000000000000002, "qx": -0.0, "qy": -0.0, "qz": -0.045454545454545511, "_k": 1, "y": -3.425166865496446, "x": 0.90909090909090617}, "23": {"z": 1.5000000000000002, "qx": -0.0, "qy": -0.0, "qz": -0.045454545454545352, "_k": 8, "y": -3.425166865496446, "x": -3.6363636363636358}}, "max_int_key": 32, "attributes": {"gkey_node": {"5.000,-3.425,1.500": 4, "4.091,-3.425,1.226": 31, "1.364,-3.425,1.158": 29, "-1.364,-3.425,1.500": 18, "0.455,-3.425,1.500": 14, "-1.364,-3.425,0.130": 3, "4.091,-3.425,0.130": 32, "-1.364,-3.425,1.158": 2, "-5.000,-3.425,1.500": 26, "-3.636,-3.425,0.130": 1, "-3.636,-3.425,1.226": 0, "4.091,-3.425,1.500": 6, "-3.636,-3.425,1.500": 23, "0.909,-3.425,1.500": 13, "-4.091,-3.425,1.500": 24, "3.182,-3.425,1.226": 27, "-3.182,-3.425,1.500": 22, "1.364,-3.425,1.500": 12, "-2.727,-3.425,1.500": 21, "-4.545,-3.425,1.500": 25, "-2.273,-3.425,1.500": 20, "2.727,-3.425,1.500": 9, "-1.818,-3.425,1.500": 19, "1.818,-3.425,1.500": 11, "-0.455,-3.425,1.500": 16, "-0.909,-3.425,1.500": 17, "0.000,-3.425,1.500": 15, "2.273,-3.425,1.500": 10, "3.636,-3.425,1.500": 7, "4.545,-3.425,1.500": 5, "3.182,-3.425,1.500": 8, "3.182,-3.425,0.130": 28, "1.364,-3.425,0.130": 30}, "name": "Network", "_aux_length": 0.33000000000000002, "_trails": {"0": [0, 1], "31": [31, 32], "2": [2, 3], "14": [14, 13, 12, 11, 10, 9, 8, 7, 6, 5, 4], "15": [15, 16, 17, 18, 19, 20, 21, 22, 23, 24, 25, 26], "27": [27, 28], "29": [29, 30]}, "tol": "3f", "_auxiliary_trails": {}, "_aux_vector": {"dtype": "compas.geometry/Vector", "value": [-0.0, -0.0, -1.0]}}, "edge_attributes": {"force": 0.0, "type": null, "length": 0.0}, "edge": {"16": {"17": {"length": -0.45454545454545414, "type": "trail"}}, "26": {}, "15": {"16": {"length": -0.45454545454545503, "type": "trail"}}, "18": {"19": {"length": -0.45454545454545392, "type": "trail"}}, "25": {"26": {"length": -0.45454545454545681, "type": "trail"}}, "28": {}, "10": {"11": {"length": -0.45454545454545436, "type": "trail"}}, "30": {}, "20": {"21": {"length": -0.45454545454545414, "type": "trail"}}, "17": {"18": {"length": -0.45454545454545403, "type": "trail"}, "2": {"force": 1.9571000000000001, "type": "deviation"}}, "27": {"28": {"length": -1.0960000000000001, "type": "trail"}}, "12": {"13": {"length": -0.45454545454545514, "type": "trail"}}, "32": {}, "22": {"23": {"length": -0.45454545454545459, "type": "trail"}}, "19": {"20": {"length": -0.45454545454545459, "type": "trail"},