{"compas": "1.7.1", "datatype": "compas_cem.diagrams/TopologyDiagram", "data": {"adjacency": {"16": {"15": null, "17": null}, "26": {"12": null, "27": null, "10": null}, "15": {"14": null, "16": null, "2": null}, "18": {"19": null, "17": null}, "25": {"24": null}, "28": {"6": null, "29": null}, "10": {"26": null, "9": null, "11": null}, "20": {"21": null, "19": null}, "17": {"18": null, "16": null, "2": null}, "27": {"26": null}, "12": {"13": null, "26": null, "11": null}, "22": {"21": null, "23": null}, "19": {"20": null, "18": null}, "29": {"28": null}, "11": {"12": null, "10": null}, "5": {"4": null, "6": null}, "4": {"5": null}, "7": {"6": null, "8": null}, "6": {"28": null, "7": null, "5": null}, "1": {"0": null}, "0": {"21": null, "1": null}, "3": {"2": null}, "2": {"15": null, "3": null, "17": null}, "21": {"20": null, "22": null, "0": null}, "9": {"8": null, "10": null}, "8": {"7": null, "9": null, "24": null}, "14": {"13": null, "15": null}, "24": {"8": null, "25": null}, "13": {"12": null, "14": null}, "23": {"22": null}}, "node_attributes": {"z": 0.0, "qx": 0.0, "rx": 0.0, "qy": 0.0, "ry": 0.0, "qz": 0.0, "type": null, "rz": 0.0, "_k": null, "y": 0.0, "x": 0.0}, "node": {"16": {"z": 1.5000000000000002, "qx": -0.0, "qy": -0.0, "qz": -0.052631578947368363, "_k": 2, "y": -3.425166865496446, "x": -1.3157894736842117}, "26": {"z": 1.1575000000000002, "type": "_origin", "_k": 0, "y": -3.425166865496446, "x": 1.3157894736842091}, "15": {"z": 1.5000000000000002, "qx": -0.0, "qy": -0.0, "qz": -0.052631578947368404, "_k": 1, "y": -3.425166865496446, "x": -0.78947368421052866}, "18": {"z": 1.5000000000000002, "qx": -0.0, "qy": -0.0, "qz": -0.052631578947368307, "_k": 4, "y": -3.425166865496446, "x": -2.3684210526315783}, "25": {"z": 0.13000000000000012, "type": "support", "_k": 1, "y": -3.425166865496446, "x": 2.8947368421052615}, "28": {"z": 1.2260000000000002, "type": "_origin", "_k": 0, "y": -3.425166865496446, "x": 3.9473684210526292}, "10": {"z": 1.5000000000000002, "qx": -0.0, "qy": -0.0, "qz": -0.052631578947368404, "_k": 3, "y": -3.425166865496446, "x": 1.8421052631578931}, "20": {"z": 1.5000000000000002, "qx": -0.0, "qy": -0.0, "qz": -0.05263157894736839, "_k": 6, "y": -3.425166865496446, "x": -3.421052631578946}, "17": {"z": 1.5000000000000002, "qx": -0.0, "qy": -0.0, "qz": -0.052631578947368335, "_k": 3, "y": -3.425166865496446, "x": -1.8421052631578958}, "27": {"z": 0.13000000000000012, "type": "support", "_k": 1, "y": -3.425166865496446, "x": 1.3157894736842091}, "12": {"z": 1.5000000000000002, "qx": -0.0, "qy": -0.0, "qz": -0.052631578947368439, "_k": 1, "y": -3.425166865496446, "x": 0.78947368421052444}, "22": {"z": 1.5000000000000002, "qx": -0.0, "qy": -0.0, "qz": -0.052631578947368571, "_k": 8, "y": -3.425166865496446, "x": -4.4736842105263124}, "19": {"z": 1.5000000000000002, "qx": -0.0, "qy": -0.0, "qz": -0.05263157894736839, "_k": 5, "y": -3.425166865496446, "x": -2.8947368421052619}, "29": {"z": 0.13000000000000012, "type": "support", "_k": 1, "y": -3.425166865496446, "x": 3.9473684210526292}, "11": {"z": 1.5000000000000002, "qx": -0.0, "qy": -0.0, "qz": -0.052631578947368439, "_k": 2, "y": -3.425166865496446, "x": 1.3157894736842091}, "5": {"z": 1.5000000000000002, "qx": -0.0, "qy": -0.0, "qz": -0.052631578947368411, "_k": 8, "y": -3.425166865496446, "x": 4.4736842105263133}, "4": {"z": 1.5000000000000002, "qx": -0.0, "qy": -0.0, "qz": -0.026315789473684206, "type": "support", "_k": 9, "y": -3.425166865496446, "x": 4.9999999999999973}, "7": {"z": 1.5000000000000002, "qx": -0.0, "qy": -0.0, "qz": -0.05263157894736839, "_k": 6, "y": -3.425166865496446, "x": 3.4210526315789447}, "6": {"z": 1.5000000000000002, "qx": -0.0, "qy": -0.0, "qz": -0.052631578947368432, "_k": 7, "y": -3.425166865496446, "x": 3.9473684210526292}, "1": {"z": 0.13000000000000012, "type": "support", "_k": 1, "y": -3.425166865496446, "x": -3.9473684210526296}, "0": {"z": 1.2260000000000002, "type": "_origin", "_k": 0, "y": -3.425166865496446, "x": -3.9473684210526296}, "3": {"z": 0.13000000000000012, "type": "support", "_k": 1, "y": -3.425166865496446, "x": -1.3157894736842117}, "2": {"z": 1.1575000000000002, "type": "_origin", "_k": 0, "y": -3.425166865496446, "x": -1.3157894736842117}, "21": {"z": 1.5000000000000002, "qx": -0.0, "qy": -0.0, "qz": -0.052631578947368321, "_k": 7, "y": -3.425166865496446, "x": -3.9473684210526296}, "9": {"z": 1.5000000000000002, "qx": -0.0, "qy": -0.0, "qz": -0.052631578947368418, "_k": 4, "y": -3.425166865496446, "x": 2.368421052631577}, "8": {"z": 1.5000000000000002, "qx": -0.0, "qy": -0.0, "qz": -0.05263157894736839, "_k": 5, "y": -3.425166865496446, "x": 2.8947368421052615}, "14": {"z": 1.5000000000000002, "qx": -0.0, "qy": -0.0, "qz": -0.05263157894736846, "type": "_origin", "_k": 0, "y": -3.425166865496446, "x": -0.2631578947368437}, "24": {"z": 1.2260000000000002, "type": "_origin", "_k": 0, "y": -3.425166865496446, "x": 2.8947368421052615}, "13": {"z": 1.5000000000000002, "qx": -0.0, "qy": -0.0, "qz": -0.052631578947368411, "type": "_origin", "_k": 0, "y": -3.425166865496446, "x": 0.26315789473684043}, "23": {"z": 1.5000000000000002, "qx": -0.0, "qy": -0.0, "qz": -0.026315789473684428, "type": "support", "_k": 9, "y": -3.425166865496446, "x": -5.0000000000000009}}, "max_int_key": 29, "attributes": {"gkey_node": {"5.000,-3.425,1.500": 4, "1.316,-3.425,1.500": 11, "-1.316,-3.425,0.130": 3, "3.947,-3.425,0.130": 29, "-5.000,-3.425,1.500": 23, "3.421,-3.425,1.500": 7, "-3.421,-3.425,1.500": 20, "2.895,-3.425,1.226": 24, "1.316,-3.425,1.158": 26, "-1.842,-3.425,1.500": 17, "2.895,-3.425,0.130": 25, "2.368,-3.425,1.500": 9, "-1.316,-3.425,1.158": 2, "2.895,-3.425,1.500": 8, "-1.316,-3.425,1.500": 16, "3.947,-3.425,1.226": 28, "1.842,-3.425,1.500": 10, "-4.474,-3.425,1.500": 22, "3.947,-3.425,1.500": 6, "0.789,-3.425,1.500": 12, "-3.947,-3.425,1.500": 21, "-0.263,-3.425,1.500": 14, "-3.947,-3.425,1.226": 0, "-2.368,-3.425,1.500": 18, "4.474,-3.425,1.500": 5, "-2.895,-3.425,1.500": 19, "0.263,-3.425,1.500": 13, "-0.789,-3.425,1.500": 15, "-3.947,-3.425,0.130": 1, "1.316,-3.425,0.130": 27}, "name": "Network", "_aux_length": 0.33000000000000002, "_trails": {"0": [0, 1], "2": [2, 3], "13": [13, 12, 11, 10, 9, 8, 7, 6, 5, 4], "14": [14, 15, 16, 17, 18, 19, 20, 21, 22, 23], "24": [24, 25], "26": [26, 27], "28": [28, 29]}, "tol": "3f", "_auxiliary_trails": {}, "_aux_vector": {"dtype": "compas.geometry/Vector", "value": [-0.0, -0.0, -1.0]}}, "edge_attributes": {"force": 0.0, "type": null, "length": 0.0}, "edge": {"16": {"17": {"length": -0.52631578947368407, "type": "trail"}}, "26": {"27": {"length": 1.0275000000000001, "type": "trail"}}, "15": {"16": {"length": -0.52631578947368307, "type": "trail"}, "2": {"force": 1.9571000000000001, "type": "deviation"}}, "18": {"19": {"length": -0.52631578947368363, "type": "trail"}}, "25": {}, "28": {"29": {"length": -1.0960000000000001, "type": "trail"}}, "10": {"26": {"force": 1.75, "type": "deviation"}, "11": {"length": -0.52631578947368407, "type": "trail"}}, "20": {"21": {"length": -0.52631578947368363, "type": "trail"}}, "17": {"18": {"length": -0.52631578947368252, "type": "trail"}, "2": {"force": 1.9571000000000001, "type": "deviation"}}, "27": {}, "12": {"13": {"length": -0.52631578947368407, "type": "trail"}, "26": {"force": 1.75, "type": "deviation"}}, "22": {"23": {"length": -0.52631578947368851, "type": "trail"}}, "19": {"20": {"length": -0.52631578947368407, "type": "trail"}}, "29": {}, "11": {"12": {"length": -0.52631578947368463, "type": "trail"}}, "5": {"6": {"length": -0.52631578947368407, "type": "trail"}}, "4": {"5": {"length": -0.52631578947368407, "type": "trail"}}, "7": {"8": {"length": -0.52631578947368318, "type": "trail"}}, "6": {"28": {"force": -1.1000000000000001, "type": "deviation"}, "7": {"length": -0.52631578947368451, "type": "trail"}}, "1": {}, "0": {"1": {"length": -1.0960000000000001, "type": "trail"}}, "3": {}, "2": {"3": {"length": 1.0275000000000001,