{"compas": "1.7.1", "datatype": "compas_cem.diagrams/TopologyDiagram", "data": {"adjacency": {"16": {"17": null, "2": null}, "26": {"21": null, "27": null, "14": null, "22": null}, "15": {"14": null}, "18": {"4": null, "19": null, "17": null}, "25": {"11": null, "24": null}, "10": {"9": null, "11": null, "24": null}, "20": {"21": null, "19": null, "14": null, "6": null}, "17": {"18": null, "16": null, "3": null}, "27": {"26": null}, "12": {"13": null, "7": null, "0": null, "8": null}, "22": {"21": null, "26": null, "23": null, "8": null}, "19": {"20": null, "14": null, "18": null, "5": null}, "11": {"10": null, "25": null}, "5": {"4": null, "19": null, "6": null, "0": null}, "4": {"18": null, "3": null, "5": null}, "7": {"12": null, "21": null, "6": null, "8": null}, "6": {"7": null, "20": null, "0": null, "5": null}, "1": {"0": null}, "0": {"12": null, "6": null, "1": null, "5": null}, "3": {"4": null, "17": null, "2": null}, "2": {"16": null, "3": null}, "21": {"7": null, "26": null, "22": null, "20": null}, "9": {"23": null, "8": null, "10": null}, "8": {"12": null, "7": null, "22": null, "9": null}, "14": {"26": null, "19": null, "15": null, "20": null}, "24": {"23": null, "10": null, "25": null}, "13": {"12": null}, "23": {"22": null, "9": null, "24": null}}, "node_attributes": {"z": 0.0, "qx": 0.0, "rx": 0.0, "qy": 0.0, "ry": 0.0, "qz": 0.0, "type": null, "rz": 0.0, "_k": null, "y": 0.0, "x": 0.0}, "node": {"16": {"z": 1.5000000000000002, "qx": -0.0, "qy": -0.0, "qz": -0.055555555555555539, "type": "support", "_k": 4, "y": -3.425166865496446, "x": 4.9999999999999973}, "26": {"z": 1.3630000000000002, "type": "_origin", "_k": 0, "y": -3.425166865496446, "x": -0.55555555555555747}, "15": {"z": 0.13000000000000012, "type": "support", "_k": 1, "y": -3.425166865496446, "x": 0.55555555555555325}, "18": {"z": 1.5000000000000002, "qx": -0.0, "qy": -0.0, "qz": -0.1111111111111111, "_k": 2, "y": -3.425166865496446, "x": 2.7777777777777755}, "25": {"z": 1.5000000000000002, "qx": -0.0, "qy": -0.0, "qz": -0.055555555555555428, "type": "support", "_k": 4, "y": -3.425166865496446, "x": -5.0000000000000009}, "10": {"z": 1.5000000000000002, "qx": -0.0, "qy": -0.0, "qz": -0.11111111111111104, "_k": 3, "y": -2.425166865496446, "x": -3.8888888888888924}, "20": {"z": 1.5000000000000002, "qx": -0.0, "qy": -0.0, "qz": -0.1111111111111111, "type": "_origin", "_k": 0, "y": -3.425166865496446, "x": 0.55555555555555325}, "17": {"z": 1.5000000000000002, "qx": -0.0, "qy": -0.0, "qz": -0.1111111111111111, "_k": 3, "y": -3.425166865496446, "x": 3.8888888888888866}, "27": {"z": 0.13000000000000012, "type": "support", "_k": 1, "y": -3.425166865496446, "x": -0.55555555555555747}, "12": {"z": 1.3630000000000002, "type": "_origin", "_k": 0, "y": -2.425166865496446, "x": -0.55555555555555747}, "22": {"z": 1.5000000000000002, "qx": -0.0, "qy": -0.0, "qz": -0.11111111111111116, "_k": 1, "y": -3.425166865496446, "x": -1.666666666666669}, "19": {"z": 1.5000000000000002, "qx": -0.0, "qy": -0.0, "qz": -0.1111111111111111, "_k": 1, "y": -3.425166865496446, "x": 1.6666666666666645}, "11": {"z": 1.5000000000000002, "qx": -0.0, "qy": -0.0, "qz": -0.055555555555555428, "type": "support", "_k": 4, "y": -2.425166865496446, "x": -5.0000000000000009}, "5": {"z": 1.5000000000000002, "qx": -0.0, "qy": -0.0, "qz": -0.1111111111111111, "_k": 1, "y": -2.425166865496446, "x": 1.6666666666666645}, "4": {"z": 1.5000000000000002, "qx": -0.0, "qy": -0.0, "qz": -0.1111111111111111, "_k": 2, "y": -2.425166865496446, "x": 2.7777777777777755}, "7": {"z": 1.5000000000000002, "qx": -0.0, "qy": -0.0, "qz": -0.11111111111111112, "type": "_origin", "_k": 0, "y": -2.425166865496446, "x": -0.55555555555555747}, "6": {"z": 1.5000000000000002, "qx": -0.0, "qy": -0.0, "qz": -0.1111111111111111, "type": "_origin", "_k": 0, "y": -2.425166865496446, "x": 0.55555555555555325}, "1": {"z": 0.13000000000000012, "type": "support", "_k": 1, "y": -2.425166865496446, "x": 0.55555555555555325}, "0": {"z": 1.3630000000000002, "type": "_origin", "_k": 0, "y": -2.425166865496446, "x": 0.55555555555555325}, "3": {"z": 1.5000000000000002, "qx": -0.0, "qy": -0.0, "qz": -0.1111111111111111, "_k": 3, "y": -2.425166865496446, "x": 3.8888888888888866}, "2": {"z": 1.5000000000000002, "qx": -0.0, "qy": -0.0, "qz": -0.055555555555555539, "type": "support", "_k": 4, "y": -2.425166865496446, "x": 4.9999999999999973}, "21": {"z": 1.5000000000000002, "qx": -0.0, "qy": -0.0, "qz": -0.11111111111111112, "type": "_origin", "_k": 0, "y": -3.425166865496446, "x": -0.55555555555555747}, "9": {"z": 1.5000000000000002, "qx": -0.0, "qy": -0.0, "qz": -0.11111111111111119, "_k": 2, "y": -2.425166865496446, "x": -2.7777777777777803}, "8": {"z": 1.5000000000000002, "qx": -0.0, "qy": -0.0, "qz": -0.11111111111111116, "_k": 1, "y": -2.425166865496446, "x": -1.666666666666669}, "14": {"z": 1.3630000000000002, "type": "_origin", "_k": 0, "y": -3.425166865496446, "x": 0.55555555555555325}, "24": {"z": 1.5000000000000002, "qx": -0.0, "qy": -0.0, "qz": -0.11111111111111104, "_k": 3, "y": -3.425166865496446, "x": -3.8888888888888924}, "13": {"z": 0.13000000000000012, "type": "support", "_k": 1, "y": -2.425166865496446, "x": -0.55555555555555747}, "23": {"z": 1.5000000000000002, "qx": -0.0, "qy": -0.0, "qz": -0.11111111111111119, "_k": 2, "y": -3.425166865496446, "x": -2.7777777777777803}}, "max_int_key": 27, "attributes": {"gkey_node": {"5.000,-3.425,1.500": 16, "1.667,-3.425,1.500": 19, "-2.778,-2.425,1.500": 9, "0.556,-2.425,1.500": 6, "-5.000,-3.425,1.500": 25, "-0.556,-2.425,1.500": 7, "0.556,-3.425,1.363": 14, "2.778,-3.425,1.500": 18, "3.889,-2.425,1.500": 3, "5.000,-2.425,1.500": 2, "1.667,-2.425,1.500": 5, "-2.778,-3.425,1.500": 23, "-5.000,-2.425,1.500": 11, "-0.556,-3.425,1.500": 21, "-0.556,-3.425,0.130": 27, "0.556,-3.425,1.500": 20, "-1.667,-3.425,1.500": 22, "-0.556,-2.425,1.363": 12, "0.556,-2.425,1.363": 0, "-3.889,-3.425,1.500": 24, "-1.667,-2.425,1.500": 8, "0.556,-2.425,0.130": 1, "-0.556,-3.425,1.363": 26, "0.556,-3.425,0.130": 15, "-0.556,-2.425,0.130": 13, "-3.889,-2.425,1.500": 10, "2.778,-2.425,1.500": 4, "3.889,-3.425,1.500": 17}, "name": "Network", "_aux_length": 0.33000000000000002, "_trails": {"0": [0, 1], "6": [6, 5, 4, 3, 2], "7": [7, 8, 9, 10, 11], "12": [12, 13], "14": [14, 15], "20": [20, 19, 18, 17, 16], "21": [21, 22, 23, 24, 25], "26": [26, 27]}, "tol": "3f", "_auxiliary_trails": {}, "_aux_vector": {"dtype": "compas.geometry/Vector", "value": [-0.0, -0.0, -1.0]}}, "edge_attributes": {"force": 0.0, "type": null, "length": 0.0}, "edge": {"16": {"17": {"length": -1.1111111111111107, "type": "trail"}}, "26": {"27": {"length": -1.2330000000000001, "type": "trail"}}, "15": {}, "18": {"19": {"length": -1.1111111111111109, "type": "trail"}}, "25": {}, "10": {"11": {"length": -1.1111111111111085, "type": "trail"}, "24": {"force": -0.10000000000000001, "type": "deviation"}}, "20": {"21": {"force": -13.9, "type": "deviation"}, "14": {"force": -0.59999999999999998, "type": "deviation"}}, "17": {"18": {"length": -1.1111111111111112, "type": "trail"}}, "27": {}, "12": {"13": {"length": -1.2330000000000001, "type": "trail"}}, "22": {"26": {"force": -0.59999999999999998, "type": "deviation"}, "23": {"length": -1.1111111111111114, "type": "trail"}}, "19": {"20": {"length": -1.1111111111111112, "type": "trail"}, "14": {"force": -0.59999999999999998, "type": "deviation"}}, "11": {"25": {"force": -0.10000000000000001, "type": "deviation"}}, "5": {"19": {"force": -0.10000000000000001, "type": "deviation"}, "6": {"length": -1.1111111111111112, "type": "trail"}, "0": {"force": -0.59999999999999998, "type": "deviation"}}, "4": {"18": {"force": -0.10000000000000001, "type": "deviation"}, "5": {"length": -1.1111111111111109, "type": "trail"}}, "7": {"12": {"force": -0.59999999999999998, "type": "deviation"}, "21": {"force": -0.10000000000000001, "type": "deviation"}, "8": {"length": -1.1111111111111116, "type": "trail"}}, "6": {"7": {"force": -13.9,