{"compas": "1.7.1", "datatype": "compas_cem.diagrams/FormDiagram", "data": {"adjacency": {"14": {"4": null, "13": null, "15": null, "10": null}, "17": {"7": null, "16": null}, "12": {"13": null, "2": null}, "5": {"4": null, "6": null, "15": null, "8": null}, "4": {"14": null, "0": null, "3": null, "5": null}, "7": {"6": null, "17": null}, "6": {"5": null, "7": null, "8": null, "16": null}, "1": {"0": null}, "0": {"4": null, "1": null, "8": null, "3": null}, "3": {"4": null, "13": null, "0": null, "2": null}, "2": {"12": null, "3": null}, "10": {"13": null, "14": null, "18": null, "11": null}, "13": {"12": null, "14": null, "10": null, "3": null}, "15": {"14": null, "18": null, "16": null, "5": null}, "11": {"10": null}, "9": {"8": null}, "8": {"6": null, "0": null, "9": null, "5": null}, "18": {"19": null, "15": null, "16": null, "10": null}, "19": {"18": null}, "16": {"6": null, "15": null, "18": null, "17": null}}, "node_attributes": {"z": 0.0, "qx": 0.0, "rx": 0.0, "qy": 0.0, "ry": 0.0, "qz": 0.0, "type": null, "rz": 0.0, "_k": null, "y": 0.0, "x": 0.0}, "node": {"14": {"z": 1.5000000000000002, "qx": -0.0, "qy": -0.0, "qz": -0.20000000000000001, "type": "_origin", "_k": 0, "y": -3.425166865496446, "x": 0.99999999999999756}, "17": {"z": 1.593127588371438, "qx": -0.0, "rx": 14.497164104131144, "qy": -0.0, "ry": 0.30429614463403698, "qz": -0.099999999999999964, "type": "support", "rz": -0.15810831161316546, "_k": 2, "y": -3.4677260569730186, "x": -4.9986053348909163}, "12": {"z": 1.593127588371438, "qx": -0.0, "rx": -14.497164104131144, "qy": -0.0, "ry": 0.30429614463403698, "qz": -0.10000000000000001, "type": "support", "rz": -0.15810831161316527, "_k": 2, "y": -3.4677260569730186, "x": 4.9986053348909127}, "5": {"z": 1.5000000000000002, "qx": -0.0, "qy": -0.0, "qz": -0.19999999999999998, "type": "_origin", "_k": 0, "y": -2.425166865496446, "x": -1.0000000000000029}, "4": {"z": 1.5000000000000002, "qx": -0.0, "qy": -0.0, "qz": -0.20000000000000001, "type": "_origin", "_k": 0, "y": -2.425166865496446, "x": 0.99999999999999756}, "7": {"z": 1.593127588371438, "qx": -0.0, "rx": 14.497164104131144, "qy": -0.0, "ry": -0.30429614463403698, "qz": -0.099999999999999964, "type": "support", "rz": -0.15810831161316546, "_k": 2, "y": -2.3826076740198734, "x": -4.9986053348909163}, "6": {"z": 1.5575286534838253, "qx": -0.0, "qy": -0.0, "qz": -0.1999999999999999, "_k": 1, "y": -2.4107847021254898, "x": -2.9991207085629217}, "1": {"z": 0.13327042716916426, "rx": -0.047835895868856948, "ry": 0.0042961446340369878, "type": "support", "rz": 0.6581083116131653, "_k": 1, "y": -2.4331945655154348, "x": 1.089385310525246}, "0": {"z": 1.3630000000000002, "type": "_origin", "_k": 0, "y": -2.425166865496446, "x": 0.99999999999999756}, "3": {"z": 1.5575286534838253, "qx": -0.0, "qy": -0.0, "qz": -0.20000000000000001, "_k": 1, "y": -2.4107847021254898, "x": 2.9991207085629172}, "2": {"z": 1.593127588371438, "qx": -0.0, "rx": -14.497164104131144, "qy": -0.0, "ry": -0.30429614463403698, "qz": -0.10000000000000001, "type": "support", "rz": -0.15810831161316527, "_k": 2, "y": -2.3826076740198734, "x": 4.9986053348909127}, "10": {"z": 1.3630000000000002, "type": "_origin", "_k": 0, "y": -3.425166865496446, "x": 0.99999999999999756}, "13": {"z": 1.5575286534838253, "qx": -0.0, "qy": -0.0, "qz": -0.20000000000000001, "_k": 1, "y": -3.4395490288674022, "x": 2.9991207085629172}, "15": {"z": 1.5000000000000002, "qx": -0.0, "qy": -0.0, "qz": -0.19999999999999998, "type": "_origin", "_k": 0, "y": -3.425166865496446, "x": -1.0000000000000029}, "11": {"z": 0.13327042716916426, "rx": -0.047835895868856948, "ry": -0.0042961446340369878, "type": "support", "rz": 0.6581083116131653, "_k": 1, "y": -3.4171391654774572, "x": 1.089385310525246}, "9": {"z": 0.13327042716916426, "rx": 0.047835895868856948, "ry": 0.0042961446340369896, "type": "support", "rz": 0.6581083116131653, "_k": 1, "y": -2.4331945655154348, "x": -1.0893853105252513}, "8": {"z": 1.3630000000000002, "type": "_origin", "_k": 0, "y": -2.425166865496446, "x": -1.0000000000000029}, "18": {"z": 1.3630000000000002, "type": "_origin", "_k": 0, "y": -3.425166865496446, "x": -1.0000000000000029}, "19": {"z": 0.13327042716916426, "rx": 0.047835895868856948, "ry": -0.0042961446340369896, "type": "support", "rz": 0.6581083116131653, "_k": 1, "y": -3.4171391654774572, "x": -1.0893853105252513}, "16": {"z": 1.5575286534838253, "qx": -0.0, "qy": -0.0, "qz": -0.1999999999999999, "_k": 1, "y": -3.4395490288674022, "x": -2.9991207085629217}}, "max_int_key": 19, "attributes": {"gkey_node": {"5.000,-3.425,1.500": 12, "3.000,-2.425,1.500": 3, "1.089,-3.417,0.133": 11, "-5.000,-3.425,1.500": 17, "2.999,-2.411,1.558": 3, "1.000,-2.425,1.363": 0, "-3.000,-2.425,1.500": 6, "-1.000,-2.425,0.130": 9, "-1.089,-3.417,0.133": 19, "5.000,-2.425,1.500": 2, "-1.000,-3.425,1.363": 18, "-5.000,-2.425,1.500": 7, "4.999,-3.468,1.593": 12, "-4.999,-3.468,1.593": 17, "4.999,-2.383,1.593": 2, "-1.000,-3.425,1.500": 15, "-1.000,-2.425,1.363": 8, "-1.089,-2.433,0.133": 9, "1.000,-3.425,1.363": 10, "1.000,-3.425,1.500": 14, "3.000,-3.425,1.500": 13, "1.000,-3.425,0.130": 11, "-1.000,-3.425,0.130": 19, "-1.000,-2.425,1.500": 5, "-4.999,-2.383,1.593": 7, "1.000,-2.425,0.130": 1, "1.089,-2.433,0.133": 1, "-2.999,-3.440,1.558": 16, "-2.999,-2.411,1.558": 6, "2.999,-3.440,1.558": 13, "1.000,-2.425,1.500": 4, "-3.000,-3.425,1.500": 16}, "name": "Network", "tol": "3f"}, "edge_attributes": {"force": 0.0, "type": null, "length": 0.0}, "edge": {"14": {"15": {"force": -13.9, "type": "deviation", "length": 2.0000000000000004}, "10": {"force": -0.59999999999999998, "type": "deviation", "length": 0.13700000000000001}}, "17": {}, "12": {"13": {"force": -14.500900795376289, "length": 2.0, "type": "trail"}}, "5": {"6": {"force": -13.906113763377602, "length": 1.9999999999999993, "type": "trail"}, "15": {"force": -0.10000000000000001, "type": "deviation", "length": 1.0}, "8": {"force": -0.59999999999999998, "type": "deviation", "length": 0.13700000000000001}}, "4": {"14": {"force": -0.10000000000000001, "type": "deviation", "length": 1.0}, "0": {"force": -0.59999999999999998, "type": "deviation", "length": 0.13700000000000001}, "5": {"force": -13.9, "type": "deviation", "length": 2.0000000000000004}}, "7": {"17": {"force": -0.10000000000000001, "type": "deviation", "length": 1.0851183829531452}}, "6": {"7": {"force": -14.500900795376289, "length": 1.9999999999999993, "type": "trail"}, "8": {"force": -0.59999999999999998, "type": "deviation", "length": 2.0086144107455182}, "16": {"force": -0.10000000000000001, "type": "deviation", "length": 1.0287643267419124}}, "1": {}, "0": {"1": {"force": -0.65985852999459194, "length": 1.2330000000000001, "type": "trail"}, "8": {"force": -0.64500000000000002, "type": "deviation", "length": 2.0000000000000004}}, "3": {"4": {"force": -13.906113763377602, "length": 2.0, "type": "trail"}, "13": {"force": -0.10000000000000001, "type": "deviation", "length": 1.0287643267419124}, "0": {"force": -0.59999999999999998, "type": "deviation", "length": 2.0086144107455191}}, "2": {"12": {"force": -0.10000000000000001, "type": "deviation", "length": 1.0851183829531452}, "3": {"force": -14.500900795376289, "length": 2.0, "type": "trail"}}, "10": {"18": {"force": -0.64500000000000002, "type": "deviation", "length": 2.0000000000000004}, "11": {"force": -0.65985852999459194, "length": 1.2330000000000001, "type": "trail"}}, "13": {"14": {"force": -13.906113763377602, "length": 2.0, "type": "trail"}, "10": {"force": -0.59999999999999998, "type": "deviation", "length": 2.0086144107455191}}, "15": {"18": {"force": -0.59999999999999998, "type": "deviation", "length": 0.13700000000000001}, "16": {"force": -13.906113763377602, "length": 1.9999999999999993, "type": "trail"}}, "11": {}, "9": {}, "8": {"9": {"force": -0.65985852999459194, "length": 1.2330000000000001, "type": "trail"}}, "18": {"19": {"force": -0.65985852999459194, "length": 1.2330000000000001, "type": "trail"}},