{"compas": "1.7.1", "datatype": "compas_cem.diagrams/TopologyDiagram", "data": {"adjacency": {"16": {"17": null}, "26": {"13": null, "27": null, "25": null}, "15": {"28": null, "14": null, "35": null}, "18": {"19": null, "17": null, "5": null}, "35": {"15": null}, "25": {"12": null, "26": null, "24": null}, "28": {"27": null, "15": null, "29": null}, "10": {"23": null, "9": null, "11": null}, "30": {"31": null, "29": null}, "20": {"21": null, "19": null}, "17": {"7": null, "18": null, "16": null}, "27": {"28": null, "26": null, "14": null}, "12": {"13": null, "11": null, "25": null}, "32": {"31": null, "33": null, "1": null}, "22": {"21": null, "23": null, "9": null}, "19": {"20": null, "18": null}, "29": {"28": null, "30": null}, "11": {"12": null, "10": null, "24": null}, "5": {"4": null, "18": null}, "4": {"5": null}, "7": {"6": null, "17": null}, "6": {"7": null}, "1": {"32": null, "0": null}, "0": {"1": null}, "3": {"31": null, "2": null}, "2": {"3": null}, "21": {"20": null, "22": null, "8": null}, "31": {"30": null, "32": null, "3": null}, "9": {"22": null, "8": null, "10": null}, "8": {"21": null, "9": null, "34": null}, "14": {"13": null, "27": null, "15": null}, "34": {"8": null}, "24": {"23": null, "11": null, "25": null}, "13": {"12": null, "26": null, "14": null}, "33": {"32": null}, "23": {"22": null, "10": null, "24": null}}, "node_attributes": {"z": 0.0, "qx": 0.0, "rx": 0.0, "qy": 0.0, "ry": 0.0, "qz": 0.0, "type": null, "rz": 0.0, "_k": null, "y": 0.0, "x": 0.0}, "node": {"16": {"z": 1.5000000000000002, "qx": -0.0, "qy": -0.0, "qz": -0.029411764705882339, "type": "support", "_k": 8, "y": -3.425166865496446, "x": 4.9999999999999973}, "26": {"z": 1.5000000000000002, "qx": -0.0, "qy": -0.0, "qz": -0.058823529411764677, "_k": 1, "y": -3.425166865496446, "x": -0.882352941176474}, "15": {"_k": 3, "z": 1.3899999999999999, "y": -3.425166865496446, "x": -2.0588235294117658}, "18": {"z": 1.5000000000000002, "qx": -0.0, "qy": -0.0, "qz": -0.058823529411764719, "_k": 6, "y": -3.425166865496446, "x": 3.8235294117647038}, "35": {"z": 0.27000000000000024, "type": "support", "_k": 4, "y": -3.425166865496446, "x": -3.7700000000000014}, "25": {"z": 1.5000000000000002, "qx": -0.0, "qy": -0.0, "qz": -0.029411764705882429, "type": "_origin", "_k": 0, "y": -3.425166865496446, "x": -0.29411764705882548}, "28": {"z": 1.5000000000000002, "qx": -0.0, "qy": -0.0, "qz": -0.058823529411764774, "_k": 3, "y": -3.425166865496446, "x": -2.0588235294117658}, "10": {"_k": 1, "z": 1.3344217980099726, "y": -3.425166865496446, "x": 0.88235294117646845}, "30": {"z": 1.5000000000000002, "qx": -0.0, "qy": -0.0, "qz": -0.058823529411764656, "_k": 5, "y": -3.425166865496446, "x": -3.2352941176470611}, "20": {"z": 1.5000000000000002, "qx": -0.0, "qy": -0.0, "qz": -0.058823529411764719, "_k": 4, "y": -3.425166865496446, "x": 2.6470588235294095}, "17": {"z": 1.5000000000000002, "qx": -0.0, "qy": -0.0, "qz": -0.058823529411764677, "_k": 7, "y": -3.425166865496446, "x": 4.4117647058823506}, "27": {"z": 1.5000000000000002, "qx": -0.0, "qy": -0.0, "qz": -0.058823529411764594, "_k": 2, "y": -3.425166865496446, "x": -1.4705882352941189}, "12": {"z": 1.3233101223623631, "type": "_origin", "_k": 0, "y": -3.425166865496446, "x": -0.29411764705882626}, "32": {"z": 1.5000000000000002, "qx": -0.0, "qy": -0.0, "qz": -0.058823529411764677, "_k": 7, "y": -3.425166865496446, "x": -4.4117647058823541}, "22": {"z": 1.5000000000000002, "qx": -0.0, "qy": -0.0, "qz": -0.058823529411764691, "_k": 2, "y": -3.425166865496446, "x": 1.4705882352941155}, "19": {"z": 1.5000000000000002, "qx": -0.0, "qy": -0.0, "qz": -0.058823529411764719, "_k": 5, "y": -3.425166865496446, "x": 3.2352941176470562}, "29": {"z": 1.5000000000000002, "qx": -0.0, "qy": -0.0, "qz": -0.058823529411764768, "_k": 4, "y": -3.425166865496446, "x": -2.6470588235294144}, "11": {"z": 1.3233101223623631, "type": "_origin", "_k": 0, "y": -3.425166865496446, "x": 0.29411764705881982}, "5": {"z": 0.52352941176470691, "type": "support", "_k": 1, "y": -3.4251668654964469, "x": 3.8235294117647038}, "4": {"z": 0.32352941176470695, "type": "_origin", "_k": 0, "y": -3.4251668654964469, "x": 3.8235294117647043}, "7": {"z": 1.1117647058823534, "type": "support", "_k": 1, "y": -3.4251668654964473, "x": 4.4117647058823506}, "6": {"z": 0.91176470588235359, "type": "_origin", "_k": 0, "y": -3.4251668654964482, "x": 4.4117647058823506}, "1": {"z": 1.1117647058823534, "type": "support", "_k": 1, "y": -3.4251668654964478, "x": -4.4117647058823541}, "0": {"z": 0.91176470588235337, "type": "_origin", "_k": 0, "y": -3.4251668654964482, "x": -4.4117647058823541}, "3": {"z": 0.52352941176470646, "type": "support", "_k": 1, "y": -3.4251668654964447, "x": -3.8235294117647074}, "2": {"z": 0.3235294117647064, "type": "_origin", "_k": 0, "y": -3.4251668654964447, "x": -3.8235294117647074}, "21": {"z": 1.5000000000000002, "qx": -0.0, "qy": -0.0, "qz": -0.058823529411764705, "_k": 3, "y": -3.425166865496446, "x": 2.0588235294117618}, "31": {"z": 1.5000000000000002, "qx": -0.0, "qy": -0.0, "qz": -0.058823529411764656, "_k": 6, "y": -3.425166865496446, "x": -3.8235294117647074}, "9": {"_k": 2, "z": 1.356649113772697, "y": -3.425166865496446, "x": 1.4705882352941155}, "8": {"_k": 3, "z": 1.3899999999999999, "y": -3.425166865496446, "x": 2.0588235294117587}, "14": {"_k": 2, "z": 1.3566491137726968, "y": -3.425166865496446, "x": -1.4705882352941191}, "34": {"z": 0.27000000000000024, "type": "support", "_k": 4, "y": -3.425166865496446, "x": 3.7699999999999974}, "24": {"z": 1.5000000000000002, "qx": -0.0, "qy": -0.0, "qz": -0.029411764705882339, "type": "_origin", "_k": 0, "y": -3.425166865496446, "x": 0.29411764705882126}, "13": {"_k": 1, "z": 1.3344217980099728, "y": -3.425166865496446, "x": -0.882352941176474}, "33": {"z": 1.5000000000000002, "qx": -0.0, "qy": -0.0, "qz": -0.029411764705882339, "type": "support", "_k": 8, "y": -3.425166865496446, "x": -5.0000000000000009}, "23": {"z": 1.5000000000000002, "qx": -0.0, "qy": -0.0, "qz": -0.058823529411764719, "_k": 1, "y": -3.425166865496446, "x": 0.88235294117646801}}, "max_int_key": 35, "attributes": {"gkey_node": {"5.000,-3.425,1.500": 16, "3.824,-3.425,0.324": 4, "-0.294,-3.425,1.500": 25, "3.824,-3.425,1.500": 18, "-5.000,-3.425,1.500": 33, "0.882,-3.425,1.334": 10, "1.471,-3.425,1.357": 9, "-3.824,-3.425,0.524": 3, "-4.412,-3.425,1.112": 1, "4.412,-3.425,1.500": 17, "-0.882,-3.425,1.334": 13, "2.059,-3.425,1.390": 8, "2.647,-3.425,1.500": 20, "3.824,-3.425,0.524": 5, "-1.471,-3.425,1.500": 27, "-4.412,-3.425,0.912": 0, "3.770,-3.425,0.270": 34, "0.294,-3.425,1.500": 24, "-4.412,-3.425,1.500": 32, "-3.770,-3.425,0.270": 35, "-0.294,-3.425,1.323": 12, "1.471,-3.425,1.500": 22, "-3.824,-3.425,0.324": 2, "-3.235,-3.425,1.500": 30, "4.412,-3.425,1.112": 7, "-2.059,-3.425,1.500": 28, "-2.059,-3.425,1.390": 15, "0.882,-3.425,1.500": 23, "0.294,-3.425,1.323": 11, "-2.647,-3.425,1.500": 29, "3.235,-3.425,1.500": 19, "-3.824,-3.425,1.500": 31, "4.412,-3.425,0.912": 6, "-0.882,-3.425,1.500": 26, "-1.471,-3.425,1.357": 14, "2.059,-3.425,1.500": 21}, "name": "Network", "_aux_length": 0.33000000000000002, "_trails": {"0": [0, 1], "2": [2, 3], "4": [4, 5], "6": [6, 7], "11": [11, 10, 9, 8, 34], "12": [12, 13, 14, 15, 35], "24": [24, 23, 22, 21, 20, 19, 18, 17, 16], "25": [25, 26, 27, 28, 29, 30, 31, 32, 33]}, "tol": "3f", "_auxiliary_trails": {}, "_aux_vector": {"dtype": "compas.geometry/Vector", "value": [-0.0, -0.0, -1.0]}}, "edge_attributes": {"force": 0.0, "type": null, "length": 0.0}, "edge": {"16": {"17": {"length": -0.58823529411764675, "type": "trail"}}, "26": {"13": {"force": -0.10000000000000001, "type": "deviation"}, "27": {"length": -0.58823529411764486, "type": "trail"}}, "15": {"35": {"length": 2.0451222245858096, "type": "trail"}}, "18": {"19": {"length": -0.58823529411764763, "type": "trail"}}, "35": {}, "25": {"12": {"force": -0.10000000000000001, "type": "deviation"}, "26": {"length": -0.58823529411764852,