{"compas": "1.7.1", "datatype": "compas_cem.diagrams/TopologyDiagram", "data": {"adjacency": {"16": {"4": null, "15": null, "17": null}, "26": {"27": null, "1": null, "25": null}, "15": {"14": null, "16": null}, "18": {"19": null, "6": null, "17": null}, "25": {"26": null, "24": null}, "28": {"4": null}, "10": {"22": null, "9": null, "11": null}, "20": {"21": null, "19": null, "8": null}, "17": {"18": null, "16": null, "5": null}, "27": {"26": null}, "12": {"13": null}, "22": {"21": null, "23": null, "10": null}, "19": {"7": null, "20": null, "18": null}, "29": {"11": null}, "11": {"23": null, "29": null, "10": null}, "5": {"4": null, "6": null, "17": null}, "4": {"28": null, "16": null, "5": null}, "7": {"19": null, "6": null, "8": null}, "6": {"7": null, "18": null, "5": null}, "1": {"26": null, "0": null}, "0": {"1": null}, "3": {"13": null, "2": null}, "2": {"3": null}, "21": {"20": null, "22": null, "9": null}, "9": {"21": null, "8": null, "10": null}, "8": {"7": null, "20": null, "9": null}, "14": {"13": null, "15": null}, "24": {"23": null, "25": null}, "13": {"12": null, "14": null, "3": null}, "23": {"22": null, "11": null, "24": null}}, "node_attributes": {"z": 0.0, "qx": 0.0, "rx": 0.0, "qy": 0.0, "ry": 0.0, "qz": 0.0, "type": null, "rz": 0.0, "_k": null, "y": 0.0, "x": 0.0}, "node": {"16": {"z": 1.5000000000000002, "qx": -0.0, "qy": -0.0, "qz": -0.066666666666666652, "_k": 3, "y": -3.425166865496446, "x": 2.3333333333333308}, "26": {"z": 1.5000000000000002, "qx": -0.0, "qy": -0.0, "qz": -0.066666666666666707, "_k": 6, "y": -3.425166865496446, "x": -4.333333333333333}, "15": {"z": 1.5000000000000002, "qx": -0.0, "qy": -0.0, "qz": -0.066666666666666707, "_k": 4, "y": -3.425166865496446, "x": 2.9999999999999973}, "18": {"z": 1.5000000000000002, "qx": -0.0, "qy": -0.0, "qz": -0.066666666666666624, "_k": 1, "y": -3.425166865496446, "x": 0.99999999999999756}, "25": {"z": 1.5000000000000002, "qx": -0.0, "qy": -0.0, "qz": -0.066666666666666596, "_k": 5, "y": -3.425166865496446, "x": -3.666666666666667}, "28": {"z": 0.27000000000000024, "type": "support", "_k": 4, "y": -3.425166865496446, "x": 3.7699999999999974}, "10": {"_k": 2, "z": 1.3544971105892778, "y": -3.425166865496446, "x": -1.6666666666666676}, "20": {"z": 1.5000000000000002, "qx": -0.0, "qy": -0.0, "qz": -0.066666666666666707, "type": "_origin", "_k": 0, "y": -3.425166865496446, "x": -0.3333333333333352}, "17": {"z": 1.5000000000000002, "qx": -0.0, "qy": -0.0, "qz": -0.066666666666666666, "_k": 2, "y": -3.425166865496446, "x": 1.6666666666666645}, "27": {"z": 1.5000000000000002, "qx": -0.0, "qy": -0.0, "qz": -0.033333333333333395, "type": "support", "_k": 7, "y": -3.425166865496446, "x": -5.0000000000000009}, "12": {"z": 1.5000000000000002, "qx": -0.0, "qy": -0.0, "qz": -0.033333333333333263, "type": "support", "_k": 7, "y": -3.425166865496446, "x": 4.9999999999999973}, "22": {"z": 1.5000000000000002, "qx": -0.0, "qy": -0.0, "qz": -0.066666666666666569, "_k": 2, "y": -3.425166865496446, "x": -1.6666666666666672}, "19": {"z": 1.5000000000000002, "qx": -0.0, "qy": -0.0, "qz": -0.066666666666666638, "type": "_origin", "_k": 0, "y": -3.425166865496446, "x": 0.33333333333333187}, "29": {"z": 0.27000000000000024, "type": "support", "_k": 4, "y": -3.425166865496446, "x": -3.7700000000000014}, "11": {"_k": 3, "z": 1.3899999999999999, "y": -3.425166865496446, "x": -2.3333333333333339}, "5": {"_k": 2, "z": 1.3544971105892778, "y": -3.425166865496446, "x": 1.6666666666666645}, "4": {"_k": 3, "z": 1.3899999999999999, "y": -3.425166865496446, "x": 2.3333333333333268}, "7": {"z": 1.319005394551287, "type": "_origin", "_k": 0, "y": -3.425166865496446, "x": 0.33333333333333187}, "6": {"_k": 1, "z": 1.3308347252083561, "y": -3.425166865496446, "x": 0.99999999999999778}, "1": {"z": 1.0333333333333314, "type": "support", "_k": 1, "y": -3.4251668654964456, "x": -4.333333333333333}, "0": {"z": 0.83333333333333126, "type": "_origin", "_k": 0, "y": -3.4251668654964447, "x": -4.3333333333333321}, "3": {"z": 1.0333333333333352, "type": "support", "_k": 1, "y": -3.4251668654964451, "x": 4.3333333333333321}, "2": {"z": 0.83333333333333515, "type": "_origin", "_k": 0, "y": -3.4251668654964447, "x": 4.3333333333333321}, "21": {"z": 1.5000000000000002, "qx": -0.0, "qy": -0.0, "qz": -0.066666666666666596, "_k": 1, "y": -3.425166865496446, "x": -1.0000000000000022}, "9": {"_k": 1, "z": 1.3308347252083559, "y": -3.425166865496446, "x": -1.0000000000000016}, "8": {"z": 1.319005394551287, "type": "_origin", "_k": 0, "y": -3.425166865496446, "x": -0.3333333333333352}, "14": {"z": 1.5000000000000002, "qx": -0.0, "qy": -0.0, "qz": -0.066666666666666749, "_k": 5, "y": -3.425166865496446, "x": 3.6666666666666647}, "24": {"z": 1.5000000000000002, "qx": -0.0, "qy": -0.0, "qz": -0.06666666666666668, "_k": 4, "y": -3.425166865496446, "x": -3.0000000000000013}, "13": {"z": 1.5000000000000002, "qx": -0.0, "qy": -0.0, "qz": -0.066666666666666638, "_k": 6, "y": -3.425166865496446, "x": 4.3333333333333321}, "23": {"z": 1.5000000000000002, "qx": -0.0, "qy": -0.0, "qz": -0.066666666666666707, "_k": 3, "y": -3.425166865496446, "x": -2.3333333333333335}}, "max_int_key": 29, "attributes": {"gkey_node": {"5.000,-3.425,1.500": 12, "1.667,-3.425,1.500": 17, "-1.667,-3.425,1.354": 10, "-5.000,-3.425,1.500": 27, "0.333,-3.425,1.500": 19, "-1.000,-3.425,1.331": 9, "-4.333,-3.425,1.500": 26, "0.333,-3.425,1.319": 7, "4.333,-3.425,0.833": 2, "-3.667,-3.425,1.500": 25, "-1.667,-3.425,1.500": 22, "3.770,-3.425,0.270": 28, "4.333,-3.425,1.500": 13, "2.333,-3.425,1.390": 4, "-1.000,-3.425,1.500": 21, "4.333,-3.425,1.033": 3, "1.667,-3.425,1.354": 5, "-4.333,-3.425,0.833": 0, "-2.333,-3.425,1.390": 11, "-2.333,-3.425,1.500": 23, "1.000,-3.425,1.500": 18, "-3.770,-3.425,0.270": 29, "3.000,-3.425,1.500": 15, "3.667,-3.425,1.500": 14, "-0.333,-3.425,1.319": 8, "-0.333,-3.425,1.500": 20, "-4.333,-3.425,1.033": 1, "1.000,-3.425,1.331": 6, "2.333,-3.425,1.500": 16, "-3.000,-3.425,1.500": 24}, "name": "Network", "_aux_length": 0.33000000000000002, "_trails": {"0": [0, 1], "2": [2, 3], "7": [7, 6, 5, 4, 28], "8": [8, 9, 10, 11, 29], "19": [19, 18, 17, 16, 15, 14, 13, 12], "20": [20, 21, 22, 23, 24, 25, 26, 27]}, "tol": "3f", "_auxiliary_trails": {}, "_aux_vector": {"dtype": "compas.geometry/Vector", "value": [-0.0, -0.0, -1.0]}}, "edge_attributes": {"force": 0.0, "type": null, "length": 0.0}, "edge": {"16": {"4": {"force": 3.0, "type": "deviation"}, "17": {"length": -0.6666666666666663, "type": "trail"}}, "26": {"27": {"length": -0.66666666666666785, "type": "trail"}}, "15": {"16": {"length": -0.66666666666666652, "type": "trail"}}, "18": {"19": {"length": -0.66666666666666563, "type": "trail"}, "6": {"force": -0.10000000000000001, "type": "deviation"}}, "25": {"26": {"length": -0.66666666666666607, "type": "trail"}}, "28": {}, "10": {"11": {"length": 0.66761133873006828, "type": "trail"}}, "20": {"21": {"length": -0.66666666666666696, "type": "trail"}, "8": {"force": -0.10000000000000001, "type": "deviation"}}, "17": {"18": {"length": -0.66666666666666696, "type": "trail"}, "5": {"force": -0.10000000000000001, "type": "deviation"}}, "27": {}, "12": {"13": {"length": -0.66666666666666519, "type": "trail"}}, "22": {"23": {"length": -0.6666666666666663, "type": "trail"}, "10": {"force": -0.10000000000000001, "type": "deviation"}}, "19": {"7": {"force": -0.10000000000000001, "type": "deviation"}, "20": {"force": -14.9, "type": "deviation"}}, "29": {}, "11": {"29": {"length": 1.821650655617348, "type": "trail"}}, "5": {"6": {"length": 0.66708646585458464, "type": "trail"}}, "4": {"28": {"length": 1.8216506556173471, "type": "trail"}, "5": {"length": 0.66761133873006429, "type": "trail"}}, "7": {"8": {"force": 3.3999999999999999, "type": "deviation"}}, "6": {"7": {"length": 0.66677160820496673, "type": "trail"}}, "1": {"26": {"force": -1.3999999999999999, "type": "deviation"}}, "0": {"1": {"length": -0.20000000000000018, "type": "trail"}},