{"compas": "1.7.1", "datatype": "compas_cem.diagrams/TopologyDiagram", "data": {"adjacency": {"16": {"37": null, "30": null, "15": null}, "36": {"8": null}, "26": {"12": null, "27": null, "25": null}, "15": {"14": null, "29": null, "16": null}, "18": {"7": null, "19": null, "17": null}, "35": {"34": null}, "25": {"26": null, "11": null, "24": null}, "28": {"27": null, "14": null, "29": null}, "10": {"9": null, "11": null, "24": null}, "30": {"31": null, "29": null, "16": null}, "20": {"21": null, "19": null}, "17": {"18": null}, "37": {"16": null}, "27": {"28": null, "26": null, "13": null}, "12": {"13": null, "26": null, "11": null}, "32": {"31": null, "33": null}, "22": {"21": null, "23": null, "8": null}, "19": {"20": null, "18": null, "5": null}, "29": {"28": null, "30": null, "15": null}, "11": {"12": null, "10": null, "25": null}, "5": {"4": null, "19": null}, "4": {"5": null}, "7": {"6": null, "18": null}, "6": {"7": null}, "1": {"0": null, "34": null}, "0": {"1": null}, "3": {"33": null, "2": null}, "2": {"3": null}, "21": {"20": null, "22": null}, "31": {"30": null, "32": null}, "9": {"23": null, "8": null, "10": null}, "8": {"36": null, "22": null, "9": null}, "14": {"28": null, "13": null, "15": null}, "34": {"33": null, "1": null, "35": null}, "24": {"23": null, "10": null, "25": null}, "13": {"12": null, "27": null, "14": null}, "33": {"32": null, "3": null, "34": null}, "23": {"22": null, "9": null, "24": null}}, "node_attributes": {"z": 0.0, "qx": 0.0, "rx": 0.0, "qy": 0.0, "ry": 0.0, "qz": 0.0, "type": null, "rz": 0.0, "_k": null, "y": 0.0, "x": 0.0}, "node": {"16": {"_k": 4, "z": 1.3899999999999999, "y": -3.425166865496446, "x": -2.2222222222222263}, "36": {"z": 0.27000000000000024, "type": "support", "_k": 4, "y": -3.425166865496446, "x": 3.7699999999999974}, "26": {"z": 1.5000000000000002, "qx": -0.0, "qy": -0.0, "qz": -0.05555555555555558, "type": "_origin", "_k": 0, "y": -3.425166865496446, "x": -2.1316282072803005e-15}, "15": {"_k": 3, "z": 1.3590637957935929, "y": -3.425166865496446, "x": -1.666666666666669}, "18": {"z": 1.5000000000000002, "qx": -0.0, "qy": -0.0, "qz": -0.055555555555555539, "_k": 7, "y": -3.425166865496446, "x": 4.444444444444442}, "35": {"z": 1.5000000000000002, "qx": -0.0, "qy": -0.0, "qz": -0.027777777777777592, "type": "support", "_k": 9, "y": -3.425166865496446, "x": -5.0000000000000009}, "25": {"z": 1.5000000000000002, "qx": -0.0, "qy": -0.0, "qz": -0.055555555555555525, "type": "_origin", "_k": 0, "y": -3.425166865496446, "x": 0.55555555555555236}, "28": {"z": 1.5000000000000002, "qx": -0.0, "qy": -0.0, "qz": -0.055555555555555483, "_k": 2, "y": -3.425166865496446, "x": -1.1111111111111145}, "10": {"_k": 1, "z": 1.3369720864699917, "y": -3.425166865496446, "x": 1.1111111111111081}, "30": {"z": 1.5000000000000002, "qx": -0.0, "qy": -0.0, "qz": -0.055555555555555636, "_k": 4, "y": -3.425166865496446, "x": -2.2222222222222263}, "20": {"z": 1.5000000000000002, "qx": -0.0, "qy": -0.0, "qz": -0.055555555555555539, "_k": 5, "y": -3.425166865496446, "x": 3.3333333333333308}, "17": {"z": 1.5000000000000002, "qx": -0.0, "qy": -0.0, "qz": -0.027777777777777769, "type": "support", "_k": 8, "y": -3.425166865496446, "x": 4.9999999999999973}, "37": {"z": 0.27000000000000024, "type": "support", "_k": 5, "y": -3.425166865496446, "x": -3.7700000000000014}, "27": {"z": 1.5000000000000002, "qx": -0.0, "qy": -0.0, "qz": -0.055555555555555622, "_k": 1, "y": -3.425166865496446, "x": -0.55555555555555924}, "12": {"z": 1.3193020661980461, "type": "_origin", "_k": 0, "y": -3.425166865496446, "x": -2.1857515797307769e-15}, "32": {"z": 1.5000000000000002, "qx": -0.0, "qy": -0.0, "qz": -0.055555555555555539, "_k": 6, "y": -3.425166865496446, "x": -3.333333333333337}, "22": {"z": 1.5000000000000002, "qx": -0.0, "qy": -0.0, "qz": -0.055555555555555566, "_k": 3, "y": -3.425166865496446, "x": 2.2222222222222201}, "19": {"z": 1.5000000000000002, "qx": -0.0, "qy": -0.0, "qz": -0.055555555555555559, "_k": 6, "y": -3.425166865496446, "x": 3.8888888888888866}, "29": {"z": 1.5000000000000002, "qx": -0.0, "qy": -0.0, "qz": -0.055555555555555594, "_k": 3, "y": -3.425166865496446, "x": -1.666666666666669}, "11": {"z": 1.3237192923525414, "type": "_origin", "_k": 0, "y": -3.425166865496446, "x": 0.55555555555555214}, "5": {"z": 0.58888888888889013, "type": "support", "_k": 1, "y": -3.4251668654964473, "x": 3.8888888888888866}, "4": {"z": 0.38888888888889017, "type": "_origin", "_k": 0, "y": -3.4251668654964478, "x": 3.8888888888888866}, "7": {"z": 1.1444444444444444, "type": "support", "_k": 1, "y": -3.4251668654964469, "x": 4.4444444444444411}, "6": {"z": 0.94444444444444431, "type": "_origin", "_k": 0, "y": -3.4251668654964478, "x": 4.4444444444444411}, "1": {"z": 1.1444444444444488, "type": "support", "_k": 1, "y": -3.4251668654964478, "x": -4.44444444444445}, "0": {"z": 0.94444444444444864, "type": "_origin", "_k": 0, "y": -3.4251668654964482, "x": -4.44444444444445}, "3": {"z": 0.58888888888889146, "type": "support", "_k": 1, "y": -3.4251668654964478, "x": -3.8888888888888919}, "2": {"z": 0.3888888888888915, "type": "_origin", "_k": 0, "y": -3.4251668654964478, "x": -3.8888888888888919}, "21": {"z": 1.5000000000000002, "qx": -0.0, "qy": -0.0, "qz": -0.055555555555555539, "_k": 4, "y": -3.425166865496446, "x": 2.7777777777777759}, "31": {"z": 1.5000000000000002, "qx": -0.0, "qy": -0.0, "qz": -0.055555555555555539, "_k": 5, "y": -3.425166865496446, "x": -2.7777777777777817}, "9": {"_k": 2, "z": 1.3590637957935932, "y": -3.425166865496446, "x": 1.6666666666666643}, "8": {"_k": 3, "z": 1.3899999999999999, "y": -3.425166865496446, "x": 2.2222222222222165}, "14": {"_k": 2, "z": 1.3369720864699917, "y": -3.425166865496446, "x": -1.1111111111111143}, "34": {"z": 1.5000000000000002, "qx": -0.0, "qy": -0.0, "qz": -0.055555555555555428, "_k": 8, "y": -3.425166865496446, "x": -4.4444444444444491}, "24": {"z": 1.5000000000000002, "qx": -0.0, "qy": -0.0, "qz": -0.055555555555555608, "_k": 1, "y": -3.425166865496446, "x": 1.1111111111111083}, "13": {"_k": 1, "z": 1.3237192923525414, "y": -3.425166865496446, "x": -0.55555555555555913}, "33": {"z": 1.5000000000000002, "qx": -0.0, "qy": -0.0, "qz": -0.055555555555555608, "_k": 7, "y": -3.425166865496446, "x": -3.8888888888888924}, "23": {"z": 1.5000000000000002, "qx": -0.0, "qy": -0.0, "qz": -0.055555555555555594, "_k": 2, "y": -3.425166865496446, "x": 1.6666666666666645}}, "max_int_key": 37, "attributes": {"gkey_node": {"5.000,-3.425,1.500": 17, "4.444,-3.425,1.144": 7, "-1.111,-3.425,1.500": 28, "1.667,-3.425,1.500": 23, "-1.667,-3.425,1.359": 15, "-5.000,-3.425,1.500": 35, "-0.556,-3.425,1.324": 13, "-3.889,-3.425,0.389": 2, "2.778,-3.425,1.500": 21, "4.444,-3.425,0.944": 6, "0.556,-3.425,1.324": 11, "-2.778,-3.425,1.500": 31, "-0.556,-3.425,1.500": 27, "-3.333,-3.425,1.500": 32, "-4.444,-3.425,1.500": 34, "3.889,-3.425,0.389": 4, "0.556,-3.425,1.500": 25, "-1.667,-3.425,1.500": 29, "1.667,-3.425,1.359": 9, "1.111,-3.425,1.337": 10, "2.222,-3.425,1.390": 8, "3.770,-3.425,0.270": 36, "3.889,-3.425,0.589": 5, "0.000,-3.425,1.500": 26, "-1.111,-3.425,1.337": 14, "-3.770,-3.425,0.270": 37, "-3.889,-3.425,1.500": 33, "4.444,-3.425,1.500": 18, "1.111,-3.425,1.500": 24, "0.000,-3.425,1.319": 12, "-3.889,-3.425,0.589": 3, "2.222,-3.425,1.500": 22, "-2.222,-3.425,1.390": 16, "-4.444,-3.425,1.144": 1, "-2.222,-3.425,1.500": 30, "-4.444,-3.425,0.944": 0, "3.333,-3.425,1.500": 20, "3.889,-3.425,1.500": 19}, "name": "Network", "_aux_length": 0.33000000000000002, "_trails": {"0": [0, 1], "2": [2, 3], "4": [4, 5], "6": [6, 7], "11": [11, 10, 9, 8, 36], "12": [12, 13, 14, 15, 16, 37], "25": [25, 24, 23, 22, 21, 20, 19, 18, 17], "26": [26, 27, 28, 29, 30, 31, 32, 33, 34, 35]}, "tol": "3f", "_auxiliary_trails": {}, "_aux_vector": {"dtype": "compas.geometry/Vector", "value": [-0.0, -0.0, -1.0]}}, "edge_attributes": {"force": 0.0, "type": null, "length": 0.0}, "edge": {"16": {"37": {"length": 1.9105015177650886,