{"compas": "1.7.1", "datatype": "compas_cem.diagrams/TopologyDiagram", "data": {"adjacency": {"16": {"32": null, "15": null, "17": null}, "36": {"37": null, "35": null}, "26": {"27": null, "10": null, "25": null}, "15": {"31": null, "14": null, "16": null}, "18": {"19": null}, "35": {"36": null, "34": null}, "25": {"26": null, "9": null, "24": null}, "28": {"12": null, "27": null, "29": null}, "38": {"37": null, "1": null, "39": null}, "40": {"8": null}, "10": {"26": null, "9": null, "11": null}, "30": {"31": null, "14": null, "29": null}, "20": {"21": null, "19": null, "5": null}, "17": {"33": null, "41": null, "16": null}, "37": {"36": null, "3": null, "38": null}, "27": {"28": null, "26": null, "11": null}, "12": {"28": null, "13": null, "11": null}, "32": {"31": null, "33": null, "16": null}, "22": {"21": null, "23": null}, "19": {"7": null, "20": null, "18": null}, "39": {"38": null}, "29": {"28": null, "30": null, "13": null}, "41": {"17": null}, "11": {"12": null, "27": null, "10": null}, "5": {"4": null, "20": null}, "4": {"5": null}, "7": {"19": null, "6": null}, "6": {"7": null}, "1": {"0": null, "38": null}, "0": {"1": null}, "3": {"37": null, "2": null}, "2": {"3": null}, "21": {"20": null, "22": null}, "31": {"30": null, "32": null, "15": null}, "9": {"25": null, "8": null, "10": null}, "8": {"40": null, "9": null, "24": null}, "14": {"30": null, "13": null, "15": null}, "34": {"33": null, "35": null}, "24": {"23": null, "8": null, "25": null}, "13": {"12": null, "14": null, "29": null}, "33": {"32": null, "17": null, "34": null}, "23": {"22": null, "24": null}}, "node_attributes": {"z": 0.0, "qx": 0.0, "rx": 0.0, "qy": 0.0, "ry": 0.0, "qz": 0.0, "type": null, "rz": 0.0, "_k": null, "y": 0.0, "x": 0.0}, "node": {"16": {"_k": 3, "z": 1.3625843618743869, "y": -3.425166865496446, "x": -1.6666666666666687}, "36": {"z": 1.5000000000000002, "qx": -0.0, "qy": -0.0, "qz": -0.04761904761904763, "_k": 7, "y": -3.425166865496446, "x": -3.5714285714285752}, "26": {"z": 1.5000000000000002, "qx": -0.0, "qy": -0.0, "qz": -0.047619047619047609, "_k": 2, "y": -3.425166865496446, "x": 1.1904761904761887}, "15": {"_k": 2, "z": 1.3419890001061958, "y": -3.425166865496446, "x": -1.1904761904761929}, "18": {"z": 1.5000000000000002, "qx": -0.0, "qy": -0.0, "qz": -0.023809523809523815, "type": "support", "_k": 10, "y": -3.425166865496446, "x": 4.9999999999999973}, "35": {"z": 1.5000000000000002, "qx": -0.0, "qy": -0.0, "qz": -0.047619047619047672, "_k": 6, "y": -3.425166865496446, "x": -3.0952380952380993}, "25": {"z": 1.5000000000000002, "qx": -0.0, "qy": -0.0, "qz": -0.047619047619047616, "_k": 3, "y": -3.425166865496446, "x": 1.6666666666666645}, "28": {"z": 1.5000000000000002, "qx": -0.0, "qy": -0.0, "qz": -0.023809523809523822, "type": "_origin", "_k": 0, "y": -3.425166865496446, "x": 0.23809523809523603}, "38": {"z": 1.5000000000000002, "qx": -0.0, "qy": -0.0, "qz": -0.04761904761904745, "_k": 9, "y": -3.425166865496446, "x": -4.5238095238095282}, "40": {"z": 0.27000000000000024, "type": "support", "_k": 5, "y": -3.425166865496446, "x": 3.7699999999999974}, "10": {"_k": 2, "z": 1.341989000106196, "y": -3.425166865496446, "x": 1.1904761904761891}, "30": {"z": 1.5000000000000002, "qx": -0.0, "qy": -0.0, "qz": -0.047619047619047672, "_k": 1, "y": -3.425166865496446, "x": -0.71428571428571563}, "20": {"z": 1.5000000000000002, "qx": -0.0, "qy": -0.0, "qz": -0.047619047619047561, "_k": 8, "y": -3.425166865496446, "x": 4.0476190476190457}, "17": {"_k": 4, "z": 1.3899999999999999, "y": -3.425166865496446, "x": -2.142857142857145}, "37": {"z": 1.5000000000000002, "qx": -0.0, "qy": -0.0, "qz": -0.047619047619047651, "_k": 8, "y": -3.425166865496446, "x": -4.0476190476190519}, "27": {"z": 1.5000000000000002, "qx": -0.0, "qy": -0.0, "qz": -0.047619047619047637, "_k": 1, "y": -3.425166865496446, "x": 0.71428571428571241}, "12": {"z": 1.3214236298754483, "type": "_origin", "_k": 0, "y": -3.425166865496446, "x": 0.23809523809523597}, "32": {"z": 1.5000000000000002, "qx": -0.0, "qy": -0.0, "qz": -0.047619047619047644, "_k": 3, "y": -3.425166865496446, "x": -1.666666666666669}, "22": {"z": 1.5000000000000002, "qx": -0.0, "qy": -0.0, "qz": -0.047619047619047658, "_k": 6, "y": -3.425166865496446, "x": 3.0952380952380927}, "19": {"z": 1.5000000000000002, "qx": -0.0, "qy": -0.0, "qz": -0.047619047619047589, "_k": 9, "y": -3.425166865496446, "x": 4.5238095238095211}, "39": {"z": 1.5000000000000002, "qx": -0.0, "qy": -0.0, "qz": -0.023809523809523638, "type": "support", "_k": 10, "y": -3.425166865496446, "x": -5.0000000000000009}, "29": {"z": 1.5000000000000002, "qx": -0.0, "qy": -0.0, "qz": -0.023809523809523815, "type": "_origin", "_k": 0, "y": -3.425166865496446, "x": -0.23809523809523936}, "41": {"z": 0.27000000000000024, "type": "support", "_k": 5, "y": -3.425166865496446, "x": -3.7700000000000014}, "11": {"_k": 1, "z": 1.3282868500952323, "y": -3.425166865496446, "x": 0.71428571428571219}, "5": {"z": 0.74761904761904852, "type": "support", "_k": 1, "y": -3.4251668654964451, "x": 4.0476190476190457}, "4": {"z": 0.54761904761904856, "type": "_origin", "_k": 0, "y": -3.4251668654964451, "x": 4.0476190476190457}, "7": {"z": 1.2238095238095239, "type": "support", "_k": 1, "y": -3.4251668654964456, "x": 4.5238095238095211}, "6": {"z": 1.0238095238095239, "type": "_origin", "_k": 0, "y": -3.4251668654964451, "x": 4.5238095238095211}, "1": {"z": 1.2238095238095281, "type": "support", "_k": 1, "y": -3.4251668654964451, "x": -4.5238095238095282}, "0": {"z": 1.0238095238095282, "type": "_origin", "_k": 0, "y": -3.4251668654964451, "x": -4.5238095238095291}, "3": {"z": 0.74761904761905096, "type": "support", "_k": 1, "y": -3.4251668654964478, "x": -4.0476190476190519}, "2": {"z": 0.54761904761905089, "type": "_origin", "_k": 0, "y": -3.4251668654964478, "x": -4.0476190476190519}, "21": {"z": 1.5000000000000002, "qx": -0.0, "qy": -0.0, "qz": -0.047619047619047658, "_k": 7, "y": -3.425166865496446, "x": 3.5714285714285698}, "31": {"z": 1.5000000000000002, "qx": -0.0, "qy": -0.0, "qz": -0.047619047619047672, "_k": 2, "y": -3.425166865496446, "x": -1.1904761904761927}, "9": {"_k": 3, "z": 1.3625843618743871, "y": -3.425166865496446, "x": 1.6666666666666647}, "8": {"_k": 4, "z": 1.3899999999999999, "y": -3.425166865496446, "x": 2.1428571428571379}, "14": {"_k": 1, "z": 1.3282868500952321, "y": -3.425166865496446, "x": -0.71428571428571563}, "34": {"z": 1.5000000000000002, "qx": -0.0, "qy": -0.0, "qz": -0.0476190476190477, "_k": 5, "y": -3.425166865496446, "x": -2.6190476190476217}, "24": {"z": 1.5000000000000002, "qx": -0.0, "qy": -0.0, "qz": -0.047619047619047616, "_k": 4, "y": -3.425166865496446, "x": 2.142857142857141}, "13": {"z": 1.321423629875448, "type": "_origin", "_k": 0, "y": -3.425166865496446, "x": -0.23809523809523939}, "33": {"z": 1.5000000000000002, "qx": -0.0, "qy": -0.0, "qz": -0.047619047619047644, "_k": 4, "y": -3.425166865496446, "x": -2.1428571428571455}, "23": {"z": 1.5000000000000002, "qx": -0.0, "qy": -0.0, "qz": -0.047619047619047589, "_k": 5, "y": -3.425166865496446, "x": 2.6190476190476168}}, "max_int_key": 41, "attributes": {"gkey_node": {"5.000,-3.425,1.500": 18, "1.667,-3.425,1.500": 25, "-4.524,-3.425,1.224": 1, "-4.524,-3.425,1.500": 38, "-5.000,-3.425,1.500": 39, "0.238,-3.425,1.321": 12, "-2.143,-3.425,1.500": 33, "4.524,-3.425,1.224": 7, "-1.190,-3.425,1.342": 15, "-4.048,-3.425,1.500": 37, "-1.190,-3.425,1.500": 31, "-2.143,-3.425,1.390": 17, "-4.048,-3.425,0.748": 3, "-3.571,-3.425,1.500": 36, "-1.667,-3.425,1.363": 16, "4.048,-3.425,0.748": 5, "-0.238,-3.425,1.321": 13, "2.143,-3.425,1.390": 8, "0.714,-3.425,1.328": 11, "-1.667,-3.425,1.500": 32, "-0.714,-3.425,1.328": 14, "3.770,-3.425,0.270": 40, "-4.524,-3.425,1.024": 0, "1.190,-3.425,1.342": 10, "3.095,-3.425,1.500": 22, "-3.770,-3.425,0.270": 41, "2.619,-3.425,1.500": 23, "0.714,-3.425,1.500": 27, "-0.238,-3.425,1.500": 29, "4.048,-3.425,0.548": 4, "4.524,-3.425,1.500": 19,