{"compas": "1.7.1", "datatype": "compas_cem.diagrams/TopologyDiagram", "data": {"adjacency": {"16": {"4": null, "15": null, "17": null}, "26": {"27": null, "1": null, "25": null}, "15": {"14": null, "16": null}, "18": {"19": null, "6": null, "17": null}, "25": {"26": null, "24": null}, "28": {"4": null}, "10": {"22": null, "9": null, "29": null}, "20": {"21": null, "19": null, "8": null}, "17": {"18": null, "16": null, "5": null}, "27": {"26": null}, "12": {"13": null, "3": null, "11": null}, "22": {"21": null, "23": null, "10": null}, "19": {"7": null, "20": null, "18": null}, "29": {"10": null}, "11": {"12": null}, "5": {"4": null, "6": null, "17": null}, "4": {"28": null, "16": null, "5": null}, "7": {"19": null, "6": null, "8": null}, "6": {"7": null, "18": null, "5": null}, "1": {"26": null, "0": null}, "0": {"1": null}, "3": {"12": null, "2": null}, "2": {"3": null}, "21": {"20": null, "22": null, "9": null}, "9": {"21": null, "8": null, "10": null}, "8": {"7": null, "20": null, "9": null}, "14": {"13": null, "15": null}, "24": {"23": null, "25": null}, "13": {"12": null, "14": null}, "23": {"22": null, "24": null}}, "node_attributes": {"z": 0.0, "qx": 0.0, "rx": 0.0, "qy": 0.0, "ry": 0.0, "qz": 0.0, "type": null, "rz": 0.0, "_k": null, "y": 0.0, "x": 0.0}, "node": {"16": {"z": 1.5000000000000002, "qx": -0.0, "qy": -0.0, "qz": -0.062499999999999986, "_k": 2, "y": -3.425166865496446, "x": 1.8749999999999978}, "26": {"z": 1.5000000000000002, "qx": -0.0, "qy": -0.0, "qz": -0.062499999999999979, "_k": 7, "y": -3.425166865496446, "x": -4.3750000000000009}, "15": {"z": 1.5000000000000002, "qx": -0.0, "qy": -0.0, "qz": -0.062499999999999979, "_k": 3, "y": -3.425166865496446, "x": 2.4999999999999978}, "18": {"z": 1.5000000000000002, "qx": -0.0, "qy": -0.0, "qz": -0.0625, "type": "_origin", "_k": 0, "y": -3.425166865496446, "x": 0.62499999999999789}, "25": {"z": 1.5000000000000002, "qx": -0.0, "qy": -0.0, "qz": -0.0625, "_k": 6, "y": -3.425166865496446, "x": -3.7500000000000013}, "28": {"z": 0.27000000000000024, "type": "support", "_k": 3, "y": -3.425166865496446, "x": 3.7699999999999974}, "10": {"_k": 3, "z": 1.3899999999999999, "y": -3.425166865496446, "x": -1.8750000000000033}, "20": {"z": 1.5000000000000002, "qx": -0.0, "qy": -0.0, "qz": -0.062499999999999951, "_k": 1, "y": -3.425166865496446, "x": -0.62500000000000211}, "17": {"z": 1.5000000000000002, "qx": -0.0, "qy": -0.0, "qz": -0.0625, "_k": 1, "y": -3.425166865496446, "x": 1.249999999999998}, "27": {"z": 1.5000000000000002, "qx": -0.0, "qy": -0.0, "qz": -0.03125, "type": "support", "_k": 8, "y": -3.425166865496446, "x": -5.0000000000000009}, "12": {"z": 1.5000000000000002, "qx": -0.0, "qy": -0.0, "qz": -0.062499999999999979, "_k": 6, "y": -3.425166865496446, "x": 4.3749999999999973}, "22": {"z": 1.5000000000000002, "qx": -0.0, "qy": -0.0, "qz": -0.062499999999999993, "_k": 3, "y": -3.425166865496446, "x": -1.8750000000000031}, "19": {"z": 1.5000000000000002, "qx": -0.0, "qy": -0.0, "qz": -0.0625, "type": "_origin", "_k": 0, "y": -3.425166865496446, "x": -2.1316282072803005e-15}, "29": {"z": 0.27000000000000024, "type": "support", "_k": 4, "y": -3.425166865496446, "x": -3.7700000000000014}, "11": {"z": 1.5000000000000002, "qx": -0.0, "qy": -0.0, "qz": -0.03125, "type": "support", "_k": 7, "y": -3.425166865496446, "x": 4.9999999999999973}, "5": {"_k": 1, "z": 1.3539141346278414, "y": -3.425166865496446, "x": 1.249999999999998}, "4": {"_k": 2, "z": 1.3899999999999999, "y": -3.425166865496446, "x": 1.8749999999999949}, "7": {"z": 1.3250569597765811, "type": "_origin", "_k": 0, "y": -3.425166865496446, "x": -2.1441182163073336e-15}, "6": {"z": 1.3322702938381703, "type": "_origin", "_k": 0, "y": -3.425166865496446, "x": 0.62499999999999778}, "1": {"z": 1.0749999999999991, "type": "support", "_k": 1, "y": -3.4251668654964469, "x": -4.375}, "0": {"z": 0.874999999999999, "type": "_origin", "_k": 0, "y": -3.4251668654964478, "x": -4.375}, "3": {"z": 1.0749999999999997, "type": "support", "_k": 1, "y": -3.4251668654964473, "x": 4.3749999999999964}, "2": {"z": 0.87499999999999967, "type": "_origin", "_k": 0, "y": -3.4251668654964478, "x": 4.3749999999999964}, "21": {"z": 1.5000000000000002, "qx": -0.0, "qy": -0.0, "qz": -0.062500000000000056, "_k": 2, "y": -3.425166865496446, "x": -1.2500000000000011}, "9": {"_k": 2, "z": 1.3539141346278409, "y": -3.425166865496446, "x": -1.2500000000000011}, "8": {"_k": 1, "z": 1.3322702938381703, "y": -3.425166865496446, "x": -0.62500000000000211}, "14": {"z": 1.5000000000000002, "qx": -0.0, "qy": -0.0, "qz": -0.0625, "_k": 4, "y": -3.425166865496446, "x": 3.1249999999999973}, "24": {"z": 1.5000000000000002, "qx": -0.0, "qy": -0.0, "qz": -0.062500000000000028, "_k": 5, "y": -3.425166865496446, "x": -3.1250000000000009}, "13": {"z": 1.5000000000000002, "qx": -0.0, "qy": -0.0, "qz": -0.0625, "_k": 5, "y": -3.425166865496446, "x": 3.7499999999999978}, "23": {"z": 1.5000000000000002, "qx": -0.0, "qy": -0.0, "qz": -0.062499999999999889, "_k": 4, "y": -3.425166865496446, "x": -2.5000000000000009}}, "max_int_key": 29, "attributes": {"gkey_node": {"5.000,-3.425,1.500": 11, "-1.250,-3.425,1.500": 21, "-2.500,-3.425,1.500": 23, "0.625,-3.425,1.332": 6, "2.500,-3.425,1.500": 15, "-5.000,-3.425,1.500": 27, "4.375,-3.425,1.075": 3, "0.625,-3.425,1.500": 18, "-3.125,-3.425,1.500": 24, "-1.875,-3.425,1.500": 22, "1.875,-3.425,1.500": 16, "-4.375,-3.425,1.500": 26, "0.000,-3.425,1.325": 7, "1.875,-3.425,1.390": 4, "-1.250,-3.425,1.354": 9, "-1.875,-3.425,1.390": 10, "3.770,-3.425,0.270": 28, "0.000,-3.425,1.500": 19, "-3.770,-3.425,0.270": 29, "3.750,-3.425,1.500": 13, "-4.375,-3.425,0.875": 0, "3.125,-3.425,1.500": 14, "1.250,-3.425,1.354": 5, "4.375,-3.425,1.500": 12, "-0.625,-3.425,1.500": 20, "4.375,-3.425,0.875": 2, "-0.625,-3.425,1.332": 8, "1.250,-3.425,1.500": 17, "-4.375,-3.425,1.075": 1, "-3.750,-3.425,1.500": 25}, "name": "Network", "_aux_length": 0.33000000000000002, "_trails": {"0": [0, 1], "2": [2, 3], "6": [6, 5, 4, 28], "7": [7, 8, 9, 10, 29], "18": [18, 17, 16, 15, 14, 13, 12, 11], "19": [19, 20, 21, 22, 23, 24, 25, 26, 27]}, "tol": "3f", "_auxiliary_trails": {}, "_aux_vector": {"dtype": "compas.geometry/Vector", "value": [-0.0, -0.0, -1.0]}}, "edge_attributes": {"force": 0.0, "type": null, "length": 0.0}, "edge": {"16": {"4": {"force": 3.0, "type": "deviation"}, "17": {"length": -0.62499999999999978, "type": "trail"}}, "26": {"27": {"length": -0.625, "type": "trail"}}, "15": {"16": {"length": -0.625, "type": "trail"}}, "18": {"19": {"force": -14.9, "type": "deviation"}, "6": {"force": -0.10000000000000001, "type": "deviation"}}, "25": {"26": {"length": -0.62499999999999956, "type": "trail"}}, "28": {}, "10": {"29": {"length": 2.2012326092441921, "type": "trail"}}, "20": {"21": {"length": -0.624999999999999, "type": "trail"}, "8": {"force": -0.10000000000000001, "type": "deviation"}}, "17": {"18": {"length": -0.62500000000000011, "type": "trail"}, "5": {"force": -0.10000000000000001, "type": "deviation"}}, "27": {}, "12": {"13": {"length": -0.62499999999999956, "type": "trail"}}, "22": {"23": {"length": -0.62499999999999778, "type": "trail"}, "10": {"force": 3.0, "type": "deviation"}}, "19": {"7": {"force": -0.10000000000000001, "type": "deviation"}, "20": {"length": -0.625, "type": "trail"}}, "29": {}, "11": {"12": {"length": -0.625, "type": "trail"}}, "5": {"6": {"length": 0.62537465238377621, "type": "trail"}}, "4": {"28": {"length": 2.201232609244193, "type": "trail"}, "5": {"length": 0.62604088499047217, "type": "trail"}}, "7": {"8": {"length": 0.62504162436455712, "type": "trail"}}, "6": {"7": {"force": 3.3999999999999999, "type": "deviation"}}, "1": {"26": {"force": -1.3999999999999999, "type": "deviation"}}, "0": {"1": {"length": -0.20000000000000007, "type": "trail"}}, "3": {"12": {"force": -1.3999999999999999, "type": "deviation"}}, "2": {"3": {"length": -0.20000000000000007, "type": "trail"}}, "21": {"22": {"length": -0.625000000000002, "type": "trail"},