{"compas": "1.7.1", "datatype": "compas_cem.diagrams/FormDiagram", "data": {"adjacency": {"16": {"7": null, "15": null, "17": null}, "15": {"6": null, "14": null, "16": null}, "18": {"19": null, "9": null, "17": null}, "10": {"11": null}, "20": {"21": null, "19": null, "1": null}, "17": {"18": null, "8": null, "16": null}, "12": {"13": null, "11": null}, "22": {"4": null}, "19": {"20": null, "18": null}, "11": {"12": null, "10": null, "3": null}, "5": {"4": null, "6": null, "14": null}, "4": {"13": null, "22": null, "5": null}, "7": {"6": null, "8": null, "16": null}, "6": {"7": null, "15": null, "5": null}, "1": {"20": null, "0": null}, "0": {"1": null}, "3": {"11": null, "2": null}, "2": {"3": null}, "21": {"20": null}, "9": {"23": null, "18": null, "8": null}, "8": {"7": null, "9": null, "17": null}, "14": {"13": null, "15": null, "5": null}, "13": {"4": null, "12": null, "14": null}, "23": {"9": null}}, "node_attributes": {"z": 0.0, "qx": 0.0, "rx": 0.0, "qy": 0.0, "ry": 0.0, "qz": 0.0, "type": null, "rz": 0.0, "_k": null, "y": 0.0, "x": 0.0}, "node": {"16": {"z": 1.5000000000000002, "qx": -0.0, "qy": -0.0, "qz": -0.090909090909090912, "type": "_origin", "_k": 0, "y": -3.425166865496446, "x": -0.45454545454545714}, "15": {"z": 1.5000000000000002, "qx": -0.0, "qy": -0.0, "qz": -0.090909090909090939, "type": "_origin", "_k": 0, "y": -3.425166865496446, "x": 0.45454545454545203}, "18": {"z": 1.5016639782838301, "qx": -0.0, "qy": -0.0, "qz": -0.090909090909090939, "_k": 2, "y": -3.425166865496446, "x": -2.2727264266989997}, "10": {"z": 1.0155035416532388, "qx": -0.0, "rx": -14.784072639843831, "qy": -0.0, "ry": 3.4582200189724172e-15, "qz": -0.045454545454545463, "type": "support", "rz": 1.9035559543303811, "_k": 5, "y": -3.425166865496446, "x": 4.9542662527169758}, "20": {"z": 1.1288686384435491, "qx": -0.0, "qy": -0.0, "qz": -0.090909090909090814, "_k": 4, "y": -3.425166865496446, "x": -4.052271443518249}, "17": {"z": 1.5005546618303136, "qx": -0.0, "qy": -0.0, "qz": -0.090909090909090884, "_k": 1, "y": -3.425166865496446, "x": -1.3636361944289901}, "12": {"z": 1.3178693004891158, "qx": -0.0, "qy": -0.0, "qz": -0.090909090909090898, "_k": 3, "y": -3.425166865496446, "x": 3.1630442336679865}, "22": {"z": 0.20963719541265102, "rx": 3.3843659163067077, "ry": -0.0, "type": "support", "rz": -2.7999589257882413, "_k": 3, "y": -3.425166865496446, "x": 3.7128880820156054}, "19": {"z": 1.3178693004891167, "qx": -0.0, "qy": -0.0, "qz": -0.090909090909090995, "_k": 3, "y": -3.425166865496446, "x": -3.1630442336679914}, "11": {"z": 1.1288686384435478, "qx": -0.0, "qy": -0.0, "qz": -0.090909090909090884, "_k": 4, "y": -3.425166865496446, "x": 4.0522714435182428}, "5": {"y": -3.425166865496446, "x": 1.3635310227048882, "z": 1.3480973926977349, "_k": 1}, "4": {"y": -3.425166865496446, "x": 2.2722023745314481, "z": 1.4015475578500218, "_k": 2}, "7": {"z": 1.3213625230459867, "type": "_origin", "_k": 0, "y": -3.425166865496446, "x": -0.45454545454545703}, "6": {"z": 1.3213625230459867, "type": "_origin", "_k": 0, "y": -3.425166865496446, "x": 0.45454545454545214}, "1": {"z": 0.59090909090909294, "rx": 0.10029327646287495, "ry": -6.9164400379448414e-15, "type": "support", "rz": 1.3964029714578601, "_k": 1, "y": -3.4251668654964433, "x": -4.0909090909090935}, "0": {"z": 0.59090909090909294, "type": "_origin", "_k": 0, "y": -3.4251668654964433, "x": -4.0909090909090935}, "3": {"z": 0.59090909090909116, "rx": -0.10029327646287714, "ry": -3.4582200189724172e-15, "type": "support", "rz": 1.3964029714578599, "_k": 1, "y": -3.4251668654964447, "x": 4.0909090909090882}, "2": {"z": 0.59090909090909116, "type": "_origin", "_k": 0, "y": -3.4251668654964447, "x": 4.0909090909090882}, "21": {"z": 1.0155035416532407, "qx": -0.0, "rx": 14.784072639843899, "qy": -0.0, "ry": 6.9164400379448414e-15, "qz": -0.045454545454545331, "type": "support", "rz": 1.9035559543303813, "_k": 5, "y": -3.4251668654964464, "x": -4.9542662527169794}, "9": {"y": -3.425166865496446, "x": -2.2722023745314548, "z": 1.4015475578500221, "_k": 2}, "8": {"y": -3.425166865496446, "x": -1.3635310227048936, "z": 1.3480973926977349, "_k": 1}, "14": {"z": 1.5005546618303136, "qx": -0.0, "qy": -0.0, "qz": -0.090909090909090912, "_k": 1, "y": -3.425166865496446, "x": 1.3636361944289852}, "13": {"z": 1.5016639782838301, "qx": -0.0, "qy": -0.0, "qz": -0.090909090909090939, "_k": 2, "y": -3.425166865496446, "x": 2.2727264266989953}, "23": {"z": 0.20963719541266523, "rx": -3.3843659163067739, "ry": -0.0, "type": "support", "rz": -2.7999589257882418, "_k": 3, "y": -3.425166865496446, "x": -3.7128880820156227}}, "max_int_key": 23, "attributes": {"gkey_node": {"5.000,-3.425,1.500": 10, "-1.364,-3.425,1.344": 8, "0.455,-3.425,1.321": 6, "-1.364,-3.425,1.500": 17, "0.455,-3.425,1.500": 15, "-1.364,-3.425,1.501": 17, "-5.000,-3.425,1.500": 21, "4.091,-3.425,1.500": 11, "-2.273,-3.425,1.390": 9, "4.954,-3.425,1.016": 10, "-4.091,-3.425,1.500": 20, "-3.182,-3.425,1.500": 19, "1.364,-3.425,1.500": 14, "4.091,-3.425,0.591": 3, "-2.273,-3.425,1.502": 18, "-2.273,-3.425,1.500": 18, "1.364,-3.425,1.348": 5, "2.273,-3.425,1.502": 13, "-4.091,-3.425,0.791": 1, "-0.455,-3.425,1.500": 16, "-4.052,-3.425,1.129": 20, "3.770,-3.425,0.270": 22, "3.713,-3.425,0.210": 22, "-4.954,-3.425,1.016": 21, "2.273,-3.425,1.500": 13, "-3.770,-3.425,0.270": 23, "1.364,-3.425,1.501": 14, "-2.272,-3.425,1.402": 9, "-0.455,-3.425,1.321": 7, "2.273,-3.425,1.390": 4, "3.182,-3.425,1.500": 12, "2.272,-3.425,1.402": 4, "4.052,-3.425,1.129": 11, "-4.091,-3.425,0.591": 1, "4.091,-3.425,0.791": 3, "1.364,-3.425,1.344": 5, "-3.163,-3.425,1.318": 19, "3.163,-3.425,1.318": 12, "-1.364,-3.425,1.348": 8, "-3.713,-3.425,0.210": 23}, "name": "Network", "tol": "3f"}, "edge_attributes": {"force": 0.0, "type": null, "length": 0.0}, "edge": {"16": {"7": {"force": -0.10000000000000001, "type": "deviation", "length": 0.17863747695401355}, "17": {"force": -14.90000277330941, "length": 0.90909090909090895, "type": "trail"}}, "15": {"6": {"force": -0.10000000000000001, "type": "deviation", "length": 0.17863747695401355}, "16": {"force": -14.9, "type": "deviation", "length": 0.90909090909090917}}, "18": {"19": {"force": -15.198215329605727, "length": 0.90909090909091006, "type": "trail"}, "9": {"force": 3.0, "type": "deviation", "length": 0.1001177919810127}}, "10": {"11": {"force": -14.900380688621526, "length": 0.90909090909090884, "type": "trail"}}, "20": {"21": {"force": -14.900380688621594, "length": 0.90909090909090606, "type": "trail"}}, "17": {"18": {"force": -14.900080077532309, "length": 0.90909090909090828, "type": "trail"}, "8": {"force": -0.10000000000000001, "type": "deviation", "length": 0.15245730540861299}}, "12": {"13": {"force": -15.198215329605661, "length": 0.90909090909090973, "type": "trail"}}, "22": {}, "19": {"20": {"force": -15.216855256122544, "length": 0.90909090909090984, "type": "trail"}}, "11": {"12": {"force": -15.21685525612248, "length": 0.90909090909090862, "type": "trail"}}, "5": {"6": {"force": 3.4014702703389896, "length": 0.90937864301809335, "type": "trail"}}, "4": {"22": {"force": 4.3924597484279557, "length": 1.8698196757534431, "type": "trail"}, "5": {"force": 3.4059461371273403, "length": 0.91024202593876902, "type": "trail"}}, "7": {"8": {"force": 3.4014702703389896, "length": 0.90937864301809379, "type": "trail"}}, "6": {"7": {"force": 3.3999999999999999, "type": "deviation", "length": 0.90909090909090917}}, "1": {"20": {"force": -1.3999999999999999, "type": "deviation", "length": 0.53934529068063253}}, "0": {"1": {"force": -0.0, "length": 0.0, "type": "trail"}}, "3": {"11": {"force": -1.3999999999999999, "type": "deviation", "length": 0.53934529068063308}}, "2": {"3": {"force": -0.0, "length": 0.0, "type": "trail"}}, "21": {}, "9": {"23": {"force": 4.3924597484280072, "length": 1.8698196757534424, "type": "trail"}}, "8": {"9": {"force": 3.4059461371273394, "length": 0.91024202593877024, "type": "trail"}},