{"compas": "1.7.1", "datatype": "compas_cem.diagrams/TopologyDiagram", "data": {"adjacency": {"16": {"17": null}, "36": {"8": null}, "26": {"12": null, "27": null, "25": null}, "15": {"37": null, "14": null, "29": null}, "18": {"19": null, "17": null, "5": null}, "35": {"34": null}, "25": {"26": null, "11": null, "24": null}, "28": {"27": null, "14": null, "29": null}, "10": {"9": null, "11": null, "24": null}, "30": {"31": null, "29": null}, "20": {"21": null, "19": null}, "17": {"7": null, "18": null, "16": null}, "37": {"15": null}, "27": {"28": null, "26": null, "13": null}, "12": {"13": null, "26": null, "11": null}, "32": {"31": null, "33": null}, "22": {"21": null, "23": null, "8": null}, "19": {"20": null, "18": null}, "29": {"28": null, "30": null, "15": null}, "11": {"12": null, "10": null, "25": null}, "5": {"4": null, "18": null}, "4": {"5": null}, "7": {"6": null, "17": null}, "6": {"7": null}, "1": {"0": null, "34": null}, "0": {"1": null}, "3": {"33": null, "2": null}, "2": {"3": null}, "21": {"20": null, "22": null}, "31": {"30": null, "32": null}, "9": {"23": null, "8": null, "10": null}, "8": {"36": null, "22": null, "9": null}, "14": {"28": null, "13": null, "15": null}, "34": {"33": null, "1": null, "35": null}, "24": {"23": null, "10": null, "25": null}, "13": {"12": null, "27": null, "14": null}, "33": {"32": null, "3": null, "34": null}, "23": {"22": null, "9": null, "24": null}}, "node_attributes": {"z": 0.0, "qx": 0.0, "rx": 0.0, "qy": 0.0, "ry": 0.0, "qz": 0.0, "type": null, "rz": 0.0, "_k": null, "y": 0.0, "x": 0.0}, "node": {"16": {"z": 1.5000000000000002, "qx": -0.0, "qy": -0.0, "qz": -0.026315789473684206, "type": "support", "_k": 9, "y": -3.425166865496446, "x": 4.9999999999999973}, "36": {"z": 0.27000000000000024, "type": "support", "_k": 4, "y": -3.425166865496446, "x": 3.7699999999999974}, "26": {"z": 1.5000000000000002, "qx": -0.0, "qy": -0.0, "qz": -0.026315789473684251, "type": "_origin", "_k": 0, "y": -3.425166865496446, "x": -0.2631578947368437}, "15": {"_k": 3, "z": 1.3899999999999999, "y": -3.425166865496446, "x": -1.8421052631578956}, "18": {"z": 1.5000000000000002, "qx": -0.0, "qy": -0.0, "qz": -0.052631578947368432, "_k": 7, "y": -3.425166865496446, "x": 3.9473684210526292}, "35": {"z": 1.5000000000000002, "qx": -0.0, "qy": -0.0, "qz": -0.026315789473684428, "type": "support", "_k": 9, "y": -3.425166865496446, "x": -5.0000000000000009}, "25": {"z": 1.5000000000000002, "qx": -0.0, "qy": -0.0, "qz": -0.026315789473684206, "type": "_origin", "_k": 0, "y": -3.425166865496446, "x": 0.26315789473684043}, "28": {"z": 1.5000000000000002, "qx": -0.0, "qy": -0.0, "qz": -0.052631578947368363, "_k": 2, "y": -3.425166865496446, "x": -1.3157894736842117}, "10": {"_k": 1, "z": 1.3374262942760051, "y": -3.425166865496446, "x": 0.78947368421052411}, "30": {"z": 1.5000000000000002, "qx": -0.0, "qy": -0.0, "qz": -0.052631578947368307, "_k": 4, "y": -3.425166865496446, "x": -2.3684210526315783}, "20": {"z": 1.5000000000000002, "qx": -0.0, "qy": -0.0, "qz": -0.05263157894736839, "_k": 5, "y": -3.425166865496446, "x": 2.8947368421052615}, "17": {"z": 1.5000000000000002, "qx": -0.0, "qy": -0.0, "qz": -0.052631578947368411, "_k": 8, "y": -3.425166865496446, "x": 4.4736842105263133}, "37": {"z": 0.27000000000000024, "type": "support", "_k": 4, "y": -3.425166865496446, "x": -3.7700000000000014}, "27": {"z": 1.5000000000000002, "qx": -0.0, "qy": -0.0, "qz": -0.052631578947368404, "_k": 1, "y": -3.425166865496446, "x": -0.78947368421052866}, "12": {"z": 1.3269157445437387, "type": "_origin", "_k": 0, "y": -3.425166865496446, "x": -0.26315789473684403}, "32": {"z": 1.5000000000000002, "qx": -0.0, "qy": -0.0, "qz": -0.05263157894736839, "_k": 6, "y": -3.425166865496446, "x": -3.421052631578946}, "22": {"z": 1.5000000000000002, "qx": -0.0, "qy": -0.0, "qz": -0.052631578947368404, "_k": 3, "y": -3.425166865496446, "x": 1.8421052631578931}, "19": {"z": 1.5000000000000002, "qx": -0.0, "qy": -0.0, "qz": -0.05263157894736839, "_k": 6, "y": -3.425166865496446, "x": 3.4210526315789447}, "29": {"z": 1.5000000000000002, "qx": -0.0, "qy": -0.0, "qz": -0.052631578947368335, "_k": 3, "y": -3.425166865496446, "x": -1.8421052631578958}, "11": {"z": 1.3269157445437387, "type": "_origin", "_k": 0, "y": -3.425166865496446, "x": 0.2631578947368407}, "5": {"z": 0.64736842105263248, "type": "support", "_k": 1, "y": -3.4251668654964478, "x": 3.9473684210526292}, "4": {"z": 0.44736842105263253, "type": "_origin", "_k": 0, "y": -3.4251668654964482, "x": 3.9473684210526292}, "7": {"z": 1.1736842105263166, "type": "support", "_k": 1, "y": -3.4251668654964473, "x": 4.4736842105263133}, "6": {"z": 0.97368421052631648, "type": "_origin", "_k": 0, "y": -3.4251668654964478, "x": 4.4736842105263133}, "1": {"z": 1.1736842105263114, "type": "support", "_k": 1, "y": -3.4251668654964438, "x": -4.4736842105263124}, "0": {"z": 0.97368421052631149, "type": "_origin", "_k": 0, "y": -3.4251668654964424, "x": -4.4736842105263124}, "3": {"z": 0.64736842105262815, "type": "support", "_k": 1, "y": -3.4251668654964469, "x": -3.9473684210526292}, "2": {"z": 0.44736842105262814, "type": "_origin", "_k": 0, "y": -3.4251668654964464, "x": -3.9473684210526288}, "21": {"z": 1.5000000000000002, "qx": -0.0, "qy": -0.0, "qz": -0.052631578947368418, "_k": 4, "y": -3.425166865496446, "x": 2.368421052631577}, "31": {"z": 1.5000000000000002, "qx": -0.0, "qy": -0.0, "qz": -0.05263157894736839, "_k": 5, "y": -3.425166865496446, "x": -2.8947368421052619}, "9": {"_k": 2, "z": 1.3584515848188323, "y": -3.425166865496446, "x": 1.3157894736842093}, "8": {"_k": 3, "z": 1.3899999999999999, "y": -3.425166865496446, "x": 1.8421052631578907}, "14": {"_k": 2, "z": 1.3584515848188323, "y": -3.425166865496446, "x": -1.3157894736842115}, "34": {"z": 1.5000000000000002, "qx": -0.0, "qy": -0.0, "qz": -0.052631578947368571, "_k": 8, "y": -3.425166865496446, "x": -4.4736842105263124}, "24": {"z": 1.5000000000000002, "qx": -0.0, "qy": -0.0, "qz": -0.052631578947368439, "_k": 1, "y": -3.425166865496446, "x": 0.78947368421052444}, "13": {"_k": 1, "z": 1.3374262942760051, "y": -3.425166865496446, "x": -0.78947368421052877}, "33": {"z": 1.5000000000000002, "qx": -0.0, "qy": -0.0, "qz": -0.052631578947368321, "_k": 7, "y": -3.425166865496446, "x": -3.9473684210526296}, "23": {"z": 1.5000000000000002, "qx": -0.0, "qy": -0.0, "qz": -0.052631578947368439, "_k": 2, "y": -3.425166865496446, "x": 1.3157894736842091}}, "max_int_key": 37, "attributes": {"gkey_node": {"5.000,-3.425,1.500": 16, "1.316,-3.425,1.500": 23, "0.263,-3.425,1.327": 11, "-5.000,-3.425,1.500": 35, "4.474,-3.425,0.974": 6, "0.789,-3.425,1.337": 10, "3.421,-3.425,1.500": 19, "-3.421,-3.425,1.500": 32, "-0.789,-3.425,1.337": 13, "-1.842,-3.425,1.500": 29, "2.368,-3.425,1.500": 21, "-1.842,-3.425,1.390": 15, "2.895,-3.425,1.500": 20, "-4.474,-3.425,1.174": 1, "-1.316,-3.425,1.500": 28, "3.947,-3.425,0.447": 4, "1.842,-3.425,1.500": 22, "-4.474,-3.425,1.500": 34, "-3.947,-3.425,0.447": 2, "3.947,-3.425,1.500": 18, "3.770,-3.425,0.270": 36, "3.947,-3.425,0.647": 5, "0.789,-3.425,1.500": 24, "-4.474,-3.425,0.974": 0, "-3.947,-3.425,1.500": 33, "-0.263,-3.425,1.500": 26, "-3.770,-3.425,0.270": 37, "-2.368,-3.425,1.500": 30, "4.474,-3.425,1.500": 17, "1.842,-3.425,1.390": 8, "-1.316,-3.425,1.358": 14, "-2.895,-3.425,1.500": 31, "0.263,-3.425,1.500": 25, "1.316,-3.425,1.358": 9, "-0.789,-3.425,1.500": 27, "-0.263,-3.425,1.327": 12, "4.474,-3.425,1.174": 7, "-3.947,-3.425,0.647": 3}, "name": "Network", "_aux_length": 0.33000000000000002, "_trails": {"0": [0, 1], "2": [2, 3], "4": [4, 5], "6": [6, 7], "11": [11, 10, 9, 8, 36], "12": [12, 13, 14, 15, 37], "25": [25, 24, 23, 22, 21, 20, 19, 18, 17, 16], "26": [26, 27, 28, 29, 30, 31, 32, 33, 34, 35]}, "tol": "3f", "_auxiliary_trails": {}, "_aux_vector": {"dtype": "compas.geometry/Vector", "value": [-0.0, -0.0, -1.0]}}, "edge_attributes": {"force": 0.0, "type": null, "length": 0.0},