{"compas": "1.7.1", "datatype": "compas_cem.diagrams/TopologyDiagram", "data": {"adjacency": {"16": {"15": null, "17": null, "5": null}, "26": {"4": null}, "15": {"4": null, "14": null, "16": null}, "18": {"7": null, "19": null, "17": null}, "25": {"24": null}, "10": {"21": null, "27": null, "9": null}, "20": {"21": null, "19": null, "9": null}, "17": {"6": null, "18": null, "16": null}, "27": {"10": null}, "12": {"13": null, "3": null, "11": null}, "22": {"21": null, "23": null}, "19": {"20": null, "18": null, "8": null}, "11": {"12": null}, "5": {"4": null, "6": null, "16": null}, "4": {"26": null, "15": null, "5": null}, "7": {"6": null, "18": null, "8": null}, "6": {"7": null, "17": null, "5": null}, "1": {"0": null, "24": null}, "0": {"1": null}, "3": {"12": null, "2": null}, "2": {"3": null}, "21": {"20": null, "22": null, "10": null}, "9": {"20": null, "8": null, "10": null}, "8": {"7": null, "19": null, "9": null}, "14": {"13": null, "15": null}, "24": {"1": null, "23": null, "25": null}, "13": {"12": null, "14": null}, "23": {"22": null, "24": null}}, "node_attributes": {"z": 0.0, "qx": 0.0, "rx": 0.0, "qy": 0.0, "ry": 0.0, "qz": 0.0, "type": null, "rz": 0.0, "_k": null, "y": 0.0, "x": 0.0}, "node": {"16": {"z": 1.5000000000000002, "qx": -0.0, "qy": -0.0, "qz": -0.071428571428571397, "_k": 1, "y": -3.425166865496446, "x": 1.4285714285714273}, "26": {"z": 0.27000000000000024, "type": "support", "_k": 3, "y": -3.425166865496446, "x": 3.7699999999999974}, "15": {"z": 1.5000000000000002, "qx": -0.0, "qy": -0.0, "qz": -0.071428571428571397, "_k": 2, "y": -3.425166865496446, "x": 2.142857142857141}, "18": {"z": 1.5000000000000002, "qx": -0.0, "qy": -0.0, "qz": -0.071428571428571397, "type": "_origin", "_k": 0, "y": -3.425166865496446, "x": -2.1316282072803005e-15}, "25": {"z": 1.5000000000000002, "qx": -0.0, "qy": -0.0, "qz": -0.035714285714285858, "type": "support", "_k": 7, "y": -3.425166865496446, "x": -5.0000000000000009}, "10": {"_k": 3, "z": 1.3900000000000001, "y": -3.425166865496446, "x": -2.1428571428571428}, "20": {"z": 1.5000000000000002, "qx": -0.0, "qy": -0.0, "qz": -0.071428571428571411, "_k": 2, "y": -3.425166865496446, "x": -1.4285714285714284}, "17": {"z": 1.5000000000000002, "qx": -0.0, "qy": -0.0, "qz": -0.07142857142857148, "type": "_origin", "_k": 0, "y": -3.425166865496446, "x": 0.7142857142857133}, "27": {"z": 0.27000000000000024, "type": "support", "_k": 4, "y": -3.425166865496446, "x": -3.7700000000000014}, "12": {"z": 1.5000000000000002, "qx": -0.0, "qy": -0.0, "qz": -0.071428571428571369, "_k": 5, "y": -3.425166865496446, "x": 4.2857142857142829}, "22": {"z": 1.5000000000000002, "qx": -0.0, "qy": -0.0, "qz": -0.071428571428571369, "_k": 4, "y": -3.425166865496446, "x": -2.8571428571428563}, "19": {"z": 1.5000000000000002, "qx": -0.0, "qy": -0.0, "qz": -0.071428571428571314, "_k": 1, "y": -3.425166865496446, "x": -0.71428571428571463}, "11": {"z": 1.5000000000000002, "qx": -0.0, "qy": -0.0, "qz": -0.035714285714285719, "type": "support", "_k": 6, "y": -3.425166865496446, "x": 4.9999999999999973}, "5": {"_k": 1, "z": 1.3514247921741283, "y": -3.425166865496446, "x": 1.4285714285714268}, "4": {"_k": 2, "z": 1.3900000000000001, "y": -3.425166865496446, "x": 2.1428571428571384}, "7": {"z": 1.3205753996713976, "type": "_origin", "_k": 0, "y": -3.425166865496446, "x": -1.9984014443252818e-15}, "6": {"z": 1.3282868500952265, "type": "_origin", "_k": 0, "y": -3.425166865496446, "x": 0.7142857142857133}, "1": {"z": 0.98571428571428332, "type": "support", "_k": 1, "y": -3.4251668654964451, "x": -4.2857142857142847}, "0": {"z": 0.78571428571428326, "type": "_origin", "_k": 0, "y": -3.4251668654964447, "x": -4.2857142857142847}, "3": {"z": 0.98571428571428621, "type": "support", "_k": 1, "y": -3.4251668654964451, "x": 4.2857142857142829}, "2": {"z": 0.78571428571428614, "type": "_origin", "_k": 0, "y": -3.4251668654964447, "x": 4.2857142857142829}, "21": {"z": 1.5000000000000002, "qx": -0.0, "qy": -0.0, "qz": -0.071428571428571397, "_k": 3, "y": -3.425166865496446, "x": -2.1428571428571428}, "9": {"_k": 2, "z": 1.3514247921741283, "y": -3.425166865496446, "x": -1.4285714285714286}, "8": {"_k": 1, "z": 1.3282868500952265, "y": -3.425166865496446, "x": -0.71428571428571475}, "14": {"z": 1.5000000000000002, "qx": -0.0, "qy": -0.0, "qz": -0.071428571428571452, "_k": 3, "y": -3.425166865496446, "x": 2.857142857142855}, "24": {"z": 1.5000000000000002, "qx": -0.0, "qy": -0.0, "qz": -0.071428571428571536, "_k": 6, "y": -3.425166865496446, "x": -4.2857142857142838}, "13": {"z": 1.5000000000000002, "qx": -0.0, "qy": -0.0, "qz": -0.071428571428571397, "_k": 4, "y": -3.425166865496446, "x": 3.5714285714285698}, "23": {"z": 1.5000000000000002, "qx": -0.0, "qy": -0.0, "qz": -0.071428571428571369, "_k": 5, "y": -3.425166865496446, "x": -3.5714285714285703}}, "max_int_key": 27, "attributes": {"gkey_node": {"5.000,-3.425,1.500": 11, "4.286,-3.425,0.786": 2, "-4.286,-3.425,0.786": 0, "-1.429,-3.425,1.500": 20, "-5.000,-3.425,1.500": 25, "-2.143,-3.425,1.500": 21, "4.286,-3.425,1.500": 12, "-2.143,-3.425,1.390": 10, "-3.571,-3.425,1.500": 23, "2.143,-3.425,1.390": 4, "0.714,-3.425,1.328": 6, "-0.714,-3.425,1.328": 8, "3.770,-3.425,0.270": 26, "-4.286,-3.425,1.500": 24, "-1.429,-3.425,1.351": 9, "-2.857,-3.425,1.500": 22, "0.000,-3.425,1.500": 18, "-4.286,-3.425,0.986": 1, "-3.770,-3.425,0.270": 27, "0.714,-3.425,1.500": 17, "4.286,-3.425,0.986": 3, "1.429,-3.425,1.500": 16, "1.429,-3.425,1.351": 5, "2.857,-3.425,1.500": 14, "0.000,-3.425,1.321": 7, "-0.714,-3.425,1.500": 19, "2.143,-3.425,1.500": 15, "3.571,-3.425,1.500": 13}, "name": "Network", "_aux_length": 0.33000000000000002, "_trails": {"0": [0, 1], "2": [2, 3], "6": [6, 5, 4, 26], "7": [7, 8, 9, 10, 27], "17": [17, 16, 15, 14, 13, 12, 11], "18": [18, 19, 20, 21, 22, 23, 24, 25]}, "tol": "3f", "_auxiliary_trails": {}, "_aux_vector": {"dtype": "compas.geometry/Vector", "value": [-0.0, -0.0, -1.0]}}, "edge_attributes": {"force": 0.0, "type": null, "length": 0.0}, "edge": {"16": {"17": {"length": -0.71428571428571397, "type": "trail"}, "5": {"force": -0.10000000000000001, "type": "deviation"}}, "26": {}, "15": {"4": {"force": 3.0, "type": "deviation"}, "16": {"length": -0.71428571428571375, "type": "trail"}}, "18": {"7": {"force": -0.10000000000000001, "type": "deviation"}, "19": {"length": -0.71428571428571253, "type": "trail"}}, "25": {}, "10": {"27": {"length": 1.9753465208795706, "type": "trail"}}, "20": {"21": {"length": -0.71428571428571441, "type": "trail"}, "9": {"force": -0.10000000000000001, "type": "deviation"}}, "17": {"6": {"force": -0.10000000000000001, "type": "deviation"}, "18": {"force": -14.9, "type": "deviation"}}, "27": {}, "12": {"13": {"length": -0.71428571428571308, "type": "trail"}}, "22": {"23": {"length": -0.71428571428571397, "type": "trail"}}, "19": {"20": {"length": -0.71428571428571375, "type": "trail"}, "8": {"force": -0.10000000000000001, "type": "deviation"}}, "11": {"12": {"length": -0.71428571428571441, "type": "trail"}}, "5": {"6": {"length": 0.71466037108286529, "type": "trail"}}, "4": {"26": {"length": 1.9753465208795691, "type": "trail"}, "5": {"length": 0.71532658855340925, "type": "trail"}}, "7": {"8": {"length": 0.71432733960019346, "type": "trail"}}, "6": {"7": {"force": 3.3999999999999999, "type": "deviation"}}, "1": {"24": {"force": -1.3999999999999999, "type": "deviation"}}, "0": {"1": {"length": -0.20000000000000007, "type": "trail"}}, "3": {"12": {"force": -1.3999999999999999, "type": "deviation"}}, "2": {"3": {"length": -0.20000000000000007, "type": "trail"}}, "21": {"22": {"length": -0.71428571428571352, "type": "trail"}, "10": {"force": 3.0, "type": "deviation"}}, "9": {"10": {"length": 0.71532658855341191, "type": "trail"}}, "8": {"9": {"length": 0.71466037108286562, "type": "trail"}}, "14": {"15": {"length": -0.71428571428571397, "type": "trail"}}, "24": {"25": {"length": -0.71428571428571708, "type": "trail"}},