{"compas": "1.7.1", "datatype": "compas_cem.diagrams/TopologyDiagram", "data": {"adjacency": {"16": {"6": null, "15": null, "17": null}, "15": {"14": null, "16": null, "5": null}, "18": {"19": null, "8": null, "17": null}, "25": {"9": null}, "10": {"11": null}, "20": {"21": null, "19": null}, "17": {"7": null, "18": null, "16": null}, "12": {"13": null, "11": null}, "22": {"21": null, "1": null, "23": null}, "19": {"20": null, "9": null, "18": null}, "11": {"12": null, "10": null, "3": null}, "5": {"4": null, "6": null, "15": null}, "4": {"5": null, "14": null, "24": null}, "7": {"6": null, "8": null, "17": null}, "6": {"7": null, "16": null, "5": null}, "1": {"22": null, "0": null}, "0": {"1": null}, "3": {"11": null, "2": null}, "2": {"3": null}, "21": {"20": null, "22": null}, "9": {"19": null, "8": null, "25": null}, "8": {"7": null, "9": null, "18": null}, "14": {"4": null, "13": null, "15": null}, "24": {"4": null}, "13": {"12": null, "14": null}, "23": {"22": null}}, "node_attributes": {"z": 0.0, "qx": 0.0, "rx": 0.0, "qy": 0.0, "ry": 0.0, "qz": 0.0, "type": null, "rz": 0.0, "_k": null, "y": 0.0, "x": 0.0}, "node": {"16": {"z": 1.5000000000000002, "qx": -0.0, "qy": -0.0, "qz": -0.038461538461538464, "type": "_origin", "_k": 0, "y": -3.425166865496446, "x": 0.38461538461538208}, "15": {"z": 1.5000000000000002, "qx": -0.0, "qy": -0.0, "qz": -0.076923076923076927, "_k": 1, "y": -3.425166865496446, "x": 1.1538461538461513}, "18": {"z": 1.5000000000000002, "qx": -0.0, "qy": -0.0, "qz": -0.076923076923076886, "_k": 1, "y": -3.425166865496446, "x": -1.1538461538461562}, "25": {"z": 0.27000000000000024, "type": "support", "_k": 3, "y": -3.425166865496446, "x": -3.7700000000000014}, "10": {"z": 1.5000000000000002, "qx": -0.0, "qy": -0.0, "qz": -0.038461538461538464, "type": "support", "_k": 6, "y": -3.425166865496446, "x": 4.9999999999999973}, "20": {"z": 1.5000000000000002, "qx": -0.0, "qy": -0.0, "qz": -0.076923076923076816, "_k": 3, "y": -3.425166865496446, "x": -2.6923076923076925}, "17": {"z": 1.5000000000000002, "qx": -0.0, "qy": -0.0, "qz": -0.038461538461538457, "type": "_origin", "_k": 0, "y": -3.425166865496446, "x": -0.38461538461538713}, "12": {"z": 1.5000000000000002, "qx": -0.0, "qy": -0.0, "qz": -0.076923076923076927, "_k": 4, "y": -3.425166865496446, "x": 3.461538461538459}, "22": {"z": 1.5000000000000002, "qx": -0.0, "qy": -0.0, "qz": -0.076923076923077011, "_k": 5, "y": -3.425166865496446, "x": -4.2307692307692299}, "19": {"z": 1.5000000000000002, "qx": -0.0, "qy": -0.0, "qz": -0.076923076923076816, "_k": 2, "y": -3.425166865496446, "x": -1.9230769230769247}, "11": {"z": 1.5000000000000002, "qx": -0.0, "qy": -0.0, "qz": -0.076923076923076927, "_k": 5, "y": -3.425166865496446, "x": 4.2307692307692282}, "5": {"_k": 1, "z": 1.3479013609678669, "y": -3.425166865496446, "x": 1.1538461538461511}, "4": {"_k": 2, "z": 1.3899999999999999, "y": -3.425166865496446, "x": 1.9230769230769174}, "7": {"z": 1.3268599010694657, "type": "_origin", "_k": 0, "y": -3.425166865496446, "x": -0.38461538461538708}, "6": {"z": 1.3268599010694657, "type": "_origin", "_k": 0, "y": -3.425166865496446, "x": 0.38461538461538203}, "1": {"z": 0.93076923076922868, "type": "support", "_k": 1, "y": -3.4251668654964451, "x": -4.2307692307692299}, "0": {"z": 0.73076923076922873, "type": "_origin", "_k": 0, "y": -3.4251668654964447, "x": -4.2307692307692299}, "3": {"z": 0.93076923076923124, "type": "support", "_k": 1, "y": -3.4251668654964451, "x": 4.2307692307692282}, "2": {"z": 0.73076923076923106, "type": "_origin", "_k": 0, "y": -3.4251668654964447, "x": 4.2307692307692282}, "21": {"z": 1.5000000000000002, "qx": -0.0, "qy": -0.0, "qz": -0.076923076923076872, "_k": 4, "y": -3.425166865496446, "x": -3.4615384615384608}, "9": {"_k": 2, "z": 1.3899999999999999, "y": -3.425166865496446, "x": -1.9230769230769245}, "8": {"_k": 1, "z": 1.3479013609678667, "y": -3.425166865496446, "x": -1.1538461538461562}, "14": {"z": 1.5000000000000002, "qx": -0.0, "qy": -0.0, "qz": -0.076923076923076927, "_k": 2, "y": -3.425166865496446, "x": 1.9230769230769205}, "24": {"z": 0.27000000000000024, "type": "support", "_k": 3, "y": -3.425166865496446, "x": 3.7699999999999974}, "13": {"z": 1.5000000000000002, "qx": -0.0, "qy": -0.0, "qz": -0.076923076923076927, "_k": 3, "y": -3.425166865496446, "x": 2.6923076923076898}, "23": {"z": 1.5000000000000002, "qx": -0.0, "qy": -0.0, "qz": -0.038461538461538547, "type": "support", "_k": 6, "y": -3.425166865496446, "x": -5.0000000000000009}}, "max_int_key": 25, "attributes": {"gkey_node": {"5.000,-3.425,1.500": 10, "-0.385,-3.425,1.500": 17, "-5.000,-3.425,1.500": 23, "1.154,-3.425,1.348": 5, "-1.923,-3.425,1.390": 9, "-4.231,-3.425,0.731": 0, "-3.462,-3.425,1.500": 21, "-1.923,-3.425,1.500": 19, "1.923,-3.425,1.390": 4, "0.385,-3.425,1.500": 16, "4.231,-3.425,0.731": 2, "3.770,-3.425,0.270": 24, "-4.231,-3.425,0.931": 1, "-3.770,-3.425,0.270": 25, "4.231,-3.425,0.931": 3, "-4.231,-3.425,1.500": 22, "1.154,-3.425,1.500": 15, "3.462,-3.425,1.500": 12, "2.692,-3.425,1.500": 13, "1.923,-3.425,1.500": 14, "-0.385,-3.425,1.327": 7, "-1.154,-3.425,1.348": 8, "-2.692,-3.425,1.500": 20, "-1.154,-3.425,1.500": 18, "4.231,-3.425,1.500": 11, "0.385,-3.425,1.327": 6}, "name": "Network", "_aux_length": 0.33000000000000002, "_trails": {"0": [0, 1], "2": [2, 3], "6": [6, 5, 4, 24], "7": [7, 8, 9, 25], "16": [16, 15, 14, 13, 12, 11, 10], "17": [17, 18, 19, 20, 21, 22, 23]}, "tol": "3f", "_auxiliary_trails": {}, "_aux_vector": {"dtype": "compas.geometry/Vector", "value": [-0.0, -0.0, -1.0]}}, "edge_attributes": {"force": 0.0, "type": null, "length": 0.0}, "edge": {"16": {"6": {"force": -0.10000000000000001, "type": "deviation"}, "17": {"force": -14.9, "type": "deviation"}}, "15": {"16": {"length": -0.76923076923076916, "type": "trail"}, "5": {"force": -0.10000000000000001, "type": "deviation"}}, "18": {"19": {"length": -0.7692307692307685, "type": "trail"}, "8": {"force": -0.10000000000000001, "type": "deviation"}}, "25": {}, "10": {"11": {"length": -0.76923076923076916, "type": "trail"}}, "20": {"21": {"length": -0.76923076923076827, "type": "trail"}}, "17": {"7": {"force": -0.10000000000000001, "type": "deviation"}, "18": {"length": -0.76923076923076905, "type": "trail"}}, "12": {"13": {"length": -0.76923076923076916, "type": "trail"}}, "22": {"23": {"length": -0.76923076923077094, "type": "trail"}}, "19": {"20": {"length": -0.76923076923076783, "type": "trail"}, "9": {"force": 3.0, "type": "deviation"}}, "11": {"12": {"length": -0.76923076923076916, "type": "trail"}}, "5": {"6": {"length": 0.76951849839105013, "type": "trail"}}, "4": {"5": {"length": 0.77038189992997252, "type": "trail"}, "24": {"length": 2.1599826045760198, "type": "trail"}}, "7": {"8": {"length": 0.76951849839105024, "type": "trail"}}, "6": {"7": {"force": 3.3999999999999999, "type": "deviation"}}, "1": {"22": {"force": -1.3999999999999999, "type": "deviation"}}, "0": {"1": {"length": -0.19999999999999996, "type": "trail"}}, "3": {"11": {"force": -1.3999999999999999, "type": "deviation"}}, "2": {"3": {"length": -0.20000000000000018, "type": "trail"}}, "21": {"22": {"length": -0.76923076923076916, "type": "trail"}}, "9": {"25": {"length": 2.1599826045760193, "type": "trail"}}, "8": {"9": {"length": 0.77038189992997452, "type": "trail"}}, "14": {"4": {"force": 3.0, "type": "deviation"}, "15": {"length": -0.76923076923076916, "type": "trail"}}, "24": {}, "13": {"14": {"length": -0.76923076923076938, "type": "trail"}}, "23": {}}}}