{"compas": "1.7.1", "datatype": "compas_cem.diagrams/TopologyDiagram", "data": {"adjacency": {"16": {"15": null, "17": null, "34": null}, "36": {"37": null, "18": null, "35": null}, "26": {"27": null, "8": null, "25": null}, "45": {"18": null}, "15": {"33": null, "14": null, "16": null}, "18": {"36": null, "45": null, "17": null}, "35": {"36": null, "17": null, "34": null}, "25": {"26": null, "24": null}, "28": {"27": null, "29": null, "10": null}, "38": {"37": null, "39": null}, "40": {"41": null, "39": null}, "10": {"28": null, "9": null, "11": null}, "30": {"31": null, "12": null, "29": null}, "20": {"21": null, "7": null, "19": null}, "17": {"18": null, "35": null, "16": null}, "37": {"36": null, "38": null}, "27": {"28": null, "26": null, "9": null}, "42": {"41": null, "1": null, "43": null}, "12": {"30": null, "13": null, "11": null}, "32": {"31": null, "33": null, "14": null}, "22": {"21": null, "23": null}, "19": {"20": null}, "39": {"40": null, "38": null}, "29": {"28": null, "30": null, "11": null}, "41": {"40": null, "42": null, "3": null}, "11": {"12": null, "29": null, "10": null}, "5": {"4": null, "21": null}, "4": {"5": null}, "7": {"20": null, "6": null}, "6": {"7": null}, "1": {"0": null, "42": null}, "0": {"1": null}, "3": {"41": null, "2": null}, "2": {"3": null}, "21": {"20": null, "22": null, "5": null}, "31": {"30": null, "13": null, "32": null}, "9": {"27": null, "8": null, "10": null}, "8": {"44": null, "26": null, "9": null}, "44": {"8": null}, "14": {"13": null, "32": null, "15": null}, "34": {"33": null, "35": null, "16": null}, "24": {"23": null, "25": null}, "43": {"42": null}, "13": {"31": null, "12": null, "14": null}, "33": {"32": null, "15": null, "34": null}, "23": {"22": null, "24": null}}, "node_attributes": {"z": 0.0, "qx": 0.0, "rx": 0.0, "qy": 0.0, "ry": 0.0, "qz": 0.0, "type": null, "rz": 0.0, "_k": null, "y": 0.0, "x": 0.0}, "node": {"16": {"_k": 3, "z": 1.346183739214005, "y": -3.425166865496446, "x": -1.2500000000000013}, "36": {"z": 1.5000000000000002, "qx": -0.0, "qy": -0.0, "qz": -0.041666666666666602, "_k": 5, "y": -3.425166865496446, "x": -2.0833333333333335}, "26": {"z": 1.5000000000000002, "qx": -0.0, "qy": -0.0, "qz": -0.041666666666666657, "_k": 4, "y": -3.425166865496446, "x": 2.0833333333333317}, "45": {"z": 0.27000000000000024, "type": "support", "_k": 6, "y": -3.425166865496446, "x": -3.7700000000000014}, "15": {"_k": 2, "z": 1.3324952874357729, "y": -3.425166865496446, "x": -0.83333333333333415}, "18": {"_k": 5, "z": 1.3900000000000001, "y": -3.425166865496446, "x": -2.0833333333333335}, "35": {"z": 1.5000000000000002, "qx": -0.0, "qy": -0.0, "qz": -0.041666666666666616, "_k": 4, "y": -3.425166865496446, "x": -1.6666666666666672}, "25": {"z": 1.5000000000000002, "qx": -0.0, "qy": -0.0, "qz": -0.041666666666666657, "_k": 5, "y": -3.425166865496446, "x": 2.4999999999999982}, "28": {"z": 1.5000000000000002, "qx": -0.0, "qy": -0.0, "qz": -0.041666666666666664, "_k": 2, "y": -3.425166865496446, "x": 1.2499999999999989}, "38": {"z": 1.5000000000000002, "qx": -0.0, "qy": -0.0, "qz": -0.04166666666666663, "_k": 7, "y": -3.425166865496446, "x": -2.9166666666666656}, "40": {"z": 1.5000000000000002, "qx": -0.0, "qy": -0.0, "qz": -0.041666666666666588, "_k": 9, "y": -3.425166865496446, "x": -3.7499999999999973}, "10": {"_k": 2, "z": 1.346183739214005, "y": -3.425166865496446, "x": 1.2499999999999991}, "30": {"z": 1.5000000000000002, "qx": -0.0, "qy": -0.0, "qz": -0.041666666666666706, "type": "_origin", "_k": 0, "y": -3.425166865496446, "x": 0.41666666666666402}, "20": {"z": 1.5000000000000002, "qx": -0.0, "qy": -0.0, "qz": -0.041666666666666657, "_k": 10, "y": -3.425166865496446, "x": 4.5833333333333304}, "17": {"_k": 4, "z": 1.3653508753069146, "y": -3.425166865496446, "x": -1.6666666666666672}, "37": {"z": 1.5000000000000002, "qx": -0.0, "qy": -0.0, "qz": -0.041666666666666616, "_k": 6, "y": -3.425166865496446, "x": -2.4999999999999991}, "27": {"z": 1.5000000000000002, "qx": -0.0, "qy": -0.0, "qz": -0.041666666666666644, "_k": 3, "y": -3.425166865496446, "x": 1.6666666666666652}, "42": {"z": 1.5000000000000002, "qx": -0.0, "qy": -0.0, "qz": -0.041666666666666879, "_k": 11, "y": -3.425166865496446, "x": -4.5833333333333295}, "12": {"z": 1.3242831601743184, "type": "_origin", "_k": 0, "y": -3.425166865496446, "x": 0.41666666666666413}, "32": {"z": 1.5000000000000002, "qx": -0.0, "qy": -0.0, "qz": -0.041666666666666609, "_k": 1, "y": -3.425166865496446, "x": -0.41666666666666818}, "22": {"z": 1.5000000000000002, "qx": -0.0, "qy": -0.0, "qz": -0.041666666666666678, "_k": 8, "y": -3.425166865496446, "x": 3.7499999999999978}, "19": {"z": 1.5000000000000002, "qx": -0.0, "qy": -0.0, "qz": -0.02083333333333335, "type": "support", "_k": 11, "y": -3.425166865496446, "x": 4.9999999999999973}, "39": {"z": 1.5000000000000002, "qx": -0.0, "qy": -0.0, "qz": -0.041666666666666588, "_k": 8, "y": -3.425166865496446, "x": -3.3333333333333317}, "29": {"z": 1.5000000000000002, "qx": -0.0, "qy": -0.0, "qz": -0.041666666666666748, "_k": 1, "y": -3.425166865496446, "x": 0.83333333333333193}, "41": {"z": 1.5000000000000002, "qx": -0.0, "qy": -0.0, "qz": -0.041666666666666609, "_k": 10, "y": -3.425166865496446, "x": -4.1666666666666634}, "11": {"_k": 1, "z": 1.3324952874357729, "y": -3.425166865496446, "x": 0.83333333333333193}, "5": {"z": 0.86666666666666781, "type": "support", "_k": 1, "y": -3.4251668654964451, "x": 4.1666666666666643}, "4": {"z": 0.66666666666666774, "type": "_origin", "_k": 0, "y": -3.4251668654964442, "x": 4.1666666666666643}, "7": {"z": 1.2833333333333337, "type": "support", "_k": 1, "y": -3.425166865496446, "x": 4.5833333333333313}, "6": {"z": 1.0833333333333337, "type": "_origin", "_k": 0, "y": -3.425166865496446, "x": 4.5833333333333313}, "1": {"z": 1.283333333333329, "type": "support", "_k": 1, "y": -3.425166865496446, "x": -4.5833333333333295}, "0": {"z": 1.083333333333329, "type": "_origin", "_k": 0, "y": -3.425166865496446, "x": -4.5833333333333304}, "3": {"z": 0.86666666666666226, "type": "support", "_k": 1, "y": -3.425166865496446, "x": -4.1666666666666634}, "2": {"z": 0.66666666666666219, "type": "_origin", "_k": 0, "y": -3.4251668654964464, "x": -4.1666666666666634}, "21": {"z": 1.5000000000000002, "qx": -0.0, "qy": -0.0, "qz": -0.04166666666666663, "_k": 9, "y": -3.425166865496446, "x": 4.1666666666666643}, "31": {"z": 1.5000000000000002, "qx": -0.0, "qy": -0.0, "qz": -0.041666666666666616, "type": "_origin", "_k": 0, "y": -3.425166865496446, "x": -2.1316282072803005e-15}, "9": {"_k": 3, "z": 1.3653508753069148, "y": -3.425166865496446, "x": 1.6666666666666652}, "8": {"_k": 4, "z": 1.3900000000000001, "y": -3.425166865496446, "x": 2.083333333333329}, "44": {"z": 0.27000000000000024, "type": "support", "_k": 5, "y": -3.425166865496446, "x": 3.7699999999999974}, "14": {"_k": 1, "z": 1.3242831601743184, "y": -3.425166865496446, "x": -0.41666666666666818}, "34": {"z": 1.5000000000000002, "qx": -0.0, "qy": -0.0, "qz": -0.041666666666666644, "_k": 3, "y": -3.425166865496446, "x": -1.2500000000000011}, "24": {"z": 1.5000000000000002, "qx": -0.0, "qy": -0.0, "qz": -0.04166666666666663, "_k": 6, "y": -3.425166865496446, "x": 2.9166666666666647}, "43": {"z": 1.5000000000000002, "qx": -0.0, "qy": -0.0, "qz": -0.020833333333333572, "type": "support", "_k": 12, "y": -3.425166865496446, "x": -5.0000000000000009}, "13": {"z": 1.3215459417132898, "type": "_origin", "_k": 0, "y": -3.425166865496446, "x": -2.3037127760971998e-15}, "33": {"z": 1.5000000000000002, "qx": -0.0, "qy": -0.0, "qz": -0.041666666666666644, "_k": 2, "y": -3.425166865496446, "x": -0.83333333333333426}, "23": {"z": 1.5000000000000002, "qx": -0.0, "qy": -0.0, "qz": -0.041666666666666657, "_k": 7, "y": -3.425166865496446, "x": 3.3333333333333308}}, "max_int_key": 45, "attributes": {"gkey_node": {"5.000,-3.425,1.500": 19, "-1.250,-3.425,1.500": 34, "-2.500,-3.425,1.500": 37, "0.833,-3.425,1.332": 11, "1.667,-3.425,1.500": 27,