{"data": {"node": {"21": {"z": 1.0000000000000002, "x": 1.6666666666666647, "y": -2.925166865496446, "_k": 0, "type": "_origin"}, "10": {"type": "_origin", "qy": -0.0, "z": 1.5000000000000002, "x": 0.999999999999998, "qz": -0.5, "y": -3.425166865496446, "_k": 0, "qx": -0.0}, "14": {"qx": -0.0, "qy": -0.0, "z": 1.5000000000000002, "x": 4.9999999999999973, "qz": -0.5, "y": -3.425166865496446, "_k": 4, "type": "support"}, "13": {"qy": -0.0, "z": 1.5000000000000002, "x": 3.9999999999999982, "qz": -0.5, "y": -3.425166865496446, "_k": 3, "qx": -0.0}, "3": {"qy": -0.0, "z": 1.5000000000000002, "x": -4.0000000000000018, "qz": -0.5, "y": -3.425166865496446, "_k": 3, "qx": -0.0}, "1": {"qy": -0.0, "z": 1.5000000000000002, "x": -2.0000000000000022, "qz": -0.5, "y": -3.425166865496446, "_k": 1, "qx": -0.0}, "9": {"qx": -0.0, "qy": -0.0, "z": 1.5000000000000002, "x": -5.0000000000000009, "qz": -0.5, "y": -2.425166865496446, "_k": 4, "type": "support"}, "22": {"type": "_origin", "qy": -0.0, "z": 1.5000000000000002, "x": -2.1316282072803005e-15, "qz": -0.5, "y": -3.425166865496446, "_k": 0, "qx": -0.0}, "20": {"z": 1.0000000000000002, "x": -1.6666666666666692, "y": -2.925166865496446, "_k": 0, "type": "_origin"}, "23": {"type": "_origin", "qy": -0.0, "z": 1.5000000000000002, "x": -2.1316282072803005e-15, "qz": -0.5, "y": -2.425166865496446, "_k": 0, "qx": -0.0}, "24": {"z": 0.75000000000000022, "x": -1.6666666666666692, "y": -2.925166865496446, "_k": 1, "type": "support"}, "16": {"qy": -0.0, "z": 1.5000000000000002, "x": 1.999999999999998, "qz": -0.5, "y": -2.425166865496446, "_k": 1, "qx": -0.0}, "7": {"qy": -0.0, "z": 1.5000000000000002, "x": -3.0000000000000018, "qz": -0.5, "y": -2.425166865496446, "_k": 2, "qx": -0.0}, "18": {"qy": -0.0, "z": 1.5000000000000002, "x": 3.9999999999999982, "qz": -0.5, "y": -2.425166865496446, "_k": 3, "qx": -0.0}, "17": {"qy": -0.0, "z": 1.5000000000000002, "x": 2.9999999999999978, "qz": -0.5, "y": -2.425166865496446, "_k": 2, "qx": -0.0}, "25": {"z": 0.75000000000000022, "x": 1.6666666666666647, "y": -2.925166865496446, "_k": 1, "type": "support"}, "6": {"qy": -0.0, "z": 1.5000000000000002, "x": -2.0000000000000022, "qz": -0.5, "y": -2.425166865496446, "_k": 1, "qx": -0.0}, "19": {"qx": -0.0, "qy": -0.0, "z": 1.5000000000000002, "x": 4.9999999999999973, "qz": -0.5, "y": -2.425166865496446, "_k": 4, "type": "support"}, "4": {"qx": -0.0, "qy": -0.0, "z": 1.5000000000000002, "x": -5.0000000000000009, "qz": -0.5, "y": -3.425166865496446, "_k": 4, "type": "support"}, "12": {"qy": -0.0, "z": 1.5000000000000002, "x": 2.9999999999999978, "qz": -0.5, "y": -3.425166865496446, "_k": 2, "qx": -0.0}, "2": {"qy": -0.0, "z": 1.5000000000000002, "x": -3.0000000000000018, "qz": -0.5, "y": -3.425166865496446, "_k": 2, "qx": -0.0}, "27": {"z": 1.2500000000000002, "x": -2.1316282072803005e-15, "y": -2.425166865496446, "_k": 1, "type": "support"}, "5": {"type": "_origin", "qy": -0.0, "z": 1.5000000000000002, "x": -1.0000000000000013, "qz": -0.5, "y": -2.425166865496446, "_k": 0, "qx": -0.0}, "0": {"type": "_origin", "qy": -0.0, "z": 1.5000000000000002, "x": -1.0000000000000013, "qz": -0.5, "y": -3.425166865496446, "_k": 0, "qx": -0.0}, "8": {"qy": -0.0, "z": 1.5000000000000002, "x": -4.0000000000000018, "qz": -0.5, "y": -2.425166865496446, "_k": 3, "qx": -0.0}, "11": {"qy": -0.0, "z": 1.5000000000000002, "x": 1.999999999999998, "qz": -0.5, "y": -3.425166865496446, "_k": 1, "qx": -0.0}, "26": {"z": 1.2500000000000002, "x": -2.1316282072803005e-15, "y": -3.425166865496446, "_k": 1, "type": "support"}, "15": {"type": "_origin", "qy": -0.0, "z": 1.5000000000000002, "x": 0.999999999999998, "qz": -0.5, "y": -2.425166865496446, "_k": 0, "qx": -0.0}}, "adjacency": {"21": {"20": null, "14": null, "19": null, "25": null, "23": null, "22": null}, "10": {"22": null, "11": null, "15": null}, "14": {"13": null, "19": null, "21": null}, "13": {"14": null, "18": null, "12": null}, "3": {"2": null, "8": null, "4": null}, "1": {"2": null, "6": null, "0": null}, "9": {"8": null, "20": null, "4": null}, "22": {"20": null, "10": null, "21": null, "0": null, "26": null, "23": null}, "20": {"9": null, "21": null, "4": null, "24": null, "23": null, "22": null}, "23": {"20": null, "15": null, "27": null, "5": null, "21": null, "22": null}, "24": {"20": null}, "16": {"11": null, "15": null, "17": null}, "7": {"2": null, "6": null, "8": null}, "18": {"13": null, "19": null, "17": null}, "17": {"18": null, "16": null, "12": null}, "25": {"21": null}, "6": {"1": null, "7": null, "5": null}, "19": {"14": null, "21": null, "18": null}, "4": {"3": null, "9": null, "20": null}, "12": {"11": null, "13": null, "17": null}, "2": {"1": null, "3": null, "7": null}, "27": {"23": null}, "5": {"23": null, "6": null, "0": null}, "0": {"1": null, "22": null, "5": null}, "8": {"3": null, "9": null, "7": null}, "11": {"10": null, "16": null, "12": null}, "26": {"22": null}, "15": {"23": null, "10": null, "16": null}}, "max_int_key": 27, "edge": {"21": {"23": {"force": -0.90000000000000002, "type": "deviation"}, "14": {"force": 3.7999999999999998, "type": "deviation"}, "19": {"force": 3.7999999999999998, "type": "deviation"}, "25": {"length": 0.25, "type": "trail"}}, "10": {"11": {"length": -1.0, "type": "trail"}, "15": {"force": -0.10000000000000001, "type": "deviation"}}, "14": {"19": {"force": -0.10000000000000001, "type": "deviation"}}, "13": {"14": {"length": -0.99999999999999911, "type": "trail"}, "18": {"force": -0.10000000000000001, "type": "deviation"}}, "3": {"8": {"force": -0.10000000000000001, "type": "deviation"}, "4": {"length": -0.99999999999999911, "type": "trail"}}, "1": {"2": {"length": -0.99999999999999956, "type": "trail"}, "6": {"force": -0.10000000000000001, "type": "deviation"}}, "9": {}, "22": {"10": {"force": -17.899999999999999, "type": "deviation"}, "21": {"force": -0.90000000000000002, "type": "deviation"}, "0": {"force": -17.899999999999999, "type": "deviation"}, "26": {"length": 0.25, "type": "trail"}, "23": {"force": -0.10000000000000001, "type": "deviation"}}, "20": {"9": {"force": 3.7999999999999998, "type": "deviation"}, "21": {"force": 3.7999999999999998, "type": "deviation"}, "24": {"length": 0.25, "type": "trail"}, "23": {"force": -0.90000000000000002, "type": "deviation"}, "22": {"force": -0.90000000000000002, "type": "deviation"}}, "23": {"27": {"length": 0.25, "type": "trail"}, "15": {"force": -17.899999999999999, "type": "deviation"}, "5": {"force": -17.899999999999999, "type": "deviation"}}, "24": {}, "16": {"17": {"length": -0.99999999999999978, "type": "trail"}}, "7": {"8": {"length": -1.0, "type": "trail"}}, "18": {"19": {"length": -0.99999999999999911, "type": "trail"}}, "17": {"18": {"length": -1.0000000000000004, "type": "trail"}}, "25": {}, "6": {"7": {"length": -0.99999999999999956, "type": "trail"}}, "19": {}, "4": {"9": {"force": -0.10000000000000001, "type": "deviation"}, "20": {"force": 3.7999999999999998, "type": "deviation"}}, "12": {"13": {"length": -1.0000000000000004, "type": "trail"}, "17": {"force": -0.10000000000000001, "type": "deviation"}}, "2": {"3": {"length": -1.0, "type": "trail"}, "7": {"force": -0.10000000000000001, "type": "deviation"}}, "27": {}, "5": {"6": {"length": -1.0000000000000009, "type": "trail"}}, "0": {"1": {"length": -1.0000000000000009, "type": "trail"}, "5": {"force": -0.10000000000000001, "type": "deviation"}}, "8": {"9": {"length": -0.99999999999999911, "type": "trail"}}, "11": {"16": {"force": -0.10000000000000001, "type": "deviation"}, "12": {"length": -0.99999999999999978, "type": "trail"}}, "26": {}, "15": {"16": {"length": -1.0, "type": "trail"}}}, "edge_attributes": {"length": 0.0, "type": null, "force": 0.0}, "node_attributes": {"qx": 0.0, "qy": 0.0, "z": 0.0, "rx": 0.0, "rz": 0.0, "x": 0.0, "qz": 0.0, "y": 0.0, "_k": null, "ry": 0.0, "type": null}, "attributes": {"_aux_vector": {"dtype": "compas.geometry/Vector", "value": [-0.0, -0.0, -1.0]}, "tol": "3f", "gkey_node": {"4.000,-2.425,1.500": 18,