{"data": {"node": {"21": {"z": 0.75000000000000022, "x": 1.6666666666666647, "y": -2.925166865496446, "_k": 1, "type": "support"}, "10": {"qy": -0.0, "z": 1.5000000000000002, "x": 3.7499999999999978, "qz": -0.5, "y": -3.425166865496446, "_k": 2, "qx": -0.0}, "14": {"qy": -0.0, "z": 1.5000000000000002, "x": 3.7499999999999978, "qz": -0.5, "y": -2.425166865496446, "_k": 2, "qx": -0.0}, "13": {"qy": -0.0, "z": 1.5000000000000002, "x": 2.4999999999999978, "qz": -0.5, "y": -2.425166865496446, "_k": 1, "qx": -0.0}, "3": {"qx": -0.0, "qy": -0.0, "z": 1.5000000000000002, "x": -5.0000000000000009, "qz": -0.5, "y": -3.425166865496446, "_k": 3, "type": "support"}, "1": {"qy": -0.0, "z": 1.5000000000000002, "x": -2.5000000000000013, "qz": -0.5, "y": -3.425166865496446, "_k": 1, "qx": -0.0}, "9": {"qy": -0.0, "z": 1.5000000000000002, "x": 2.4999999999999978, "qz": -0.5, "y": -3.425166865496446, "_k": 1, "qx": -0.0}, "22": {"z": 1.2500000000000002, "x": -2.1316282072803005e-15, "y": -3.425166865496446, "_k": 1, "type": "support"}, "20": {"z": 0.75000000000000022, "x": -1.6666666666666692, "y": -2.925166865496446, "_k": 1, "type": "support"}, "23": {"z": 1.2500000000000002, "x": -2.1316282072803005e-15, "y": -2.425166865496446, "_k": 1, "type": "support"}, "16": {"z": 1.0000000000000002, "x": -1.6666666666666692, "y": -2.925166865496446, "_k": 0, "type": "_origin"}, "7": {"qx": -0.0, "qy": -0.0, "z": 1.5000000000000002, "x": -5.0000000000000009, "qz": -0.5, "y": -2.425166865496446, "_k": 3, "type": "support"}, "18": {"type": "_origin", "qy": -0.0, "z": 1.5000000000000002, "x": -2.1316282072803005e-15, "qz": -0.5, "y": -3.425166865496446, "_k": 0, "qx": -0.0}, "17": {"z": 1.0000000000000002, "x": 1.6666666666666647, "y": -2.925166865496446, "_k": 0, "type": "_origin"}, "6": {"qy": -0.0, "z": 1.5000000000000002, "x": -3.7500000000000013, "qz": -0.5, "y": -2.425166865496446, "_k": 2, "qx": -0.0}, "19": {"type": "_origin", "qy": -0.0, "z": 1.5000000000000002, "x": -2.1316282072803005e-15, "qz": -0.5, "y": -2.425166865496446, "_k": 0, "qx": -0.0}, "4": {"type": "_origin", "qy": -0.0, "z": 1.5000000000000002, "x": -1.250000000000002, "qz": -0.5, "y": -2.425166865496446, "_k": 0, "qx": -0.0}, "12": {"type": "_origin", "qy": -0.0, "z": 1.5000000000000002, "x": 1.2499999999999978, "qz": -0.5, "y": -2.425166865496446, "_k": 0, "qx": -0.0}, "2": {"qy": -0.0, "z": 1.5000000000000002, "x": -3.7500000000000013, "qz": -0.5, "y": -3.425166865496446, "_k": 2, "qx": -0.0}, "5": {"qy": -0.0, "z": 1.5000000000000002, "x": -2.5000000000000013, "qz": -0.5, "y": -2.425166865496446, "_k": 1, "qx": -0.0}, "0": {"type": "_origin", "qy": -0.0, "z": 1.5000000000000002, "x": -1.250000000000002, "qz": -0.5, "y": -3.425166865496446, "_k": 0, "qx": -0.0}, "8": {"type": "_origin", "qy": -0.0, "z": 1.5000000000000002, "x": 1.2499999999999978, "qz": -0.5, "y": -3.425166865496446, "_k": 0, "qx": -0.0}, "11": {"qx": -0.0, "qy": -0.0, "z": 1.5000000000000002, "x": 4.9999999999999973, "qz": -0.5, "y": -3.425166865496446, "_k": 3, "type": "support"}, "15": {"qx": -0.0, "qy": -0.0, "z": 1.5000000000000002, "x": 4.9999999999999973, "qz": -0.5, "y": -2.425166865496446, "_k": 3, "type": "support"}}, "adjacency": {"21": {"17": null}, "10": {"14": null, "11": null, "9": null}, "14": {"10": null, "13": null, "15": null}, "13": {"14": null, "9": null, "12": null}, "3": {"2": null, "7": null, "16": null}, "1": {"2": null, "0": null, "5": null}, "9": {"10": null, "13": null, "8": null}, "22": {"18": null}, "20": {"16": null}, "23": {"19": null}, "16": {"20": null, "7": null, "19": null, "3": null, "18": null, "17": null}, "7": {"6": null, "3": null, "16": null}, "18": {"22": null, "19": null, "0": null, "17": null, "8": null, "16": null}, "17": {"19": null, "15": null, "21": null, "18": null, "11": null, "16": null}, "6": {"2": null, "7": null, "5": null}, "19": {"12": null, "18": null, "17": null, "4": null, "23": null, "16": null}, "4": {"0": null, "19": null, "5": null}, "12": {"13": null, "8": null, "19": null}, "2": {"1": null, "3": null, "6": null}, "5": {"1": null, "6": null, "4": null}, "0": {"1": null, "18": null, "4": null}, "8": {"9": null, "18": null, "12": null}, "11": {"10": null, "15": null, "17": null}, "15": {"14": null, "11": null, "17": null}}, "max_int_key": 23, "edge": {"21": {}, "10": {"14": {"force": -0.10000000000000001, "type": "deviation"}, "11": {"length": -1.2499999999999996, "type": "trail"}}, "14": {"15": {"length": -1.2499999999999996, "type": "trail"}}, "13": {"14": {"length": -1.25, "type": "trail"}}, "3": {"7": {"force": -0.10000000000000001, "type": "deviation"}, "16": {"force": 3.7999999999999998, "type": "deviation"}}, "1": {"2": {"length": -1.25, "type": "trail"}, "5": {"force": -0.10000000000000001, "type": "deviation"}}, "9": {"10": {"length": -1.25, "type": "trail"}, "13": {"force": -0.10000000000000001, "type": "deviation"}}, "22": {}, "20": {}, "23": {}, "16": {"20": {"length": 0.25, "type": "trail"}, "7": {"force": 3.7999999999999998, "type": "deviation"}, "19": {"force": -0.90000000000000002, "type": "deviation"}, "18": {"force": -0.90000000000000002, "type": "deviation"}, "17": {"force": 3.7999999999999998, "type": "deviation"}}, "7": {}, "18": {"19": {"force": -0.10000000000000001, "type": "deviation"}, "0": {"force": -17.899999999999999, "type": "deviation"}, "17": {"force": -0.90000000000000002, "type": "deviation"}, "8": {"force": -17.899999999999999, "type": "deviation"}, "22": {"length": 0.25, "type": "trail"}}, "17": {"11": {"force": 3.7999999999999998, "type": "deviation"}, "19": {"force": -0.90000000000000002, "type": "deviation"}, "21": {"length": 0.25, "type": "trail"}, "15": {"force": 3.7999999999999998, "type": "deviation"}}, "6": {"7": {"length": -1.2499999999999996, "type": "trail"}}, "19": {"23": {"length": 0.25, "type": "trail"}, "12": {"force": -17.899999999999999, "type": "deviation"}, "4": {"force": -17.899999999999999, "type": "deviation"}}, "4": {"5": {"length": -1.2499999999999993, "type": "trail"}}, "12": {"13": {"length": -1.25, "type": "trail"}}, "2": {"6": {"force": -0.10000000000000001, "type": "deviation"}, "3": {"length": -1.2499999999999996, "type": "trail"}}, "5": {"6": {"length": -1.25, "type": "trail"}}, "0": {"1": {"length": -1.2499999999999993, "type": "trail"}, "4": {"force": -0.10000000000000001, "type": "deviation"}}, "8": {"9": {"length": -1.25, "type": "trail"}, "12": {"force": -0.10000000000000001, "type": "deviation"}}, "11": {"15": {"force": -0.10000000000000001, "type": "deviation"}}, "15": {}}, "edge_attributes": {"length": 0.0, "type": null, "force": 0.0}, "node_attributes": {"qx": 0.0, "qy": 0.0, "z": 0.0, "rx": 0.0, "rz": 0.0, "x": 0.0, "qz": 0.0, "y": 0.0, "_k": null, "ry": 0.0, "type": null}, "attributes": {"_aux_vector": {"dtype": "compas.geometry/Vector", "value": [-0.0, -0.0, -1.0]}, "tol": "3f", "gkey_node": {"5.000,-3.425,1.500": 11, "0.000,-3.425,1.250": 22, "-2.500,-2.425,1.500": 5, "1.250,-3.425,1.500": 8, "0.000,-2.425,1.500": 19, "2.500,-3.425,1.500": 9, "-1.250,-3.425,1.500": 0, "1.667,-2.925,0.750": 21, "0.000,-3.425,1.500": 18, "-2.500,-3.425,1.500": 1, "2.500,-2.425,1.500": 13, "-1.667,-2.925,1.000": 16, "-3.750,-2.425,1.500": 6, "-3.750,-3.425,1.500": 2, "1.250,-2.425,1.500": 12, "-1.250,-2.425,1.500": 4, "0.000,-2.425,1.250": 23, "1.667,-2.925,1.000": 17, "-5.000,-2.425,1.500": 7, "5.000,-2.425,1.500": 15, "3.750,-2.425,1.500": 14, "-5.000,-3.425,1.500": 3, "3.750,-3.425,1.500": 10, "-1.667,-2.925,0.750": 20}, "name": "Network", "_auxiliary_trails": {"16": [16, 20], "17": [17, 21], "18": [18, 22], "19": [19, 23]}, "_trails": {"0": [0, 1, 2, 3], "4": [4, 5, 6, 7], "8": [8, 9, 10, 11], "12": [12, 13, 14, 15], "16": [16, 20], "17": [17, 21], "18": [18, 22], "19": [19, 23]}, "_aux_length": 0.25}}, "datatype": "compas_cem.diagrams/TopologyDiagram", "compas": "1.7.1"}