{"data": {"node": {"21": {"qy": -0.0, "z": 1.5000000000000002, "x": 2.2222222222222197, "qz": -0.5, "y": -3.425166865496446, "_k": 3, "qx": -0.0}, "36": {"z": 1.0000000000000002, "x": -1.6666666666666692, "y": -2.925166865496446, "_k": 0, "type": "_origin"}, "10": {"qy": -0.0, "z": 1.5000000000000002, "x": -1.1111111111111127, "qz": -0.5, "y": -2.425166865496446, "_k": 1, "qx": -0.0}, "14": {"qy": -0.0, "z": 1.5000000000000002, "x": -3.3333333333333353, "qz": -0.5, "y": -2.425166865496446, "_k": 5, "qx": -0.0}, "13": {"qy": -0.0, "z": 1.5000000000000002, "x": -2.7777777777777795, "qz": -0.5, "y": -2.425166865496446, "_k": 4, "qx": -0.0}, "31": {"qy": -0.0, "z": 1.5000000000000002, "x": 2.7777777777777755, "qz": -0.5, "y": -2.425166865496446, "_k": 4, "qx": -0.0}, "3": {"qy": -0.0, "z": 1.5000000000000002, "x": -2.2222222222222237, "qz": -0.5, "y": -3.425166865496446, "_k": 3, "qx": -0.0}, "1": {"qy": -0.0, "z": 1.5000000000000002, "x": -1.1111111111111127, "qz": -0.5, "y": -3.425166865496446, "_k": 1, "qx": -0.0}, "35": {"qx": -0.0, "qy": -0.0, "z": 1.5000000000000002, "x": 4.9999999999999973, "qz": -0.5, "y": -2.425166865496446, "_k": 8, "type": "support"}, "9": {"type": "_origin", "qy": -0.0, "z": 1.5000000000000002, "x": -0.5555555555555578, "qz": -0.5, "y": -2.425166865496446, "_k": 0, "qx": -0.0}, "30": {"qy": -0.0, "z": 1.5000000000000002, "x": 2.2222222222222197, "qz": -0.5, "y": -2.425166865496446, "_k": 3, "qx": -0.0}, "22": {"qy": -0.0, "z": 1.5000000000000002, "x": 2.7777777777777755, "qz": -0.5, "y": -3.425166865496446, "_k": 4, "qx": -0.0}, "20": {"qy": -0.0, "z": 1.5000000000000002, "x": 1.6666666666666645, "qz": -0.5, "y": -3.425166865496446, "_k": 2, "qx": -0.0}, "23": {"qy": -0.0, "z": 1.5000000000000002, "x": 3.3333333333333317, "qz": -0.5, "y": -3.425166865496446, "_k": 5, "qx": -0.0}, "24": {"qy": -0.0, "z": 1.5000000000000002, "x": 3.8888888888888875, "qz": -0.5, "y": -3.425166865496446, "_k": 6, "qx": -0.0}, "16": {"qy": -0.0, "z": 1.5000000000000002, "x": -4.4444444444444464, "qz": -0.5, "y": -2.425166865496446, "_k": 7, "qx": -0.0}, "29": {"qy": -0.0, "z": 1.5000000000000002, "x": 1.6666666666666645, "qz": -0.5, "y": -2.425166865496446, "_k": 2, "qx": -0.0}, "33": {"qy": -0.0, "z": 1.5000000000000002, "x": 3.8888888888888875, "qz": -0.5, "y": -2.425166865496446, "_k": 6, "qx": -0.0}, "7": {"qy": -0.0, "z": 1.5000000000000002, "x": -4.4444444444444464, "qz": -0.5, "y": -3.425166865496446, "_k": 7, "qx": -0.0}, "18": {"type": "_origin", "qy": -0.0, "z": 1.5000000000000002, "x": 0.55555555555555336, "qz": -0.5, "y": -3.425166865496446, "_k": 0, "qx": -0.0}, "17": {"qx": -0.0, "qy": -0.0, "z": 1.5000000000000002, "x": -5.0000000000000009, "qz": -0.5, "y": -2.425166865496446, "_k": 8, "type": "support"}, "34": {"qy": -0.0, "z": 1.5000000000000002, "x": 4.4444444444444438, "qz": -0.5, "y": -2.425166865496446, "_k": 7, "qx": -0.0}, "42": {"z": 1.2500000000000002, "x": -2.1316282072803005e-15, "y": -3.425166865496446, "_k": 1, "type": "support"}, "43": {"z": 1.2500000000000002, "x": -2.1316282072803005e-15, "y": -2.425166865496446, "_k": 1, "type": "support"}, "25": {"qy": -0.0, "z": 1.5000000000000002, "x": 4.4444444444444438, "qz": -0.5, "y": -3.425166865496446, "_k": 7, "qx": -0.0}, "6": {"qy": -0.0, "z": 1.5000000000000002, "x": -3.8888888888888906, "qz": -0.5, "y": -3.425166865496446, "_k": 6, "qx": -0.0}, "32": {"qy": -0.0, "z": 1.5000000000000002, "x": 3.3333333333333317, "qz": -0.5, "y": -2.425166865496446, "_k": 5, "qx": -0.0}, "41": {"z": 0.75000000000000022, "x": 1.6666666666666647, "y": -2.925166865496446, "_k": 1, "type": "support"}, "28": {"qy": -0.0, "z": 1.5000000000000002, "x": 1.1111111111111089, "qz": -0.5, "y": -2.425166865496446, "_k": 1, "qx": -0.0}, "38": {"type": "_origin", "qy": -0.0, "z": 1.5000000000000002, "x": -2.1316282072803005e-15, "qz": -0.5, "y": -3.425166865496446, "_k": 0, "qx": -0.0}, "19": {"qy": -0.0, "z": 1.5000000000000002, "x": 1.1111111111111089, "qz": -0.5, "y": -3.425166865496446, "_k": 1, "qx": -0.0}, "37": {"z": 1.0000000000000002, "x": 1.6666666666666647, "y": -2.925166865496446, "_k": 0, "type": "_origin"}, "4": {"qy": -0.0, "z": 1.5000000000000002, "x": -2.7777777777777795, "qz": -0.5, "y": -3.425166865496446, "_k": 4, "qx": -0.0}, "40": {"z": 0.75000000000000022, "x": -1.6666666666666692, "y": -2.925166865496446, "_k": 1, "type": "support"}, "12": {"qy": -0.0, "z": 1.5000000000000002, "x": -2.2222222222222237, "qz": -0.5, "y": -2.425166865496446, "_k": 3, "qx": -0.0}, "39": {"type": "_origin", "qy": -0.0, "z": 1.5000000000000002, "x": -2.1316282072803005e-15, "qz": -0.5, "y": -2.425166865496446, "_k": 0, "qx": -0.0}, "2": {"qy": -0.0, "z": 1.5000000000000002, "x": -1.6666666666666676, "qz": -0.5, "y": -3.425166865496446, "_k": 2, "qx": -0.0}, "27": {"type": "_origin", "qy": -0.0, "z": 1.5000000000000002, "x": 0.55555555555555336, "qz": -0.5, "y": -2.425166865496446, "_k": 0, "qx": -0.0}, "5": {"qy": -0.0, "z": 1.5000000000000002, "x": -3.3333333333333353, "qz": -0.5, "y": -3.425166865496446, "_k": 5, "qx": -0.0}, "0": {"type": "_origin", "qy": -0.0, "z": 1.5000000000000002, "x": -0.5555555555555578, "qz": -0.5, "y": -3.425166865496446, "_k": 0, "qx": -0.0}, "8": {"qx": -0.0, "qy": -0.0, "z": 1.5000000000000002, "x": -5.0000000000000009, "qz": -0.5, "y": -3.425166865496446, "_k": 8, "type": "support"}, "11": {"qy": -0.0, "z": 1.5000000000000002, "x": -1.6666666666666676, "qz": -0.5, "y": -2.425166865496446, "_k": 2, "qx": -0.0}, "26": {"qx": -0.0, "qy": -0.0, "z": 1.5000000000000002, "x": 4.9999999999999973, "qz": -0.5, "y": -3.425166865496446, "_k": 8, "type": "support"}, "15": {"qy": -0.0, "z": 1.5000000000000002, "x": -3.8888888888888906, "qz": -0.5, "y": -2.425166865496446, "_k": 6, "qx": -0.0}}, "adjacency": {"21": {"30": null, "22": null, "20": null}, "36": {"39": null, "38": null, "17": null, "40": null, "8": null, "37": null}, "10": {"1": null, "11": null, "9": null}, "14": {"13": null, "15": null, "5": null}, "13": {"14": null, "12": null, "4": null}, "31": {"30": null, "22": null, "32": null}, "3": {"2": null, "12": null, "4": null}, "1": {"2": null, "10": null, "0": null}, "35": {"26": null, "34": null, "37": null}, "9": {"10": null, "0": null, "39": null}, "30": {"29": null, "21": null, "31": null}, "22": {"23": null, "21": null, "31": null}, "20": {"29": null, "19": null, "21": null}, "23": {"22": null, "24": null, "32": null}, "24": {"23": null, "33": null, "25": null}, "16": {"7": null, "15": null, "17": null}, "29": {"30": null, "20": null, "28": null}, "33": {"32": null, "24": null, "34": null}, "7": {"6": null, "8": null, "16": null}, "18": {"38": null, "19": null, "27": null}, "17": {"8": null, "36": null, "16": null}, "34": {"35": null, "33": null, "25": null}, "42": {"38": null}, "43": {"39": null}, "25": {"24": null, "26": null, "34": null}, "6": {"7": null, "15": null, "5": null}, "32": {"23": null, "33": null, "31": null}, "41": {"37": null}, "28": {"29": null, "19": null, "27": null}, "38": {"39": null, "42": null, "0": null, "18": null, "36": null, "37": null}, "19": {"20": null, "18": null, "28": null}, "37": {"39": null, "38": null, "41": null, "26": null, "36": null, "35": null}, "4": {"3": null, "13": null, "5": null}, "40": {"36": null}, "12": {"3": null, "11": null, "13": null}, "39": {"9": null, "27": null, "38": null, "36": null, "43": null, "37": null}, "2": {"1": null, "3": null, "11": null}, "27": {"18": null, "28": null, "39": null}, "5": {"6": null, "14": null, "4": null}, "0": {"1": null, "38": null, "9": null}, "8": {"7": null, "36": null, "17": null}, "11": {"2": null, "10": null, "12": null}, "26": {"35": null, "25": null, "37": null}, "15": {"6": null, "14": null, "16": null}}, "max_int_key": 43, "edge": {"21": {"30": {"force": -0.10000000000000001, "type": "deviation"}, "22": {"length": -0.5555555555555558, "type": "trail"}}, "36": {"39": {"force": -0.90000000000000002, "type": "deviation"}, "38": {"force": -0.90000000000000002,