{"compas": "1.7.1", "datatype": "compas_cem.diagrams/FormDiagram", "data": {"adjacency": {"16": {"4": null, "14": null, "15": null, "17": null}, "15": {"16": null, "3": null}, "18": {"19": null, "23": null, "6": null, "17": null}, "10": {"1": null, "9": null}, "20": {"19": null, "8": null}, "17": {"14": null, "18": null, "16": null, "5": null}, "12": {"13": null, "21": null, "14": null}, "22": {"13": null, "21": null}, "19": {"7": null, "20": null, "23": null, "18": null}, "11": {"7": null, "6": null, "9": null}, "5": {"4": null, "6": null, "17": null, "2": null}, "4": {"16": null, "5": null, "3": null, "2": null}, "7": {"19": null, "6": null, "8": null, "11": null}, "6": {"7": null, "18": null, "11": null, "5": null}, "1": {"0": null, "10": null}, "0": {"1": null, "9": null, "2": null}, "3": {"4": null, "15": null}, "2": {"4": null, "0": null, "5": null}, "21": {"12": null, "22": null, "23": null}, "9": {"0": null, "10": null, "11": null}, "8": {"7": null, "20": null}, "14": {"12": null, "16": null, "17": null}, "13": {"12": null, "22": null}, "23": {"21": null, "19": null, "18": null}}, "node_attributes": {"z": 0.0, "qx": 0.0, "rx": 0.0, "qy": 0.0, "ry": 0.0, "qz": 0.0, "type": null, "rz": 0.0, "_k": null, "y": 0.0, "x": 0.0}, "node": {"16": {"z": 1.4765473553697388, "qx": -0.0, "qy": -0.0, "qz": -0.20000000000000001, "_k": 1, "y": -2.4095595640106744, "x": 2.9998015865580685}, "15": {"z": 1.5627626634332801, "qx": -0.0, "rx": -17.280489928968571, "qy": -0.0, "ry": -0.35082488471410811, "qz": -0.10000000000000001, "type": "support", "rz": -0.64569301989421357, "_k": 2, "y": -2.3805597690163522, "x": 4.9977319988962448}, "18": {"z": 1.5000000000000002, "qx": -0.0, "qy": -0.0, "qz": -0.19999999999999998, "type": "_origin", "_k": 0, "y": -2.425166865496446, "x": -1.0000000000000029}, "10": {"z": 0.07485498619407327, "rx": 4.4195100710314277, "ry": -0.050824884714108148, "type": "support", "rz": 1.1456930198942252, "_k": 2, "y": -3.3779152268895425, "x": -0.18323778677080568}, "20": {"z": 1.5627626634332801, "qx": -0.0, "rx": 17.280489928968571, "qy": -0.0, "ry": -0.35082488471410811, "qz": -0.099999999999999964, "type": "support", "rz": -0.64569301989421424, "_k": 2, "y": -2.3805597690163522, "x": -4.9977319988962483}, "17": {"z": 1.5000000000000002, "qx": -0.0, "qy": -0.0, "qz": -0.20000000000000001, "type": "_origin", "_k": 0, "y": -2.425166865496446, "x": 0.99999999999999756}, "12": {"y": -2.4420649918037745, "x": 0.17158603026708974, "z": 0.75908294591324355, "_k": 1}, "22": {"z": 0.07485498619407327, "rx": 4.4195100710314277, "ry": 0.050824884714108148, "type": "support", "rz": 1.1456930198942252, "_k": 2, "y": -2.4724185041033495, "x": -0.18323778677080568}, "19": {"z": 1.4765473553697388, "qx": -0.0, "qy": -0.0, "qz": -0.1999999999999999, "_k": 1, "y": -2.4095595640106744, "x": -2.9998015865580729}, "11": {"z": 1.1400000000000001, "type": "_origin", "_k": 0, "y": -3.425166865496446, "x": -1.6280000000000023}, "5": {"z": 1.5000000000000002, "qx": -0.0, "qy": -0.0, "qz": -0.20000000000000001, "type": "_origin", "_k": 0, "y": -3.425166865496446, "x": 0.99999999999999756}, "4": {"z": 1.4765473553697388, "qx": -0.0, "qy": -0.0, "qz": -0.20000000000000001, "_k": 1, "y": -3.4407741669822176, "x": 2.9998015865580685}, "7": {"z": 1.4765473553697388, "qx": -0.0, "qy": -0.0, "qz": -0.1999999999999999, "_k": 1, "y": -3.4407741669822176, "x": -2.9998015865580729}, "6": {"z": 1.5000000000000002, "qx": -0.0, "qy": -0.0, "qz": -0.19999999999999998, "type": "_origin", "_k": 0, "y": -3.425166865496446, "x": -1.0000000000000029}, "1": {"z": 0.074854986194073714, "rx": -4.4195100710314277, "ry": -0.050824884714108134, "type": "support", "rz": 1.1456930198942024, "_k": 2, "y": -3.3779152268895425, "x": 0.18323778677080158}, "0": {"y": -3.4082687391891175, "x": 0.17158603026708974, "z": 0.75908294591324355, "_k": 1}, "3": {"z": 1.5627626634332801, "qx": -0.0, "rx": -17.280489928968571, "qy": -0.0, "ry": 0.35082488471410811, "qz": -0.10000000000000001, "type": "support", "rz": -0.64569301989421357, "_k": 2, "y": -3.4697739619765398, "x": 4.9977319988962448}, "2": {"z": 1.1400000000000001, "type": "_origin", "_k": 0, "y": -3.425166865496446, "x": 1.6279999999999974}, "21": {"y": -2.4420649918037745, "x": -0.17158603026709396, "z": 0.7590829459132431, "_k": 1}, "9": {"y": -3.4082687391891175, "x": -0.17158603026709396, "z": 0.7590829459132431, "_k": 1}, "8": {"z": 1.5627626634332801, "qx": -0.0, "rx": 17.280489928968571, "qy": -0.0, "ry": 0.35082488471410811, "qz": -0.099999999999999964, "type": "support", "rz": -0.64569301989421424, "_k": 2, "y": -3.4697739619765398, "x": -4.9977319988962483}, "14": {"z": 1.1400000000000001, "type": "_origin", "_k": 0, "y": -2.425166865496446, "x": 1.6279999999999974}, "13": {"z": 0.074854986194073714, "rx": -4.4195100710314277, "ry": 0.050824884714108134, "type": "support", "rz": 1.1456930198942024, "_k": 2, "y": -2.4724185041033495, "x": 0.18323778677080158}, "23": {"z": 1.1400000000000001, "type": "_origin", "_k": 0, "y": -2.425166865496446, "x": -1.6280000000000023}}, "max_int_key": 23, "attributes": {"gkey_node": {"5.000,-3.425,1.500": 3, "3.000,-2.425,1.500": 16, "-1.628,-3.425,1.140": 11, "-0.158,-3.425,0.815": 9, "-5.000,-3.425,1.500": 8, "0.172,-2.442,0.759": 12, "-0.158,-2.425,0.815": 21, "3.000,-2.410,1.477": 16, "-3.000,-2.425,1.500": 19, "-0.158,-3.425,0.130": 10, "1.628,-2.425,1.140": 14, "5.000,-2.425,1.500": 15, "0.158,-3.425,0.815": 0, "-1.628,-2.425,1.140": 23, "-5.000,-2.425,1.500": 20, "-0.183,-3.378,0.075": 10, "-3.000,-2.410,1.477": 19, "0.158,-2.425,0.130": 13, "-4.998,-2.381,1.563": 20, "4.998,-2.381,1.563": 15, "-1.000,-3.425,1.500": 6, "-0.183,-2.472,0.075": 22, "1.000,-3.425,1.500": 5, "3.000,-3.425,1.500": 4, "-4.998,-3.470,1.563": 8, "0.158,-3.425,0.130": 1, "0.158,-2.425,0.815": 12, "-3.000,-3.441,1.477": 7, "-0.158,-2.425,0.130": 22, "4.998,-3.470,1.563": 3, "-0.172,-3.408,0.759": 9, "-1.000,-2.425,1.500": 18, "-0.172,-2.442,0.759": 21, "0.183,-3.378,0.075": 1, "3.000,-3.441,1.477": 4, "0.183,-2.472,0.075": 13, "0.172,-3.408,0.759": 0, "1.628,-3.425,1.140": 2, "1.000,-2.425,1.500": 17, "-3.000,-3.425,1.500": 7}, "name": "Network", "tol": "3f"}, "edge_attributes": {"force": 0.0, "type": null, "length": 0.0}, "edge": {"16": {"17": {"force": -12.81451506414038, "length": 1.9999999999999996, "type": "trail"}}, "15": {"16": {"force": -17.298390196428539, "length": 1.9999999999999998, "type": "trail"}}, "18": {"19": {"force": -12.81451506414038, "length": 1.9999999999999987, "type": "trail"}}, "10": {}, "20": {}, "17": {"18": {"force": -12.9, "type": "deviation", "length": 2.0000000000000004}}, "12": {"13": {"force": -1.1469857486525989, "length": 0.68500000000000005, "type": "trail"}, "21": {"force": -4.4000000000000004, "type": "deviation", "length": 0.3431720605341837}}, "22": {}, "19": {"20": {"force": -17.298390196428539, "length": 1.9999999999999989, "type": "trail"}}, "11": {"7": {"force": -4.5999999999999996, "type": "deviation", "length": 1.4125676278144252}, "6": {"force": -0.10000000000000001, "type": "deviation", "length": 0.72386739117050947}, "9": {"force": -4.5281218714314235, "length": 1.5054982563922152, "type": "trail"}}, "5": {"6": {"force": -12.9, "type": "deviation", "length": 2.0000000000000004}, "17": {"force": -0.10000000000000001, "type": "deviation", "length": 1.0}}, "4": {"16": {"force": -0.10000000000000001, "type": "deviation", "length": 1.0312146029715432}, "5": {"force": -12.81451506414038, "length": 1.9999999999999996, "type": "trail"}}, "7": {"19": {"force": -0.10000000000000001, "type": "deviation", "length": 1.0312146029715432}, "8": {"force": -17.298390196428539, "length": 1.9999999999999989, "type": "trail"}}, "6": {"7": {"force": -12.81451506414038, "length": 1.9999999999999987, "type": "trail"}, "18": {"force": -0.10000000000000001, "type": "deviation", "length": 1.0}}, "1": {"10": {"force": -4.4000000000000004, "type": "deviation", "length": 0.36647557354160726}},