{"compas": "1.7.1", "datatype": "compas_cem.diagrams/FormDiagram", "data": {"adjacency": {"16": {"14": null, "15": null, "17": null}, "15": {"16": null}, "18": {"19": null, "23": null, "17": null}, "10": {"1": null, "9": null}, "20": {"19": null}, "17": {"14": null, "18": null, "16": null}, "12": {"13": null, "21": null, "14": null}, "22": {"13": null, "21": null}, "19": {"20": null, "23": null, "18": null}, "11": {"7": null, "6": null, "9": null}, "5": {"4": null, "6": null, "2": null}, "4": {"5": null, "3": null, "2": null}, "7": {"6": null, "8": null, "11": null}, "6": {"7": null, "11": null, "5": null}, "1": {"0": null, "10": null}, "0": {"1": null, "9": null, "2": null}, "3": {"4": null}, "2": {"4": null, "0": null, "5": null}, "21": {"12": null, "22": null, "23": null}, "9": {"0": null, "10": null, "11": null}, "8": {"7": null}, "14": {"12": null, "16": null, "17": null}, "13": {"12": null, "22": null}, "23": {"21": null, "19": null, "18": null}}, "node_attributes": {"z": 0.0, "qx": 0.0, "rx": 0.0, "qy": 0.0, "ry": 0.0, "qz": 0.0, "type": null, "rz": 0.0, "_k": null, "y": 0.0, "x": 0.0}, "node": {"16": {"z": 1.4765466412396837, "qx": -0.0, "qy": -0.0, "qz": -0.20000000000000001, "_k": 1, "y": -2.425166865496446, "x": 2.9998624802627925}, "15": {"z": 1.5627717692324326, "qx": -0.0, "rx": -17.280774425773906, "qy": -0.0, "ry": -0.0, "qz": -0.10000000000000001, "type": "support", "rz": -0.64571184042171759, "_k": 2, "y": -2.425166865496446, "x": 4.9980029225997757}, "18": {"z": 1.5000000000000002, "qx": -0.0, "qy": -0.0, "qz": -0.19999999999999998, "type": "_origin", "_k": 0, "y": -2.425166865496446, "x": -1.0000000000000029}, "10": {"z": 0.074172669485946474, "rx": 4.4192255742260933, "ry": -0.0, "type": "support", "rz": 1.1457118404217261, "_k": 2, "y": -3.425166865496446, "x": -0.18298275329320254}, "20": {"z": 1.5627717692324326, "qx": -0.0, "rx": 17.280774425773906, "qy": -0.0, "ry": -0.0, "qz": -0.099999999999999964, "type": "support", "rz": -0.64571184042171803, "_k": 2, "y": -2.425166865496446, "x": -4.9980029225997793}, "17": {"z": 1.5000000000000002, "qx": -0.0, "qy": -0.0, "qz": -0.20000000000000001, "type": "_origin", "_k": 0, "y": -2.425166865496446, "x": 0.99999999999999756}, "12": {"y": -2.425166865496446, "x": 0.17148975469656391, "z": 0.7590762473589624, "_k": 1}, "22": {"z": 0.074172669485946474, "rx": 4.4192255742260933, "ry": -0.0, "type": "support", "rz": 1.1457118404217261, "_k": 2, "y": -2.425166865496446, "x": -0.18298275329320254}, "19": {"z": 1.4765466412396837, "qx": -0.0, "qy": -0.0, "qz": -0.1999999999999999, "_k": 1, "y": -2.425166865496446, "x": -2.9998624802627969}, "11": {"z": 1.1400000000000001, "type": "_origin", "_k": 0, "y": -3.425166865496446, "x": -1.6280000000000023}, "5": {"z": 1.5000000000000002, "qx": -0.0, "qy": -0.0, "qz": -0.20000000000000001, "type": "_origin", "_k": 0, "y": -3.425166865496446, "x": 0.99999999999999756}, "4": {"z": 1.4765466412396837, "qx": -0.0, "qy": -0.0, "qz": -0.20000000000000001, "_k": 1, "y": -3.425166865496446, "x": 2.9998624802627925}, "7": {"z": 1.4765466412396837, "qx": -0.0, "qy": -0.0, "qz": -0.1999999999999999, "_k": 1, "y": -3.425166865496446, "x": -2.9998624802627969}, "6": {"z": 1.5000000000000002, "qx": -0.0, "qy": -0.0, "qz": -0.19999999999999998, "type": "_origin", "_k": 0, "y": -3.425166865496446, "x": -1.0000000000000029}, "1": {"z": 0.074172669485946807, "rx": -4.4192255742260933, "ry": -0.0, "type": "support", "rz": 1.1457118404217093, "_k": 2, "y": -3.425166865496446, "x": 0.18298275329319841}, "0": {"y": -3.425166865496446, "x": 0.17148975469656391, "z": 0.7590762473589624, "_k": 1}, "3": {"z": 1.5627717692324326, "qx": -0.0, "rx": -17.280774425773906, "qy": -0.0, "ry": -0.0, "qz": -0.10000000000000001, "type": "support", "rz": -0.64571184042171759, "_k": 2, "y": -3.425166865496446, "x": 4.9980029225997757}, "2": {"z": 1.1400000000000001, "type": "_origin", "_k": 0, "y": -3.425166865496446, "x": 1.6279999999999974}, "21": {"y": -2.425166865496446, "x": -0.17148975469656813, "z": 0.75907624735896206, "_k": 1}, "9": {"y": -3.425166865496446, "x": -0.17148975469656813, "z": 0.75907624735896206, "_k": 1}, "8": {"z": 1.5627717692324326, "qx": -0.0, "rx": 17.280774425773906, "qy": -0.0, "ry": -0.0, "qz": -0.099999999999999964, "type": "support", "rz": -0.64571184042171803, "_k": 2, "y": -3.425166865496446, "x": -4.9980029225997793}, "14": {"z": 1.1400000000000001, "type": "_origin", "_k": 0, "y": -2.425166865496446, "x": 1.6279999999999974}, "13": {"z": 0.074172669485946807, "rx": -4.4192255742260933, "ry": -0.0, "type": "support", "rz": 1.1457118404217093, "_k": 2, "y": -2.425166865496446, "x": 0.18298275329319841}, "23": {"z": 1.1400000000000001, "type": "_origin", "_k": 0, "y": -2.425166865496446, "x": -1.6280000000000023}}, "max_int_key": 23, "attributes": {"gkey_node": {"5.000,-3.425,1.500": 3, "3.000,-2.425,1.500": 16, "4.998,-3.425,1.563": 3, "-1.628,-3.425,1.140": 11, "-0.158,-3.425,0.815": 9, "-5.000,-3.425,1.500": 8, "-0.158,-2.425,0.815": 21, "-0.183,-2.425,0.074": 22, "-0.183,-3.425,0.074": 10, "-3.000,-2.425,1.500": 19, "-0.171,-3.425,0.759": 9, "-0.158,-3.425,0.130": 10, "3.000,-3.425,1.477": 4, "1.628,-2.425,1.140": 14, "5.000,-2.425,1.500": 15, "0.171,-3.425,0.759": 0, "0.158,-3.425,0.815": 0, "0.183,-2.425,0.074": 13, "-1.628,-2.425,1.140": 23, "-5.000,-2.425,1.500": 20, "0.171,-2.425,0.759": 12, "4.998,-2.425,1.563": 15, "0.158,-2.425,0.130": 13, "-1.000,-3.425,1.500": 6, "-3.000,-2.425,1.477": 19, "1.000,-3.425,1.500": 5, "3.000,-3.425,1.500": 4, "-4.998,-2.425,1.563": 20, "0.158,-3.425,0.130": 1, "-0.171,-2.425,0.759": 21, "3.000,-2.425,1.477": 16, "0.158,-2.425,0.815": 12, "-0.158,-2.425,0.130": 22, "-1.000,-2.425,1.500": 18, "-3.000,-3.425,1.477": 7, "-4.998,-3.425,1.563": 8, "1.628,-3.425,1.140": 2, "1.000,-2.425,1.500": 17, "0.183,-3.425,0.074": 1, "-3.000,-3.425,1.500": 7}, "name": "Network", "tol": "3f"}, "edge_attributes": {"force": 0.0, "type": null, "length": 0.0}, "edge": {"16": {"17": {"force": -12.814124875662822, "length": 1.9999999999999993, "type": "trail"}}, "15": {"16": {"force": -17.296856676963785, "length": 2.0, "type": "trail"}}, "18": {"19": {"force": -12.814124875662822, "length": 1.9999999999999984, "type": "trail"}}, "10": {}, "20": {}, "17": {"18": {"force": -12.9, "type": "deviation", "length": 2.0000000000000004}}, "12": {"13": {"force": -1.1458731360786989, "length": 0.68500000000000016, "type": "trail"}, "21": {"force": -4.4000000000000004, "type": "deviation", "length": 0.34297950939313204}}, "22": {}, "19": {"20": {"force": -17.296856676963785, "length": 1.9999999999999993, "type": "trail"}}, "11": {"7": {"force": -4.5999999999999996, "type": "deviation", "length": 1.4125403733991106}, "6": {"force": -0.10000000000000001, "type": "deviation", "length": 0.72386739117050947}, "9": {"force": -4.5281166273404692, "length": 1.5054982563922152, "type": "trail"}}, "5": {"6": {"force": -12.9, "type": "deviation", "length": 2.0000000000000004}}, "4": {"5": {"force": -12.814124875662822, "length": 1.9999999999999993, "type": "trail"}}, "7": {"8": {"force": -17.296856676963785, "length": 1.9999999999999993, "type": "trail"}}, "6": {"7": {"force": -12.814124875662822, "length": 1.9999999999999984, "type": "trail"}}, "1": {"10": {"force": -4.4000000000000004, "type": "deviation", "length": 0.36596550658640092}}, "0": {"1": {"force": -1.1458731360786989, "length": 0.68500000000000016, "type": "trail"}, "9": {"force": -4.4000000000000004, "type": "deviation", "length": 0.34297950939313204}}, "3": {"4": {"force": -17.296856676963785, "length": 2.0, "type": "trail"}}, "2": {"4": {"force": -4.5999999999999996, "type": "deviation", "length": 1.4125403733991111}, "0": {"force": -4.5281166273404692, "length": 1.5054982563922148, "type": "trail"}, "5": {"force": -0.10000000000000001, "type": "deviation", "length": 0.7238673911705098}}, "21": {"22": {"force": -1.1458731360787078, "length": 0.68500000000000016, "type": "trail"}},