{"compas": "1.7.1", "datatype": "compas_cem.diagrams/TopologyDiagram", "data": {"adjacency": {"16": {"18": null, "29": null, "17": null}, "26": {"31": null, "27": null, "10": null, "25": null}, "15": {"13": null, "8": null, "10": null}, "18": {"21": null, "23": null, "16": null}, "25": {"26": null, "9": null, "24": null}, "28": {"12": null, "27": null}, "10": {"26": null, "15": null, "9": null, "11": null}, "30": {"29": null, "17": null}, "20": {"4": null, "21": null, "19": null}, "17": {"30": null, "16": null}, "27": {"28": null, "26": null, "11": null}, "12": {"28": null, "11": null}, "22": {"21": null, "6": null, "23": null}, "19": {"20": null, "3": null}, "29": {"30": null, "31": null, "16": null}, "11": {"12": null, "27": null, "10": null}, "5": {"4": null, "21": null, "6": null, "2": null}, "4": {"20": null, "3": null, "5": null}, "7": {"6": null, "23": null, "8": null, "2": null}, "6": {"7": null, "22": null, "5": null}, "1": {"14": null, "0": null}, "0": {"13": null, "1": null, "2": null}, "3": {"4": null, "19": null}, "2": {"7": null, "0": null, "5": null}, "21": {"20": null, "22": null, "18": null, "5": null}, "31": {"26": null, "29": null, "24": null}, "9": {"25": null, "8": null, "10": null}, "8": {"7": null, "15": null, "9": null, "24": null}, "14": {"13": null, "1": null}, "24": {"31": null, "23": null, "8": null, "25": null}, "13": {"14": null, "15": null, "0": null}, "23": {"7": null, "22": null, "18": null, "24": null}}, "node_attributes": {"z": 0.0, "qx": 0.0, "rx": 0.0, "qy": 0.0, "ry": 0.0, "qz": 0.0, "type": null, "rz": 0.0, "_k": null, "y": 0.0, "x": 0.0}, "node": {"16": {"_k": 1, "z": 0.81500000000000017, "y": -2.425166865496446, "x": 0.15799999999999786}, "26": {"z": 1.5000000000000002, "qx": -0.0, "qy": -0.0, "qz": -0.11111111111111119, "_k": 2, "y": -2.425166865496446, "x": -2.7777777777777803}, "15": {"z": 1.1400000000000001, "type": "_origin", "_k": 0, "y": -3.425166865496446, "x": -1.2946666666666689}, "18": {"z": 1.1400000000000001, "type": "_origin", "_k": 0, "y": -2.425166865496446, "x": 1.2946666666666644}, "25": {"z": 1.5000000000000002, "qx": -0.0, "qy": -0.0, "qz": -0.11111111111111116, "_k": 1, "y": -2.425166865496446, "x": -1.666666666666669}, "28": {"z": 1.5000000000000002, "qx": -0.0, "qy": -0.0, "qz": -0.055555555555555428, "type": "support", "_k": 4, "y": -2.425166865496446, "x": -5.0000000000000009}, "10": {"z": 1.5000000000000002, "qx": -0.0, "qy": -0.0, "qz": -0.11111111111111119, "_k": 2, "y": -3.425166865496446, "x": -2.7777777777777803}, "30": {"z": 0.13000000000000012, "type": "support", "_k": 2, "y": -2.425166865496446, "x": -0.15800000000000214}, "20": {"z": 1.5000000000000002, "qx": -0.0, "qy": -0.0, "qz": -0.1111111111111111, "_k": 3, "y": -2.425166865496446, "x": 3.8888888888888866}, "17": {"z": 0.13000000000000012, "type": "support", "_k": 2, "y": -2.425166865496446, "x": 0.15799999999999786}, "27": {"z": 1.5000000000000002, "qx": -0.0, "qy": -0.0, "qz": -0.11111111111111104, "_k": 3, "y": -2.425166865496446, "x": -3.8888888888888924}, "12": {"z": 1.5000000000000002, "qx": -0.0, "qy": -0.0, "qz": -0.055555555555555428, "type": "support", "_k": 4, "y": -3.425166865496446, "x": -5.0000000000000009}, "22": {"z": 1.5000000000000002, "qx": -0.0, "qy": -0.0, "qz": -0.1111111111111111, "_k": 1, "y": -2.425166865496446, "x": 1.6666666666666645}, "19": {"z": 1.5000000000000002, "qx": -0.0, "qy": -0.0, "qz": -0.055555555555555539, "type": "support", "_k": 4, "y": -2.425166865496446, "x": 4.9999999999999973}, "29": {"_k": 1, "z": 0.81500000000000017, "y": -2.425166865496446, "x": -0.15800000000000214}, "11": {"z": 1.5000000000000002, "qx": -0.0, "qy": -0.0, "qz": -0.11111111111111104, "_k": 3, "y": -3.425166865496446, "x": -3.8888888888888924}, "5": {"z": 1.5000000000000002, "qx": -0.0, "qy": -0.0, "qz": -0.1111111111111111, "_k": 2, "y": -3.425166865496446, "x": 2.7777777777777755}, "4": {"z": 1.5000000000000002, "qx": -0.0, "qy": -0.0, "qz": -0.1111111111111111, "_k": 3, "y": -3.425166865496446, "x": 3.8888888888888866}, "7": {"z": 1.5000000000000002, "qx": -0.0, "qy": -0.0, "qz": -0.1111111111111111, "type": "_origin", "_k": 0, "y": -3.425166865496446, "x": 0.55555555555555325}, "6": {"z": 1.5000000000000002, "qx": -0.0, "qy": -0.0, "qz": -0.1111111111111111, "_k": 1, "y": -3.425166865496446, "x": 1.6666666666666645}, "1": {"z": 0.13000000000000012, "type": "support", "_k": 2, "y": -3.425166865496446, "x": 0.15799999999999786}, "0": {"_k": 1, "z": 0.81500000000000017, "y": -3.425166865496446, "x": 0.15799999999999786}, "3": {"z": 1.5000000000000002, "qx": -0.0, "qy": -0.0, "qz": -0.055555555555555539, "type": "support", "_k": 4, "y": -3.425166865496446, "x": 4.9999999999999973}, "2": {"z": 1.1400000000000001, "type": "_origin", "_k": 0, "y": -3.425166865496446, "x": 1.2946666666666644}, "21": {"z": 1.5000000000000002, "qx": -0.0, "qy": -0.0, "qz": -0.1111111111111111, "_k": 2, "y": -2.425166865496446, "x": 2.7777777777777755}, "31": {"z": 1.1400000000000001, "type": "_origin", "_k": 0, "y": -2.425166865496446, "x": -1.2946666666666689}, "9": {"z": 1.5000000000000002, "qx": -0.0, "qy": -0.0, "qz": -0.11111111111111116, "_k": 1, "y": -3.425166865496446, "x": -1.666666666666669}, "8": {"z": 1.5000000000000002, "qx": -0.0, "qy": -0.0, "qz": -0.11111111111111112, "type": "_origin", "_k": 0, "y": -3.425166865496446, "x": -0.55555555555555747}, "14": {"z": 0.13000000000000012, "type": "support", "_k": 2, "y": -3.425166865496446, "x": -0.15800000000000214}, "24": {"z": 1.5000000000000002, "qx": -0.0, "qy": -0.0, "qz": -0.11111111111111112, "type": "_origin", "_k": 0, "y": -2.425166865496446, "x": -0.55555555555555747}, "13": {"_k": 1, "z": 0.81500000000000017, "y": -3.425166865496446, "x": -0.15800000000000214}, "23": {"z": 1.5000000000000002, "qx": -0.0, "qy": -0.0, "qz": -0.1111111111111111, "type": "_origin", "_k": 0, "y": -2.425166865496446, "x": 0.55555555555555325}}, "max_int_key": 31, "attributes": {"gkey_node": {"5.000,-3.425,1.500": 3, "1.667,-3.425,1.500": 6, "-2.778,-2.425,1.500": 26, "-0.158,-3.425,0.815": 13, "0.556,-2.425,1.500": 23, "-5.000,-3.425,1.500": 12, "-0.158,-2.425,0.815": 29, "-0.556,-2.425,1.500": 24, "-0.158,-3.425,0.130": 14, "2.778,-3.425,1.500": 5, "3.889,-2.425,1.500": 20, "1.295,-2.425,1.140": 18, "5.000,-2.425,1.500": 19, "0.158,-3.425,0.815": 0, "-1.295,-2.425,1.140": 31, "-2.778,-3.425,1.500": 10, "1.667,-2.425,1.500": 22, "-5.000,-2.425,1.500": 28, "-0.556,-3.425,1.500": 8, "0.556,-3.425,1.500": 7, "-1.667,-3.425,1.500": 9, "0.158,-2.425,0.130": 17, "-1.295,-3.425,1.140": 15, "1.295,-3.425,1.140": 2, "-3.889,-3.425,1.500": 11, "0.158,-3.425,0.130": 1, "-1.667,-2.425,1.500": 25, "0.158,-2.425,0.815": 16, "-0.158,-2.425,0.130": 30, "-3.889,-2.425,1.500": 27, "2.778,-2.425,1.500": 21, "3.889,-3.425,1.500": 4}, "name": "Network", "_aux_length": 0.33000000000000002, "_trails": {"31": [31, 29, 30], "2": [2, 0, 1], "7": [7, 6, 5, 4, 3], "8": [8, 9, 10, 11, 12], "15": [15, 13, 14], "18": [18, 16, 17], "23": [23, 22, 21, 20, 19], "24": [24, 25, 26, 27, 28]}, "tol": "3f", "_auxiliary_trails": {}, "_aux_vector": {"dtype": "compas.geometry/Vector", "value": [-0.0, -0.0, -1.0]}}, "edge_attributes": {"force": 0.0, "type": null, "length": 0.0}, "edge": {"16": {"29": {"force": -4.4000000000000004, "type": "deviation"}, "17": {"length": -0.68500000000000005, "type": "trail"}}, "26": {"27": {"length": -1.111111111111112, "type": "trail"}}, "15": {"13": {"length": -1.1822166092180872, "type": "trail"}, "8": {"force": -0.10000000000000001, "type": "deviation"}, "10": {"force": -4.5999999999999996, "type": "deviation"}}, "18": {"21": {"force": -4.5999999999999996, "type": "deviation"}, "23": {"force": -0.10000000000000001, "type": "deviation"}, "16": {"length": -1.182216609218087, "type": "trail"}}, "25": {"26": {"length": -1.1111111111111114, "type": "trail"}}, "28": {}, "10": {"26": {"force": -0.10000000000000001, "type": "deviation"}, "11": {"length": -1.111111111111112, "type": "trail"}},