{"data": {"node": {"9": {"z": 1.0000000000000002, "x": 1.6666666666666647, "y": -3.425166865496446, "_k": 0, "type": "_origin"}, "7": {"qx": -0.0, "qy": -0.0, "z": 1.5000000000000002, "x": 4.9999999999999973, "qz": -0.062499999999999979, "y": -3.425166865496446, "_k": 7, "type": "support"}, "10": {"qx": -0.0, "qy": -0.0, "z": 1.4999999999999931, "x": -5.0000000000000009, "qz": -0.062499999999999979, "y": -3.425166865496446, "_k": 2, "type": "support"}, "3": {"qy": -0.0, "z": 1.5000000000000002, "x": -2.1316282072803005e-15, "qz": -0.125, "y": -3.425166865496446, "_k": 3, "qx": -0.0}, "5": {"qy": -0.0, "z": 1.5000000000000002, "x": 2.4999999999999978, "qz": -0.125, "y": -3.425166865496446, "_k": 5, "qx": -0.0}, "0": {"type": "_origin", "qy": -0.0, "z": 1.5000000000000002, "x": -3.7500000000000013, "qz": -0.12499999999999997, "y": -3.425166865496446, "_k": 0, "qx": -0.0}, "4": {"qy": -0.0, "z": 1.5000000000000002, "x": 1.2499999999999978, "qz": -0.125, "y": -3.425166865496446, "_k": 4, "qx": -0.0}, "2": {"qy": -0.0, "z": 1.5000000000000002, "x": -1.250000000000002, "qz": -0.12499999999999997, "y": -3.425166865496446, "_k": 2, "qx": -0.0}, "1": {"qy": -0.0, "z": 1.5000000000000002, "x": -2.5000000000000013, "qz": -0.12499999999999997, "y": -3.425166865496446, "_k": 1, "qx": -0.0}, "6": {"qy": -0.0, "z": 1.5000000000000002, "x": 3.7499999999999978, "qz": -0.12499999999999997, "y": -3.425166865496446, "_k": 6, "qx": -0.0}, "8": {"y": -3.425166865496446, "_k": 1, "z": 1.0000000000000002, "x": -1.6666666666666692}}, "adjacency": {"9": {"3": null, "8": null, "7": null}, "7": {"6": null, "9": null}, "10": {"0": null, "8": null}, "3": {"2": null, "8": null, "9": null, "4": null}, "5": {"6": null, "4": null}, "0": {"1": null, "10": null}, "4": {"3": null, "5": null}, "2": {"1": null, "3": null}, "1": {"2": null, "0": null}, "6": {"7": null, "5": null}, "8": {"10": null, "3": null, "9": null}}, "max_int_key": 10, "edge": {"9": {"3": {"force": -0.20000000000000001, "type": "deviation"}, "7": {"force": 0.10000000000000001, "type": "deviation"}}, "7": {}, "10": {"0": {"force": -0.80000000000000004, "type": "deviation"}}, "3": {"8": {"force": -0.20000000000000001, "type": "deviation"}, "4": {"length": -1.25, "type": "trail"}}, "5": {"6": {"length": -1.25, "type": "trail"}}, "0": {"1": {"length": -1.25, "type": "trail"}}, "4": {"5": {"length": -1.25, "type": "trail"}}, "2": {"3": {"length": -1.2499999999999998, "type": "trail"}}, "1": {"2": {"length": -1.2499999999999993, "type": "trail"}}, "6": {"7": {"length": -1.2499999999999996, "type": "trail"}}, "8": {"10": {"length": 3.3706247360261123, "type": "trail"}, "9": {"length": 3.3333333333333339, "type": "trail"}}}, "edge_attributes": {"length": 0.0, "type": null, "force": 0.0}, "node_attributes": {"qx": 0.0, "qy": 0.0, "z": 0.0, "rx": 0.0, "rz": 0.0, "x": 0.0, "qz": 0.0, "y": 0.0, "_k": null, "ry": 0.0, "type": null}, "attributes": {"_aux_vector": {"dtype": "compas.geometry/Vector", "value": [-0.0, -0.0, -1.0]}, "tol": "3f", "gkey_node": {"-1.667,-3.425,1.000": 8, "5.000,-3.425,1.500": 7, "2.500,-3.425,1.500": 5, "3.750,-3.425,1.500": 6, "1.250,-3.425,1.500": 4, "-5.000,-3.425,1.500": 10, "0.000,-3.425,1.500": 3, "1.667,-3.425,1.000": 9, "-3.750,-3.425,1.500": 0, "-1.250,-3.425,1.500": 2, "-2.500,-3.425,1.500": 1}, "name": "Network", "_auxiliary_trails": {}, "_trails": {"0": [0, 1, 2, 3, 4, 5, 6, 7], "9": [9, 8, 10]}, "_aux_length": 0.33000000000000002}}, "datatype": "compas_cem.diagrams/TopologyDiagram", "compas": "1.7.1"}