{"data": {"node": {"9": {"qy": -0.0, "z": 1.5000000000000002, "x": 3.3333333333333308, "qz": -0.083333333333333343, "y": -3.425166865496446, "_k": 9, "qx": -0.0}, "14": {"qx": -0.0, "qy": -0.0, "z": 1.4999999999999931, "x": -5.0000000000000009, "qz": -0.041666666666666699, "y": -3.425166865496446, "_k": 2, "type": "support"}, "7": {"qy": -0.0, "z": 1.5000000000000002, "x": 1.6666666666666645, "qz": -0.083333333333333343, "y": -3.425166865496446, "_k": 7, "qx": -0.0}, "12": {"y": -3.425166865496446, "_k": 1, "z": 1.0000000000000002, "x": -1.6666666666666692}, "10": {"qy": -0.0, "z": 1.5000000000000002, "x": 4.1666666666666643, "qz": -0.083333333333333343, "y": -3.425166865496446, "_k": 10, "qx": -0.0}, "3": {"qy": -0.0, "z": 1.5000000000000002, "x": -1.6666666666666676, "qz": -0.083333333333333315, "y": -3.425166865496446, "_k": 3, "qx": -0.0}, "5": {"qy": -0.0, "z": 1.5000000000000002, "x": -2.1316282072803005e-15, "qz": -0.083333333333333315, "y": -3.425166865496446, "_k": 5, "qx": -0.0}, "13": {"z": 1.0000000000000002, "x": 1.6666666666666647, "y": -3.425166865496446, "_k": 0, "type": "_origin"}, "0": {"type": "_origin", "qy": -0.0, "z": 1.5000000000000002, "x": -4.166666666666667, "qz": -0.083333333333333287, "y": -3.425166865496446, "_k": 0, "qx": -0.0}, "4": {"qy": -0.0, "z": 1.5000000000000002, "x": -0.83333333333333492, "qz": -0.083333333333333287, "y": -3.425166865496446, "_k": 4, "qx": -0.0}, "11": {"qx": -0.0, "qy": -0.0, "z": 1.5000000000000002, "x": 4.9999999999999973, "qz": -0.041666666666666657, "y": -3.425166865496446, "_k": 11, "type": "support"}, "2": {"qy": -0.0, "z": 1.5000000000000002, "x": -2.5000000000000013, "qz": -0.083333333333333384, "y": -3.425166865496446, "_k": 2, "qx": -0.0}, "1": {"qy": -0.0, "z": 1.5000000000000002, "x": -3.3333333333333353, "qz": -0.083333333333333287, "y": -3.425166865496446, "_k": 1, "qx": -0.0}, "6": {"qy": -0.0, "z": 1.5000000000000002, "x": 0.83333333333333115, "qz": -0.083333333333333343, "y": -3.425166865496446, "_k": 6, "qx": -0.0}, "8": {"qy": -0.0, "z": 1.5000000000000002, "x": 2.4999999999999978, "qz": -0.083333333333333315, "y": -3.425166865496446, "_k": 8, "qx": -0.0}}, "adjacency": {"9": {"10": null, "8": null}, "14": {"0": null, "12": null}, "7": {"6": null, "8": null}, "12": {"14": null, "13": null, "5": null}, "10": {"11": null, "9": null}, "3": {"2": null, "4": null}, "5": {"6": null, "13": null, "12": null, "4": null}, "13": {"11": null, "12": null, "5": null}, "0": {"1": null, "14": null}, "4": {"3": null, "5": null}, "11": {"10": null, "13": null}, "2": {"1": null, "3": null}, "1": {"2": null, "0": null}, "6": {"7": null, "5": null}, "8": {"9": null, "7": null}}, "max_int_key": 14, "edge": {"9": {"10": {"length": -0.83333333333333348, "type": "trail"}}, "14": {"0": {"force": -0.80000000000000004, "type": "deviation"}}, "7": {"8": {"length": -0.83333333333333326, "type": "trail"}}, "12": {"14": {"length": 3.3706247360261123, "type": "trail"}, "13": {"length": 3.3333333333333339, "type": "trail"}}, "10": {"11": {"length": -0.83333333333333304, "type": "trail"}}, "3": {"4": {"length": -0.8333333333333327, "type": "trail"}}, "5": {"6": {"length": -0.83333333333333326, "type": "trail"}, "12": {"force": -0.20000000000000001, "type": "deviation"}}, "13": {"11": {"force": 0.10000000000000001, "type": "deviation"}, "5": {"force": -0.20000000000000001, "type": "deviation"}}, "0": {"1": {"length": -0.83333333333333171, "type": "trail"}}, "4": {"5": {"length": -0.83333333333333282, "type": "trail"}}, "11": {}, "2": {"3": {"length": -0.8333333333333337, "type": "trail"}}, "1": {"2": {"length": -0.83333333333333393, "type": "trail"}}, "6": {"7": {"length": -0.83333333333333337, "type": "trail"}}, "8": {"9": {"length": -0.83333333333333304, "type": "trail"}}}, "edge_attributes": {"length": 0.0, "type": null, "force": 0.0}, "node_attributes": {"qx": 0.0, "qy": 0.0, "z": 0.0, "rx": 0.0, "rz": 0.0, "x": 0.0, "qz": 0.0, "y": 0.0, "_k": null, "ry": 0.0, "type": null}, "attributes": {"_aux_vector": {"dtype": "compas.geometry/Vector", "value": [-0.0, -0.0, -1.0]}, "tol": "3f", "gkey_node": {"1.667,-3.425,1.500": 7, "-1.667,-3.425,1.000": 12, "0.833,-3.425,1.500": 6, "5.000,-3.425,1.500": 11, "-3.333,-3.425,1.500": 1, "2.500,-3.425,1.500": 8, "-5.000,-3.425,1.500": 14, "4.167,-3.425,1.500": 10, "-4.167,-3.425,1.500": 0, "0.000,-3.425,1.500": 5, "1.667,-3.425,1.000": 13, "-0.833,-3.425,1.500": 4, "3.333,-3.425,1.500": 9, "-1.667,-3.425,1.500": 3, "-2.500,-3.425,1.500": 2}, "name": "Network", "_auxiliary_trails": {}, "_trails": {"0": [0, 1, 2, 3, 4, 5, 6, 7, 8, 9, 10, 11], "13": [13, 12, 14]}, "_aux_length": 0.33000000000000002}}, "datatype": "compas_cem.diagrams/TopologyDiagram", "compas": "1.7.1"}