{"data": {"node": {"7": {"z": 1.0000000000000002, "x": 1.6666666666666647, "y": -3.425166865496446, "_k": 0, "type": "_origin"}, "3": {"qy": -0.0, "z": 1.5000000000000002, "x": 1.6666666666666645, "qz": -0.16666666666666666, "y": -3.425166865496446, "_k": 3, "qx": -0.0}, "5": {"qx": -0.0, "qy": -0.0, "z": 1.5000000000000002, "x": 4.9999999999999973, "qz": -0.083333333333333329, "y": -3.425166865496446, "_k": 5, "type": "support"}, "0": {"type": "_origin", "qy": -0.0, "z": 1.5000000000000002, "x": -3.3333333333333353, "qz": -0.16666666666666669, "y": -3.425166865496446, "_k": 0, "qx": -0.0}, "4": {"qy": -0.0, "z": 1.5000000000000002, "x": 3.3333333333333308, "qz": -0.16666666666666663, "y": -3.425166865496446, "_k": 4, "qx": -0.0}, "2": {"qy": -0.0, "z": 1.5000000000000002, "x": -2.1316282072803005e-15, "qz": -0.16666666666666663, "y": -3.425166865496446, "_k": 2, "qx": -0.0}, "1": {"qy": -0.0, "z": 1.5000000000000002, "x": -1.6666666666666676, "qz": -0.16666666666666666, "y": -3.425166865496446, "_k": 1, "qx": -0.0}, "6": {"y": -3.425166865496446, "_k": 1, "z": 1.0000000000000002, "x": -1.6666666666666692}, "8": {"qx": -0.0, "qy": -0.0, "z": 1.4999999999999931, "x": -5.0000000000000009, "qz": -0.083333333333333287, "y": -3.425166865496446, "_k": 2, "type": "support"}}, "adjacency": {"7": {"2": null, "6": null, "5": null}, "3": {"2": null, "4": null}, "5": {"7": null, "4": null}, "0": {"1": null, "8": null}, "4": {"3": null, "5": null}, "2": {"1": null, "3": null, "6": null, "7": null}, "1": {"2": null, "0": null}, "6": {"2": null, "8": null, "7": null}, "8": {"6": null, "0": null}}, "max_int_key": 8, "edge": {"7": {"2": {"force": -0.20000000000000001, "type": "deviation"}, "5": {"force": 0.10000000000000001, "type": "deviation"}}, "3": {"4": {"length": -1.6666666666666663, "type": "trail"}}, "5": {}, "0": {"1": {"length": -1.6666666666666676, "type": "trail"}}, "4": {"5": {"length": -1.6666666666666665, "type": "trail"}}, "2": {"6": {"force": -0.20000000000000001, "type": "deviation"}, "3": {"length": -1.6666666666666667, "type": "trail"}}, "1": {"2": {"length": -1.6666666666666654, "type": "trail"}}, "6": {"8": {"length": 3.3706247360261123, "type": "trail"}, "7": {"length": 3.3333333333333339, "type": "trail"}}, "8": {"0": {"force": -0.80000000000000004, "type": "deviation"}}}, "edge_attributes": {"length": 0.0, "type": null, "force": 0.0}, "node_attributes": {"qx": 0.0, "qy": 0.0, "z": 0.0, "rx": 0.0, "rz": 0.0, "x": 0.0, "qz": 0.0, "y": 0.0, "_k": null, "ry": 0.0, "type": null}, "attributes": {"_aux_vector": {"dtype": "compas.geometry/Vector", "value": [-0.0, -0.0, -1.0]}, "tol": "3f", "gkey_node": {"1.667,-3.425,1.500": 3, "-1.667,-3.425,1.000": 6, "5.000,-3.425,1.500": 5, "-3.333,-3.425,1.500": 0, "-5.000,-3.425,1.500": 8, "0.000,-3.425,1.500": 2, "1.667,-3.425,1.000": 7, "3.333,-3.425,1.500": 4, "-1.667,-3.425,1.500": 1}, "name": "Network", "_auxiliary_trails": {}, "_trails": {"0": [0, 1, 2, 3, 4, 5], "7": [7, 6, 8]}, "_aux_length": 0.33000000000000002}}, "datatype": "compas_cem.diagrams/TopologyDiagram", "compas": "1.7.1"}