{"data": {"node": {"9": {"qy": -0.0, "z": 1.5000000000000002, "x": 2.1428571428571401, "qz": -0.071428571428571425, "y": -3.425166865496446, "_k": 9, "qx": -0.0}, "14": {"y": -3.425166865496446, "_k": 1, "z": 1.0000000000000002, "x": -1.6666666666666692}, "7": {"qy": -0.0, "z": 1.5000000000000002, "x": 0.71428571428571208, "qz": -0.071428571428571425, "y": -3.425166865496446, "_k": 7, "qx": -0.0}, "12": {"qy": -0.0, "z": 1.5000000000000002, "x": 4.2857142857142829, "qz": -0.071428571428571438, "y": -3.425166865496446, "_k": 12, "qx": -0.0}, "10": {"qy": -0.0, "z": 1.5000000000000002, "x": 2.8571428571428545, "qz": -0.071428571428571425, "y": -3.425166865496446, "_k": 10, "qx": -0.0}, "3": {"qy": -0.0, "z": 1.5000000000000002, "x": -2.1428571428571446, "qz": -0.071428571428571397, "y": -3.425166865496446, "_k": 3, "qx": -0.0}, "15": {"z": 1.0000000000000002, "x": 1.6666666666666647, "y": -3.425166865496446, "_k": 0, "type": "_origin"}, "5": {"qy": -0.0, "z": 1.5000000000000002, "x": -0.71428571428571586, "qz": -0.071428571428571425, "y": -3.425166865496446, "_k": 5, "qx": -0.0}, "13": {"qx": -0.0, "qy": -0.0, "z": 1.5000000000000002, "x": 4.9999999999999973, "qz": -0.035714285714285719, "y": -3.425166865496446, "_k": 13, "type": "support"}, "0": {"type": "_origin", "qy": -0.0, "z": 1.5000000000000002, "x": -4.2857142857142865, "qz": -0.071428571428571425, "y": -3.425166865496446, "_k": 0, "qx": -0.0}, "4": {"qy": -0.0, "z": 1.5000000000000002, "x": -1.4285714285714306, "qz": -0.071428571428571438, "y": -3.425166865496446, "_k": 4, "qx": -0.0}, "11": {"qy": -0.0, "z": 1.5000000000000002, "x": 3.5714285714285685, "qz": -0.071428571428571425, "y": -3.425166865496446, "_k": 11, "qx": -0.0}, "2": {"qy": -0.0, "z": 1.5000000000000002, "x": -2.8571428571428585, "qz": -0.071428571428571397, "y": -3.425166865496446, "_k": 2, "qx": -0.0}, "1": {"qy": -0.0, "z": 1.5000000000000002, "x": -3.5714285714285725, "qz": -0.071428571428571397, "y": -3.425166865496446, "_k": 1, "qx": -0.0}, "6": {"qy": -0.0, "z": 1.5000000000000002, "x": -2.1316282072803005e-15, "qz": -0.071428571428571397, "y": -3.425166865496446, "_k": 6, "qx": -0.0}, "8": {"qy": -0.0, "z": 1.5000000000000002, "x": 1.4285714285714262, "qz": -0.071428571428571397, "y": -3.425166865496446, "_k": 8, "qx": -0.0}, "16": {"qx": -0.0, "qy": -0.0, "z": 1.4999999999999931, "x": -5.0000000000000009, "qz": -0.035714285714285719, "y": -3.425166865496446, "_k": 2, "type": "support"}}, "adjacency": {"9": {"10": null, "8": null}, "14": {"6": null, "15": null, "16": null}, "7": {"6": null, "8": null}, "12": {"11": null, "13": null}, "10": {"11": null, "9": null}, "3": {"2": null, "4": null}, "15": {"6": null, "14": null, "13": null}, "5": {"6": null, "4": null}, "13": {"15": null, "12": null}, "0": {"1": null, "16": null}, "4": {"3": null, "5": null}, "11": {"10": null, "12": null}, "2": {"1": null, "3": null}, "1": {"2": null, "0": null}, "6": {"14": null, "7": null, "15": null, "5": null}, "8": {"9": null, "7": null}, "16": {"14": null, "0": null}}, "max_int_key": 16, "edge": {"9": {"10": {"length": -0.71428571428571441, "type": "trail"}}, "14": {"15": {"length": 3.3333333333333339, "type": "trail"}, "16": {"length": 3.3706247360261123, "type": "trail"}}, "7": {"8": {"length": -0.71428571428571408, "type": "trail"}}, "12": {"13": {"length": -0.71428571428571441, "type": "trail"}}, "10": {"11": {"length": -0.71428571428571397, "type": "trail"}}, "3": {"4": {"length": -0.71428571428571397, "type": "trail"}}, "15": {"6": {"force": -0.20000000000000001, "type": "deviation"}, "13": {"force": 0.10000000000000001, "type": "deviation"}}, "5": {"6": {"length": -0.71428571428571375, "type": "trail"}}, "13": {}, "0": {"1": {"length": -0.71428571428571397, "type": "trail"}}, "4": {"5": {"length": -0.71428571428571475, "type": "trail"}}, "11": {"12": {"length": -0.71428571428571441, "type": "trail"}}, "2": {"3": {"length": -0.71428571428571397, "type": "trail"}}, "1": {"2": {"length": -0.71428571428571397, "type": "trail"}}, "6": {"14": {"force": -0.20000000000000001, "type": "deviation"}, "7": {"length": -0.71428571428571419, "type": "trail"}}, "8": {"9": {"length": -0.71428571428571397, "type": "trail"}}, "16": {"0": {"force": -0.80000000000000004, "type": "deviation"}}}, "edge_attributes": {"length": 0.0, "type": null, "force": 0.0}, "node_attributes": {"qx": 0.0, "qy": 0.0, "z": 0.0, "rx": 0.0, "rz": 0.0, "x": 0.0, "qz": 0.0, "y": 0.0, "_k": null, "ry": 0.0, "type": null}, "attributes": {"_aux_vector": {"dtype": "compas.geometry/Vector", "value": [-0.0, -0.0, -1.0]}, "tol": "3f", "gkey_node": {"-1.667,-3.425,1.000": 14, "5.000,-3.425,1.500": 13, "-2.857,-3.425,1.500": 2, "-2.143,-3.425,1.500": 3, "0.714,-3.425,1.500": 7, "-0.714,-3.425,1.500": 5, "2.857,-3.425,1.500": 10, "-5.000,-3.425,1.500": 16, "-3.571,-3.425,1.500": 1, "-1.429,-3.425,1.500": 4, "1.429,-3.425,1.500": 8, "2.143,-3.425,1.500": 9, "-4.286,-3.425,1.500": 0, "0.000,-3.425,1.500": 6, "1.667,-3.425,1.000": 15, "3.571,-3.425,1.500": 11, "4.286,-3.425,1.500": 12}, "name": "Network", "_auxiliary_trails": {}, "_trails": {"0": [0, 1, 2, 3, 4, 5, 6, 7, 8, 9, 10, 11, 12, 13], "15": [15, 14, 16]}, "_aux_length": 0.33000000000000002}}, "datatype": "compas_cem.diagrams/TopologyDiagram", "compas": "1.7.1"}