{"compas": "1.7.1", "datatype": "compas_cem.diagrams/TopologyDiagram", "data": {"adjacency": {"16": {"15": null, "17": null}, "36": {"37": null, "35": null}, "26": {"4": null, "27": null, "25": null}, "45": {"13": null}, "15": {"14": null, "16": null}, "18": {"19": null, "17": null}, "35": {"36": null, "13": null, "34": null}, "25": {"26": null, "3": null, "24": null}, "28": {"27": null, "6": null, "29": null}, "38": {"37": null, "39": null}, "40": {"41": null, "39": null}, "10": {"32": null, "9": null, "11": null}, "30": {"31": null, "29": null, "8": null}, "20": {"21": null, "19": null}, "17": {"18": null, "16": null}, "37": {"36": null, "38": null}, "27": {"28": null, "26": null, "5": null}, "42": {"41": null, "43": null}, "12": {"13": null, "34": null, "11": null}, "32": {"31": null, "33": null, "10": null}, "22": {"21": null, "23": null, "0": null}, "19": {"20": null, "18": null}, "39": {"40": null, "38": null}, "29": {"28": null, "7": null, "30": null}, "41": {"40": null, "42": null}, "11": {"12": null, "33": null, "10": null}, "5": {"4": null, "27": null, "6": null}, "4": {"26": null, "3": null, "5": null}, "7": {"6": null, "8": null, "29": null}, "6": {"28": null, "7": null, "5": null}, "1": {"23": null, "0": null, "2": null}, "0": {"44": null, "1": null, "22": null}, "3": {"4": null, "25": null, "2": null}, "2": {"1": null, "3": null, "24": null}, "21": {"20": null, "22": null}, "31": {"30": null, "32": null, "9": null}, "9": {"31": null, "8": null, "10": null}, "8": {"30": null, "7": null, "9": null}, "44": {"0": null}, "14": {"15": null}, "34": {"12": null, "33": null, "35": null}, "24": {"25": null, "23": null, "2": null}, "43": {"42": null}, "13": {"45": null, "12": null, "35": null}, "33": {"32": null, "11": null, "34": null}, "23": {"22": null, "1": null, "24": null}}, "node_attributes": {"z": 0.0, "qx": 0.0, "rx": 0.0, "qy": 0.0, "ry": 0.0, "qz": 0.0, "type": null, "rz": 0.0, "_k": null, "y": 0.0, "x": 0.0}, "node": {"16": {"z": 1.5000000000000002, "qx": -0.0, "qy": -0.0, "qz": -0.034482758620689641, "_k": 12, "y": -3.425166865496446, "x": 4.3103448275862046}, "36": {"z": 1.5000000000000002, "qx": -0.0, "qy": -0.0, "qz": -0.034482758620689571, "_k": 7, "y": -3.425166865496446, "x": -2.5862068965517233}, "26": {"z": 1.5000000000000002, "qx": -0.0, "qy": -0.0, "qz": -0.034482758620689731, "_k": 2, "y": -3.425166865496446, "x": 0.86206896551723911}, "45": {"z": 0.27000000000000024, "type": "support", "_k": 7, "y": -3.425166865496446, "x": -3.7700000000000014}, "15": {"z": 1.5000000000000002, "qx": -0.0, "qy": -0.0, "qz": -0.034482758620689641, "_k": 13, "y": -3.425166865496446, "x": 4.6551724137931005}, "18": {"z": 1.5000000000000002, "qx": -0.0, "qy": -0.0, "qz": -0.034482758620689655, "_k": 10, "y": -3.425166865496446, "x": 3.6206896551724115}, "35": {"z": 1.5000000000000002, "qx": -0.0, "qy": -0.0, "qz": -0.034482758620689585, "_k": 6, "y": -3.425166865496446, "x": -2.2413793103448287}, "25": {"z": 1.5000000000000002, "qx": -0.0, "qy": -0.0, "qz": -0.034482758620689627, "_k": 3, "y": -3.425166865496446, "x": 1.2068965517241359}, "28": {"z": 1.5000000000000002, "qx": -0.0, "qy": -0.0, "qz": -0.034482758620689641, "type": "_origin", "_k": 0, "y": -3.425166865496446, "x": 0.17241379310344448}, "38": {"z": 1.5000000000000002, "qx": -0.0, "qy": -0.0, "qz": -0.034482758620689592, "_k": 9, "y": -3.425166865496446, "x": -3.2758620689655173}, "40": {"z": 1.5000000000000002, "qx": -0.0, "qy": -0.0, "qz": -0.034482758620689502, "_k": 11, "y": -3.425166865496446, "x": -3.9655172413793087}, "10": {"_k": 3, "z": 1.339583794509325, "y": -3.425166865496446, "x": -1.2068965517241399}, "30": {"z": 1.5000000000000002, "qx": -0.0, "qy": -0.0, "qz": -0.034482758620689641, "_k": 1, "y": -3.425166865496446, "x": -0.51724137931034819}, "20": {"z": 1.5000000000000002, "qx": -0.0, "qy": -0.0, "qz": -0.034482758620689634, "_k": 8, "y": -3.425166865496446, "x": 2.9310344827586183}, "17": {"z": 1.5000000000000002, "qx": -0.0, "qy": -0.0, "qz": -0.034482758620689655, "_k": 11, "y": -3.425166865496446, "x": 3.9655172413793078}, "37": {"z": 1.5000000000000002, "qx": -0.0, "qy": -0.0, "qz": -0.034482758620689703, "_k": 8, "y": -3.425166865496446, "x": -2.9310344827586201}, "27": {"z": 1.5000000000000002, "qx": -0.0, "qy": -0.0, "qz": -0.034482758620689731, "_k": 1, "y": -3.425166865496446, "x": 0.51724137931034131}, "42": {"z": 1.5000000000000002, "qx": -0.0, "qy": -0.0, "qz": -0.034482758620689946, "_k": 13, "y": -3.425166865496446, "x": -4.6551724137931005}, "12": {"_k": 5, "z": 1.3698415871879166, "y": -3.425166865496446, "x": -1.8965517241379317}, "32": {"z": 1.5000000000000002, "qx": -0.0, "qy": -0.0, "qz": -0.034482758620689585, "_k": 3, "y": -3.425166865496446, "x": -1.2068965517241399}, "22": {"z": 1.5000000000000002, "qx": -0.0, "qy": -0.0, "qz": -0.034482758620689669, "_k": 6, "y": -3.425166865496446, "x": 2.2413793103448252}, "19": {"z": 1.5000000000000002, "qx": -0.0, "qy": -0.0, "qz": -0.034482758620689655, "_k": 9, "y": -3.425166865496446, "x": 3.2758620689655147}, "39": {"z": 1.5000000000000002, "qx": -0.0, "qy": -0.0, "qz": -0.034482758620689571, "_k": 10, "y": -3.425166865496446, "x": -3.6206896551724119}, "29": {"z": 1.5000000000000002, "qx": -0.0, "qy": -0.0, "qz": -0.034482758620689641, "type": "_origin", "_k": 0, "y": -3.425166865496446, "x": -0.1724137931034514}, "41": {"z": 1.5000000000000002, "qx": -0.0, "qy": -0.0, "qz": -0.034482758620689592, "_k": 12, "y": -3.425166865496446, "x": -4.310344827586202}, "11": {"_k": 4, "z": 1.3530367107595209, "y": -3.425166865496446, "x": -1.5517241379310358}, "5": {"_k": 1, "z": 1.3227654998971046, "y": -3.425166865496446, "x": 0.51724137931034109}, "4": {"_k": 2, "z": 1.3294815741435793, "y": -3.425166865496446, "x": 0.86206896551723922}, "7": {"z": 1.3194167210910808, "type": "_origin", "_k": 0, "y": -3.425166865496446, "x": -0.17241379310345142}, "6": {"z": 1.319416721091081, "type": "_origin", "_k": 0, "y": -3.425166865496446, "x": 0.17241379310344468}, "1": {"_k": 5, "z": 1.3698415871879168, "y": -3.425166865496446, "x": 1.8965517241379286}, "0": {"_k": 6, "z": 1.3900000000000001, "y": -3.425166865496446, "x": 2.2413793103448225}, "3": {"_k": 3, "z": 1.339583794509325, "y": -3.425166865496446, "x": 1.2068965517241363}, "2": {"_k": 4, "z": 1.3530367107595209, "y": -3.425166865496446, "x": 1.5517241379310311}, "21": {"z": 1.5000000000000002, "qx": -0.0, "qy": -0.0, "qz": -0.034482758620689655, "_k": 7, "y": -3.425166865496446, "x": 2.586206896551722}, "31": {"z": 1.5000000000000002, "qx": -0.0, "qy": -0.0, "qz": -0.034482758620689585, "_k": 2, "y": -3.425166865496446, "x": -0.8620689655172441}, "9": {"_k": 2, "z": 1.329481574143579, "y": -3.425166865496446, "x": -0.8620689655172441}, "8": {"_k": 1, "z": 1.3227654998971043, "y": -3.425166865496446, "x": -0.51724137931034819}, "44": {"z": 0.27000000000000024, "type": "support", "_k": 7, "y": -3.425166865496446, "x": 3.7699999999999974}, "14": {"z": 1.5000000000000002, "qx": -0.0, "qy": -0.0, "qz": -0.017241379310344841, "type": "support", "_k": 14, "y": -3.425166865496446, "x": 4.9999999999999973}, "34": {"z": 1.5000000000000002, "qx": -0.0, "qy": -0.0, "qz": -0.034482758620689648, "_k": 5, "y": -3.425166865496446, "x": -1.8965517241379317}, "24": {"z": 1.5000000000000002, "qx": -0.0, "qy": -0.0, "qz": -0.034482758620689641, "_k": 4, "y": -3.425166865496446, "x": 1.5517241379310316}, "43": {"z": 1.5000000000000002, "qx": -0.0, "qy": -0.0, "qz": -0.017241379310345018, "type": "support", "_k": 14, "y": -3.425166865496446, "x": -5.0000000000000009}, "13": {"_k": 6, "z": 1.3900000000000001, "y": -3.425166865496446, "x": -2.2413793103448287}, "33": {"z": 1.5000000000000002, "qx": -0.0, "qy": -0.0, "qz": -0.034482758620689592, "_k": 4, "y": -3.425166865496446, "x": -1.5517241379310358}, "23": {"z": 1.5000000000000002, "qx": -0.0, "qy": -0.0, "qz": -0.034482758620689682, "_k": 5, "y": -3.425166865496446, "x": 1.8965517241379286}}, "max_int_key": 45,