{"compas": "1.7.1", "datatype": "compas_cem.diagrams/TopologyDiagram", "data": {"adjacency": {"14": {"0": null}, "12": {"13": null, "11": null}, "5": {"4": null, "6": null}, "4": {"5": null}, "7": {"6": null, "0": null, "8": null}, "6": {"7": null, "5": null}, "1": {"0": null, "8": null, "2": null}, "0": {"7": null, "14": null, "1": null}, "3": {"15": null, "10": null, "2": null}, "2": {"1": null, "9": null, "3": null}, "10": {"9": null, "3": null, "11": null}, "13": {"12": null}, "15": {"3": null}, "11": {"12": null, "10": null}, "9": {"10": null, "8": null, "2": null}, "8": {"7": null, "1": null, "9": null}}, "node_attributes": {"z": 0.0, "qx": 0.0, "rx": 0.0, "qy": 0.0, "ry": 0.0, "qz": 0.0, "type": null, "rz": 0.0, "_k": null, "y": 0.0, "x": 0.0}, "node": {"14": {"z": 0.27000000000000024, "type": "support", "_k": 2, "y": -3.425166865496446, "x": 3.7699999999999974}, "12": {"z": 1.5000000000000002, "qx": -0.0, "qy": -0.0, "qz": -0.11111111111111104, "_k": 3, "y": -3.425166865496446, "x": -3.8888888888888924}, "5": {"z": 1.5000000000000002, "qx": -0.0, "qy": -0.0, "qz": -0.1111111111111111, "_k": 3, "y": -3.425166865496446, "x": 3.8888888888888866}, "4": {"z": 1.5000000000000002, "qx": -0.0, "qy": -0.0, "qz": -0.055555555555555539, "type": "support", "_k": 4, "y": -3.425166865496446, "x": 4.9999999999999973}, "7": {"z": 1.5000000000000002, "qx": -0.0, "qy": -0.0, "qz": -0.1111111111111111, "_k": 1, "y": -3.425166865496446, "x": 1.6666666666666645}, "6": {"z": 1.5000000000000002, "qx": -0.0, "qy": -0.0, "qz": -0.1111111111111111, "_k": 2, "y": -3.425166865496446, "x": 2.7777777777777755}, "1": {"z": 1.3355697046363444, "type": "_origin", "_k": 0, "y": -3.4251668654964456, "x": 0.55555555555555325}, "0": {"_k": 1, "z": 1.3899999999999999, "y": -3.4251668654964456, "x": 1.6666666666666616}, "3": {"_k": 1, "z": 1.3899999999999999, "y": -3.4251668654964456, "x": -1.6666666666666692}, "2": {"z": 1.3355697046363442, "type": "_origin", "_k": 0, "y": -3.4251668654964456, "x": -0.55555555555555736}, "10": {"z": 1.5000000000000002, "qx": -0.0, "qy": -0.0, "qz": -0.11111111111111116, "_k": 1, "y": -3.425166865496446, "x": -1.666666666666669}, "13": {"z": 1.5000000000000002, "qx": -0.0, "qy": -0.0, "qz": -0.055555555555555428, "type": "support", "_k": 4, "y": -3.425166865496446, "x": -5.0000000000000009}, "15": {"z": 0.27000000000000024, "type": "support", "_k": 2, "y": -3.425166865496446, "x": -3.7700000000000014}, "11": {"z": 1.5000000000000002, "qx": -0.0, "qy": -0.0, "qz": -0.11111111111111119, "_k": 2, "y": -3.425166865496446, "x": -2.7777777777777803}, "9": {"z": 1.5000000000000002, "qx": -0.0, "qy": -0.0, "qz": -0.11111111111111112, "type": "_origin", "_k": 0, "y": -3.425166865496446, "x": -0.55555555555555747}, "8": {"z": 1.5000000000000002, "qx": -0.0, "qy": -0.0, "qz": -0.1111111111111111, "type": "_origin", "_k": 0, "y": -3.425166865496446, "x": 0.55555555555555325}}, "max_int_key": 15, "attributes": {"gkey_node": {"3.889,-3.425,1.500": 5, "0.556,-3.425,1.500": 8, "-3.889,-3.425,1.500": 12, "1.667,-3.425,1.500": 7, "0.556,-3.425,1.336": 1, "-0.556,-3.425,1.500": 9, "-1.667,-3.425,1.390": 3, "-0.556,-3.425,1.336": 2, "1.667,-3.425,1.390": 0, "2.778,-3.425,1.500": 6, "5.000,-3.425,1.500": 4, "-2.778,-3.425,1.500": 11, "-3.770,-3.425,0.270": 15, "-1.667,-3.425,1.500": 10, "-5.000,-3.425,1.500": 13, "3.770,-3.425,0.270": 14}, "name": "Network", "_aux_length": 0.33000000000000002, "_trails": {"8": [8, 7, 6, 5, 4], "9": [9, 10, 11, 12, 13], "1": [1, 0, 14], "2": [2, 3, 15]}, "tol": "3f", "_auxiliary_trails": {}, "_aux_vector": {"dtype": "compas.geometry/Vector", "value": [-0.0, -0.0, -1.0]}}, "edge_attributes": {"force": 0.0, "type": null, "length": 0.0}, "edge": {"14": {}, "12": {"13": {"length": -1.1111111111111085, "type": "trail"}}, "5": {"6": {"length": -1.1111111111111112, "type": "trail"}}, "4": {"5": {"length": -1.1111111111111107, "type": "trail"}}, "7": {"0": {"force": 0.20000000000000001, "type": "deviation"}, "8": {"length": -1.1111111111111112, "type": "trail"}}, "6": {"7": {"length": -1.1111111111111109, "type": "trail"}}, "1": {"2": {"force": 0.10000000000000001, "type": "deviation"}}, "0": {"14": {"length": 2.382941692763612, "type": "trail"}, "1": {"length": 1.1124435079085755, "type": "trail"}}, "3": {"15": {"length": 2.382941692763612, "type": "trail"}}, "2": {"3": {"length": 1.1124435079085788, "type": "trail"}}, "10": {"3": {"force": 0.20000000000000001, "type": "deviation"}, "11": {"length": -1.1111111111111114, "type": "trail"}}, "13": {}, "15": {}, "11": {"12": {"length": -1.111111111111112, "type": "trail"}}, "9": {"10": {"length": -1.1111111111111116, "type": "trail"}, "2": {"force": 0.0001, "type": "deviation"}}, "8": {"1": {"force": 0.0001, "type": "deviation"}, "9": {"force": -12.0, "type": "deviation"}}}}}