{"compas": "1.7.1", "datatype": "compas_cem.diagrams/TopologyDiagram", "data": {"adjacency": {"16": {"15": null, "17": null}, "36": {"37": null, "35": null}, "26": {"27": null, "6": null, "25": null}, "15": {"14": null, "16": null}, "18": {"19": null, "17": null}, "35": {"36": null, "34": null}, "25": {"5": null, "26": null, "24": null}, "28": {"27": null, "29": null, "8": null}, "38": {"37": null, "39": null}, "40": {"0": null}, "10": {"30": null, "9": null, "11": null}, "30": {"31": null, "29": null, "10": null}, "20": {"21": null, "19": null, "0": null}, "17": {"18": null, "16": null}, "37": {"36": null, "38": null}, "27": {"28": null, "7": null, "26": null}, "12": {"13": null}, "32": {"31": null, "33": null}, "22": {"21": null, "23": null, "2": null}, "19": {"20": null, "18": null}, "39": {"38": null}, "29": {"28": null, "30": null, "9": null}, "41": {"11": null}, "11": {"31": null, "41": null, "10": null}, "5": {"4": null, "6": null, "25": null}, "4": {"5": null, "3": null, "24": null}, "7": {"27": null, "6": null, "8": null}, "6": {"7": null, "26": null, "5": null}, "1": {"21": null, "0": null, "2": null}, "0": {"20": null, "40": null, "1": null}, "3": {"4": null, "23": null, "2": null}, "2": {"1": null, "22": null, "3": null}, "21": {"20": null, "22": null, "1": null}, "31": {"30": null, "32": null, "11": null}, "9": {"10": null, "29": null, "8": null}, "8": {"28": null, "7": null, "9": null}, "14": {"13": null, "15": null}, "34": {"33": null, "35": null}, "24": {"4": null, "23": null, "25": null}, "13": {"12": null, "14": null}, "33": {"32": null, "34": null}, "23": {"22": null, "3": null, "24": null}}, "node_attributes": {"z": 0.0, "qx": 0.0, "rx": 0.0, "qy": 0.0, "ry": 0.0, "qz": 0.0, "type": null, "rz": 0.0, "_k": null, "y": 0.0, "x": 0.0}, "node": {"16": {"z": 1.5000000000000002, "qx": -0.0, "qy": -0.0, "qz": -0.037037037037037028, "_k": 9, "y": -3.425166865496446, "x": 3.5185185185185164}, "36": {"z": 1.5000000000000002, "qx": -0.0, "qy": -0.0, "qz": -0.037037037037037118, "_k": 10, "y": -3.425166865496446, "x": -3.8888888888888853}, "26": {"z": 1.5000000000000002, "qx": -0.0, "qy": -0.0, "qz": -0.037037037037037028, "type": "_origin", "_k": 0, "y": -3.425166865496446, "x": -0.18518518518518723}, "15": {"z": 1.5000000000000002, "qx": -0.0, "qy": -0.0, "qz": -0.037037037037037028, "_k": 10, "y": -3.425166865496446, "x": 3.8888888888888866}, "18": {"z": 1.5000000000000002, "qx": -0.0, "qy": -0.0, "qz": -0.037037037037037049, "_k": 7, "y": -3.425166865496446, "x": 2.7777777777777755}, "35": {"z": 1.5000000000000002, "qx": -0.0, "qy": -0.0, "qz": -0.037037037037036938, "_k": 9, "y": -3.425166865496446, "x": -3.5185185185185146}, "25": {"z": 1.5000000000000002, "qx": -0.0, "qy": -0.0, "qz": -0.037037037037037028, "type": "_origin", "_k": 0, "y": -3.425166865496446, "x": 0.18518518518518298}, "28": {"z": 1.5000000000000002, "qx": -0.0, "qy": -0.0, "qz": -0.037037037037036979, "_k": 2, "y": -3.425166865496446, "x": -0.92592592592592771}, "38": {"z": 1.5000000000000002, "qx": -0.0, "qy": -0.0, "qz": -0.037037037037037202, "_k": 12, "y": -3.425166865496446, "x": -4.6296296296296253}, "40": {"z": 0.27000000000000024, "type": "support", "_k": 6, "y": -3.425166865496446, "x": 3.7699999999999974}, "10": {"_k": 4, "z": 1.3676364479885712, "y": -3.425166865496446, "x": -1.6666666666666672}, "30": {"z": 1.5000000000000002, "qx": -0.0, "qy": -0.0, "qz": -0.037037037037036993, "_k": 4, "y": -3.425166865496446, "x": -1.6666666666666672}, "20": {"z": 1.5000000000000002, "qx": -0.0, "qy": -0.0, "qz": -0.037037037037037035, "_k": 5, "y": -3.425166865496446, "x": 2.037037037037035}, "17": {"z": 1.5000000000000002, "qx": -0.0, "qy": -0.0, "qz": -0.037037037037037049, "_k": 8, "y": -3.425166865496446, "x": 3.1481481481481461}, "37": {"z": 1.5000000000000002, "qx": -0.0, "qy": -0.0, "qz": -0.037037037037037007, "_k": 11, "y": -3.425166865496446, "x": -4.2592592592592569}, "27": {"z": 1.5000000000000002, "qx": -0.0, "qy": -0.0, "qz": -0.037037037037037028, "_k": 1, "y": -3.425166865496446, "x": -0.55555555555555747}, "12": {"z": 1.5000000000000002, "qx": -0.0, "qy": -0.0, "qz": -0.018518518518518514, "type": "support", "_k": 13, "y": -3.425166865496446, "x": 4.9999999999999973}, "32": {"z": 1.5000000000000002, "qx": -0.0, "qy": -0.0, "qz": -0.037037037037036959, "_k": 6, "y": -3.425166865496446, "x": -2.4074074074074074}, "22": {"z": 1.5000000000000002, "qx": -0.0, "qy": -0.0, "qz": -0.037037037037037056, "_k": 3, "y": -3.425166865496446, "x": 1.2962962962962943}, "19": {"z": 1.5000000000000002, "qx": -0.0, "qy": -0.0, "qz": -0.037037037037037028, "_k": 6, "y": -3.425166865496446, "x": 2.4074074074074052}, "39": {"z": 1.5000000000000002, "qx": -0.0, "qy": -0.0, "qz": -0.018518518518518778, "type": "support", "_k": 13, "y": -3.425166865496446, "x": -5.0000000000000009}, "29": {"z": 1.5000000000000002, "qx": -0.0, "qy": -0.0, "qz": -0.037037037037036979, "_k": 3, "y": -3.425166865496446, "x": -1.2962962962962969}, "41": {"z": 0.27000000000000024, "type": "support", "_k": 6, "y": -3.425166865496446, "x": -3.7700000000000014}, "11": {"_k": 5, "z": 1.3899999999999999, "y": -3.425166865496446, "x": -2.0370370370370368}, "5": {"z": 1.3228640497605069, "type": "_origin", "_k": 0, "y": -3.425166865496446, "x": 0.18518518518518295}, "4": {"_k": 1, "z": 1.3273341563298922, "y": -3.425166865496446, "x": 0.55555555555555336}, "7": {"_k": 1, "z": 1.3273341563298922, "y": -3.425166865496446, "x": -0.55555555555555736}, "6": {"z": 1.3228640497605069, "type": "_origin", "_k": 0, "y": -3.425166865496446, "x": -0.18518518518518715}, "1": {"_k": 4, "z": 1.3676364479885714, "y": -3.425166865496446, "x": 1.6666666666666647}, "0": {"_k": 5, "z": 1.3899999999999999, "y": -3.425166865496446, "x": 2.0370370370370323}, "3": {"_k": 2, "z": 1.3362955310985769, "y": -3.425166865496446, "x": 0.92592592592592327}, "2": {"_k": 3, "z": 1.3497084543365319, "y": -3.425166865496446, "x": 1.2962962962962945}, "21": {"z": 1.5000000000000002, "qx": -0.0, "qy": -0.0, "qz": -0.037037037037037035, "_k": 4, "y": -3.425166865496446, "x": 1.6666666666666645}, "31": {"z": 1.5000000000000002, "qx": -0.0, "qy": -0.0, "qz": -0.037037037037037014, "_k": 5, "y": -3.425166865496446, "x": -2.0370370370370368}, "9": {"_k": 3, "z": 1.3497084543365316, "y": -3.425166865496446, "x": -1.2962962962962972}, "8": {"_k": 2, "z": 1.3362955310985769, "y": -3.425166865496446, "x": -0.92592592592592771}, "14": {"z": 1.5000000000000002, "qx": -0.0, "qy": -0.0, "qz": -0.037037037037037028, "_k": 11, "y": -3.425166865496446, "x": 4.2592592592592569}, "34": {"z": 1.5000000000000002, "qx": -0.0, "qy": -0.0, "qz": -0.037037037037036938, "_k": 8, "y": -3.425166865496446, "x": -3.1481481481481466}, "24": {"z": 1.5000000000000002, "qx": -0.0, "qy": -0.0, "qz": -0.037037037037037028, "_k": 1, "y": -3.425166865496446, "x": 0.55555555555555325}, "13": {"z": 1.5000000000000002, "qx": -0.0, "qy": -0.0, "qz": -0.037037037037037028, "_k": 12, "y": -3.425166865496446, "x": 4.6296296296296271}, "33": {"z": 1.5000000000000002, "qx": -0.0, "qy": -0.0, "qz": -0.037037037037036959, "_k": 7, "y": -3.425166865496446, "x": -2.7777777777777759}, "23": {"z": 1.5000000000000002, "qx": -0.0, "qy": -0.0, "qz": -0.037037037037037056, "_k": 2, "y": -3.425166865496446, "x": 0.92592592592592349}}, "max_int_key": 41, "attributes": {"gkey_node": {"5.000,-3.425,1.500": 12, "2.037,-3.425,1.500": 20, "3.148,-3.425,1.500": 17, "1.667,-3.425,1.500": 21, "4.259,-3.425,1.500": 14, "1.667,-3.425,1.368": 1, "-4.630,-3.425,1.500": 38, "-5.000,-3.425,1.500": 39, "-0.556,-3.425,1.327": 7, "3.519,-3.425,1.500": 16, "-0.926,-3.425,1.500": 28, "-1.667,-3.425,1.368": 10, "2.778,-3.425,1.500": 18, "-0.185,-3.425,1.500": 26, "-0.926,-3.425,1.336": 8, "-2.778,-3.425,1.500": 33, "-2.037,-3.425,1.390": 11, "1.296,-3.425,1.350": 2, "-0.556,-3.425,1.500": 27, "0.556,-3.425,1.500": 24, "2.407,-3.425,1.500": 19, "-3.148,-3.425,1.500": 34, "-1.296,-3.425,1.500": 29,