{"compas": "1.7.1", "datatype": "compas_cem.diagrams/TopologyDiagram", "data": {"adjacency": {"16": {"15": null, "17": null}, "36": {"37": null, "35": null}, "26": {"7": null, "27": null, "25": null}, "15": {"14": null, "16": null}, "18": {"19": null, "17": null}, "35": {"36": null, "34": null}, "25": {"26": null, "6": null, "24": null}, "28": {"27": null, "9": null, "29": null}, "38": {"0": null}, "10": {"9": null, "29": null, "11": null}, "30": {"31": null, "29": null, "11": null}, "20": {"21": null, "19": null, "1": null}, "17": {"18": null, "16": null}, "37": {"36": null}, "27": {"28": null, "26": null, "8": null}, "12": {"13": null}, "32": {"31": null, "33": null}, "22": {"21": null, "23": null, "3": null}, "19": {"20": null, "0": null, "18": null}, "39": {"11": null}, "29": {"28": null, "30": null, "10": null}, "11": {"30": null, "39": null, "10": null}, "5": {"4": null, "6": null, "24": null}, "4": {"23": null, "3": null, "5": null}, "7": {"26": null, "6": null, "8": null}, "6": {"5": null, "7": null, "25": null}, "1": {"20": null, "0": null, "2": null}, "0": {"19": null, "1": null, "38": null}, "3": {"4": null, "22": null, "2": null}, "2": {"21": null, "1": null, "3": null}, "21": {"20": null, "22": null, "2": null}, "31": {"30": null, "32": null}, "9": {"28": null, "8": null, "10": null}, "8": {"7": null, "27": null, "9": null}, "14": {"13": null, "15": null}, "34": {"33": null, "35": null}, "24": {"5": null, "23": null, "25": null}, "13": {"12": null, "14": null}, "33": {"32": null, "34": null}, "23": {"4": null, "22": null, "24": null}}, "node_attributes": {"z": 0.0, "qx": 0.0, "rx": 0.0, "qy": 0.0, "ry": 0.0, "qz": 0.0, "type": null, "rz": 0.0, "_k": null, "y": 0.0, "x": 0.0}, "node": {"16": {"z": 1.5000000000000002, "qx": -0.0, "qy": -0.0, "qz": -0.040000000000000015, "_k": 8, "y": -3.425166865496446, "x": 3.3999999999999977}, "36": {"z": 1.5000000000000002, "qx": -0.0, "qy": -0.0, "qz": -0.039999999999999855, "_k": 11, "y": -3.425166865496446, "x": -4.6000000000000041}, "26": {"z": 1.5000000000000002, "qx": -0.0, "qy": -0.0, "qz": -0.040000000000000042, "_k": 1, "y": -3.425166865496446, "x": -0.60000000000000175}, "15": {"z": 1.5000000000000002, "qx": -0.0, "qy": -0.0, "qz": -0.039999999999999994, "_k": 9, "y": -3.425166865496446, "x": 3.7999999999999976}, "18": {"z": 1.5000000000000002, "qx": -0.0, "qy": -0.0, "qz": -0.040000000000000015, "_k": 6, "y": -3.425166865496446, "x": 2.5999999999999974}, "35": {"z": 1.5000000000000002, "qx": -0.0, "qy": -0.0, "qz": -0.040000000000000036, "_k": 10, "y": -3.425166865496446, "x": -4.2000000000000037}, "25": {"z": 1.5000000000000002, "qx": -0.0, "qy": -0.0, "qz": -0.040000000000000036, "type": "_origin", "_k": 0, "y": -3.425166865496446, "x": -0.20000000000000143}, "28": {"z": 1.5000000000000002, "qx": -0.0, "qy": -0.0, "qz": -0.03999999999999998, "_k": 3, "y": -3.425166865496446, "x": -1.4000000000000017}, "38": {"z": 0.27000000000000024, "type": "support", "_k": 6, "y": -3.425166865496446, "x": 3.7699999999999974}, "10": {"_k": 4, "z": 1.3667599805257913, "y": -3.425166865496446, "x": -1.8000000000000016}, "30": {"z": 1.5000000000000002, "qx": -0.0, "qy": -0.0, "qz": -0.040000000000000049, "_k": 5, "y": -3.425166865496446, "x": -2.2000000000000024}, "20": {"z": 1.5000000000000002, "qx": -0.0, "qy": -0.0, "qz": -0.039999999999999938, "_k": 4, "y": -3.425166865496446, "x": 1.7999999999999983}, "17": {"z": 1.5000000000000002, "qx": -0.0, "qy": -0.0, "qz": -0.040000000000000015, "_k": 7, "y": -3.425166865496446, "x": 2.9999999999999973}, "37": {"z": 1.5000000000000002, "qx": -0.0, "qy": -0.0, "qz": -0.019999999999999841, "type": "support", "_k": 12, "y": -3.425166865496446, "x": -5.0000000000000009}, "27": {"z": 1.5000000000000002, "qx": -0.0, "qy": -0.0, "qz": -0.040000000000000001, "_k": 2, "y": -3.425166865496446, "x": -1.0000000000000022}, "12": {"z": 1.5000000000000002, "qx": -0.0, "qy": -0.0, "qz": -0.019999999999999976, "type": "support", "_k": 12, "y": -3.425166865496446, "x": 4.9999999999999973}, "32": {"z": 1.5000000000000002, "qx": -0.0, "qy": -0.0, "qz": -0.040000000000000036, "_k": 7, "y": -3.425166865496446, "x": -3.0000000000000031}, "22": {"z": 1.5000000000000002, "qx": -0.0, "qy": -0.0, "qz": -0.039999999999999952, "_k": 2, "y": -3.425166865496446, "x": 0.99999999999999878}, "19": {"z": 1.5000000000000002, "qx": -0.0, "qy": -0.0, "qz": -0.039999999999999959, "_k": 5, "y": -3.425166865496446, "x": 2.1999999999999971}, "39": {"z": 0.27000000000000024, "type": "support", "_k": 6, "y": -3.425166865496446, "x": -3.7700000000000014}, "29": {"z": 1.5000000000000002, "qx": -0.0, "qy": -0.0, "qz": -0.040000000000000036, "_k": 4, "y": -3.425166865496446, "x": -1.8000000000000018}, "11": {"_k": 5, "z": 1.3899999999999999, "y": -3.425166865496446, "x": -2.2000000000000024}, "5": {"z": 1.3202316214851788, "type": "_origin", "_k": 0, "y": -3.425166865496446, "x": 0.19999999999999879}, "4": {"_k": 1, "z": 1.324877119815528, "y": -3.425166865496446, "x": 0.59999999999999942}, "7": {"_k": 1, "z": 1.324877119815528, "y": -3.425166865496446, "x": -0.60000000000000175}, "6": {"z": 1.3202316214851788, "type": "_origin", "_k": 0, "y": -3.425166865496446, "x": -0.20000000000000137}, "1": {"_k": 4, "z": 1.3667599805257913, "y": -3.425166865496446, "x": 1.7999999999999985}, "0": {"_k": 5, "z": 1.3899999999999999, "y": -3.425166865496446, "x": 2.1999999999999935}, "3": {"_k": 2, "z": 1.3341900578843571, "y": -3.425166865496446, "x": 0.99999999999999911}, "2": {"_k": 3, "z": 1.3481290581698233, "y": -3.425166865496446, "x": 1.3999999999999984}, "21": {"z": 1.5000000000000002, "qx": -0.0, "qy": -0.0, "qz": -0.03999999999999998, "_k": 3, "y": -3.425166865496446, "x": 1.3999999999999984}, "31": {"z": 1.5000000000000002, "qx": -0.0, "qy": -0.0, "qz": -0.040000000000000036, "_k": 6, "y": -3.425166865496446, "x": -2.6000000000000028}, "9": {"_k": 3, "z": 1.3481290581698231, "y": -3.425166865496446, "x": -1.4000000000000017}, "8": {"_k": 2, "z": 1.3341900578843571, "y": -3.425166865496446, "x": -1.0000000000000022}, "14": {"z": 1.5000000000000002, "qx": -0.0, "qy": -0.0, "qz": -0.040000000000000015, "_k": 10, "y": -3.425166865496446, "x": 4.1999999999999975}, "34": {"z": 1.5000000000000002, "qx": -0.0, "qy": -0.0, "qz": -0.040000000000000015, "_k": 9, "y": -3.425166865496446, "x": -3.8000000000000034}, "24": {"z": 1.5000000000000002, "qx": -0.0, "qy": -0.0, "qz": -0.040000000000000036, "type": "_origin", "_k": 0, "y": -3.425166865496446, "x": 0.19999999999999896}, "13": {"z": 1.5000000000000002, "qx": -0.0, "qy": -0.0, "qz": -0.039999999999999994, "_k": 11, "y": -3.425166865496446, "x": 4.5999999999999979}, "33": {"z": 1.5000000000000002, "qx": -0.0, "qy": -0.0, "qz": -0.040000000000000015, "_k": 8, "y": -3.425166865496446, "x": -3.4000000000000035}, "23": {"z": 1.5000000000000002, "qx": -0.0, "qy": -0.0, "qz": -0.039999999999999994, "_k": 1, "y": -3.425166865496446, "x": 0.59999999999999931}}, "max_int_key": 39, "attributes": {"gkey_node": {"5.000,-3.425,1.500": 12, "-2.600,-3.425,1.500": 31, "1.000,-3.425,1.334": 3, "0.600,-3.425,1.325": 4, "-0.200,-3.425,1.320": 6, "-4.600,-3.425,1.500": 36, "-5.000,-3.425,1.500": 37, "-2.200,-3.425,1.500": 30, "-2.200,-3.425,1.390": 11, "-0.600,-3.425,1.500": 26, "-1.000,-3.425,1.334": 8, "0.200,-3.425,1.320": 5, "0.600,-3.425,1.500": 23, "-1.400,-3.425,1.348": 9, "1.400,-3.425,1.348": 2, "-3.800,-3.425,1.500": 34, "-0.200,-3.425,1.500": 25, "-1.400,-3.425,1.500": 28, "0.200,-3.425,1.500": 24, "1.800,-3.425,1.367": 1, "3.770,-3.425,0.270": 38, "1.400,-3.425,1.500": 21, "3.400,-3.425,1.500": 16, "-1.000,-3.425,1.500": 27, "1.000,-3.425,1.500": 22, "-3.770,-3.425,0.270": 39, "3.000,-3.425,1.500": 17, "4.200,-3.425,1.500": 14, "-1.800,-3.425,1.367": 10, "2.600,-3.425,1.500": 18, "2.200,-3.425,1.390": 0, "-3.400,-3.425,1.500": 33, "4.600,-3.425,1.500": 13, "2.200,-3.425,1.500": 19, "1.800,-3.425,1.500": 20, "-0.600,-3.425,1.325": 7, "-4.200,-3.425,1.500": 35,