{"compas": "1.7.1", "datatype": "compas_cem.diagrams/TopologyDiagram", "data": {"adjacency": {"12": {"0": null}, "5": {"4": null, "6": null}, "4": {"5": null}, "7": {"6": null, "1": null, "8": null}, "6": {"7": null, "0": null, "5": null}, "1": {"7": null, "0": null, "2": null}, "0": {"12": null, "6": null, "1": null}, "3": {"13": null, "9": null, "2": null}, "2": {"1": null, "8": null, "3": null}, "10": {"9": null, "11": null}, "13": {"3": null}, "11": {"10": null}, "9": {"3": null, "8": null, "10": null}, "8": {"7": null, "9": null, "2": null}}, "node_attributes": {"z": 0.0, "qx": 0.0, "rx": 0.0, "qy": 0.0, "ry": 0.0, "qz": 0.0, "type": null, "rz": 0.0, "_k": null, "y": 0.0, "x": 0.0}, "node": {"12": {"z": 0.27000000000000024, "type": "support", "_k": 2, "y": -3.425166865496446, "x": 3.7699999999999974}, "5": {"z": 1.5000000000000002, "qx": -0.0, "qy": -0.0, "qz": -0.14285714285714282, "_k": 2, "y": -3.425166865496446, "x": 3.5714285714285698}, "4": {"z": 1.5000000000000002, "qx": -0.0, "qy": -0.0, "qz": -0.071428571428571383, "type": "support", "_k": 3, "y": -3.425166865496446, "x": 4.9999999999999973}, "7": {"z": 1.5000000000000002, "qx": -0.0, "qy": -0.0, "qz": -0.14285714285714285, "type": "_origin", "_k": 0, "y": -3.425166865496446, "x": 0.71428571428571241}, "6": {"z": 1.5000000000000002, "qx": -0.0, "qy": -0.0, "qz": -0.14285714285714288, "_k": 1, "y": -3.425166865496446, "x": 2.142857142857141}, "1": {"z": 1.3282868500952261, "type": "_origin", "_k": 0, "y": -3.425166865496446, "x": 0.71428571428571241}, "0": {"_k": 1, "z": 1.3899999999999999, "y": -3.425166865496446, "x": 2.142857142857137}, "3": {"_k": 1, "z": 1.3899999999999999, "y": -3.425166865496446, "x": -2.1428571428571441}, "2": {"z": 1.3282868500952261, "type": "_origin", "_k": 0, "y": -3.425166865496446, "x": -0.71428571428571552}, "10": {"z": 1.5000000000000002, "qx": -0.0, "qy": -0.0, "qz": -0.14285714285714285, "_k": 2, "y": -3.425166865496446, "x": -3.5714285714285703}, "13": {"z": 0.27000000000000024, "type": "support", "_k": 2, "y": -3.425166865496446, "x": -3.7700000000000014}, "11": {"z": 1.5000000000000002, "qx": -0.0, "qy": -0.0, "qz": -0.071428571428571536, "type": "support", "_k": 3, "y": -3.425166865496446, "x": -5.0000000000000009}, "9": {"z": 1.5000000000000002, "qx": -0.0, "qy": -0.0, "qz": -0.14285714285714274, "_k": 1, "y": -3.425166865496446, "x": -2.1428571428571437}, "8": {"z": 1.5000000000000002, "qx": -0.0, "qy": -0.0, "qz": -0.14285714285714279, "type": "_origin", "_k": 0, "y": -3.425166865496446, "x": -0.71428571428571563}}, "max_int_key": 13, "attributes": {"gkey_node": {"-2.143,-3.425,1.390": 3, "0.714,-3.425,1.328": 1, "0.714,-3.425,1.500": 7, "5.000,-3.425,1.500": 4, "3.571,-3.425,1.500": 5, "-0.714,-3.425,1.500": 8, "-2.143,-3.425,1.500": 9, "-0.714,-3.425,1.328": 2, "-3.571,-3.425,1.500": 10, "2.143,-3.425,1.390": 0, "-3.770,-3.425,0.270": 13, "2.143,-3.425,1.500": 6, "-5.000,-3.425,1.500": 11, "3.770,-3.425,0.270": 12}, "name": "Network", "_aux_length": 0.33000000000000002, "_trails": {"7": [7, 6, 5, 4], "8": [8, 9, 10, 11], "1": [1, 0, 12], "2": [2, 3, 13]}, "tol": "3f", "_auxiliary_trails": {}, "_aux_vector": {"dtype": "compas.geometry/Vector", "value": [-0.0, -0.0, -1.0]}}, "edge_attributes": {"force": 0.0, "type": null, "length": 0.0}, "edge": {"12": {}, "5": {"6": {"length": -1.4285714285714288, "type": "trail"}}, "4": {"5": {"length": -1.4285714285714275, "type": "trail"}}, "7": {"1": {"force": 0.0001, "type": "deviation"}, "8": {"force": -12.0, "type": "deviation"}}, "6": {"7": {"length": -1.4285714285714286, "type": "trail"}, "0": {"force": 0.20000000000000001, "type": "deviation"}}, "1": {"2": {"force": 0.10000000000000001, "type": "deviation"}}, "0": {"12": {"length": 1.9753465208795691, "type": "trail"}, "1": {"length": 1.4299037867639099, "type": "trail"}}, "3": {"13": {"length": 1.97534652087957, "type": "trail"}}, "2": {"3": {"length": 1.4299037867639139, "type": "trail"}}, "10": {"11": {"length": -1.4285714285714306, "type": "trail"}}, "13": {}, "11": {}, "9": {"10": {"length": -1.4285714285714266, "type": "trail"}, "3": {"force": 0.20000000000000001, "type": "deviation"}}, "8": {"9": {"length": -1.4285714285714279, "type": "trail"}, "2": {"force": 0.0001, "type": "deviation"}}}}}