{"compas": "1.7.1", "datatype": "compas_cem.diagrams/TopologyDiagram", "data": {"adjacency": {"16": {"15": null, "0": null, "17": null}, "26": {"27": null, "25": null}, "15": {"14": null, "16": null}, "18": {"19": null, "17": null, "2": null}, "25": {"26": null, "9": null, "24": null}, "28": {"27": null, "29": null}, "10": {"11": null}, "30": {"31": null, "29": null}, "20": {"4": null, "21": null, "19": null}, "17": {"1": null, "18": null, "16": null}, "27": {"28": null, "26": null}, "12": {"13": null, "11": null}, "32": {"0": null}, "22": {"21": null, "6": null, "23": null}, "19": {"20": null, "18": null, "3": null}, "29": {"28": null, "30": null}, "11": {"12": null, "10": null}, "5": {"4": null, "21": null, "6": null}, "4": {"20": null, "3": null, "5": null}, "7": {"6": null, "23": null, "8": null}, "6": {"7": null, "22": null, "5": null}, "1": {"0": null, "17": null, "2": null}, "0": {"32": null, "1": null, "16": null}, "3": {"4": null, "19": null, "2": null}, "2": {"1": null, "18": null, "3": null}, "21": {"20": null, "22": null, "5": null}, "31": {"30": null}, "9": {"33": null, "8": null, "25": null}, "8": {"7": null, "9": null, "24": null}, "14": {"13": null, "15": null}, "24": {"23": null, "8": null, "25": null}, "13": {"12": null, "14": null}, "33": {"9": null}, "23": {"7": null, "22": null, "24": null}}, "node_attributes": {"z": 0.0, "qx": 0.0, "rx": 0.0, "qy": 0.0, "ry": 0.0, "qz": 0.0, "type": null, "rz": 0.0, "_k": null, "y": 0.0, "x": 0.0}, "node": {"16": {"z": 1.5000000000000002, "qx": -0.0, "qy": -0.0, "qz": -0.047619047619047616, "_k": 4, "y": -3.425166865496446, "x": 2.142857142857141}, "26": {"z": 1.5000000000000002, "qx": -0.0, "qy": -0.0, "qz": -0.0476190476190477, "_k": 5, "y": -3.425166865496446, "x": -2.6190476190476217}, "15": {"z": 1.5000000000000002, "qx": -0.0, "qy": -0.0, "qz": -0.047619047619047589, "_k": 5, "y": -3.425166865496446, "x": 2.6190476190476168}, "18": {"z": 1.5000000000000002, "qx": -0.0, "qy": -0.0, "qz": -0.047619047619047609, "_k": 2, "y": -3.425166865496446, "x": 1.1904761904761887}, "25": {"z": 1.5000000000000002, "qx": -0.0, "qy": -0.0, "qz": -0.047619047619047644, "_k": 4, "y": -3.425166865496446, "x": -2.1428571428571455}, "28": {"z": 1.5000000000000002, "qx": -0.0, "qy": -0.0, "qz": -0.04761904761904763, "_k": 7, "y": -3.425166865496446, "x": -3.5714285714285752}, "10": {"z": 1.5000000000000002, "qx": -0.0, "qy": -0.0, "qz": -0.023809523809523815, "type": "support", "_k": 10, "y": -3.425166865496446, "x": 4.9999999999999973}, "30": {"z": 1.5000000000000002, "qx": -0.0, "qy": -0.0, "qz": -0.04761904761904745, "_k": 9, "y": -3.425166865496446, "x": -4.5238095238095282}, "20": {"z": 1.5000000000000002, "qx": -0.0, "qy": -0.0, "qz": -0.047619047619047589, "type": "_origin", "_k": 0, "y": -3.425166865496446, "x": 0.23809523809523603}, "17": {"z": 1.5000000000000002, "qx": -0.0, "qy": -0.0, "qz": -0.047619047619047616, "_k": 3, "y": -3.425166865496446, "x": 1.6666666666666645}, "27": {"z": 1.5000000000000002, "qx": -0.0, "qy": -0.0, "qz": -0.047619047619047672, "_k": 6, "y": -3.425166865496446, "x": -3.0952380952380993}, "12": {"z": 1.5000000000000002, "qx": -0.0, "qy": -0.0, "qz": -0.047619047619047561, "_k": 8, "y": -3.425166865496446, "x": 4.0476190476190457}, "32": {"z": 0.27000000000000024, "type": "support", "_k": 5, "y": -3.425166865496446, "x": 3.7699999999999974}, "22": {"z": 1.5000000000000002, "qx": -0.0, "qy": -0.0, "qz": -0.047619047619047672, "_k": 1, "y": -3.425166865496446, "x": -0.71428571428571563}, "19": {"z": 1.5000000000000002, "qx": -0.0, "qy": -0.0, "qz": -0.047619047619047637, "_k": 1, "y": -3.425166865496446, "x": 0.71428571428571241}, "29": {"z": 1.5000000000000002, "qx": -0.0, "qy": -0.0, "qz": -0.047619047619047651, "_k": 8, "y": -3.425166865496446, "x": -4.0476190476190519}, "11": {"z": 1.5000000000000002, "qx": -0.0, "qy": -0.0, "qz": -0.047619047619047589, "_k": 9, "y": -3.425166865496446, "x": 4.5238095238095211}, "5": {"z": 1.321423629875448, "type": "_origin", "_k": 0, "y": -3.425166865496446, "x": -0.23809523809523939}, "4": {"z": 1.3214236298754483, "type": "_origin", "_k": 0, "y": -3.425166865496446, "x": 0.23809523809523597}, "7": {"_k": 2, "z": 1.3419890001061958, "y": -3.425166865496446, "x": -1.1904761904761929}, "6": {"_k": 1, "z": 1.3282868500952321, "y": -3.425166865496446, "x": -0.71428571428571563}, "1": {"_k": 3, "z": 1.3625843618743871, "y": -3.425166865496446, "x": 1.6666666666666647}, "0": {"_k": 4, "z": 1.3899999999999999, "y": -3.425166865496446, "x": 2.1428571428571379}, "3": {"_k": 1, "z": 1.3282868500952323, "y": -3.425166865496446, "x": 0.71428571428571219}, "2": {"_k": 2, "z": 1.341989000106196, "y": -3.425166865496446, "x": 1.1904761904761891}, "21": {"z": 1.5000000000000002, "qx": -0.0, "qy": -0.0, "qz": -0.047619047619047589, "type": "_origin", "_k": 0, "y": -3.425166865496446, "x": -0.23809523809523936}, "31": {"z": 1.5000000000000002, "qx": -0.0, "qy": -0.0, "qz": -0.023809523809523638, "type": "support", "_k": 10, "y": -3.425166865496446, "x": -5.0000000000000009}, "9": {"_k": 4, "z": 1.3899999999999999, "y": -3.425166865496446, "x": -2.142857142857145}, "8": {"_k": 3, "z": 1.3625843618743869, "y": -3.425166865496446, "x": -1.6666666666666687}, "14": {"z": 1.5000000000000002, "qx": -0.0, "qy": -0.0, "qz": -0.047619047619047658, "_k": 6, "y": -3.425166865496446, "x": 3.0952380952380927}, "24": {"z": 1.5000000000000002, "qx": -0.0, "qy": -0.0, "qz": -0.047619047619047644, "_k": 3, "y": -3.425166865496446, "x": -1.666666666666669}, "13": {"z": 1.5000000000000002, "qx": -0.0, "qy": -0.0, "qz": -0.047619047619047658, "_k": 7, "y": -3.425166865496446, "x": 3.5714285714285698}, "33": {"z": 0.27000000000000024, "type": "support", "_k": 5, "y": -3.425166865496446, "x": -3.7700000000000014}, "23": {"z": 1.5000000000000002, "qx": -0.0, "qy": -0.0, "qz": -0.047619047619047672, "_k": 2, "y": -3.425166865496446, "x": -1.1904761904761927}}, "max_int_key": 33, "attributes": {"gkey_node": {"5.000,-3.425,1.500": 10, "1.667,-3.425,1.500": 17, "-4.524,-3.425,1.500": 30, "-5.000,-3.425,1.500": 31, "0.238,-3.425,1.321": 4, "-2.143,-3.425,1.500": 25, "-1.190,-3.425,1.342": 7, "-4.048,-3.425,1.500": 29, "-1.190,-3.425,1.500": 23, "-2.143,-3.425,1.390": 9, "-3.571,-3.425,1.500": 28, "-1.667,-3.425,1.363": 8, "-0.238,-3.425,1.321": 5, "2.143,-3.425,1.390": 0, "0.714,-3.425,1.328": 3, "-1.667,-3.425,1.500": 24, "-0.714,-3.425,1.328": 6, "3.770,-3.425,0.270": 32, "1.190,-3.425,1.342": 2, "3.095,-3.425,1.500": 14, "-3.770,-3.425,0.270": 33, "2.619,-3.425,1.500": 15, "0.714,-3.425,1.500": 19, "-0.238,-3.425,1.500": 21, "4.524,-3.425,1.500": 11, "1.667,-3.425,1.363": 1, "-3.095,-3.425,1.500": 27, "-0.714,-3.425,1.500": 22, "0.238,-3.425,1.500": 20, "2.143,-3.425,1.500": 16, "4.048,-3.425,1.500": 12, "3.571,-3.425,1.500": 13, "-2.619,-3.425,1.500": 26, "1.190,-3.425,1.500": 18}, "name": "Network", "_aux_length": 0.33000000000000002, "_trails": {"21": [21, 22, 23, 24, 25, 26, 27, 28, 29, 30, 31], "4": [4, 3, 2, 1, 0, 32], "5": [5, 6, 7, 8, 9, 33], "20": [20, 19, 18, 17, 16, 15, 14, 13, 12, 11, 10]}, "tol": "3f", "_auxiliary_trails": {}, "_aux_vector": {"dtype": "compas.geometry/Vector", "value": [-0.0, -0.0, -1.0]}}, "edge_attributes": {"force": 0.0, "type": null, "length": 0.0}, "edge": {"16": {"0": {"force": 0.20000000000000001, "type": "deviation"}, "17": {"length": -0.4761904761904765, "type": "trail"}}, "26": {"27": {"length": -0.47619047619047761, "type": "trail"}}, "15": {"16": {"length": -0.47619047619047583, "type": "trail"}}, "18": {"19": {"length": -0.47619047619047628, "type": "trail"}, "2": {"force": 0.0001, "type": "deviation"}}, "25": {"26": {"length": -0.47619047619047628, "type": "trail"}, "9": {"force": 0.20000000000000001, "type": "deviation"}}, "28": {"29": {"length": -0.47619047619047672, "type": "trail"}}, "10": {"11": {"length": -0.47619047619047628, "type": "trail"}}, "30": {"31": {"length": -0.47619047619047272, "type": "trail"}},