{"compas": "1.7.1", "datatype": "compas_cem.diagrams/FormDiagram", "data": {"adjacency": {"5": {"4": null, "6": null, "0": null}, "4": {"5": null}, "7": {"6": null, "8": null, "2": null}, "6": {"7": null, "1": null, "5": null}, "1": {"6": null, "0": null, "2": null}, "0": {"1": null, "10": null, "5": null}, "3": {"11": null, "8": null, "2": null}, "2": {"7": null, "1": null, "3": null}, "10": {"0": null}, "11": {"3": null}, "9": {"8": null}, "8": {"7": null, "9": null, "3": null}}, "node_attributes": {"z": 0.0, "qx": 0.0, "rx": 0.0, "qy": 0.0, "ry": 0.0, "qz": 0.0, "type": null, "rz": 0.0, "_k": null, "y": 0.0, "x": 0.0}, "node": {"5": {"z": 1.4666546356108512, "qx": -0.0, "qy": -0.0, "qz": -0.20000000000000001, "_k": 1, "y": -3.425166865496446, "x": 2.9997220023477622}, "4": {"z": 1.3667822834125836, "qx": -0.0, "rx": -12.002122009171202, "qy": -0.0, "ry": -5.8580885109723537e-16, "qz": -0.10000000000000001, "type": "support", "rz": 0.70008874237585805, "_k": 2, "y": -3.425166865496446, "x": 4.9972268241858435}, "7": {"z": 1.5000000000000002, "qx": -0.0, "qy": -0.0, "qz": -0.19999999999999998, "type": "_origin", "_k": 0, "y": -3.425166865496446, "x": -1.0000000000000029}, "6": {"z": 1.5000000000000002, "qx": -0.0, "qy": -0.0, "qz": -0.20000000000000001, "type": "_origin", "_k": 0, "y": -3.425166865496446, "x": 0.99999999999999756}, "1": {"z": 1.3169859373461061, "type": "_origin", "_k": 0, "y": -3.4251668654964456, "x": 0.99999999999999756}, "0": {"y": -3.4251668654964456, "x": 3.0013313189020323, "z": 1.3149846060272041, "_k": 1}, "3": {"y": -3.4251668654964456, "x": -3.0013313189020412, "z": 1.3149846060272041, "_k": 1}, "2": {"z": 1.3169859373461061, "type": "_origin", "_k": 0, "y": -3.4251668654964456, "x": -1.0000000000000029}, "10": {"z": 0.10438989718527925, "rx": 0.102122009171203, "ry": 5.8580885109723537e-16, "type": "support", "rz": -0.20008874237585805, "_k": 2, "y": -3.425166865496442, "x": 3.6191989834742566}, "11": {"z": 0.1043898971852939, "rx": -0.10212200917120884, "ry": 5.8580885109723517e-16, "type": "support", "rz": -0.200088742375858, "_k": 2, "y": -3.425166865496442, "x": -3.6191989834742935}, "9": {"z": 1.3667822834125836, "qx": -0.0, "rx": 12.00212200917121, "qy": -0.0, "ry": -5.8580885109723517e-16, "qz": -0.099999999999999964, "type": "support", "rz": 0.70008874237585783, "_k": 2, "y": -3.425166865496446, "x": -4.9972268241858471}, "8": {"z": 1.4666546356108512, "qx": -0.0, "qy": -0.0, "qz": -0.1999999999999999, "_k": 1, "y": -3.425166865496446, "x": -2.9997220023477666}}, "max_int_key": 11, "attributes": {"gkey_node": {"-3.001,-3.425,1.315": 3, "3.000,-3.425,1.390": 0, "-1.000,-3.425,1.500": 7, "1.000,-3.425,1.500": 6, "3.000,-3.425,1.467": 5, "-3.000,-3.425,1.390": 3, "-1.000,-3.425,1.317": 2, "-3.000,-3.425,1.467": 8, "4.997,-3.425,1.367": 4, "3.619,-3.425,0.104": 10, "1.000,-3.425,1.317": 1, "3.001,-3.425,1.315": 0, "-3.000,-3.425,1.500": 8, "5.000,-3.425,1.500": 4, "-3.770,-3.425,0.270": 11, "3.000,-3.425,1.500": 5, "-3.619,-3.425,0.104": 11, "-4.997,-3.425,1.367": 9, "-5.000,-3.425,1.500": 9, "3.770,-3.425,0.270": 10}, "name": "Network", "tol": "3f"}, "edge_attributes": {"force": 0.0, "type": null, "length": 0.0}, "edge": {"5": {"6": {"force": -12.001668217793725, "length": 1.9999999999999996, "type": "trail"}, "0": {"force": 0.20000000000000001, "type": "deviation", "length": 0.15167856728515147}}, "4": {"5": {"force": -12.017114429918607, "length": 2.0, "type": "trail"}}, "7": {"8": {"force": -12.001668217793725, "length": 1.9999999999999987, "type": "trail"}, "2": {"force": 0.0001, "type": "deviation", "length": 0.18301406265389408}}, "6": {"7": {"force": -12.0, "type": "deviation", "length": 2.0000000000000004}, "1": {"force": 0.0001, "type": "deviation", "length": 0.18301406265389408}}, "1": {"2": {"force": 0.10000000000000001, "type": "deviation", "length": 2.0000000000000004}}, "0": {"1": {"force": 0.1000000499999875, "length": 2.0013323195674442, "type": "trail"}, "10": {"force": 0.22464284894631248, "length": 1.3591541487263319, "type": "trail"}}, "3": {"11": {"force": 0.22464284894631509, "length": 1.3591541487263314, "type": "trail"}}, "2": {"3": {"force": 0.1000000499999875, "length": 2.0013323195674477, "type": "trail"}}, "10": {}, "11": {}, "9": {}, "8": {"9": {"force": -12.017114429918614, "length": 1.9999999999999991, "type": "trail"}, "3": {"force": 0.20000000000000001, "type": "deviation", "length": 0.15167856728515153}}}}}