{"compas": "1.7.1", "datatype": "compas_cem.diagrams/TopologyDiagram", "data": {"adjacency": {"46": {"45": null, "47": null}, "16": {"15": null, "17": null}, "36": {"37": null, "12": null, "35": null}, "26": {"25": null, "27": null, "2": null}, "45": {"44": null, "46": null}, "48": {"0": null}, "15": {"14": null, "16": null}, "18": {"19": null, "17": null}, "35": {"36": null, "11": null, "34": null}, "25": {"26": null, "1": null, "24": null}, "28": {"4": null, "27": null, "29": null}, "38": {"37": null, "39": null}, "40": {"41": null, "39": null}, "10": {"9": null, "11": null, "34": null}, "30": {"31": null, "6": null, "29": null}, "20": {"21": null, "19": null}, "47": {"46": null}, "17": {"18": null, "16": null}, "37": {"36": null, "13": null, "38": null}, "27": {"28": null, "26": null, "3": null}, "42": {"41": null, "43": null}, "12": {"36": null, "13": null, "11": null}, "32": {"31": null, "33": null, "8": null}, "22": {"21": null, "23": null}, "49": {"13": null}, "19": {"20": null, "18": null}, "39": {"40": null, "38": null}, "29": {"28": null, "30": null, "5": null}, "41": {"40": null, "42": null}, "11": {"12": null, "35": null, "10": null}, "5": {"4": null, "6": null, "29": null}, "4": {"28": null, "3": null, "5": null}, "7": {"31": null, "6": null, "8": null}, "6": {"30": null, "7": null, "5": null}, "1": {"25": null, "0": null, "2": null}, "0": {"48": null, "1": null, "24": null}, "3": {"4": null, "27": null, "2": null}, "2": {"26": null, "1": null, "3": null}, "21": {"20": null, "22": null}, "31": {"30": null, "7": null, "32": null}, "9": {"33": null, "8": null, "10": null}, "8": {"7": null, "32": null, "9": null}, "44": {"45": null, "43": null}, "14": {"15": null}, "34": {"33": null, "35": null, "10": null}, "24": {"23": null, "0": null, "25": null}, "43": {"44": null, "42": null}, "13": {"37": null, "12": null, "49": null}, "33": {"32": null, "9": null, "34": null}, "23": {"22": null, "24": null}}, "node_attributes": {"z": 0.0, "qx": 0.0, "rx": 0.0, "qy": 0.0, "ry": 0.0, "qz": 0.0, "type": null, "rz": 0.0, "_k": null, "y": 0.0, "x": 0.0}, "node": {"46": {"z": 1.5000000000000002, "qx": -0.0, "qy": -0.0, "qz": -0.030303030303030543, "_k": 15, "y": -3.425166865496446, "x": -4.6969696969696928}, "16": {"z": 1.5000000000000002, "qx": -0.0, "qy": -0.0, "qz": -0.030303030303030321, "_k": 14, "y": -3.425166865496446, "x": 4.3939393939393909}, "36": {"z": 1.5000000000000002, "qx": -0.0, "qy": -0.0, "qz": -0.03030303030303029, "_k": 5, "y": -3.425166865496446, "x": -1.6666666666666654}, "26": {"z": 1.5000000000000002, "qx": -0.0, "qy": -0.0, "qz": -0.030303030303030234, "_k": 4, "y": -3.425166865496446, "x": 1.363636363636362}, "45": {"z": 1.5000000000000002, "qx": -0.0, "qy": -0.0, "qz": -0.030303030303030276, "_k": 14, "y": -3.425166865496446, "x": -4.39393939393939}, "48": {"z": 0.27000000000000024, "type": "support", "_k": 7, "y": -3.425166865496446, "x": 3.7699999999999974}, "15": {"z": 1.5000000000000002, "qx": -0.0, "qy": -0.0, "qz": -0.030303030303030321, "_k": 15, "y": -3.425166865496446, "x": 4.6969696969696946}, "18": {"z": 1.5000000000000002, "qx": -0.0, "qy": -0.0, "qz": -0.030303030303030276, "_k": 12, "y": -3.425166865496446, "x": 3.7878787878787854}, "35": {"z": 1.5000000000000002, "qx": -0.0, "qy": -0.0, "qz": -0.030303030303030356, "_k": 4, "y": -3.425166865496446, "x": -1.3636363636363618}, "25": {"z": 1.5000000000000002, "qx": -0.0, "qy": -0.0, "qz": -0.03030303030303029, "_k": 5, "y": -3.425166865496446, "x": 1.6666666666666652}, "28": {"z": 1.5000000000000002, "qx": -0.0, "qy": -0.0, "qz": -0.030303030303030339, "_k": 2, "y": -3.425166865496446, "x": 0.75757575757575846}, "38": {"z": 1.5000000000000002, "qx": -0.0, "qy": -0.0, "qz": -0.030303030303030321, "_k": 7, "y": -3.425166865496446, "x": -2.2727272727272712}, "40": {"z": 1.5000000000000002, "qx": -0.0, "qy": -0.0, "qz": -0.030303030303030276, "_k": 9, "y": -3.425166865496446, "x": -2.8787878787878767}, "10": {"_k": 3, "z": 1.3427358326840539, "y": -3.425166865496446, "x": -1.0606060606060583}, "30": {"z": 1.5000000000000002, "qx": -0.0, "qy": -0.0, "qz": -0.030303030303030234, "type": "_origin", "_k": 0, "y": -3.425166865496446, "x": 0.15151515151515105}, "20": {"z": 1.5000000000000002, "qx": -0.0, "qy": -0.0, "qz": -0.030303030303030297, "_k": 10, "y": -3.425166865496446, "x": 3.1818181818181799}, "47": {"z": 1.5000000000000002, "qx": -0.0, "qy": -0.0, "qz": -0.015151515151515405, "type": "support", "_k": 16, "y": -3.425166865496446, "x": -5.0000000000000009}, "17": {"z": 1.5000000000000002, "qx": -0.0, "qy": -0.0, "qz": -0.030303030303030276, "_k": 13, "y": -3.425166865496446, "x": 4.0909090909090882}, "37": {"z": 1.5000000000000002, "qx": -0.0, "qy": -0.0, "qz": -0.03030303030303029, "_k": 6, "y": -3.425166865496446, "x": -1.9696969696969675}, "27": {"z": 1.5000000000000002, "qx": -0.0, "qy": -0.0, "qz": -0.030303030303030179, "_k": 3, "y": -3.425166865496446, "x": 1.0606060606060606}, "42": {"z": 1.5000000000000002, "qx": -0.0, "qy": -0.0, "qz": -0.030303030303030165, "_k": 11, "y": -3.425166865496446, "x": -3.4848484848484818}, "12": {"_k": 5, "z": 1.3711015289322108, "y": -3.425166865496446, "x": -1.6666666666666652}, "32": {"z": 1.5000000000000002, "qx": -0.0, "qy": -0.0, "qz": -0.030303030303030276, "_k": 1, "y": -3.425166865496446, "x": -0.45454545454545359}, "22": {"z": 1.5000000000000002, "qx": -0.0, "qy": -0.0, "qz": -0.030303030303030321, "_k": 8, "y": -3.425166865496446, "x": 2.5757575757575739}, "49": {"z": 0.27000000000000024, "type": "support", "_k": 7, "y": -3.425166865496446, "x": -3.7700000000000014}, "19": {"z": 1.5000000000000002, "qx": -0.0, "qy": -0.0, "qz": -0.030303030303030276, "_k": 11, "y": -3.425166865496446, "x": 3.4848484848484826}, "39": {"z": 1.5000000000000002, "qx": -0.0, "qy": -0.0, "qz": -0.030303030303030276, "_k": 8, "y": -3.425166865496446, "x": -2.5757575757575739}, "29": {"z": 1.5000000000000002, "qx": -0.0, "qy": -0.0, "qz": -0.030303030303030373, "_k": 1, "y": -3.425166865496446, "x": 0.45454545454545381}, "41": {"z": 1.5000000000000002, "qx": -0.0, "qy": -0.0, "qz": -0.030303030303030255, "_k": 10, "y": -3.425166865496446, "x": -3.1818181818181794}, "11": {"_k": 4, "z": 1.3553473669680987, "y": -3.425166865496446, "x": -1.3636363636363618}, "5": {"_k": 1, "z": 1.326969710387168, "y": -3.425166865496446, "x": 0.45454545454545381}, "4": {"_k": 2, "z": 1.3332655774157258, "y": -3.425166865496446, "x": 0.75757575757575857}, "7": {"z": 1.3238304763383391, "type": "_origin", "_k": 0, "y": -3.425166865496446, "x": -0.15151515151515085}, "6": {"z": 1.3238304763383391, "type": "_origin", "_k": 0, "y": -3.425166865496446, "x": 0.15151515151515108}, "1": {"_k": 5, "z": 1.3711015289322108, "y": -3.425166865496446, "x": 1.6666666666666647}, "0": {"_k": 6, "z": 1.3899999999999944, "y": -3.425166865496446, "x": 1.9696969696969646}, "3": {"_k": 3, "z": 1.3427358326840542, "y": -3.425166865496446, "x": 1.0606060606060608}, "2": {"_k": 4, "z": 1.3553473669680987, "y": -3.425166865496446, "x": 1.3636363636363624}, "21": {"z": 1.5000000000000002, "qx": -0.0, "qy": -0.0, "qz": -0.030303030303030297, "_k": 9, "y": -3.425166865496446, "x": 2.8787878787878767}, "31": {"z": 1.5000000000000002, "qx": -0.0, "qy": -0.0, "qz": -0.030303030303030234, "type": "_origin", "_k": 0, "y": -3.425166865496446, "x": -0.15151515151515083}, "9": {"_k": 2, "z": 1.3332655774157256, "y": -3.425166865496446, "x": -0.75757575757575635}, "8": {"_k": 1, "z": 1.326969710387168, "y": -3.425166865496446, "x": -0.45454545454545336}, "44": {"z": 1.5000000000000002, "qx": -0.0, "qy": -0.0, "qz": -0.030303030303030366, "_k": 13, "y": -3.425166865496446, "x": -4.0909090909090873}, "14": {"z": 1.5000000000000002, "qx": -0.0, "qy": -0.0, "qz": -0.015151515151515138, "type": "support", "_k": 16, "y": -3.425166865496446, "x": 4.9999999999999973}, "34": {"z": 1.5000000000000002, "qx": -0.0, "qy": -0.0, "qz": -0.030303030303030273, "_k": 3, "y": -3.425166865496446,