{"compas": "1.7.1", "datatype": "compas_cem.diagrams/TopologyDiagram", "data": {"adjacency": {"16": {"17": null, "5": null, "22": null, "15": null, "0": null}, "36": {"30": null, "31": null, "40": null}, "26": {"27": null, "25": null}, "15": {"14": null, "16": null}, "18": {"19": null, "1": null, "17": null}, "35": {"39": null, "3": null, "2": null}, "25": {"26": null, "23": null}, "28": {"27": null, "6": null, "22": null, "29": null}, "38": {"34": null}, "40": {"36": null}, "10": {"32": null, "9": null, "11": null}, "30": {"36": null, "29": null, "8": null}, "20": {"37": null, "21": null, "3": null}, "17": {"0": null, "16": null, "18": null}, "37": {"20": null, "41": null, "19": null}, "27": {"26": null, "6": null, "28": null, "33": null, "11": null}, "12": {"13": null, "14": null}, "32": {"31": null, "33": null, "10": null}, "22": {"28": null, "21": null, "16": null, "5": null}, "19": {"37": null, "18": null, "2": null}, "39": {"35": null}, "29": {"28": null, "7": null, "30": null}, "41": {"37": null}, "11": {"27": null, "33": null, "10": null}, "5": {"4": null, "6": null, "22": null, "16": null}, "4": {"21": null, "3": null, "5": null}, "7": {"6": null, "8": null, "29": null}, "6": {"28": null, "7": null, "27": null, "5": null}, "1": {"0": null, "18": null, "2": null}, "0": {"1": null, "16": null, "17": null}, "3": {"4": null, "20": null, "35": null}, "2": {"19": null, "1": null, "35": null}, "21": {"4": null, "20": null, "22": null}, "31": {"36": null, "32": null, "9": null}, "9": {"31": null, "10": null, "34": null}, "8": {"30": null, "7": null, "34": null}, "14": {"12": null, "15": null}, "34": {"9": null, "8": null, "38": null}, "24": {"23": null}, "13": {"12": null}, "33": {"27": null, "32": null, "11": null}, "23": {"25": null, "24": null}}, "node_attributes": {"z": 0.0, "qx": 0.0, "rx": 0.0, "qy": 0.0, "ry": 0.0, "qz": 0.0, "type": null, "rz": 0.0, "_k": null, "y": 0.0, "x": 0.0}, "node": {"16": {"z": 3.29, "type": "_origin", "_k": 0, "y": -2.925166865496446, "x": -2.6923076923076934}, "36": {"z": 1.5000000000000002, "qx": -0.0, "qy": -0.0, "qz": -0.076923076923076872, "type": "_origin", "_k": 0, "y": -2.425166865496446, "x": 2.6923076923076916}, "26": {"_k": 1, "z": 2.6933333333333334, "y": -2.925166865496446, "x": 2.6923076923076916}, "15": {"_k": 1, "z": 2.6933333333333334, "y": -2.925166865496446, "x": -2.6923076923076934}, "18": {"z": 1.5000000000000002, "qx": -0.0, "qy": -0.0, "qz": -0.076923076923076927, "_k": 1, "y": -2.425166865496446, "x": -4.2307692307692317}, "35": {"z": 1.5000000000000002, "qx": -0.0, "qy": -0.0, "qz": -0.0769230769230769, "type": "_origin", "_k": 0, "y": -3.425166865496446, "x": -2.6923076923076934}, "25": {"_k": 2, "z": 2.0966666666666667, "y": -2.925166865496446, "x": 2.6923076923076916}, "28": {"z": 1.5000000000000002, "qx": -0.0, "qy": -0.0, "qz": -0.076923076923077011, "type": "support", "_k": 2, "y": -2.425166865496446, "x": 0.38461538461538547}, "38": {"z": 1.8300000000000003, "type": "support", "_k": 1, "y": -3.425166865496446, "x": 2.6923076923076916}, "40": {"z": 1.8300000000000003, "type": "support", "_k": 1, "y": -2.425166865496446, "x": 2.6923076923076916}, "10": {"z": 1.5000000000000002, "qx": -0.0, "qy": -0.0, "qz": -0.076923076923076872, "_k": 1, "y": -3.425166865496446, "x": 4.2307692307692282}, "30": {"z": 1.5000000000000002, "qx": -0.0, "qy": -0.0, "qz": -0.076923076923076886, "type": "_origin", "_k": 0, "y": -2.425166865496446, "x": 1.9230769230769227}, "20": {"z": 1.5000000000000002, "qx": -0.0, "qy": -0.0, "qz": -0.0769230769230769, "type": "_origin", "_k": 0, "y": -2.425166865496446, "x": -1.9230769230769249}, "17": {"z": 1.5000000000000002, "qx": -0.0, "qy": -0.0, "qz": -0.038461538461538464, "type": "support", "_k": 2, "y": -2.425166865496446, "x": -5.0000000000000009}, "37": {"z": 1.5000000000000002, "qx": -0.0, "qy": -0.0, "qz": -0.0769230769230769, "type": "_origin", "_k": 0, "y": -2.425166865496446, "x": -2.6923076923076934}, "27": {"z": 3.29, "type": "_origin", "_k": 0, "y": -2.925166865496446, "x": 2.6923076923076916}, "12": {"_k": 3, "z": 1.5000000000000002, "y": -2.925166865496446, "x": -2.6923076923076934}, "32": {"z": 1.5000000000000002, "qx": -0.0, "qy": -0.0, "qz": -0.076923076923076872, "_k": 1, "y": -2.425166865496446, "x": 4.2307692307692282}, "22": {"z": 1.5000000000000002, "qx": -0.0, "qy": -0.0, "qz": -0.076923076923077066, "type": "support", "_k": 2, "y": -2.425166865496446, "x": -0.38461538461538586}, "19": {"z": 1.5000000000000002, "qx": -0.0, "qy": -0.0, "qz": -0.076923076923076927, "type": "_origin", "_k": 0, "y": -2.425166865496446, "x": -3.4615384615384626}, "39": {"z": 1.8300000000000003, "type": "support", "_k": 1, "y": -3.425166865496446, "x": -2.6923076923076934}, "29": {"z": 1.5000000000000002, "qx": -0.0, "qy": -0.0, "qz": -0.076923076923076872, "_k": 1, "y": -2.425166865496446, "x": 1.153846153846154}, "41": {"z": 1.8300000000000003, "type": "support", "_k": 1, "y": -2.425166865496446, "x": -2.6923076923076934}, "11": {"z": 1.5000000000000002, "qx": -0.0, "qy": -0.0, "qz": -0.038461538461538464, "type": "support", "_k": 2, "y": -3.425166865496446, "x": 4.9999999999999973}, "5": {"z": 1.5000000000000002, "qx": -0.0, "qy": -0.0, "qz": -0.076923076923077066, "type": "support", "_k": 2, "y": -3.425166865496446, "x": -0.38461538461538586}, "4": {"z": 1.5000000000000002, "qx": -0.0, "qy": -0.0, "qz": -0.076923076923076955, "_k": 1, "y": -3.425166865496446, "x": -1.1538461538461555}, "7": {"z": 1.5000000000000002, "qx": -0.0, "qy": -0.0, "qz": -0.076923076923076872, "_k": 1, "y": -3.425166865496446, "x": 1.153846153846154}, "6": {"z": 1.5000000000000002, "qx": -0.0, "qy": -0.0, "qz": -0.076923076923077011, "type": "support", "_k": 2, "y": -3.425166865496446, "x": 0.38461538461538547}, "1": {"z": 1.5000000000000002, "qx": -0.0, "qy": -0.0, "qz": -0.076923076923076927, "_k": 1, "y": -3.425166865496446, "x": -4.2307692307692317}, "0": {"z": 1.5000000000000002, "qx": -0.0, "qy": -0.0, "qz": -0.038461538461538464, "type": "support", "_k": 2, "y": -3.425166865496446, "x": -5.0000000000000009}, "3": {"z": 1.5000000000000002, "qx": -0.0, "qy": -0.0, "qz": -0.0769230769230769, "type": "_origin", "_k": 0, "y": -3.425166865496446, "x": -1.9230769230769249}, "2": {"z": 1.5000000000000002, "qx": -0.0, "qy": -0.0, "qz": -0.076923076923076927, "type": "_origin", "_k": 0, "y": -3.425166865496446, "x": -3.4615384615384626}, "21": {"z": 1.5000000000000002, "qx": -0.0, "qy": -0.0, "qz": -0.076923076923076955, "_k": 1, "y": -2.425166865496446, "x": -1.1538461538461555}, "31": {"z": 1.5000000000000002, "qx": -0.0, "qy": -0.0, "qz": -0.07692307692307683, "type": "_origin", "_k": 0, "y": -2.425166865496446, "x": 3.4615384615384599}, "9": {"z": 1.5000000000000002, "qx": -0.0, "qy": -0.0, "qz": -0.07692307692307683, "type": "_origin", "_k": 0, "y": -3.425166865496446, "x": 3.4615384615384599}, "8": {"z": 1.5000000000000002, "qx": -0.0, "qy": -0.0, "qz": -0.076923076923076886, "type": "_origin", "_k": 0, "y": -3.425166865496446, "x": 1.9230769230769227}, "14": {"_k": 2, "z": 2.0966666666666667, "y": -2.925166865496446, "x": -2.6923076923076934}, "34": {"z": 1.5000000000000002, "qx": -0.0, "qy": -0.0, "qz": -0.076923076923076872, "type": "_origin", "_k": 0, "y": -3.425166865496446, "x": 2.6923076923076916}, "24": {"z": 0.010000000000000231, "type": "support", "_k": 4, "y": -2.925166865496446, "x": 2.6923076923076916}, "13": {"z": 0.010000000000000231, "type": "support", "_k": 4, "y": -2.925166865496446, "x": -2.6923076923076934}, "33": {"z": 1.5000000000000002, "qx": -0.0, "qy": -0.0, "qz": -0.038461538461538464, "type": "support", "_k": 2, "y": -2.425166865496446, "x": 4.9999999999999973}, "23": {"_k": 3, "z": 1.5000000000000002, "y": -2.925166865496446, "x": 2.6923076923076916}}, "max_int_key": 41, "attributes": {"gkey_node": {"5.000,-3.425,1.500": 11, "2.692,-2.925,2.693": 26, "-2.692,-2.925,2.693": 15, "-2.692,-2.925,1.500": 12, "-0.385,-3.425,1.500": 5, "3.462,-2.425,1.500": 31,