{"compas": "1.7.1", "datatype": "compas_cem.diagrams/FormDiagram", "data": {"adjacency": {"16": {"7": null, "15": null, "18": null}, "36": {"27": null, "35": null, "38": null}, "26": {"27": null, "6": null, "35": null, "25": null}, "15": {"6": null, "14": null, "16": null}, "18": {"19": null, "8": null, "16": null}, "35": {"36": null, "26": null, "34": null}, "25": {"5": null, "26": null, "34": null, "24": null}, "28": {"38": null, "27": null, "29": null, "8": null}, "38": {"28": null, "36": null, "39": null}, "10": {"0": null, "11": null}, "30": {"31": null, "20": null}, "20": {"30": null, "21": null, "0": null}, "17": {"12": null, "11": null, "2": null}, "37": {"31": null, "32": null, "22": null}, "27": {"28": null, "7": null, "36": null, "26": null}, "12": {"13": null, "17": null, "3": null}, "32": {"37": null, "33": null, "23": null}, "22": {"37": null, "21": null, "23": null, "2": null}, "19": {"9": null, "18": null}, "39": {"29": null, "38": null}, "29": {"28": null, "9": null, "39": null}, "11": {"1": null, "10": null, "17": null}, "5": {"4": null, "6": null, "14": null, "25": null}, "4": {"5": null, "13": null, "3": null, "24": null}, "7": {"27": null, "6": null, "8": null, "16": null}, "6": {"7": null, "26": null, "15": null, "5": null}, "1": {"21": null, "0": null, "11": null, "2": null}, "0": {"20": null, "1": null, "10": null}, "3": {"4": null, "12": null, "23": null, "2": null}, "2": {"1": null, "22": null, "3": null, "17": null}, "21": {"31": null, "20": null, "22": null, "1": null}, "31": {"30": null, "21": null, "37": null}, "9": {"19": null, "8": null, "29": null}, "8": {"28": null, "7": null, "9": null, "18": null}, "14": {"13": null, "15": null, "5": null}, "34": {"33": null, "35": null, "25": null}, "24": {"4": null, "33": null, "23": null, "25": null}, "13": {"4": null, "12": null, "14": null}, "33": {"32": null, "34": null, "24": null}, "23": {"32": null, "22": null, "3": null, "24": null}}, "node_attributes": {"z": 0.0, "qx": 0.0, "rx": 0.0, "qy": 0.0, "ry": 0.0, "qz": 0.0, "type": null, "rz": 0.0, "_k": null, "y": 0.0, "x": 0.0}, "node": {"16": {"z": 1.0383842437219499, "rx": -3.5945384761116985, "ry": 0.0036829235957626313, "type": "support", "rz": 2.1552127056780632, "_k": 2, "y": -3.4284514170644975, "x": 2.8228598751746765}, "36": {"z": 1.0383842437219495, "rx": -3.5945384761116932, "ry": -0.0036829235957626903, "type": "support", "rz": 2.1552127056780677, "_k": 2, "y": -2.4218823139283945, "x": 2.8228598751746778}, "26": {"z": 1.4506666003138162, "qx": -0.0, "qy": -0.0, "qz": -0.1111111111111111, "_k": 1, "y": -2.4307168729611419, "x": 1.6655570484946955}, "15": {"y": -3.425166865496446, "x": 1.675631328320268, "z": 1.2619547380535223, "_k": 1}, "18": {"z": 1.1927119955250975, "type": "_origin", "_k": 0, "y": -3.425166865496446, "x": 3.8888888888888746}, "35": {"y": -2.425166865496446, "x": 1.6756313283202673, "z": 1.2619547380535223, "_k": 1}, "25": {"z": 1.5000000000000002, "qx": -0.0, "qy": -0.0, "qz": -0.11111111111111134, "type": "_origin", "_k": 0, "y": -2.425166865496446, "x": 0.55555555555555469}, "28": {"z": 1.3038454030309921, "qx": -0.0, "qy": -0.0, "qz": -0.11111111111111102, "_k": 3, "y": -2.4577605386017289, "x": 3.8821953308672663}, "38": {"z": 1.192711995525098, "type": "_origin", "_k": 0, "y": -2.425166865496446, "x": 3.8888888888888777}, "10": {"z": 1.1906007787459054, "rx": 6.8599160452422012, "ry": 1.2029899645577355, "type": "support", "rz": 0.21051719955266684, "_k": 1, "y": -3.4696805679611922, "x": -5.0134520673895038}, "30": {"z": 1.1906007787459059, "rx": 6.8599160452422083, "ry": -1.2029899645577284, "type": "support", "rz": 0.21051719955266457, "_k": 1, "y": -2.3806531630317016, "x": -5.0134520673895038}, "20": {"z": 1.2083956990625444, "qx": -0.0, "rx": -20.254454521353896, "qy": -0.0, "ry": 0.70667288815349005, "qz": -0.055555555555555539, "type": "support", "rz": -1.8657299052307486, "_k": 4, "y": -2.4652652367762808, "x": -4.9891736209670388}, "17": {"z": 1.0383842437219473, "rx": 3.5945384761116879, "ry": 0.0036829235957588635, "type": "support", "rz": 2.1552127056780845, "_k": 2, "y": -3.4284514170644971, "x": -2.8228598751746836}, "37": {"z": 1.0383842437219473, "rx": 3.5945384761116825, "ry": -0.0036829235957616009, "type": "support", "rz": 2.1552127056780863, "_k": 2, "y": -2.4218823139283949, "x": -2.8228598751746841}, "27": {"z": 1.3526533773426421, "qx": -0.0, "qy": -0.0, "qz": -0.11111111111111094, "_k": 2, "y": -2.4401347337939381, "x": 2.7722966805919178}, "12": {"y": -3.425166865496446, "x": -1.6756313283202646, "z": 1.2619547380535221, "_k": 1}, "32": {"y": -2.425166865496446, "x": -1.6756313283202648, "z": 1.2619547380535221, "_k": 1}, "22": {"z": 1.3526533773426419, "qx": -0.0, "qy": -0.0, "qz": -0.11111111111111115, "_k": 2, "y": -2.4401347337939381, "x": -2.7722966805919205}, "19": {"z": 1.1906007787459001, "rx": -6.8599160452419889, "ry": 1.202989964557744, "type": "support", "rz": 0.21051719955274492, "_k": 1, "y": -3.4696805679611922, "x": 5.0134520673894922}, "39": {"z": 1.1906007787459014, "rx": -6.8599160452420422, "ry": -1.2029899645577393, "type": "support", "rz": 0.21051719955272602, "_k": 1, "y": -2.3806531630316998, "x": 5.0134520673894949}, "29": {"z": 1.208395699062544, "qx": -0.0, "rx": 20.254454521353736, "qy": -0.0, "ry": 0.70667288815350204, "qz": -0.055555555555555448, "type": "support", "rz": -1.8657299052307956, "_k": 4, "y": -2.4652652367762808, "x": 4.9891736209670352}, "11": {"z": 1.1927119955250989, "type": "_origin", "_k": 0, "y": -3.425166865496446, "x": -3.8888888888888915}, "5": {"z": 1.5000000000000002, "qx": -0.0, "qy": -0.0, "qz": -0.11111111111111134, "type": "_origin", "_k": 0, "y": -3.425166865496446, "x": 0.55555555555555469}, "4": {"z": 1.5000000000000002, "qx": -0.0, "qy": -0.0, "qz": -0.1111111111111111, "type": "_origin", "_k": 0, "y": -3.425166865496446, "x": -0.55555555555555702}, "7": {"z": 1.3526533773426421, "qx": -0.0, "qy": -0.0, "qz": -0.11111111111111094, "_k": 2, "y": -3.4101989971989539, "x": 2.7722966805919178}, "6": {"z": 1.4506666003138162, "qx": -0.0, "qy": -0.0, "qz": -0.1111111111111111, "_k": 1, "y": -3.4196168580317501, "x": 1.6655570484946955}, "1": {"z": 1.3038454030309918, "qx": -0.0, "qy": -0.0, "qz": -0.11111111111111108, "_k": 3, "y": -3.3925731923911631, "x": -3.8821953308672681}, "0": {"z": 1.2083956990625444, "qx": -0.0, "rx": -20.254454521353889, "qy": -0.0, "ry": -0.70667288815349438, "qz": -0.055555555555555539, "type": "support", "rz": -1.8657299052307492, "_k": 4, "y": -3.3850684942166112, "x": -4.9891736209670388}, "3": {"z": 1.4506666003138164, "qx": -0.0, "qy": -0.0, "qz": -0.11111111111111113, "_k": 1, "y": -3.4196168580317505, "x": -1.6655570484946929}, "2": {"z": 1.3526533773426419, "qx": -0.0, "qy": -0.0, "qz": -0.11111111111111115, "_k": 2, "y": -3.4101989971989539, "x": -2.7722966805919205}, "21": {"z": 1.3038454030309918, "qx": -0.0, "qy": -0.0, "qz": -0.11111111111111108, "_k": 3, "y": -2.4577605386017289, "x": -3.8821953308672681}, "31": {"z": 1.1927119955250991, "type": "_origin", "_k": 0, "y": -2.4251668654964464, "x": -3.8888888888888915}, "9": {"z": 1.2083956990625437, "qx": -0.0, "rx": 20.254454521353686, "qy": -0.0, "ry": -0.70667288815350671, "qz": -0.055555555555555448, "type": "support", "rz": -1.8657299052308103, "_k": 4, "y": -3.3850684942166112, "x": 4.9891736209670352}, "8": {"z": 1.3038454030309921, "qx": -0.0, "qy": -0.0, "qz": -0.11111111111111102, "_k": 3, "y": -3.3925731923911631, "x": 3.8821953308672663}, "14": {"z": 1.3717660883245724, "type": "_origin", "_k": 0, "y": -3.425166865496446, "x": 0.55555555555555458}, "34": {"z": 1.3717660883245724, "type": "_origin", "_k": 0, "y": -2.425166865496446, "x": 0.55555555555555469}, "24": {"z": 1.5000000000000002, "qx": -0.0, "qy": -0.0, "qz": -0.1111111111111111, "type": "_origin", "_k": 0, "y": -2.425166865496446, "x": -0.55555555555555702}, "13": {"z": 1.3717660883245721, "type": "_origin", "_k": 0, "y": -3.425166865496446,