{"compas": "1.7.1", "datatype": "compas_cem.diagrams/TopologyDiagram", "data": {"adjacency": {"14": {"15": null, "0": null, "9": null}, "17": {"16": null}, "12": {"4": null, "13": null, "16": null}, "5": {"4": null, "6": null}, "4": {"12": null, "3": null, "5": null}, "7": {"6": null, "0": null, "8": null}, "6": {"7": null, "16": null, "5": null}, "1": {"0": null}, "0": {"7": null, "14": null, "1": null}, "3": {"4": null, "2": null}, "2": {"3": null}, "10": {"9": null, "11": null}, "13": {"12": null}, "15": {"14": null}, "11": {"10": null}, "9": {"14": null, "8": null, "10": null}, "8": {"7": null, "9": null}, "16": {"12": null, "6": null, "17": null}}, "node_attributes": {"z": 0.0, "qx": 0.0, "rx": 0.0, "qy": 0.0, "ry": 0.0, "qz": 0.0, "type": null, "rz": 0.0, "_k": null, "y": 0.0, "x": 0.0}, "node": {"14": {"z": 1.1575000000000002, "type": "_origin", "_k": 0, "y": -3.425166865496446, "x": -1.716666666666669}, "17": {"z": 0.13000000000000012, "type": "support", "_k": 1, "y": -3.425166865496446, "x": 1.6166666666666645}, "12": {"z": 1.1575000000000002, "type": "_origin", "_k": 0, "y": -3.425166865496446, "x": 1.7166666666666646}, "5": {"z": 1.5000000000000002, "qx": -0.0, "qy": -0.0, "qz": -0.1111111111111111, "_k": 1, "y": -3.425166865496446, "x": 1.6666666666666645}, "4": {"z": 1.5000000000000002, "qx": -0.0, "qy": -0.0, "qz": -0.1111111111111111, "_k": 2, "y": -3.425166865496446, "x": 2.7777777777777755}, "7": {"z": 1.5000000000000002, "qx": -0.0, "qy": -0.0, "qz": -0.11111111111111112, "type": "_origin", "_k": 0, "y": -3.425166865496446, "x": -0.55555555555555747}, "6": {"z": 1.5000000000000002, "qx": -0.0, "qy": -0.0, "qz": -0.1111111111111111, "type": "_origin", "_k": 0, "y": -3.425166865496446, "x": 0.55555555555555325}, "1": {"z": 0.13000000000000012, "type": "support", "_k": 1, "y": -3.425166865496446, "x": -1.6166666666666689}, "0": {"z": 1.1575000000000002, "type": "_origin", "_k": 0, "y": -3.425166865496446, "x": -1.6166666666666689}, "3": {"z": 1.5000000000000002, "qx": -0.0, "qy": -0.0, "qz": -0.1111111111111111, "_k": 3, "y": -3.425166865496446, "x": 3.8888888888888866}, "2": {"z": 1.5000000000000002, "qx": -0.0, "qy": -0.0, "qz": -0.055555555555555539, "type": "support", "_k": 4, "y": -3.425166865496446, "x": 4.9999999999999973}, "10": {"z": 1.5000000000000002, "qx": -0.0, "qy": -0.0, "qz": -0.11111111111111104, "_k": 3, "y": -3.425166865496446, "x": -3.8888888888888924}, "13": {"z": 0.13000000000000012, "type": "support", "_k": 1, "y": -3.425166865496446, "x": 1.7166666666666646}, "15": {"z": 0.13000000000000012, "type": "support", "_k": 1, "y": -3.425166865496446, "x": -1.716666666666669}, "11": {"z": 1.5000000000000002, "qx": -0.0, "qy": -0.0, "qz": -0.055555555555555428, "type": "support", "_k": 4, "y": -3.425166865496446, "x": -5.0000000000000009}, "9": {"z": 1.5000000000000002, "qx": -0.0, "qy": -0.0, "qz": -0.11111111111111119, "_k": 2, "y": -3.425166865496446, "x": -2.7777777777777803}, "8": {"z": 1.5000000000000002, "qx": -0.0, "qy": -0.0, "qz": -0.11111111111111116, "_k": 1, "y": -3.425166865496446, "x": -1.666666666666669}, "16": {"z": 1.1575000000000002, "type": "_origin", "_k": 0, "y": -3.425166865496446, "x": 1.6166666666666645}}, "max_int_key": 17, "attributes": {"gkey_node": {"1.617,-3.425,0.130": 17, "0.556,-3.425,1.500": 6, "-3.889,-3.425,1.500": 10, "1.667,-3.425,1.500": 5, "-1.617,-3.425,0.130": 1, "1.717,-3.425,0.130": 13, "-0.556,-3.425,1.500": 7, "-1.617,-3.425,1.158": 0, "-1.717,-3.425,0.130": 15, "1.617,-3.425,1.158": 16, "-2.778,-3.425,1.500": 9, "2.778,-3.425,1.500": 4, "5.000,-3.425,1.500": 2, "-1.717,-3.425,1.158": 14, "-1.667,-3.425,1.500": 8, "1.717,-3.425,1.158": 12, "-5.000,-3.425,1.500": 11, "3.889,-3.425,1.500": 3}, "name": "Network", "_aux_length": 0.33000000000000002, "_trails": {"0": [0, 1], "6": [6, 5, 4, 3, 2], "7": [7, 8, 9, 10, 11], "12": [12, 13], "14": [14, 15], "16": [16, 17]}, "tol": "3f", "_auxiliary_trails": {}, "_aux_vector": {"dtype": "compas.geometry/Vector", "value": [-0.0, -0.0, -1.0]}}, "edge_attributes": {"force": 0.0, "type": null, "length": 0.0}, "edge": {"14": {"15": {"length": 1.0275000000000001, "type": "trail"}}, "17": {}, "12": {"13": {"length": 1.0275000000000001, "type": "trail"}, "16": {"force": 1.6619999999999999, "type": "deviation"}}, "5": {"6": {"length": -1.1111111111111112, "type": "trail"}}, "4": {"12": {"force": 1.8, "type": "deviation"}, "5": {"length": -1.1111111111111109, "type": "trail"}}, "7": {"0": {"force": 1.8899999999999999, "type": "deviation"}, "8": {"length": -1.1111111111111116, "type": "trail"}}, "6": {"7": {"force": -10.0, "type": "deviation"}, "16": {"force": 1.8899999999999999, "type": "deviation"}}, "1": {}, "0": {"14": {"force": 1.6619999999999999, "type": "deviation"}, "1": {"length": 1.0275000000000001, "type": "trail"}}, "3": {"4": {"length": -1.1111111111111112, "type": "trail"}}, "2": {"3": {"length": -1.1111111111111107, "type": "trail"}}, "10": {"11": {"length": -1.1111111111111085, "type": "trail"}}, "13": {}, "15": {}, "11": {}, "9": {"14": {"force": 1.8, "type": "deviation"}, "10": {"length": -1.111111111111112, "type": "trail"}}, "8": {"9": {"length": -1.1111111111111114, "type": "trail"}}, "16": {"17": {"length": 1.0275000000000001, "type": "trail"}}}}}