{"compas": "1.7.1", "datatype": "compas_cem.diagrams/TopologyDiagram", "data": {"adjacency": {"14": {"13": null}, "12": {"13": null, "6": null, "0": null}, "5": {"4": null, "13": null}, "4": {"3": null, "5": null}, "7": {"6": null, "8": null}, "6": {"12": null, "7": null}, "1": {"0": null, "2": null}, "0": {"12": null, "1": null}, "3": {"4": null, "2": null}, "2": {"1": null, "3": null}, "10": {"9": null, "11": null}, "13": {"12": null, "14": null, "11": null, "5": null}, "11": {"13": null, "10": null}, "9": {"8": null, "10": null}, "8": {"7": null, "9": null}}, "node_attributes": {"z": 0.0, "qx": 0.0, "rx": 0.0, "qy": 0.0, "ry": 0.0, "qz": 0.0, "type": null, "rz": 0.0, "_k": null, "y": 0.0, "x": 0.0}, "node": {"14": {"z": -1.1615382907749932, "type": "support", "_k": 1, "y": -3.425166865496446, "x": -2.415923710588034e-16}, "12": {"z": 1.5000000000000002, "qx": -0.0, "qy": -0.0, "qz": -0.083333333333333343, "type": "_origin", "_k": 0, "y": -3.425166865496446, "x": -1.7763568394002505e-15}, "5": {"z": 1.5000000000000002, "qx": -0.0, "qy": -0.0, "qz": -0.041666666666666699, "type": "support", "_k": 5, "y": -3.425166865496446, "x": -5.0000000000000009}, "4": {"z": 1.5000000000000002, "qx": -0.0, "qy": -0.0, "qz": -0.083333333333333329, "_k": 4, "y": -3.425166865496446, "x": -4.166666666666667}, "7": {"z": 1.5000000000000002, "qx": -0.0, "qy": -0.0, "qz": -0.083333333333333315, "_k": 2, "y": -3.425166865496446, "x": 1.6666666666666654}, "6": {"z": 1.5000000000000002, "qx": -0.0, "qy": -0.0, "qz": -0.08333333333333337, "_k": 1, "y": -3.425166865496446, "x": 0.83333333333333182}, "1": {"z": 1.5000000000000002, "qx": -0.0, "qy": -0.0, "qz": -0.083333333333333343, "_k": 1, "y": -3.425166865496446, "x": -1.6666666666666676}, "0": {"z": 1.5000000000000002, "qx": -0.0, "qy": -0.0, "qz": -0.083333333333333301, "type": "_origin", "_k": 0, "y": -3.425166865496446, "x": -0.8333333333333347}, "3": {"z": 1.5000000000000002, "qx": -0.0, "qy": -0.0, "qz": -0.083333333333333287, "_k": 3, "y": -3.425166865496446, "x": -3.3333333333333344}, "2": {"z": 1.5000000000000002, "qx": -0.0, "qy": -0.0, "qz": -0.083333333333333343, "_k": 2, "y": -3.425166865496446, "x": -2.5000000000000013}, "10": {"z": 1.5000000000000002, "qx": -0.0, "qy": -0.0, "qz": -0.083333333333333356, "_k": 5, "y": -3.425166865496446, "x": 4.1666666666666643}, "13": {"z": -0.83153829077499308, "type": "_origin", "_k": 0, "y": -3.425166865496446, "x": -2.415923710588034e-16}, "11": {"z": 1.5000000000000002, "qx": -0.0, "qy": -0.0, "qz": -0.041666666666666657, "type": "support", "_k": 6, "y": -3.425166865496446, "x": 4.9999999999999973}, "9": {"z": 1.5000000000000002, "qx": -0.0, "qy": -0.0, "qz": -0.083333333333333329, "_k": 4, "y": -3.425166865496446, "x": 3.3333333333333304}, "8": {"z": 1.5000000000000002, "qx": -0.0, "qy": -0.0, "qz": -0.083333333333333259, "_k": 3, "y": -3.425166865496446, "x": 2.4999999999999978}}, "max_int_key": 14, "attributes": {"gkey_node": {"0.000,-3.425,1.500": 12, "1.667,-3.425,1.500": 7, "2.500,-3.425,1.500": 8, "-3.333,-3.425,1.500": 3, "-0.833,-3.425,1.500": 0, "4.167,-3.425,1.500": 10, "-4.167,-3.425,1.500": 4, "3.333,-3.425,1.500": 9, "5.000,-3.425,1.500": 11, "0.000,-3.425,-1.162": 14, "-1.667,-3.425,1.500": 1, "-2.500,-3.425,1.500": 2, "0.000,-3.425,-0.832": 13, "-5.000,-3.425,1.500": 5, "0.833,-3.425,1.500": 6}, "name": "Network", "_aux_length": 0.33000000000000002, "_trails": {"0": [0, 1, 2, 3, 4, 5], "12": [12, 6, 7, 8, 9, 10, 11], "13": [13, 14]}, "tol": "3f", "_auxiliary_trails": {"13": [13, 14]}, "_aux_vector": {"dtype": "compas.geometry/Vector", "value": [-0.0, -0.0, -1.0]}}, "edge_attributes": {"force": 0.0, "type": null, "length": 0.0}, "edge": {"14": {}, "12": {"13": {"force": -0.20000000000000001, "type": "deviation"}, "6": {"length": -0.83333333333333359, "type": "trail"}, "0": {"force": -20.0, "type": "deviation"}}, "5": {"13": {"force": 0.20000000000000001, "type": "deviation"}}, "4": {"5": {"length": -0.83333333333333393, "type": "trail"}}, "7": {"8": {"length": -0.83333333333333237, "type": "trail"}}, "6": {"7": {"length": -0.83333333333333359, "type": "trail"}}, "1": {"2": {"length": -0.8333333333333337, "type": "trail"}}, "0": {"1": {"length": -0.83333333333333293, "type": "trail"}}, "3": {"4": {"length": -0.83333333333333259, "type": "trail"}}, "2": {"3": {"length": -0.83333333333333304, "type": "trail"}}, "10": {"11": {"length": -0.83333333333333304, "type": "trail"}}, "13": {"14": {"length": 0.33000000000000002, "type": "trail"}}, "11": {"13": {"force": 0.20000000000000001, "type": "deviation"}}, "9": {"10": {"length": -0.83333333333333393, "type": "trail"}}, "8": {"9": {"length": -0.83333333333333259, "type": "trail"}}}}}