{"compas": "1.7.1", "datatype": "compas_cem.diagrams/TopologyDiagram", "data": {"adjacency": {"5": {"4": null, "6": null}, "4": {"8": null, "5": null}, "7": {"6": null, "9": null}, "6": {"7": null, "5": null}, "1": {"0": null, "2": null}, "0": {"1": null, "8": null}, "3": {"9": null, "2": null}, "2": {"1": null, "3": null}, "10": {"9": null}, "9": {"10": null, "7": null, "8": null, "3": null}, "8": {"4": null, "0": null, "9": null}}, "node_attributes": {"z": 0.0, "qx": 0.0, "rx": 0.0, "qy": 0.0, "ry": 0.0, "qz": 0.0, "type": null, "rz": 0.0, "_k": null, "y": 0.0, "x": 0.0}, "node": {"5": {"z": 1.5000000000000002, "qx": -0.0, "qy": -0.0, "qz": -0.125, "_k": 2, "y": -3.425166865496446, "x": 2.4999999999999978}, "4": {"z": 1.5000000000000002, "qx": -0.0, "qy": -0.0, "qz": -0.12499999999999999, "_k": 1, "y": -3.425166865496446, "x": 1.249999999999998}, "7": {"z": 1.5000000000000002, "qx": -0.0, "qy": -0.0, "qz": -0.062499999999999979, "type": "support", "_k": 4, "y": -3.425166865496446, "x": 4.9999999999999973}, "6": {"z": 1.5000000000000002, "qx": -0.0, "qy": -0.0, "qz": -0.12499999999999997, "_k": 3, "y": -3.425166865496446, "x": 3.7499999999999978}, "1": {"z": 1.5000000000000002, "qx": -0.0, "qy": -0.0, "qz": -0.125, "_k": 1, "y": -3.425166865496446, "x": -2.5000000000000013}, "0": {"z": 1.5000000000000002, "qx": -0.0, "qy": -0.0, "qz": -0.12499999999999999, "type": "_origin", "_k": 0, "y": -3.425166865496446, "x": -1.2500000000000016}, "3": {"z": 1.5000000000000002, "qx": -0.0, "qy": -0.0, "qz": -0.062499999999999979, "type": "support", "_k": 3, "y": -3.425166865496446, "x": -5.0000000000000009}, "2": {"z": 1.5000000000000002, "qx": -0.0, "qy": -0.0, "qz": -0.12499999999999997, "_k": 2, "y": -3.425166865496446, "x": -3.7500000000000013}, "10": {"z": -1.1615382907749932, "type": "support", "_k": 1, "y": -3.425166865496446, "x": -2.415923710588034e-16}, "9": {"z": -0.83153829077499308, "type": "_origin", "_k": 0, "y": -3.425166865496446, "x": -2.415923710588034e-16}, "8": {"z": 1.5000000000000002, "qx": -0.0, "qy": -0.0, "qz": -0.12499999999999999, "type": "_origin", "_k": 0, "y": -3.425166865496446, "x": -1.7763568394002505e-15}}, "max_int_key": 10, "attributes": {"gkey_node": {"-3.750,-3.425,1.500": 2, "2.500,-3.425,1.500": 5, "3.750,-3.425,1.500": 6, "1.250,-3.425,1.500": 4, "0.000,-3.425,-1.162": 10, "-1.250,-3.425,1.500": 0, "5.000,-3.425,1.500": 7, "-2.500,-3.425,1.500": 1, "-5.000,-3.425,1.500": 3, "0.000,-3.425,-0.832": 9, "0.000,-3.425,1.500": 8}, "name": "Network", "_aux_length": 0.33000000000000002, "_trails": {"0": [0, 1, 2, 3], "8": [8, 4, 5, 6, 7], "9": [9, 10]}, "tol": "3f", "_auxiliary_trails": {"9": [9, 10]}, "_aux_vector": {"dtype": "compas.geometry/Vector", "value": [-0.0, -0.0, -1.0]}}, "edge_attributes": {"force": 0.0, "type": null, "length": 0.0}, "edge": {"5": {"6": {"length": -1.25, "type": "trail"}}, "4": {"5": {"length": -1.2499999999999998, "type": "trail"}}, "7": {"9": {"force": 0.20000000000000001, "type": "deviation"}}, "6": {"7": {"length": -1.2499999999999996, "type": "trail"}}, "1": {"2": {"length": -1.25, "type": "trail"}}, "0": {"1": {"length": -1.2499999999999998, "type": "trail"}}, "3": {"9": {"force": 0.20000000000000001, "type": "deviation"}}, "2": {"3": {"length": -1.2499999999999996, "type": "trail"}}, "10": {}, "9": {"10": {"length": 0.33000000000000002, "type": "trail"}}, "8": {"4": {"length": -1.2499999999999998, "type": "trail"}, "0": {"force": -20.0, "type": "deviation"}, "9": {"force": -0.20000000000000001, "type": "deviation"}}}}}