{"compas": "1.7.1", "datatype": "compas_cem.diagrams/TopologyDiagram", "data": {"adjacency": {"16": {"15": null, "17": null}, "36": {"37": null, "35": null}, "26": {"27": null, "25": null}, "15": {"14": null, "16": null}, "18": {"39": null, "17": null}, "35": {"36": null, "34": null}, "25": {"26": null, "24": null}, "28": {"27": null, "29": null}, "38": {"19": null, "0": null, "39": null}, "40": {"39": null}, "10": {"9": null, "11": null}, "30": {"31": null, "29": null}, "20": {"21": null, "19": null}, "17": {"18": null, "16": null}, "37": {"36": null, "39": null}, "27": {"28": null, "26": null}, "12": {"13": null, "11": null}, "32": {"31": null, "33": null}, "22": {"21": null, "23": null}, "19": {"20": null, "38": null}, "39": {"37": null, "40": null, "18": null, "38": null}, "29": {"28": null, "30": null}, "11": {"12": null, "10": null}, "5": {"4": null, "6": null}, "4": {"3": null, "5": null}, "7": {"6": null, "8": null}, "6": {"7": null, "5": null}, "1": {"0": null, "2": null}, "0": {"1": null, "38": null}, "3": {"4": null, "2": null}, "2": {"1": null, "3": null}, "21": {"20": null, "22": null}, "31": {"30": null, "32": null}, "9": {"8": null, "10": null}, "8": {"7": null, "9": null}, "14": {"13": null, "15": null}, "34": {"33": null, "35": null}, "24": {"23": null, "25": null}, "13": {"12": null, "14": null}, "33": {"32": null, "34": null}, "23": {"22": null, "24": null}}, "node_attributes": {"z": 0.0, "qx": 0.0, "rx": 0.0, "qy": 0.0, "ry": 0.0, "qz": 0.0, "type": null, "rz": 0.0, "_k": null, "y": 0.0, "x": 0.0}, "node": {"16": {"z": 1.5000000000000002, "qx": -0.0, "qy": -0.0, "qz": -0.02631578947368416, "_k": 16, "y": -3.425166865496446, "x": -4.473684210526315}, "36": {"z": 1.5000000000000002, "qx": -0.0, "qy": -0.0, "qz": -0.026315789473684292, "_k": 18, "y": -3.425166865496446, "x": 4.7368421052631531}, "26": {"z": 1.5000000000000002, "qx": -0.0, "qy": -0.0, "qz": -0.026315789473684282, "_k": 8, "y": -3.425166865496446, "x": 2.1052631578947345}, "15": {"z": 1.5000000000000002, "qx": -0.0, "qy": -0.0, "qz": -0.02631578947368416, "_k": 15, "y": -3.425166865496446, "x": -4.2105263157894735}, "18": {"z": 1.5000000000000002, "qx": -0.0, "qy": -0.0, "qz": -0.013157894736842214, "type": "support", "_k": 18, "y": -3.425166865496446, "x": -5.0000000000000009}, "35": {"z": 1.5000000000000002, "qx": -0.0, "qy": -0.0, "qz": -0.02631578947368416, "_k": 17, "y": -3.425166865496446, "x": 4.4736842105263115}, "25": {"z": 1.5000000000000002, "qx": -0.0, "qy": -0.0, "qz": -0.026315789473684171, "_k": 7, "y": -3.425166865496446, "x": 1.8421052631578918}, "28": {"z": 1.5000000000000002, "qx": -0.0, "qy": -0.0, "qz": -0.026315789473684181, "_k": 10, "y": -3.425166865496446, "x": 2.6315789473684181}, "38": {"z": 1.5000000000000002, "qx": -0.0, "qy": -0.0, "qz": -0.026315789473684233, "type": "_origin", "_k": 0, "y": -3.425166865496446, "x": -1.7763568394002505e-15}, "40": {"z": -1.1615382907749932, "type": "support", "_k": 1, "y": -3.425166865496446, "x": -2.415923710588034e-16}, "10": {"z": 1.5000000000000002, "qx": -0.0, "qy": -0.0, "qz": -0.026315789473684206, "_k": 10, "y": -3.425166865496446, "x": -2.8947368421052646}, "30": {"z": 1.5000000000000002, "qx": -0.0, "qy": -0.0, "qz": -0.026315789473684181, "_k": 12, "y": -3.425166865496446, "x": 3.1578947368421031}, "20": {"z": 1.5000000000000002, "qx": -0.0, "qy": -0.0, "qz": -0.026315789473684181, "_k": 2, "y": -3.425166865496446, "x": 0.52631578947368174}, "17": {"z": 1.5000000000000002, "qx": -0.0, "qy": -0.0, "qz": -0.026315789473684292, "_k": 17, "y": -3.425166865496446, "x": -4.7368421052631566}, "37": {"z": 1.5000000000000002, "qx": -0.0, "qy": -0.0, "qz": -0.013157894736842214, "type": "support", "_k": 19, "y": -3.425166865496446, "x": 4.9999999999999973}, "27": {"z": 1.5000000000000002, "qx": -0.0, "qy": -0.0, "qz": -0.026315789473684181, "_k": 9, "y": -3.425166865496446, "x": 2.3684210526315774}, "12": {"z": 1.5000000000000002, "qx": -0.0, "qy": -0.0, "qz": -0.026315789473684181, "_k": 12, "y": -3.425166865496446, "x": -3.4210526315789478}, "32": {"z": 1.5000000000000002, "qx": -0.0, "qy": -0.0, "qz": -0.02631578947368416, "_k": 14, "y": -3.425166865496446, "x": 3.6842105263157863}, "22": {"z": 1.5000000000000002, "qx": -0.0, "qy": -0.0, "qz": -0.026315789473684174, "_k": 4, "y": -3.425166865496446, "x": 1.0526315789473664}, "19": {"z": 1.5000000000000002, "qx": -0.0, "qy": -0.0, "qz": -0.026315789473684178, "_k": 1, "y": -3.425166865496446, "x": 0.26315789473684109}, "39": {"z": -0.83153829077499308, "type": "_origin", "_k": 0, "y": -3.425166865496446, "x": -2.415923710588034e-16}, "29": {"z": 1.5000000000000002, "qx": -0.0, "qy": -0.0, "qz": -0.026315789473684251, "_k": 11, "y": -3.425166865496446, "x": 2.8947368421052611}, "11": {"z": 1.5000000000000002, "qx": -0.0, "qy": -0.0, "qz": -0.02631578947368416, "_k": 11, "y": -3.425166865496446, "x": -3.1578947368421062}, "5": {"z": 1.5000000000000002, "qx": -0.0, "qy": -0.0, "qz": -0.026315789473684226, "_k": 5, "y": -3.425166865496446, "x": -1.578947368421054}, "4": {"z": 1.5000000000000002, "qx": -0.0, "qy": -0.0, "qz": -0.026315789473684202, "_k": 4, "y": -3.425166865496446, "x": -1.3157894736842117}, "7": {"z": 1.5000000000000002, "qx": -0.0, "qy": -0.0, "qz": -0.026315789473684171, "_k": 7, "y": -3.425166865496446, "x": -2.1052631578947381}, "6": {"z": 1.5000000000000002, "qx": -0.0, "qy": -0.0, "qz": -0.026315789473684202, "_k": 6, "y": -3.425166865496446, "x": -1.8421052631578962}, "1": {"z": 1.5000000000000002, "qx": -0.0, "qy": -0.0, "qz": -0.02631578947368423, "_k": 1, "y": -3.425166865496446, "x": -0.52631578947368585}, "0": {"z": 1.5000000000000002, "qx": -0.0, "qy": -0.0, "qz": -0.026315789473684206, "type": "_origin", "_k": 0, "y": -3.425166865496446, "x": -0.26315789473684353}, "3": {"z": 1.5000000000000002, "qx": -0.0, "qy": -0.0, "qz": -0.026315789473684181, "_k": 3, "y": -3.425166865496446, "x": -1.0526315789473699}, "2": {"z": 1.5000000000000002, "qx": -0.0, "qy": -0.0, "qz": -0.026315789473684202, "_k": 2, "y": -3.425166865496446, "x": -0.7894736842105281}, "21": {"z": 1.5000000000000002, "qx": -0.0, "qy": -0.0, "qz": -0.02631578947368423, "_k": 3, "y": -3.425166865496446, "x": 0.78947368421052466}, "31": {"z": 1.5000000000000002, "qx": -0.0, "qy": -0.0, "qz": -0.02631578947368416, "_k": 13, "y": -3.425166865496446, "x": 3.4210526315789447}, "9": {"z": 1.5000000000000002, "qx": -0.0, "qy": -0.0, "qz": -0.026315789473684251, "_k": 9, "y": -3.425166865496446, "x": -2.6315789473684221}, "8": {"z": 1.5000000000000002, "qx": -0.0, "qy": -0.0, "qz": -0.026315789473684206, "_k": 8, "y": -3.425166865496446, "x": -2.3684210526315796}, "14": {"z": 1.5000000000000002, "qx": -0.0, "qy": -0.0, "qz": -0.026315789473684181, "_k": 14, "y": -3.425166865496446, "x": -3.9473684210526319}, "34": {"z": 1.5000000000000002, "qx": -0.0, "qy": -0.0, "qz": -0.026315789473684181, "_k": 16, "y": -3.425166865496446, "x": 4.2105263157894699}, "24": {"z": 1.5000000000000002, "qx": -0.0, "qy": -0.0, "qz": -0.026315789473684181, "_k": 6, "y": -3.425166865496446, "x": 1.5789473684210511}, "13": {"z": 1.5000000000000002, "qx": -0.0, "qy": -0.0, "qz": -0.026315789473684206, "_k": 13, "y": -3.425166865496446, "x": -3.6842105263157898}, "33": {"z": 1.5000000000000002, "qx": -0.0, "qy": -0.0, "qz": -0.026315789473684181, "_k": 15, "y": -3.425166865496446, "x": 3.9473684210526279}, "23": {"z": 1.5000000000000002, "qx": -0.0, "qy": -0.0, "qz": -0.026315789473684237, "_k": 5, "y": -3.425166865496446, "x": 1.3157894736842082}}, "max_int_key": 40, "attributes": {"gkey_node": {"5.000,-3.425,1.500": 37, "1.053,-3.425,1.500": 22, "1.316,-3.425,1.500": 23, "0.000,-3.425,-1.162": 40, "4.211,-3.425,1.500": 34, "-5.000,-3.425,1.500": 18, "3.158,-3.425,1.500": 30, "-3.684,-3.425,1.500": 13, "3.421,-3.425,1.500": 31, "-3.421,-3.425,1.500": 12, "-1.579,-3.425,1.500": 5, "-2.105,-3.425,1.500": 7, "-1.842,-3.425,1.500": 6, "2.368,-3.425,1.500": 27, "-3.158,-3.425,1.500": 11,