{"compas": "1.7.1", "datatype": "compas_cem.diagrams/TopologyDiagram", "data": {"adjacency": {"16": {"26": null, "15": null, "17": null}, "26": {"27": null, "14": null, "0": null, "16": null}, "15": {"14": null, "16": null}, "18": {"19": null, "17": null}, "25": {"24": null}, "10": {"9": null, "11": null}, "20": {"21": null, "19": null}, "17": {"18": null, "16": null}, "27": {"26": null}, "12": {"13": null, "11": null}, "22": {"21": null, "23": null}, "19": {"20": null, "18": null}, "11": {"12": null, "0": null, "10": null}, "5": {"4": null, "6": null}, "4": {"3": null, "5": null}, "7": {"6": null, "8": null}, "6": {"7": null, "5": null}, "1": {"0": null}, "0": {"13": null, "26": null, "1": null, "11": null}, "3": {"4": null, "2": null}, "2": {"3": null}, "21": {"20": null, "22": null}, "9": {"8": null, "10": null}, "8": {"7": null, "9": null}, "14": {"13": null, "26": null, "15": null}, "24": {"23": null, "25": null}, "13": {"12": null, "14": null, "0": null}, "23": {"22": null, "24": null}}, "node_attributes": {"z": 0.0, "qx": 0.0, "rx": 0.0, "qy": 0.0, "ry": 0.0, "qz": 0.0, "type": null, "rz": 0.0, "_k": null, "y": 0.0, "x": 0.0}, "node": {"16": {"z": 1.5000000000000002, "qx": -0.0, "qy": -0.0, "qz": -0.043478260869565188, "_k": 2, "y": -3.425166865496446, "x": -1.0869565217391304}, "26": {"z": 1.3630000000000002, "type": "_origin", "_k": 0, "y": -3.425166865496446, "x": -0.21739130434782647}, "15": {"z": 1.5000000000000002, "qx": -0.0, "qy": -0.0, "qz": -0.043478260869565202, "_k": 1, "y": -3.425166865496446, "x": -0.65217391304347883}, "18": {"z": 1.5000000000000002, "qx": -0.0, "qy": -0.0, "qz": -0.043478260869565202, "_k": 4, "y": -3.425166865496446, "x": -1.9565217391304341}, "25": {"z": 1.5000000000000002, "qx": -0.0, "qy": -0.0, "qz": -0.021739130434782795, "type": "support", "_k": 11, "y": -3.425166865496446, "x": -5.0000000000000009}, "10": {"z": 1.5000000000000002, "qx": -0.0, "qy": -0.0, "qz": -0.043478260869565168, "_k": 3, "y": -3.425166865496446, "x": 1.52173913043478}, "20": {"z": 1.5000000000000002, "qx": -0.0, "qy": -0.0, "qz": -0.043478260869565188, "_k": 6, "y": -3.425166865496446, "x": -2.8260869565217375}, "17": {"z": 1.5000000000000002, "qx": -0.0, "qy": -0.0, "qz": -0.043478260869565188, "_k": 3, "y": -3.425166865496446, "x": -1.5217391304347825}, "27": {"z": 0.13000000000000012, "type": "support", "_k": 1, "y": -3.425166865496446, "x": -0.21739130434782647}, "12": {"z": 1.5000000000000002, "qx": -0.0, "qy": -0.0, "qz": -0.043478260869565216, "_k": 1, "y": -3.425166865496446, "x": 0.65217391304347638}, "22": {"z": 1.5000000000000002, "qx": -0.0, "qy": -0.0, "qz": -0.043478260869565126, "_k": 8, "y": -3.425166865496446, "x": -3.6956521739130404}, "19": {"z": 1.5000000000000002, "qx": -0.0, "qy": -0.0, "qz": -0.043478260869565175, "_k": 5, "y": -3.425166865496446, "x": -2.3913043478260865}, "11": {"z": 1.5000000000000002, "qx": -0.0, "qy": -0.0, "qz": -0.043478260869565188, "_k": 2, "y": -3.425166865496446, "x": 1.0869565217391293}, "5": {"z": 1.5000000000000002, "qx": -0.0, "qy": -0.0, "qz": -0.043478260869565286, "_k": 8, "y": -3.425166865496446, "x": 3.6956521739130412}, "4": {"z": 1.5000000000000002, "qx": -0.0, "qy": -0.0, "qz": -0.043478260869565188, "_k": 9, "y": -3.425166865496446, "x": 4.1304347826086945}, "7": {"z": 1.5000000000000002, "qx": -0.0, "qy": -0.0, "qz": -0.043478260869565188, "_k": 6, "y": -3.425166865496446, "x": 2.826086956521737}, "6": {"z": 1.5000000000000002, "qx": -0.0, "qy": -0.0, "qz": -0.043478260869565216, "_k": 7, "y": -3.425166865496446, "x": 3.2608695652173889}, "1": {"z": 0.13000000000000012, "type": "support", "_k": 1, "y": -3.425166865496446, "x": 0.21739130434782494}, "0": {"z": 1.3630000000000002, "type": "_origin", "_k": 0, "y": -3.425166865496446, "x": 0.21739130434782494}, "3": {"z": 1.5000000000000002, "qx": -0.0, "qy": -0.0, "qz": -0.043478260869565147, "_k": 10, "y": -3.425166865496446, "x": 4.565217391304345}, "2": {"z": 1.5000000000000002, "qx": -0.0, "qy": -0.0, "qz": -0.021739130434782619, "type": "support", "_k": 11, "y": -3.425166865496446, "x": 4.9999999999999973}, "21": {"z": 1.5000000000000002, "qx": -0.0, "qy": -0.0, "qz": -0.043478260869565147, "_k": 7, "y": -3.425166865496446, "x": -3.2608695652173902}, "9": {"z": 1.5000000000000002, "qx": -0.0, "qy": -0.0, "qz": -0.043478260869565258, "_k": 4, "y": -3.425166865496446, "x": 1.9565217391304326}, "8": {"z": 1.5000000000000002, "qx": -0.0, "qy": -0.0, "qz": -0.043478260869565223, "_k": 5, "y": -3.425166865496446, "x": 2.3913043478260851}, "14": {"z": 1.5000000000000002, "qx": -0.0, "qy": -0.0, "qz": -0.043478260869565188, "type": "_origin", "_k": 0, "y": -3.425166865496446, "x": -0.21739130434782647}, "24": {"z": 1.5000000000000002, "qx": -0.0, "qy": -0.0, "qz": -0.04347826086956541, "_k": 10, "y": -3.425166865496446, "x": -4.565217391304345}, "13": {"z": 1.5000000000000002, "qx": -0.0, "qy": -0.0, "qz": -0.043478260869565147, "type": "_origin", "_k": 0, "y": -3.425166865496446, "x": 0.21739130434782494}, "23": {"z": 1.5000000000000002, "qx": -0.0, "qy": -0.0, "qz": -0.043478260869565237, "_k": 9, "y": -3.425166865496446, "x": -4.1304347826086927}}, "max_int_key": 27, "attributes": {"gkey_node": {"5.000,-3.425,1.500": 2, "-1.957,-3.425,1.500": 18, "-1.087,-3.425,1.500": 16, "-5.000,-3.425,1.500": 25, "0.217,-3.425,1.363": 0, "-0.652,-3.425,1.500": 15, "-0.217,-3.425,0.130": 27, "-2.826,-3.425,1.500": 20, "-4.130,-3.425,1.500": 23, "-3.261,-3.425,1.500": 21, "-2.391,-3.425,1.500": 19, "-1.522,-3.425,1.500": 17, "4.130,-3.425,1.500": 4, "-0.217,-3.425,1.363": 26, "-3.696,-3.425,1.500": 22, "4.565,-3.425,1.500": 3, "-4.565,-3.425,1.500": 24, "1.087,-3.425,1.500": 11, "3.696,-3.425,1.500": 5, "0.652,-3.425,1.500": 12, "1.957,-3.425,1.500": 9, "2.391,-3.425,1.500": 8, "0.217,-3.425,0.130": 1, "-0.217,-3.425,1.500": 14, "1.522,-3.425,1.500": 10, "0.217,-3.425,1.500": 13, "2.826,-3.425,1.500": 7, "3.261,-3.425,1.500": 6}, "name": "Network", "_aux_length": 0.33000000000000002, "_trails": {"0": [0, 1], "14": [14, 15, 16, 17, 18, 19, 20, 21, 22, 23, 24, 25], "26": [26, 27], "13": [13, 12, 11, 10, 9, 8, 7, 6, 5, 4, 3, 2]}, "tol": "3f", "_auxiliary_trails": {}, "_aux_vector": {"dtype": "compas.geometry/Vector", "value": [-0.0, -0.0, -1.0]}}, "edge_attributes": {"force": 0.0, "type": null, "length": 0.0}, "edge": {"16": {"26": {"force": -1.7, "type": "deviation"}, "17": {"length": -0.43478260869565211, "type": "trail"}}, "26": {"27": {"length": -1.2330000000000001, "type": "trail"}}, "15": {"16": {"length": -0.43478260869565155, "type": "trail"}}, "18": {"19": {"length": -0.43478260869565233, "type": "trail"}}, "25": {}, "10": {"11": {"length": -0.43478260869565077, "type": "trail"}}, "20": {"21": {"length": -0.43478260869565277, "type": "trail"}}, "17": {"18": {"length": -0.43478260869565166, "type": "trail"}}, "27": {}, "12": {"13": {"length": -0.43478260869565144, "type": "trail"}}, "22": {"23": {"length": -0.43478260869565233, "type": "trail"}}, "19": {"20": {"length": -0.434782608695651, "type": "trail"}}, "11": {"12": {"length": -0.43478260869565288, "type": "trail"}, "0": {"force": -1.7, "type": "deviation"}}, "5": {"6": {"length": -0.43478260869565233, "type": "trail"}}, "4": {"5": {"length": -0.43478260869565322, "type": "trail"}}, "7": {"8": {"length": -0.43478260869565188, "type": "trail"}}, "6": {"7": {"length": -0.43478260869565188, "type": "trail"}}, "1": {}, "0": {"26": {"force": -1.6619999999999999, "type": "deviation"}, "1": {"length": -1.2330000000000001, "type": "trail"}}, "3": {"4": {"length": -0.43478260869565055, "type": "trail"}}, "2": {"3": {"length": -0.43478260869565233, "type": "trail"}}, "21": {"22": {"length": -0.43478260869565011, "type": "trail"}}, "9": {"10": {"length": -0.43478260869565255, "type": "trail"}}, "8": {"9": {"length": -0.43478260869565255, "type": "trail"}}, "14": {"26": {"force": -0.40000000000000002, "type": "deviation"}, "15": {"length": -0.43478260869565233, "type": "trail"}},