{"compas": "1.7.1", "datatype": "compas_cem.diagrams/TopologyDiagram", "data": {"adjacency": {"16": {"15": null, "17": null}, "36": {"37": null, "35": null}, "26": {"27": null, "42": null, "25": null}, "15": {"14": null, "16": null}, "18": {"19": null, "17": null}, "35": {"36": null, "34": null}, "25": {"26": null, "24": null}, "28": {"27": null, "29": null}, "38": {"37": null, "39": null}, "40": {"41": null, "39": null}, "10": {"9": null, "11": null}, "30": {"31": null, "29": null}, "20": {"21": null, "19": null}, "17": {"0": null, "16": null, "18": null}, "37": {"36": null, "38": null}, "27": {"28": null, "26": null}, "42": {"26": null, "22": null, "0": null, "43": null}, "12": {"13": null, "11": null}, "32": {"31": null, "33": null}, "22": {"21": null, "23": null, "42": null}, "19": {"20": null, "18": null}, "39": {"40": null, "38": null}, "29": {"28": null, "30": null}, "41": {"40": null}, "11": {"12": null, "10": null}, "5": {"4": null, "6": null}, "4": {"3": null, "5": null}, "7": {"6": null, "8": null}, "6": {"7": null, "5": null}, "1": {"0": null}, "0": {"21": null, "1": null, "42": null, "17": null}, "3": {"4": null, "2": null}, "2": {"3": null}, "21": {"20": null, "22": null, "0": null}, "31": {"30": null, "32": null}, "9": {"8": null, "10": null}, "8": {"7": null, "9": null}, "14": {"13": null, "15": null}, "34": {"33": null, "35": null}, "24": {"23": null, "25": null}, "43": {"42": null}, "13": {"12": null, "14": null}, "33": {"32": null, "34": null}, "23": {"22": null, "24": null}}, "node_attributes": {"z": 0.0, "qx": 0.0, "rx": 0.0, "qy": 0.0, "ry": 0.0, "qz": 0.0, "type": null, "rz": 0.0, "_k": null, "y": 0.0, "x": 0.0}, "node": {"16": {"z": 1.5000000000000002, "qx": -0.0, "qy": -0.0, "qz": -0.025641025641025661, "_k": 5, "y": -3.425166865496446, "x": 1.4102564102564068}, "36": {"z": 1.5000000000000002, "qx": -0.0, "qy": -0.0, "qz": -0.02564102564102564, "_k": 14, "y": -3.425166865496446, "x": -3.7179487179487234}, "26": {"z": 1.5000000000000002, "qx": -0.0, "qy": -0.0, "qz": -0.025641025641025592, "_k": 4, "y": -3.425166865496446, "x": -1.153846153846158}, "15": {"z": 1.5000000000000002, "qx": -0.0, "qy": -0.0, "qz": -0.025641025641025685, "_k": 6, "y": -3.425166865496446, "x": 1.6666666666666641}, "18": {"z": 1.5000000000000002, "qx": -0.0, "qy": -0.0, "qz": -0.025641025641025668, "_k": 3, "y": -3.425166865496446, "x": 0.89743589743589391}, "35": {"z": 1.5000000000000002, "qx": -0.0, "qy": -0.0, "qz": -0.02564102564102564, "_k": 13, "y": -3.425166865496446, "x": -3.4615384615384679}, "25": {"z": 1.5000000000000002, "qx": -0.0, "qy": -0.0, "qz": -0.025641025641025633, "_k": 3, "y": -3.425166865496446, "x": -0.89743589743590169}, "28": {"z": 1.5000000000000002, "qx": -0.0, "qy": -0.0, "qz": -0.025641025641025737, "_k": 6, "y": -3.425166865496446, "x": -1.6666666666666723}, "38": {"z": 1.5000000000000002, "qx": -0.0, "qy": -0.0, "qz": -0.02564102564102564, "_k": 16, "y": -3.425166865496446, "x": -4.2307692307692344}, "40": {"z": 1.5000000000000002, "qx": -0.0, "qy": -0.0, "qz": -0.025641025641025376, "_k": 18, "y": -3.425166865496446, "x": -4.7435897435897507}, "10": {"z": 1.5000000000000002, "qx": -0.0, "qy": -0.0, "qz": -0.02564102564102564, "_k": 11, "y": -3.425166865496446, "x": 2.9487179487179462}, "30": {"z": 1.5000000000000002, "qx": -0.0, "qy": -0.0, "qz": -0.025641025641025619, "_k": 8, "y": -3.425166865496446, "x": -2.1794871794871846}, "20": {"z": 1.5000000000000002, "qx": -0.0, "qy": -0.0, "qz": -0.02564102564102564, "_k": 1, "y": -3.425166865496446, "x": 0.3846153846153812}, "17": {"z": 1.5000000000000002, "qx": -0.0, "qy": -0.0, "qz": -0.025641025641025647, "_k": 4, "y": -3.425166865496446, "x": 1.1538461538461509}, "37": {"z": 1.5000000000000002, "qx": -0.0, "qy": -0.0, "qz": -0.02564102564102555, "_k": 15, "y": -3.425166865496446, "x": -3.9743589743589807}, "27": {"z": 1.5000000000000002, "qx": -0.0, "qy": -0.0, "qz": -0.025641025641025716, "_k": 5, "y": -3.425166865496446, "x": -1.4102564102564135}, "42": {"z": 1.3630000000000002, "type": "_origin", "_k": 0, "y": -3.425166865496446, "x": -0.12820512820513166}, "12": {"z": 1.5000000000000002, "qx": -0.0, "qy": -0.0, "qz": -0.025641025641025619, "_k": 9, "y": -3.425166865496446, "x": 2.4358974358974339}, "32": {"z": 1.5000000000000002, "qx": -0.0, "qy": -0.0, "qz": -0.02564102564102564, "_k": 10, "y": -3.425166865496446, "x": -2.692307692307697}, "22": {"z": 1.5000000000000002, "qx": -0.0, "qy": -0.0, "qz": -0.025641025641025678, "type": "_origin", "_k": 0, "y": -3.425166865496446, "x": -0.12820512820513166}, "19": {"z": 1.5000000000000002, "qx": -0.0, "qy": -0.0, "qz": -0.025641025641025637, "_k": 2, "y": -3.425166865496446, "x": 0.64102564102563753}, "39": {"z": 1.5000000000000002, "qx": -0.0, "qy": -0.0, "qz": -0.025641025641025821, "_k": 17, "y": -3.425166865496446, "x": -4.4871794871794934}, "29": {"z": 1.5000000000000002, "qx": -0.0, "qy": -0.0, "qz": -0.025641025641025619, "_k": 7, "y": -3.425166865496446, "x": -1.9230769230769282}, "41": {"z": 1.5000000000000002, "qx": -0.0, "qy": -0.0, "qz": -0.01282051282051251, "type": "support", "_k": 19, "y": -3.425166865496446, "x": -5.0000000000000009}, "11": {"z": 1.5000000000000002, "qx": -0.0, "qy": -0.0, "qz": -0.025641025641025619, "_k": 10, "y": -3.425166865496446, "x": 2.6923076923076898}, "5": {"z": 1.5000000000000002, "qx": -0.0, "qy": -0.0, "qz": -0.025641025641025619, "_k": 16, "y": -3.425166865496446, "x": 4.2307692307692282}, "4": {"z": 1.5000000000000002, "qx": -0.0, "qy": -0.0, "qz": -0.02564102564102564, "_k": 17, "y": -3.425166865496446, "x": 4.4871794871794846}, "7": {"z": 1.5000000000000002, "qx": -0.0, "qy": -0.0, "qz": -0.025641025641025661, "_k": 14, "y": -3.425166865496446, "x": 3.7179487179487158}, "6": {"z": 1.5000000000000002, "qx": -0.0, "qy": -0.0, "qz": -0.025641025641025619, "_k": 15, "y": -3.425166865496446, "x": 3.9743589743589722}, "1": {"z": 0.13000000000000012, "type": "support", "_k": 1, "y": -3.425166865496446, "x": 0.12820512820512472}, "0": {"z": 1.3630000000000002, "type": "_origin", "_k": 0, "y": -3.425166865496446, "x": 0.12820512820512472}, "3": {"z": 1.5000000000000002, "qx": -0.0, "qy": -0.0, "qz": -0.02564102564102564, "_k": 18, "y": -3.425166865496446, "x": 4.7435897435897409}, "2": {"z": 1.5000000000000002, "qx": -0.0, "qy": -0.0, "qz": -0.01282051282051282, "type": "support", "_k": 19, "y": -3.425166865496446, "x": 4.9999999999999973}, "21": {"z": 1.5000000000000002, "qx": -0.0, "qy": -0.0, "qz": -0.025641025641025647, "type": "_origin", "_k": 0, "y": -3.425166865496446, "x": 0.12820512820512472}, "31": {"z": 1.5000000000000002, "qx": -0.0, "qy": -0.0, "qz": -0.025641025641025619, "_k": 9, "y": -3.425166865496446, "x": -2.4358974358974406}, "9": {"z": 1.5000000000000002, "qx": -0.0, "qy": -0.0, "qz": -0.02564102564102564, "_k": 12, "y": -3.425166865496446, "x": 3.2051282051282026}, "8": {"z": 1.5000000000000002, "qx": -0.0, "qy": -0.0, "qz": -0.025641025641025661, "_k": 13, "y": -3.425166865496446, "x": 3.461538461538459}, "14": {"z": 1.5000000000000002, "qx": -0.0, "qy": -0.0, "qz": -0.025641025641025675, "_k": 7, "y": -3.425166865496446, "x": 1.9230769230769205}, "34": {"z": 1.5000000000000002, "qx": -0.0, "qy": -0.0, "qz": -0.02564102564102573, "_k": 12, "y": -3.425166865496446, "x": -3.2051282051282106}, "24": {"z": 1.5000000000000002, "qx": -0.0, "qy": -0.0, "qz": -0.025641025641025644, "_k": 2, "y": -3.425166865496446, "x": -0.6410256410256453}, "43": {"z": 0.13000000000000012, "type": "support", "_k": 1, "y": -3.425166865496446, "x": -0.12820512820513166}, "13": {"z": 1.5000000000000002, "qx": -0.0, "qy": -0.0, "qz": -0.025641025641025675, "_k": 8, "y": -3.425166865496446, "x": 2.1794871794871775}, "33": {"z": 1.5000000000000002, "qx": -0.0, "qy": -0.0, "qz": -0.025641025641025685, "_k": 11, "y": -3.425166865496446, "x": -2.9487179487179533}, "23": {"z": 1.5000000000000002, "qx": -0.0, "qy": -0.0, "qz": -0.025641025641025682, "_k": 1, "y": -3.425166865496446,