{"compas": "1.7.1", "datatype": "compas_cem.diagrams/TopologyDiagram", "data": {"adjacency": {"14": {"15": null, "9": null, "8": null}, "12": {"13": null, "7": null, "11": null}, "5": {"4": null, "1": null, "0": null}, "4": {"3": null, "5": null}, "7": {"12": null, "6": null, "3": null}, "6": {"7": null, "1": null, "0": null}, "1": {"6": null, "0": null, "3": null, "5": null}, "0": {"5": null, "6": null, "1": null, "2": null}, "3": {"4": null, "7": null, "1": null}, "2": {"0": null}, "10": {"8": null}, "13": {"12": null, "9": null, "8": null}, "15": {"14": null, "11": null}, "11": {"12": null, "15": null, "9": null}, "9": {"13": null, "14": null, "8": null, "11": null}, "8": {"13": null, "14": null, "9": null, "10": null}}, "node_attributes": {"z": 0.0, "qx": 0.0, "rx": 0.0, "qy": 0.0, "ry": 0.0, "qz": 0.0, "type": null, "rz": 0.0, "_k": null, "y": 0.0, "x": 0.0}, "node": {"14": {"z": 1.5000000000000002, "qx": -0.0, "qy": -0.0, "qz": -0.11111111111111105, "type": "_origin", "_k": 0, "y": -3.425166865496446, "x": 3.8888888888888866}, "12": {"z": 1.5000000000000002, "qx": -0.0, "qy": -0.0, "qz": -0.11111111111111113, "type": "support", "_k": 1, "y": -3.425166865496446, "x": 0.55555555555555569}, "5": {"z": 1.5000000000000002, "qx": -0.0, "qy": -0.0, "qz": -0.11111111111111112, "type": "_origin", "_k": 0, "y": -3.425166865496446, "x": -3.8888888888888897}, "4": {"z": 1.5000000000000002, "qx": -0.0, "qy": -0.0, "qz": -0.055555555555555559, "type": "support", "_k": 1, "y": -3.425166865496446, "x": -5.0000000000000009}, "7": {"z": 1.5000000000000002, "qx": -0.0, "qy": -0.0, "qz": -0.11111111111111116, "type": "support", "_k": 1, "y": -3.425166865496446, "x": -0.55555555555555625}, "6": {"z": 1.5000000000000002, "qx": -0.0, "qy": -0.0, "qz": -0.11111111111111112, "type": "_origin", "_k": 0, "y": -3.425166865496446, "x": -1.6666666666666674}, "1": {"_k": 1, "z": 2.7610550000000007, "y": -3.425166865496446, "x": -2.7777777777777786}, "0": {"z": 1.5000000000000002, "qx": -0.0, "qy": -0.0, "qz": -0.11111111111111112, "_k": 2, "y": -3.425166865496446, "x": -2.7777777777777786}, "3": {"z": 3.29, "type": "_origin", "_k": 0, "y": -3.425166865496446, "x": -2.7777777777777786}, "2": {"z": 0.010000000000000231, "type": "support", "_k": 3, "y": -3.425166865496446, "x": -2.7777777777777786}, "10": {"z": 0.010000000000000231, "type": "support", "_k": 3, "y": -3.425166865496446, "x": 2.7777777777777763}, "13": {"z": 1.5000000000000002, "qx": -0.0, "qy": -0.0, "qz": -0.11111111111111104, "type": "_origin", "_k": 0, "y": -3.425166865496446, "x": 1.6666666666666661}, "15": {"z": 1.5000000000000002, "qx": -0.0, "qy": -0.0, "qz": -0.055555555555555539, "type": "support", "_k": 1, "y": -3.425166865496446, "x": 4.9999999999999973}, "11": {"z": 3.29, "type": "_origin", "_k": 0, "y": -3.425166865496446, "x": 2.7777777777777763}, "9": {"_k": 1, "z": 2.7610549999999998, "y": -3.425166865496446, "x": 2.7777777777777763}, "8": {"z": 1.5000000000000002, "qx": -0.0, "qy": -0.0, "qz": -0.11111111111111104, "_k": 2, "y": -3.425166865496446, "x": 2.7777777777777763}}, "max_int_key": 15, "attributes": {"gkey_node": {"2.778,-3.425,0.010": 10, "0.556,-3.425,1.500": 12, "-3.889,-3.425,1.500": 5, "1.667,-3.425,1.500": 13, "2.778,-3.425,2.761": 9, "2.778,-3.425,3.290": 11, "-0.556,-3.425,1.500": 7, "-2.778,-3.425,2.761": 1, "-2.778,-3.425,1.500": 0, "-2.778,-3.425,0.010": 2, "-2.778,-3.425,3.290": 3, "2.778,-3.425,1.500": 8, "5.000,-3.425,1.500": 15, "-1.667,-3.425,1.500": 6, "-5.000,-3.425,1.500": 4, "3.889,-3.425,1.500": 14}, "name": "Network", "_aux_length": 0.33000000000000002, "_trails": {"3": [3, 1, 0, 2], "5": [5, 4], "6": [6, 7], "11": [11, 9, 8, 10], "13": [13, 12], "14": [14, 15]}, "tol": "3f", "_auxiliary_trails": {}, "_aux_vector": {"dtype": "compas.geometry/Vector", "value": [0.0, 0.0, 1.0]}}, "edge_attributes": {"force": 0.0, "type": null, "length": 0.0}, "edge": {"14": {"15": {"length": -1.1111111111111107, "type": "trail"}, "9": {"force": 0.59999999999999998, "type": "deviation"}}, "12": {"13": {"length": -1.1111111111111103, "type": "trail"}, "11": {"force": 0.59999999999999998, "type": "deviation"}}, "5": {"1": {"force": 0.5, "type": "deviation"}, "0": {"force": -20.0, "type": "deviation"}}, "4": {"3": {"force": 0.5, "type": "deviation"}, "5": {"length": -1.1111111111111112, "type": "trail"}}, "7": {"12": {"force": -14.699999999999999, "type": "deviation"}, "3": {"force": 0.5, "type": "deviation"}}, "6": {"7": {"length": -1.1111111111111112, "type": "trail"}, "1": {"force": 0.5, "type": "deviation"}}, "1": {"3": {"length": -0.52894499999999933, "type": "trail"}}, "0": {"6": {"force": -20.0, "type": "deviation"}, "1": {"length": -1.2610550000000005, "type": "trail"}, "2": {"length": -1.49, "type": "trail"}}, "3": {}, "2": {}, "10": {}, "13": {"9": {"force": 0.59999999999999998, "type": "deviation"}, "8": {"force": -20.0, "type": "deviation"}}, "15": {"11": {"force": 0.59999999999999998, "type": "deviation"}}, "11": {}, "9": {"11": {"length": -0.52894500000000022, "type": "trail"}}, "8": {"14": {"force": -20.0, "type": "deviation"}, "9": {"length": -1.2610549999999996, "type": "trail"}, "10": {"length": -1.49, "type": "trail"}}}}}