{"compas": "1.7.1", "datatype": "compas_cem.diagrams/FormDiagram", "data": {"adjacency": {"14": {"15": null, "8": null}, "12": {"13": null, "7": null, "11": null}, "5": {"4": null, "0": null}, "4": {"3": null, "5": null}, "7": {"12": null, "6": null, "3": null}, "6": {"7": null, "0": null}, "1": {"0": null, "3": null}, "0": {"5": null, "6": null, "1": null, "2": null}, "3": {"4": null, "7": null, "1": null}, "2": {"0": null}, "10": {"8": null}, "13": {"12": null, "8": null}, "15": {"14": null, "11": null}, "11": {"12": null, "15": null, "9": null}, "9": {"8": null, "11": null}, "8": {"13": null, "14": null, "9": null, "10": null}}, "node_attributes": {"z": 0.0, "qx": 0.0, "rx": 0.0, "qy": 0.0, "ry": 0.0, "qz": 0.0, "type": null, "rz": 0.0, "_k": null, "y": 0.0, "x": 0.0}, "node": {"14": {"z": 1.5000000000000002, "qx": -0.0, "qy": -0.0, "qz": -0.11111111111111105, "type": "_origin", "_k": 0, "y": -3.425166865496446, "x": 3.8888888888888866}, "12": {"z": 1.4938272557514913, "qx": -0.0, "rx": 4.8333702761349739, "qy": -0.0, "ry": -0.0, "qz": -0.11111111111111113, "type": "support", "rz": -0.15494710421571728, "_k": 1, "y": -3.425166865496446, "x": 0.55557270193505603}, "5": {"z": 1.5000000000000002, "qx": -0.0, "qy": -0.0, "qz": -0.11111111111111112, "type": "_origin", "_k": 0, "y": -3.425166865496446, "x": -3.8888888888888897}, "4": {"z": 1.4938272557514913, "qx": -0.0, "rx": 19.611141896779145, "qy": -0.0, "ry": -0.0, "qz": -0.055555555555555559, "type": "support", "rz": -0.14764110536494934, "_k": 1, "y": -3.425166865496446, "x": -4.9999828536205007}, "7": {"z": 1.4938272557514913, "qx": -0.0, "rx": -4.9111418967791449, "qy": -0.0, "ry": -0.0, "qz": -0.11111111111111116, "type": "support", "rz": -0.092085549809393763, "_k": 1, "y": -3.425166865496446, "x": -0.55557270193505648}, "6": {"z": 1.5000000000000002, "qx": -0.0, "qy": -0.0, "qz": -0.11111111111111112, "type": "_origin", "_k": 0, "y": -3.425166865496446, "x": -1.6666666666666674}, "1": {"y": -3.425166865496446, "x": -2.7777777777777786, "z": 2.7610550000000007, "_k": 1}, "0": {"z": 1.5000000000000002, "qx": -0.0, "qy": -0.0, "qz": -0.11111111111111112, "_k": 2, "y": -3.425166865496446, "x": -2.7777777777777786}, "3": {"z": 3.29, "type": "_origin", "_k": 0, "y": -3.425166865496446, "x": -2.7777777777777786}, "2": {"z": 0.010000000000000231, "rx": -0.0, "ry": -0.0, "type": "support", "rz": 0.73972665517434322, "_k": 3, "y": -3.425166865496446, "x": -2.7777777777777786}, "10": {"z": 0.010000000000000231, "rx": -0.0, "ry": -0.0, "type": "support", "rz": 0.86544976398698992, "_k": 3, "y": -3.425166865496446, "x": 2.7777777777777763}, "13": {"z": 1.5000000000000002, "qx": -0.0, "qy": -0.0, "qz": -0.11111111111111104, "type": "_origin", "_k": 0, "y": -3.425166865496446, "x": 1.6666666666666661}, "15": {"z": 1.4938272557514913, "qx": -0.0, "rx": -19.533370276134974, "qy": -0.0, "ry": -0.0, "qz": -0.055555555555555539, "type": "support", "rz": -0.2105026597712728, "_k": 1, "y": -3.425166865496446, "x": 4.9999828536204971}, "11": {"z": 3.29, "type": "_origin", "_k": 0, "y": -3.425166865496446, "x": 2.7777777777777763}, "9": {"y": -3.425166865496446, "x": 2.7777777777777763, "z": 2.7610549999999998, "_k": 1}, "8": {"z": 1.5000000000000002, "qx": -0.0, "qy": -0.0, "qz": -0.11111111111111104, "_k": 2, "y": -3.425166865496446, "x": 2.7777777777777763}}, "max_int_key": 15, "attributes": {"gkey_node": {"2.778,-3.425,0.010": 10, "0.556,-3.425,1.500": 12, "-3.889,-3.425,1.500": 5, "1.667,-3.425,1.500": 13, "-0.556,-3.425,1.494": 7, "2.778,-3.425,2.761": 9, "2.778,-3.425,3.290": 11, "-0.556,-3.425,1.500": 7, "0.556,-3.425,1.494": 12, "-2.778,-3.425,2.761": 1, "-2.778,-3.425,1.500": 0, "-2.778,-3.425,0.010": 2, "-2.778,-3.425,3.290": 3, "2.778,-3.425,1.500": 8, "5.000,-3.425,1.500": 15, "-1.667,-3.425,1.500": 6, "5.000,-3.425,1.494": 15, "-5.000,-3.425,1.500": 4, "-5.000,-3.425,1.494": 4, "3.889,-3.425,1.500": 14}, "name": "Network", "tol": "3f"}, "edge_attributes": {"force": 0.0, "type": null, "length": 0.0}, "edge": {"14": {"15": {"force": -20.00030863959385, "length": 1.1111111111111105, "type": "trail"}}, "12": {"13": {"force": -20.00030863959385, "length": 1.1111111111111103, "type": "trail"}, "11": {"force": 0.59999999999999998, "type": "deviation", "length": 2.857347008377241}}, "5": {"0": {"force": -20.0, "type": "deviation", "length": 1.1111111111111112}}, "4": {"3": {"force": 0.5, "type": "deviation", "length": 2.8573470083772423}, "5": {"force": -20.00030863959385, "length": 1.1111111111111112, "type": "trail"}}, "7": {"12": {"force": -14.699999999999999, "type": "deviation", "length": 1.1111454038701125}, "3": {"force": 0.5, "type": "deviation", "length": 2.8573470083772423}}, "6": {"7": {"force": -20.00030863959385, "length": 1.1111111111111112, "type": "trail"}}, "1": {"3": {"force": -0.62861554406323206, "length": 0.52894499999999933, "type": "trail"}}, "0": {"6": {"force": -20.0, "type": "deviation", "length": 1.1111111111111112}, "1": {"force": -0.62861554406323206, "length": 1.2610550000000005, "type": "trail"}, "2": {"force": -0.73972665517434322, "length": 1.49, "type": "trail"}}, "3": {}, "2": {}, "10": {}, "13": {"8": {"force": -20.0, "type": "deviation", "length": 1.1111111111111103}}, "15": {"11": {"force": 0.59999999999999998, "type": "deviation", "length": 2.8573470083772414}}, "11": {}, "9": {"11": {"force": -0.75433865287587887, "length": 0.52894500000000022, "type": "trail"}}, "8": {"14": {"force": -20.0, "type": "deviation", "length": 1.1111111111111103}, "9": {"force": -0.75433865287587887, "length": 1.2610549999999996, "type": "trail"}, "10": {"force": -0.86544976398698992, "length": 1.49, "type": "trail"}}}}}