{"compas": "1.7.1", "datatype": "compas_cem.diagrams/TopologyDiagram", "data": {"adjacency": {"16": {"17": null, "2": null}, "36": {"37": null, "0": null}, "26": {"12": null, "24": null}, "15": {"14": null, "34": null}, "18": {"19": null, "22": null, "6": null}, "35": {"34": null}, "25": {"4": null, "27": null, "22": null}, "28": {"13": null, "29": null}, "10": {"23": null, "9": null, "11": null}, "30": {"31": null, "14": null}, "20": {"21": null, "19": null, "8": null}, "17": {"16": null}, "37": {"36": null}, "27": {"3": null, "25": null}, "12": {"13": null, "26": null, "11": null}, "32": {"33": null, "1": null}, "22": {"5": null, "18": null, "25": null}, "19": {"7": null, "20": null, "18": null}, "29": {"28": null}, "11": {"12": null, "10": null, "24": null}, "5": {"4": null, "6": null, "22": null}, "4": {"5": null, "3": null, "25": null}, "7": {"19": null, "6": null, "8": null}, "6": {"7": null, "18": null, "5": null}, "1": {"32": null, "0": null, "2": null}, "0": {"36": null, "1": null}, "3": {"4": null, "27": null, "2": null}, "2": {"1": null, "16": null, "3": null}, "21": {"20": null, "23": null, "9": null}, "31": {"30": null}, "9": {"21": null, "8": null, "10": null}, "8": {"7": null, "20": null, "9": null}, "14": {"30": null, "13": null, "15": null}, "34": {"15": null, "35": null}, "24": {"26": null, "23": null, "11": null}, "13": {"28": null, "12": null, "14": null}, "33": {"32": null}, "23": {"21": null, "10": null, "24": null}}, "node_attributes": {"z": 0.0, "qx": 0.0, "rx": 0.0, "qy": 0.0, "ry": 0.0, "qz": 0.0, "type": null, "rz": 0.0, "_k": null, "y": 0.0, "x": 0.0}, "node": {"16": {"z": 1.4562989817352621, "type": "_origin", "_k": 0, "y": -3.425166865496446, "x": -3.6666666666666674}, "36": {"z": 1.4851391804218372, "type": "_origin", "_k": 0, "y": -3.425166865496446, "x": -5.0000000000000009}, "26": {"z": 0.83000000000000218, "type": "support", "_k": 4, "y": -3.425166865496446, "x": 2.9999999999999933}, "15": {"z": 1.5000000000000002, "qx": -0.0, "qy": -0.0, "qz": -0.033333333333333305, "type": "support", "_k": 7, "y": -3.425166865496446, "x": 4.9999999999999973}, "18": {"_k": 1, "z": 1.3513918042183684, "y": -3.425166865496446, "x": -1.000000000000002}, "35": {"z": 1.3513918042183679, "type": "support", "_k": 1, "y": -3.425166865496446, "x": 4.9999999999999876}, "25": {"_k": 3, "z": 1.0629898173526173, "y": -3.425166865496446, "x": -2.3333333333333348}, "28": {"z": 1.4562989817352621, "type": "_origin", "_k": 0, "y": -3.425166865496446, "x": 3.6666666666666563}, "10": {"z": 1.5000000000000002, "qx": -0.0, "qy": -0.0, "qz": -0.066666666666666596, "_k": 2, "y": -3.425166865496446, "x": 1.6666666666666698}, "30": {"z": 1.4736585076920057, "type": "_origin", "_k": 0, "y": -3.425166865496446, "x": 4.3333333333333171}, "20": {"z": 1.4086929806895665, "type": "_origin", "_k": 0, "y": -3.425166865496446, "x": 0.33333333333333187}, "17": {"z": 1.0629898173526173, "type": "support", "_k": 1, "y": -3.425166865496446, "x": -3.6666666666666679}, "37": {"z": 1.3513918042183684, "type": "support", "_k": 1, "y": -3.425166865496446, "x": -5.0000000000000009}, "27": {"z": 0.83000000000000007, "type": "support", "_k": 4, "y": -3.425166865496446, "x": -3.0000000000000013}, "12": {"z": 1.5000000000000002, "qx": -0.0, "qy": -0.0, "qz": -0.066666666666666652, "_k": 4, "y": -3.425166865496446, "x": 2.9999999999999973}, "32": {"z": 1.4736585076920057, "type": "_origin", "_k": 0, "y": -3.425166865496446, "x": -4.3333333333333339}, "22": {"_k": 2, "z": 1.2365850769200544, "y": -3.425166865496446, "x": -1.6666666666666674}, "19": {"z": 1.4086929806895667, "type": "_origin", "_k": 0, "y": -3.425166865496446, "x": -0.33333333333333554}, "29": {"z": 1.062989817352618, "type": "support", "_k": 1, "y": -3.425166865496446, "x": 3.6666666666666563}, "11": {"z": 1.5000000000000002, "qx": -0.0, "qy": -0.0, "qz": -0.066666666666666374, "_k": 3, "y": -3.425166865496446, "x": 2.3333333333333304}, "5": {"z": 1.5000000000000002, "qx": -0.0, "qy": -0.0, "qz": -0.066666666666666652, "_k": 2, "y": -3.425166865496446, "x": -1.6666666666666674}, "4": {"z": 1.5000000000000002, "qx": -0.0, "qy": -0.0, "qz": -0.066666666666666707, "_k": 3, "y": -3.425166865496446, "x": -2.3333333333333348}, "7": {"z": 1.5000000000000002, "qx": -0.0, "qy": -0.0, "qz": -0.06666666666666668, "type": "_origin", "_k": 0, "y": -3.425166865496446, "x": -0.33333333333333554}, "6": {"z": 1.5000000000000002, "qx": -0.0, "qy": -0.0, "qz": -0.066666666666666596, "_k": 1, "y": -3.425166865496446, "x": -1.000000000000002}, "1": {"z": 1.5000000000000002, "qx": -0.0, "qy": -0.0, "qz": -0.06666666666666668, "_k": 6, "y": -3.425166865496446, "x": -4.3333333333333339}, "0": {"z": 1.5000000000000002, "qx": -0.0, "qy": -0.0, "qz": -0.033333333333333347, "type": "support", "_k": 7, "y": -3.425166865496446, "x": -5.0000000000000009}, "3": {"z": 1.5000000000000002, "qx": -0.0, "qy": -0.0, "qz": -0.066666666666666624, "_k": 4, "y": -3.425166865496446, "x": -3.0000000000000013}, "2": {"z": 1.5000000000000002, "qx": -0.0, "qy": -0.0, "qz": -0.066666666666666624, "_k": 5, "y": -3.425166865496446, "x": -3.6666666666666674}, "21": {"_k": 1, "z": 1.3513918042183679, "y": -3.425166865496446, "x": 0.99999999999999889}, "31": {"z": 1.2365850769200539, "type": "support", "_k": 1, "y": -3.425166865496446, "x": 4.3333333333333171}, "9": {"z": 1.5000000000000002, "qx": -0.0, "qy": -0.0, "qz": -0.066666666666666916, "_k": 1, "y": -3.425166865496446, "x": 0.99999999999999845}, "8": {"z": 1.5000000000000002, "qx": -0.0, "qy": -0.0, "qz": -0.066666666666666707, "type": "_origin", "_k": 0, "y": -3.425166865496446, "x": 0.33333333333333154}, "14": {"z": 1.5000000000000002, "qx": -0.0, "qy": -0.0, "qz": -0.066666666666666707, "_k": 6, "y": -3.425166865496446, "x": 4.3333333333333313}, "34": {"z": 1.485139180421837, "type": "_origin", "_k": 0, "y": -3.425166865496446, "x": 4.9999999999999876}, "24": {"_k": 3, "z": 1.062989817352618, "y": -3.425166865496446, "x": 2.3333333333333304}, "13": {"z": 1.5000000000000002, "qx": -0.0, "qy": -0.0, "qz": -0.066666666666666707, "_k": 5, "y": -3.425166865496446, "x": 3.6666666666666634}, "33": {"z": 1.2365850769200544, "type": "support", "_k": 1, "y": -3.425166865496446, "x": -4.3333333333333357}, "23": {"_k": 2, "z": 1.2365850769200539, "y": -3.425166865496446, "x": 1.6666666666666696}}, "max_int_key": 37, "attributes": {"gkey_node": {"5.000,-3.425,1.500": 15, "-3.000,-3.425,1.500": 3, "1.667,-3.425,1.500": 10, "-1.667,-3.425,1.237": 22, "-5.000,-3.425,1.500": 0, "3.000,-3.425,0.830": 26, "3.667,-3.425,1.063": 29, "0.333,-3.425,1.500": 8, "0.333,-3.425,1.409": 20, "5.000,-3.425,1.351": 35, "3.667,-3.425,1.456": 28, "-3.667,-3.425,1.456": 16, "-4.333,-3.425,1.500": 1, "-4.333,-3.425,1.474": 32, "-3.667,-3.425,1.500": 2, "-4.333,-3.425,1.237": 33, "5.000,-3.425,1.485": 34, "-5.000,-3.425,1.351": 37, "-1.667,-3.425,1.500": 5, "4.333,-3.425,1.500": 14, "-1.000,-3.425,1.500": 6, "-2.333,-3.425,1.063": 25, "-2.333,-3.425,1.500": 4, "1.000,-3.425,1.500": 9, "3.000,-3.425,1.500": 12, "3.667,-3.425,1.500": 13, "4.333,-3.425,1.474": 30, "-0.333,-3.425,1.500": 7, "-5.000,-3.425,1.485": 36, "1.667,-3.425,1.237": 23, "-3.000,-3.425,0.830": 27, "1.000,-3.425,1.351": 21, "2.333,-3.425,1.500": 11, "-0.333,-3.425,1.409": 19, "-3.667,-3.425,1.063": 17, "2.333,-3.425,1.063": 24, "-1.000,-3.425,1.351": 18, "4.333,-3.425,1.237": 31}, "name": "Network", "_aux_length": 0.33000000000000002, "_trails": {"30": [30, 31], "32": [32, 33], "34": [34, 35], "36": [36, 37], "7": [7, 6, 5, 4, 3, 2, 1, 0], "8": [8, 9, 10, 11, 12, 13, 14, 15], "16": [16, 17], "19": [19, 18, 22, 25, 27], "20": [20, 21, 23, 24, 26], "28": [28, 29]}, "tol": "3f", "_auxiliary_trails": {}, "_aux_vector": {"dtype": "compas.geometry/Vector", "value": [-0.0, -0.0, -1.0]}}, "edge_attributes": {"force": 0.0, "type": null, "length": 0.0}, "edge": {"16": {"17": {"length": -0.39330916438264474, "type": "trail"}}, "36": {"37": {"length": -0.13374737620346888,