{"compas": "1.7.1", "datatype": "compas_cem.diagrams/TopologyDiagram", "data": {"adjacency": {"14": {"6": null, "15": null}, "12": {"13": null, "2": null}, "5": {"4": null, "6": null, "11": null}, "4": {"5": null, "3": null, "10": null}, "7": {"6": null}, "6": {"7": null, "14": null, "5": null}, "1": {"0": null, "8": null, "2": null}, "0": {"1": null}, "3": {"4": null, "13": null, "2": null}, "2": {"12": null, "1": null, "3": null}, "10": {"4": null, "13": null, "11": null}, "13": {"12": null, "3": null, "10": null}, "15": {"14": null}, "11": {"10": null, "5": null}, "9": {"8": null}, "8": {"1": null, "9": null}}, "node_attributes": {"z": 0.0, "qx": 0.0, "rx": 0.0, "qy": 0.0, "ry": 0.0, "qz": 0.0, "type": null, "rz": 0.0, "_k": null, "y": 0.0, "x": 0.0}, "node": {"14": {"z": 1.477240552145576, "type": "_origin", "_k": 0, "y": -3.425166865496446, "x": 3.5714285714285658}, "12": {"z": 0.83000000000000007, "type": "support", "_k": 1, "y": -3.425166865496446, "x": -2.142857142857145}, "5": {"z": 1.5000000000000002, "qx": -0.0, "qy": -0.0, "qz": -0.14285714285714268, "_k": 1, "y": -3.425166865496446, "x": 2.1428571428571406}, "4": {"z": 1.5000000000000002, "qx": -0.0, "qy": -0.0, "qz": -0.14285714285714282, "type": "_origin", "_k": 0, "y": -3.425166865496446, "x": 0.71428571428571286}, "7": {"z": 1.5000000000000002, "qx": -0.0, "qy": -0.0, "qz": -0.07142857142857155, "type": "support", "_k": 3, "y": -3.425166865496446, "x": 4.9999999999999973}, "6": {"z": 1.5000000000000002, "qx": -0.0, "qy": -0.0, "qz": -0.14285714285714285, "_k": 2, "y": -3.425166865496446, "x": 3.5714285714285663}, "1": {"z": 1.5000000000000002, "qx": -0.0, "qy": -0.0, "qz": -0.14285714285714279, "_k": 2, "y": -3.425166865496446, "x": -3.5714285714285725}, "0": {"z": 1.5000000000000002, "qx": -0.0, "qy": -0.0, "qz": -0.071428571428571425, "type": "support", "_k": 3, "y": -3.425166865496446, "x": -5.0000000000000009}, "3": {"z": 1.5000000000000002, "qx": -0.0, "qy": -0.0, "qz": -0.1428571428571429, "type": "_origin", "_k": 0, "y": -3.425166865496446, "x": -0.71428571428571608}, "2": {"z": 1.5000000000000002, "qx": -0.0, "qy": -0.0, "qz": -0.14285714285714282, "_k": 1, "y": -3.425166865496446, "x": -2.1428571428571455}, "10": {"z": 1.2724055214557579, "type": "_origin", "_k": 0, "y": -3.425166865496446, "x": 0.71428571428571286}, "13": {"z": 1.2724055214557577, "type": "_origin", "_k": 0, "y": -3.425166865496446, "x": -0.71428571428571597}, "15": {"z": 1.2724055214557579, "type": "support", "_k": 1, "y": -3.425166865496446, "x": 3.5714285714285632}, "11": {"z": 0.8300000000000024, "type": "support", "_k": 1, "y": -3.425166865496446, "x": 2.1428571428571379}, "9": {"z": 1.2724055214557577, "type": "support", "_k": 1, "y": -3.425166865496446, "x": -3.5714285714285738}, "8": {"z": 1.477240552145576, "type": "_origin", "_k": 0, "y": -3.425166865496446, "x": -3.571428571428573}}, "max_int_key": 15, "attributes": {"gkey_node": {"-3.571,-3.425,1.272": 9, "-2.143,-3.425,0.830": 12, "0.714,-3.425,1.272": 10, "2.143,-3.425,0.830": 11, "0.714,-3.425,1.500": 4, "3.571,-3.425,1.477": 14, "-3.571,-3.425,1.500": 1, "3.571,-3.425,1.500": 6, "-0.714,-3.425,1.500": 3, "-2.143,-3.425,1.500": 2, "5.000,-3.425,1.500": 7, "-0.714,-3.425,1.272": 13, "3.571,-3.425,1.272": 15, "-3.571,-3.425,1.477": 8, "-5.000,-3.425,1.500": 0, "2.143,-3.425,1.500": 5}, "name": "Network", "_aux_length": 0.33000000000000002, "_trails": {"3": [3, 2, 1, 0], "4": [4, 5, 6, 7], "8": [8, 9], "10": [10, 11], "13": [13, 12], "14": [14, 15]}, "tol": "3f", "_auxiliary_trails": {}, "_aux_vector": {"dtype": "compas.geometry/Vector", "value": [-0.0, -0.0, -1.0]}}, "edge_attributes": {"force": 0.0, "type": null, "length": 0.0}, "edge": {"14": {"15": {"length": -0.20483503068981812, "type": "trail"}}, "12": {"13": {"length": -1.4955062594135655, "type": "trail"}}, "5": {"6": {"length": 1.4285714285714257, "type": "trail"}, "11": {"force": 0.80000000000000004, "type": "deviation"}}, "4": {"10": {"force": -1.0, "type": "deviation"}, "5": {"length": 1.4285714285714277, "type": "trail"}}, "7": {}, "6": {"7": {"length": 1.428571428571431, "type": "trail"}, "14": {"force": -1.0, "type": "deviation"}}, "1": {"8": {"force": -1.0, "type": "deviation"}, "2": {"length": 1.428571428571427, "type": "trail"}}, "0": {"1": {"length": 1.4285714285714284, "type": "trail"}}, "3": {"4": {"force": 20.0, "type": "deviation"}, "13": {"force": -1.0, "type": "deviation"}}, "2": {"12": {"force": 0.80000000000000004, "type": "deviation"}, "3": {"length": 1.4285714285714293, "type": "trail"}}, "10": {"11": {"length": -1.4955062594135611, "type": "trail"}}, "13": {"10": {"force": -10.199999999999999, "type": "deviation"}}, "15": {}, "11": {}, "9": {}, "8": {"9": {"length": -0.20483503068981834, "type": "trail"}}}}}