{"compas": "1.7.1", "datatype": "compas_cem.diagrams/TopologyDiagram", "data": {"adjacency": {"16": {"15": null, "38": null}, "36": {"37": null, "1": null}, "26": {"12": null, "24": null}, "15": {"14": null, "16": null, "34": null}, "18": {"17": null}, "35": {"34": null}, "25": {"27": null, "22": null, "5": null}, "28": {"13": null, "29": null}, "38": {"39": null, "16": null}, "10": {"21": null, "9": null, "11": null}, "30": {"31": null, "2": null}, "20": {"21": null, "19": null, "9": null}, "17": {"18": null, "3": null}, "37": {"36": null}, "27": {"4": null, "25": null}, "12": {"13": null, "26": null, "11": null}, "32": {"33": null, "14": null}, "22": {"6": null, "23": null, "25": null}, "19": {"20": null, "23": null, "8": null}, "39": {"38": null}, "29": {"28": null}, "11": {"12": null, "10": null, "24": null}, "5": {"4": null, "6": null, "25": null}, "4": {"27": null, "3": null, "5": null}, "7": {"6": null, "23": null, "8": null}, "6": {"7": null, "22": null, "5": null}, "1": {"36": null, "0": null, "2": null}, "0": {"1": null}, "3": {"4": null, "17": null, "2": null}, "2": {"30": null, "1": null, "3": null}, "21": {"20": null, "10": null, "24": null}, "31": {"30": null}, "9": {"20": null, "8": null, "10": null}, "8": {"7": null, "19": null, "9": null}, "14": {"13": null, "32": null, "15": null}, "34": {"15": null, "35": null}, "24": {"21": null, "26": null, "11": null}, "13": {"28": null, "12": null, "14": null}, "33": {"32": null}, "23": {"7": null, "19": null, "22": null}}, "node_attributes": {"z": 0.0, "qx": 0.0, "rx": 0.0, "qy": 0.0, "ry": 0.0, "qz": 0.0, "type": null, "rz": 0.0, "_k": null, "y": 0.0, "x": 0.0}, "node": {"16": {"z": 1.5000000000000002, "qx": -0.0, "qy": -0.0, "qz": -0.03125, "type": "support", "_k": 8, "y": -3.425166865496446, "x": 4.9999999999999973}, "36": {"z": 1.4832630522951185, "type": "_origin", "_k": 0, "y": -3.425166865496446, "x": -4.3750000000000009}, "26": {"z": 0.83000000000000096, "type": "support", "_k": 4, "y": -3.425166865496446, "x": 2.4999999999999933}, "15": {"z": 1.5000000000000002, "qx": -0.0, "qy": -0.0, "qz": -0.0625, "_k": 7, "y": -3.425166865496446, "x": 4.3749999999999973}, "18": {"z": 1.0662903769767009, "type": "support", "_k": 1, "y": -3.425166865496446, "x": -3.1250000000000009}, "35": {"z": 1.3326305229511815, "type": "support", "_k": 1, "y": -3.425166865496446, "x": 4.3749999999999885}, "25": {"_k": 2, "z": 1.0662903769767009, "y": -3.425166865496446, "x": -1.8750000000000016}, "28": {"z": 1.4566290376976705, "type": "_origin", "_k": 0, "y": -3.425166865496446, "x": 3.1249999999999885}, "38": {"z": 1.4865646731035917, "type": "_origin", "_k": 0, "y": -3.425166865496446, "x": 4.9999999999999858}, "10": {"z": 1.5000000000000002, "qx": -0.0, "qy": -0.0, "qz": -0.062499999999999993, "_k": 2, "y": -3.425166865496446, "x": 1.2499999999999993}, "30": {"z": 1.4733214166764361, "type": "_origin", "_k": 0, "y": -3.425166865496446, "x": -3.7500000000000009}, "20": {"_k": 1, "z": 1.3326305229511815, "y": -3.425166865496446, "x": 0.62499999999999822}, "17": {"z": 1.4566290376976705, "type": "_origin", "_k": 0, "y": -3.425166865496446, "x": -3.1250000000000013}, "37": {"z": 1.3326305229511819, "type": "support", "_k": 1, "y": -3.425166865496446, "x": -4.3750000000000009}, "27": {"z": 0.83000000000000007, "type": "support", "_k": 3, "y": -3.425166865496446, "x": -2.5000000000000013}, "12": {"z": 1.5000000000000002, "qx": -0.0, "qy": -0.0, "qz": -0.062499999999999958, "_k": 4, "y": -3.425166865496446, "x": 2.4999999999999973}, "32": {"z": 1.4733214166764361, "type": "_origin", "_k": 0, "y": -3.425166865496446, "x": 3.7499999999999885}, "22": {"_k": 1, "z": 1.2332141667643575, "y": -3.425166865496446, "x": -1.2500000000000018}, "19": {"z": 1.3656467310359142, "type": "_origin", "_k": 0, "y": -3.425166865496446, "x": 2.1510571102112408e-16}, "39": {"z": 1.3656467310359142, "type": "support", "_k": 1, "y": -3.425166865496446, "x": 4.9999999999999867}, "29": {"z": 1.0662903769767011, "type": "support", "_k": 1, "y": -3.425166865496446, "x": 3.1249999999999885}, "11": {"z": 1.5000000000000002, "qx": -0.0, "qy": -0.0, "qz": -0.062499999999999903, "_k": 3, "y": -3.425166865496446, "x": 1.8749999999999982}, "5": {"z": 1.5000000000000002, "qx": -0.0, "qy": -0.0, "qz": -0.062499999999999979, "_k": 2, "y": -3.425166865496446, "x": -1.8750000000000016}, "4": {"z": 1.5000000000000002, "qx": -0.0, "qy": -0.0, "qz": -0.062499999999999986, "_k": 3, "y": -3.425166865496446, "x": -2.5000000000000013}, "7": {"z": 1.5000000000000002, "qx": -0.0, "qy": -0.0, "qz": -0.062500000000000111, "type": "_origin", "_k": 0, "y": -3.425166865496446, "x": -0.62500000000000167}, "6": {"z": 1.5000000000000002, "qx": -0.0, "qy": -0.0, "qz": -0.0625, "_k": 1, "y": -3.425166865496446, "x": -1.2500000000000018}, "1": {"z": 1.5000000000000002, "qx": -0.0, "qy": -0.0, "qz": -0.0625, "_k": 6, "y": -3.425166865496446, "x": -4.3750000000000009}, "0": {"z": 1.5000000000000002, "qx": -0.0, "qy": -0.0, "qz": -0.03125, "type": "support", "_k": 7, "y": -3.425166865496446, "x": -5.0000000000000009}, "3": {"z": 1.5000000000000002, "qx": -0.0, "qy": -0.0, "qz": -0.062499999999999979, "_k": 4, "y": -3.425166865496446, "x": -3.1250000000000013}, "2": {"z": 1.5000000000000002, "qx": -0.0, "qy": -0.0, "qz": -0.062499999999999979, "_k": 5, "y": -3.425166865496446, "x": -3.7500000000000009}, "21": {"_k": 2, "z": 1.2332141667643581, "y": -3.425166865496446, "x": 1.2499999999999993}, "31": {"z": 1.2332141667643575, "type": "support", "_k": 1, "y": -3.425166865496446, "x": -3.7500000000000009}, "9": {"z": 1.5000000000000002, "qx": -0.0, "qy": -0.0, "qz": -0.062499999999999958, "_k": 1, "y": -3.425166865496446, "x": 0.62499999999999845}, "8": {"z": 1.5000000000000002, "qx": -0.0, "qy": -0.0, "qz": -0.062500000000000014, "type": "_origin", "_k": 0, "y": -3.425166865496446, "x": 2.2204460492503131e-16}, "14": {"z": 1.5000000000000002, "qx": -0.0, "qy": -0.0, "qz": -0.0625, "_k": 6, "y": -3.425166865496446, "x": 3.7499999999999973}, "34": {"z": 1.4832630522951185, "type": "_origin", "_k": 0, "y": -3.425166865496446, "x": 4.3749999999999885}, "24": {"_k": 3, "z": 1.0662903769767011, "y": -3.425166865496446, "x": 1.8749999999999982}, "13": {"z": 1.5000000000000002, "qx": -0.0, "qy": -0.0, "qz": -0.0625, "_k": 5, "y": -3.425166865496446, "x": 3.1249999999999973}, "33": {"z": 1.2332141667643581, "type": "support", "_k": 1, "y": -3.425166865496446, "x": 3.7499999999999876}, "23": {"z": 1.3326305229511819, "type": "_origin", "_k": 0, "y": -3.425166865496446, "x": -0.62500000000000178}}, "max_int_key": 39, "attributes": {"gkey_node": {"-1.250,-3.425,1.500": 6, "1.875,-3.425,1.066": 24, "5.000,-3.425,1.500": 16, "-2.500,-3.425,1.500": 4, "3.750,-3.425,1.473": 32, "2.500,-3.425,1.500": 12, "-3.750,-3.425,1.473": 30, "-5.000,-3.425,1.500": 0, "0.625,-3.425,1.500": 9, "-3.750,-3.425,1.233": 31, "-3.125,-3.425,1.500": 3, "5.000,-3.425,1.366": 39, "1.250,-3.425,1.233": 21, "-1.875,-3.425,1.500": 5, "1.875,-3.425,1.500": 11, "-4.375,-3.425,1.500": 1, "0.625,-3.425,1.333": 20, "-1.250,-3.425,1.233": 22, "-4.375,-3.425,1.483": 36, "2.500,-3.425,0.830": 26, "-3.125,-3.425,1.066": 18, "0.000,-3.425,1.500": 8, "3.125,-3.425,1.066": 29, "5.000,-3.425,1.487": 38, "-4.375,-3.425,1.333": 37, "3.750,-3.425,1.500": 14, "0.000,-3.425,1.366": 19, "-1.875,-3.425,1.066": 25, "3.125,-3.425,1.500": 13, "-3.125,-3.425,1.457": 17, "4.375,-3.425,1.483": 34, "4.375,-3.425,1.500": 15, "4.375,-3.425,1.333": 35, "-2.500,-3.425,0.830": 27, "-0.625,-3.425,1.500": 7, "-0.625,-3.425,1.333": 23, "3.125,-3.425,1.457": 28, "3.750,-3.425,1.233": 33, "1.250,-3.425,1.500": 10, "-3.750,-3.425,1.500": 2}, "name": "Network", "_aux_length": 0.33000000000000002, "_trails": {"30": [30, 31], "32": [32, 33], "34": [34, 35], "36": [36, 37], "7": [7, 6, 5, 4, 3, 2, 1, 0], "8": [8, 9, 10, 11, 12, 13, 14, 15, 16], "38": [38, 39], "17": [17, 18], "19": [19, 20, 21, 24, 26], "23": [23, 22, 25, 27], "28": [28, 29]}, "tol": "3f",