{"compas": "1.7.1", "datatype": "compas_cem.diagrams/TopologyDiagram", "data": {"adjacency": {"16": {"36": null, "15": null, "17": null}, "36": {"37": null, "16": null}, "26": {"5": null, "29": null, "24": null}, "15": {"32": null, "14": null, "16": null}, "18": {"19": null, "14": null}, "35": {"34": null}, "25": {"27": null, "23": null, "11": null}, "28": {"13": null, "27": null}, "38": {"1": null, "39": null}, "40": {"41": null, "0": null}, "10": {"23": null, "9": null, "11": null}, "30": {"31": null, "3": null}, "20": {"21": null, "7": null, "24": null}, "17": {"42": null, "16": null}, "37": {"36": null}, "27": {"28": null, "12": null, "25": null}, "42": {"43": null, "17": null}, "12": {"13": null, "27": null, "11": null}, "32": {"33": null, "15": null}, "22": {"21": null, "23": null, "9": null}, "19": {"18": null}, "39": {"38": null}, "29": {"4": null, "26": null}, "41": {"40": null}, "11": {"12": null, "10": null, "25": null}, "5": {"4": null, "26": null, "6": null}, "4": {"5": null, "29": null, "3": null}, "7": {"20": null, "6": null, "8": null}, "6": {"5": null, "7": null, "24": null}, "1": {"38": null, "0": null, "2": null}, "0": {"40": null, "1": null}, "3": {"30": null, "4": null, "2": null}, "2": {"1": null, "3": null, "34": null}, "21": {"20": null, "22": null, "8": null}, "31": {"30": null}, "9": {"22": null, "8": null, "10": null}, "8": {"7": null, "21": null, "9": null}, "14": {"13": null, "15": null, "18": null}, "34": {"35": null, "2": null}, "24": {"20": null, "26": null, "6": null}, "43": {"42": null}, "13": {"28": null, "12": null, "14": null}, "33": {"32": null}, "23": {"22": null, "10": null, "25": null}}, "node_attributes": {"z": 0.0, "qx": 0.0, "rx": 0.0, "qy": 0.0, "ry": 0.0, "qz": 0.0, "type": null, "rz": 0.0, "_k": null, "y": 0.0, "x": 0.0}, "node": {"16": {"z": 1.5000000000000002, "qx": -0.0, "qy": -0.0, "qz": -0.058823529411764587, "_k": 7, "y": -3.425166865496446, "x": 4.4117647058823506}, "36": {"z": 1.4820411130682991, "type": "_origin", "_k": 0, "y": -3.425166865496446, "x": 4.4117647058823435}, "26": {"_k": 3, "z": 1.0493194422842191, "y": -3.425166865496446, "x": -2.0588235294117663}, "15": {"z": 1.5000000000000002, "qx": -0.0, "qy": -0.0, "qz": -0.058823529411764698, "_k": 6, "y": -3.425166865496446, "x": 3.8235294117647056}, "18": {"z": 1.4549319442284223, "type": "_origin", "_k": 0, "y": -3.425166865496446, "x": 3.2352941176470504}, "35": {"z": 1.2125477805720781, "type": "support", "_k": 1, "y": -3.425166865496446, "x": -3.8235294117647078}, "25": {"_k": 2, "z": 1.2125477805720775, "y": -3.425166865496446, "x": 1.4705882352941166}, "28": {"z": 0.83000000000000107, "type": "support", "_k": 4, "y": -3.425166865496446, "x": 2.6470588235294064}, "38": {"z": 1.4820411130682991, "type": "_origin", "_k": 0, "y": -3.425166865496446, "x": -4.411764705882355}, "40": {"z": 1.4874220816155028, "type": "_origin", "_k": 0, "y": -3.425166865496446, "x": -5.0000000000000009}, "10": {"z": 1.5000000000000002, "qx": -0.0, "qy": -0.0, "qz": -0.058823529411764733, "_k": 1, "y": -3.425166865496446, "x": 0.88235294117646945}, "30": {"z": 1.4549319442284223, "type": "_origin", "_k": 0, "y": -3.425166865496446, "x": -3.2352941176470607}, "20": {"_k": 1, "z": 1.320411130682988, "y": -3.425166865496446, "x": -0.88235294117647167}, "17": {"z": 1.5000000000000002, "qx": -0.0, "qy": -0.0, "qz": -0.029411764705882339, "type": "support", "_k": 8, "y": -3.425166865496446, "x": 4.9999999999999973}, "37": {"z": 1.3204111306829873, "type": "support", "_k": 1, "y": -3.425166865496446, "x": 4.4117647058823435}, "27": {"_k": 3, "z": 1.0493194422842191, "y": -3.425166865496446, "x": 2.0588235294117627}, "42": {"z": 1.4874220816155028, "type": "_origin", "_k": 0, "y": -3.425166865496446, "x": 4.9999999999999929}, "12": {"z": 1.5000000000000002, "qx": -0.0, "qy": -0.0, "qz": -0.058823529411764705, "_k": 3, "y": -3.425166865496446, "x": 2.0588235294117627}, "32": {"z": 1.4712547780572081, "type": "_origin", "_k": 0, "y": -3.425166865496446, "x": 3.8235294117646954}, "22": {"z": 1.3742208161550242, "type": "_origin", "_k": 0, "y": -3.425166865496446, "x": 0.29411764705882193}, "19": {"z": 1.0493194422842191, "type": "support", "_k": 1, "y": -3.425166865496446, "x": 3.23529411764705}, "39": {"z": 1.320411130682988, "type": "support", "_k": 1, "y": -3.425166865496446, "x": -4.411764705882355}, "29": {"z": 0.83000000000000018, "type": "support", "_k": 4, "y": -3.425166865496446, "x": -2.6470588235294135}, "41": {"z": 1.3742208161550242, "type": "support", "_k": 1, "y": -3.425166865496446, "x": -5.0000000000000018}, "11": {"z": 1.5000000000000002, "qx": -0.0, "qy": -0.0, "qz": -0.058823529411764663, "_k": 2, "y": -3.425166865496446, "x": 1.4705882352941164}, "5": {"z": 1.5000000000000002, "qx": -0.0, "qy": -0.0, "qz": -0.058823529411764698, "_k": 3, "y": -3.425166865496446, "x": -2.0588235294117663}, "4": {"z": 1.5000000000000002, "qx": -0.0, "qy": -0.0, "qz": -0.058823529411764719, "_k": 4, "y": -3.425166865496446, "x": -2.647058823529413}, "7": {"z": 1.5000000000000002, "qx": -0.0, "qy": -0.0, "qz": -0.058823529411764705, "_k": 1, "y": -3.425166865496446, "x": -0.88235294117647178}, "6": {"z": 1.5000000000000002, "qx": -0.0, "qy": -0.0, "qz": -0.058823529411764726, "_k": 2, "y": -3.425166865496446, "x": -1.4705882352941191}, "1": {"z": 1.5000000000000002, "qx": -0.0, "qy": -0.0, "qz": -0.058823529411764719, "_k": 7, "y": -3.425166865496446, "x": -4.411764705882355}, "0": {"z": 1.5000000000000002, "qx": -0.0, "qy": -0.0, "qz": -0.029411764705882294, "type": "support", "_k": 8, "y": -3.425166865496446, "x": -5.0000000000000009}, "3": {"z": 1.5000000000000002, "qx": -0.0, "qy": -0.0, "qz": -0.058823529411764677, "_k": 5, "y": -3.425166865496446, "x": -3.2352941176470607}, "2": {"z": 1.5000000000000002, "qx": -0.0, "qy": -0.0, "qz": -0.058823529411764719, "_k": 6, "y": -3.425166865496446, "x": -3.8235294117647065}, "21": {"z": 1.3742208161550242, "type": "_origin", "_k": 0, "y": -3.425166865496446, "x": -0.2941176470588247}, "31": {"z": 1.0493194422842191, "type": "support", "_k": 1, "y": -3.425166865496446, "x": -3.2352941176470607}, "9": {"z": 1.5000000000000002, "qx": -0.0, "qy": -0.0, "qz": -0.058823529411764719, "type": "_origin", "_k": 0, "y": -3.425166865496446, "x": 0.29411764705882182}, "8": {"z": 1.5000000000000002, "qx": -0.0, "qy": -0.0, "qz": -0.058823529411764677, "type": "_origin", "_k": 0, "y": -3.425166865496446, "x": -0.29411764705882498}, "14": {"z": 1.5000000000000002, "qx": -0.0, "qy": -0.0, "qz": -0.058823529411764768, "_k": 5, "y": -3.425166865496446, "x": 3.2352941176470567}, "34": {"z": 1.4712547780572081, "type": "_origin", "_k": 0, "y": -3.425166865496446, "x": -3.8235294117647065}, "24": {"_k": 2, "z": 1.2125477805720781, "y": -3.425166865496446, "x": -1.4705882352941191}, "43": {"z": 1.3742208161550242, "type": "support", "_k": 1, "y": -3.425166865496446, "x": 4.9999999999999911}, "13": {"z": 1.5000000000000002, "qx": -0.0, "qy": -0.0, "qz": -0.058823529411764705, "_k": 4, "y": -3.425166865496446, "x": 2.6470588235294104}, "33": {"z": 1.2125477805720775, "type": "support", "_k": 1, "y": -3.425166865496446, "x": 3.8235294117646959}, "23": {"_k": 1, "z": 1.3204111306829873, "y": -3.425166865496446, "x": 0.88235294117646945}}, "max_int_key": 43, "attributes": {"gkey_node": {"5.000,-3.425,1.500": 17, "-0.294,-3.425,1.500": 8, "-3.235,-3.425,1.455": 30, "0.294,-3.425,1.374": 22, "3.824,-3.425,1.500": 15, "-5.000,-3.425,1.500": 0, "4.412,-3.425,1.320": 37, "3.235,-3.425,1.049": 19, "1.471,-3.425,1.213": 25, "-5.000,-3.425,1.374": 41, "4.412,-3.425,1.482": 36, "4.412,-3.425,1.500": 16, "2.647,-3.425,0.830": 28, "2.647,-3.425,1.500": 13, "-3.235,-3.425,1.049": 31, "-1.471,-3.425,1.500": 6, "-4.412,-3.425,1.320": 39, "5.000,-3.425,1.374": 43, "3.235,-3.425,1.455": 18, "-3.824,-3.425,1.213": 35, "-2.059,-3.425,1.049": 26, "0.294,-3.425,1.500": 9, "-0.882,-3.425,1.320": 20, "-4.412,-3.425,1.500": 1, "0.882,-3.425,1.320": 23,