{"compas": "1.7.1", "datatype": "compas_cem.diagrams/TopologyDiagram", "data": {"adjacency": {"16": {"15": null, "17": null, "34": null}, "36": {"37": null, "2": null}, "26": {"6": null, "29": null, "25": null}, "45": {"44": null}, "15": {"32": null, "14": null, "16": null}, "18": {"44": null, "17": null}, "35": {"34": null}, "25": {"21": null, "7": null, "26": null}, "28": {"30": null, "27": null, "13": null}, "38": {"1": null, "39": null}, "40": {"41": null, "17": null}, "10": {"23": null, "9": null, "11": null}, "30": {"28": null, "14": null}, "20": {"19": null}, "17": {"40": null, "18": null, "16": null}, "37": {"36": null}, "27": {"28": null, "12": null, "24": null}, "42": {"0": null, "43": null}, "12": {"13": null, "27": null, "11": null}, "32": {"33": null, "15": null}, "22": {"21": null, "23": null, "9": null}, "19": {"20": null, "3": null}, "39": {"38": null}, "29": {"31": null, "26": null, "5": null}, "41": {"40": null}, "11": {"12": null, "10": null, "24": null}, "5": {"4": null, "6": null, "29": null}, "4": {"31": null, "3": null, "5": null}, "7": {"6": null, "8": null, "25": null}, "6": {"7": null, "26": null, "5": null}, "1": {"38": null, "0": null, "2": null}, "0": {"1": null, "42": null}, "3": {"4": null, "19": null, "2": null}, "2": {"36": null, "1": null, "3": null}, "21": {"22": null, "8": null, "25": null}, "31": {"4": null, "29": null}, "9": {"22": null, "8": null, "10": null}, "8": {"7": null, "21": null, "9": null}, "44": {"45": null, "18": null}, "14": {"30": null, "13": null, "15": null}, "34": {"35": null, "16": null}, "24": {"27": null, "23": null, "11": null}, "43": {"42": null}, "13": {"28": null, "12": null, "14": null}, "33": {"32": null}, "23": {"22": null, "10": null, "24": null}}, "node_attributes": {"z": 0.0, "qx": 0.0, "rx": 0.0, "qy": 0.0, "ry": 0.0, "qz": 0.0, "type": null, "rz": 0.0, "_k": null, "y": 0.0, "x": 0.0}, "node": {"16": {"z": 1.5000000000000002, "qx": -0.0, "qy": -0.0, "qz": -0.055555555555555407, "_k": 6, "y": -3.425166865496446, "x": 3.8888888888888884}, "36": {"z": 1.4692711995525103, "type": "_origin", "_k": 0, "y": -3.425166865496446, "x": -3.8888888888888902}, "26": {"_k": 3, "z": 1.1927119955250989, "y": -3.425166865496446, "x": -1.6666666666666674}, "45": {"z": 1.3717660883245726, "type": "support", "_k": 1, "y": -3.425166865496446, "x": 4.9999999999999956}, "15": {"z": 1.5000000000000002, "qx": -0.0, "qy": -0.0, "qz": -0.055555555555555566, "_k": 5, "y": -3.425166865496446, "x": 3.3333333333333366}, "18": {"z": 1.5000000000000002, "qx": -0.0, "qy": -0.0, "qz": -0.027777777777777637, "type": "support", "_k": 8, "y": -3.425166865496446, "x": 4.9999999999999973}, "35": {"z": 1.1927119955250984, "type": "support", "_k": 1, "y": -3.425166865496446, "x": 3.8888888888888813}, "25": {"_k": 2, "z": 1.304799836333626, "y": -3.425166865496446, "x": -1.1111111111111125}, "28": {"_k": 3, "z": 1.0347832238964025, "y": -3.425166865496446, "x": 2.2222222222222219}, "38": {"z": 1.4804799836333629, "type": "_origin", "_k": 0, "y": -3.425166865496446, "x": -4.4444444444444455}, "40": {"z": 1.4804799836333629, "type": "_origin", "_k": 0, "y": -3.425166865496446, "x": 4.4444444444444438}, "10": {"z": 1.5000000000000002, "qx": -0.0, "qy": -0.0, "qz": -0.055555555555555539, "type": "_origin", "_k": 0, "y": -3.425166865496446, "x": 0.55555555555555558}, "30": {"z": 0.83000000000000218, "type": "support", "_k": 4, "y": -3.425166865496446, "x": 2.7777777777777755}, "20": {"z": 1.0347832238964019, "type": "support", "_k": 1, "y": -3.425166865496446, "x": -3.3333333333333339}, "17": {"z": 1.5000000000000002, "qx": -0.0, "qy": -0.0, "qz": -0.055555555555555455, "_k": 7, "y": -3.425166865496446, "x": 4.4444444444444446}, "37": {"z": 1.1927119955250989, "type": "support", "_k": 1, "y": -3.425166865496446, "x": -3.8888888888888906}, "27": {"_k": 2, "z": 1.1927119955250984, "y": -3.425166865496446, "x": 1.6666666666666698}, "42": {"z": 1.4871766088324576, "type": "_origin", "_k": 0, "y": -3.425166865496446, "x": -5.0000000000000009}, "12": {"z": 1.5000000000000002, "qx": -0.0, "qy": -0.0, "qz": -0.055555555555555566, "_k": 2, "y": -3.425166865496446, "x": 1.6666666666666698}, "32": {"z": 1.4534783223896406, "type": "_origin", "_k": 0, "y": -3.425166865496446, "x": 3.3333333333333299}, "22": {"z": 1.3940405218081573, "type": "_origin", "_k": 0, "y": -3.425166865496446, "x": 2.7755575615628914e-16}, "19": {"z": 1.4534783223896406, "type": "_origin", "_k": 0, "y": -3.425166865496446, "x": -3.3333333333333348}, "39": {"z": 1.304799836333626, "type": "support", "_k": 1, "y": -3.425166865496446, "x": -4.4444444444444455}, "29": {"_k": 4, "z": 1.0347832238964019, "y": -3.425166865496446, "x": -2.2222222222222241}, "41": {"z": 1.3047998363336264, "type": "support", "_k": 1, "y": -3.425166865496446, "x": 4.4444444444444411}, "11": {"z": 1.5000000000000002, "qx": -0.0, "qy": -0.0, "qz": -0.055555555555555719, "_k": 1, "y": -3.425166865496446, "x": 1.1111111111111109}, "5": {"z": 1.5000000000000002, "qx": -0.0, "qy": -0.0, "qz": -0.055555555555555608, "_k": 4, "y": -3.425166865496446, "x": -2.2222222222222241}, "4": {"z": 1.5000000000000002, "qx": -0.0, "qy": -0.0, "qz": -0.055555555555555539, "_k": 5, "y": -3.425166865496446, "x": -2.7777777777777795}, "7": {"z": 1.5000000000000002, "qx": -0.0, "qy": -0.0, "qz": -0.055555555555555566, "_k": 2, "y": -3.425166865496446, "x": -1.1111111111111125}, "6": {"z": 1.5000000000000002, "qx": -0.0, "qy": -0.0, "qz": -0.05555555555555558, "_k": 3, "y": -3.425166865496446, "x": -1.6666666666666674}, "1": {"z": 1.5000000000000002, "qx": -0.0, "qy": -0.0, "qz": -0.055555555555555539, "_k": 8, "y": -3.425166865496446, "x": -4.4444444444444455}, "0": {"z": 1.5000000000000002, "qx": -0.0, "qy": -0.0, "qz": -0.027777777777777769, "type": "support", "_k": 9, "y": -3.425166865496446, "x": -5.0000000000000009}, "3": {"z": 1.5000000000000002, "qx": -0.0, "qy": -0.0, "qz": -0.055555555555555539, "_k": 6, "y": -3.425166865496446, "x": -3.3333333333333348}, "2": {"z": 1.5000000000000002, "qx": -0.0, "qy": -0.0, "qz": -0.055555555555555539, "_k": 7, "y": -3.425166865496446, "x": -3.8888888888888902}, "21": {"_k": 1, "z": 1.3717660883245724, "y": -3.425166865496446, "x": -0.5555555555555558}, "31": {"z": 0.83000000000000018, "type": "support", "_k": 5, "y": -3.425166865496446, "x": -2.777777777777779}, "9": {"z": 1.5000000000000002, "qx": -0.0, "qy": -0.0, "qz": -0.055555555555555587, "type": "_origin", "_k": 0, "y": -3.425166865496446, "x": 2.2204460492503131e-16}, "8": {"z": 1.5000000000000002, "qx": -0.0, "qy": -0.0, "qz": -0.055555555555555636, "_k": 1, "y": -3.425166865496446, "x": -0.55555555555555614}, "44": {"z": 1.4871766088324576, "type": "_origin", "_k": 0, "y": -3.425166865496446, "x": 4.9999999999999964}, "14": {"z": 1.5000000000000002, "qx": -0.0, "qy": -0.0, "qz": -0.055555555555555719, "_k": 4, "y": -3.425166865496446, "x": 2.7777777777777772}, "34": {"z": 1.4692711995525101, "type": "_origin", "_k": 0, "y": -3.425166865496446, "x": 3.8888888888888813}, "24": {"_k": 1, "z": 1.3047998363336264, "y": -3.425166865496446, "x": 1.1111111111111103}, "43": {"z": 1.3717660883245724, "type": "support", "_k": 1, "y": -3.425166865496446, "x": -5.0000000000000018}, "13": {"z": 1.5000000000000002, "qx": -0.0, "qy": -0.0, "qz": -0.055555555555555372, "_k": 3, "y": -3.425166865496446, "x": 2.2222222222222223}, "33": {"z": 1.0347832238964025, "type": "support", "_k": 1, "y": -3.425166865496446, "x": 3.333333333333329}, "23": {"z": 1.3717660883245726, "type": "_origin", "_k": 0, "y": -3.425166865496446, "x": 0.55555555555555547}}, "max_int_key": 45, "attributes": {"gkey_node": {"5.000,-3.425,1.500": 18, "-1.111,-3.425,1.500": 7, "1.667,-3.425,1.500": 12, "1.667,-3.425,1.193": 27, "-1.667,-3.425,1.193": 26, "0.000,-3.425,1.394": 22, "4.444,-3.425,1.480": 40, "-0.556,-3.425,1.372": 21, "-5.000,-3.425,1.500": 0, "-4.444,-3.425,1.480": 38, "-3.889,-3.425,1.193": 37, "-5.000,-3.425,1.372": 43,