{"compas": "1.7.1", "datatype": "compas_cem.diagrams/FormDiagram", "data": {"adjacency": {"14": {"6": null, "15": null}, "12": {"13": null, "2": null}, "5": {"4": null, "6": null, "11": null}, "4": {"5": null, "10": null, "3": null}, "7": {"6": null}, "6": {"7": null, "14": null, "5": null}, "1": {"0": null, "8": null, "2": null}, "0": {"1": null}, "3": {"4": null, "13": null, "2": null}, "2": {"12": null, "1": null, "3": null}, "10": {"4": null, "13": null, "11": null}, "13": {"12": null, "3": null, "10": null}, "15": {"14": null}, "11": {"10": null, "5": null}, "9": {"8": null}, "8": {"1": null, "9": null}}, "node_attributes": {"z": 0.0, "qx": 0.0, "rx": 0.0, "qy": 0.0, "ry": 0.0, "qz": 0.0, "type": null, "rz": 0.0, "_k": null, "y": 0.0, "x": 0.0}, "node": {"14": {"z": 1.477240552145576, "type": "_origin", "_k": 0, "y": -3.425166865496446, "x": 3.5714285714285658}, "12": {"z": 1.1264868460769475, "rx": 10.046394909469168, "ry": -0.0, "type": "support", "rz": 0.21488505544537462, "_k": 1, "y": -3.425166865496446, "x": -2.2026562031495764}, "5": {"z": 1.4388316594397348, "qx": -0.0, "qy": -0.0, "qz": -0.14285714285714268, "_k": 1, "y": -3.425166865496446, "x": 2.1415469940252398}, "4": {"z": 1.5000000000000002, "qx": -0.0, "qy": -0.0, "qz": -0.14285714285714282, "type": "_origin", "_k": 0, "y": -3.425166865496446, "x": 0.71428571428571286}, "7": {"z": 1.5309011182598526, "qx": -0.0, "rx": 19.885968365031527, "qy": -0.0, "ry": -0.0, "qz": -0.07142857142857155, "type": "support", "rz": 1.2843316085544101, "_k": 3, "y": -3.425166865496446, "x": 4.9960309054130239}, "6": {"z": 1.4439300146196719, "qx": -0.0, "qy": -0.0, "qz": -0.14285714285714285, "_k": 2, "y": -3.425166865496446, "x": 3.5701093249387577}, "1": {"z": 1.4439300146196719, "qx": -0.0, "qy": -0.0, "qz": -0.14285714285714279, "_k": 2, "y": -3.425166865496446, "x": -3.5701093249387639}, "0": {"z": 1.5309011182598522, "qx": -0.0, "rx": -19.885968365031552, "qy": -0.0, "ry": -0.0, "qz": -0.071428571428571425, "type": "support", "rz": 1.2843316085544083, "_k": 3, "y": -3.425166865496446, "x": -4.9960309054130274}, "3": {"z": 1.5000000000000002, "qx": -0.0, "qy": -0.0, "qz": -0.1428571428571429, "type": "_origin", "_k": 0, "y": -3.425166865496446, "x": -0.71428571428571608}, "2": {"z": 1.4388316594397348, "qx": -0.0, "qy": -0.0, "qz": -0.14285714285714282, "_k": 1, "y": -3.425166865496446, "x": -2.1415469940252447}, "10": {"z": 1.2724055214557579, "type": "_origin", "_k": 0, "y": -3.425166865496446, "x": 0.71428571428571286}, "13": {"z": 1.2724055214557577, "type": "_origin", "_k": 0, "y": -3.425166865496446, "x": -0.71428571428571597}, "15": {"z": 1.6819151281817493, "rx": -0.039573455562356044, "ry": -0.0, "type": "support", "rz": -0.99921666399978237, "_k": 1, "y": -3.425166865496446, "x": 3.579534601413183}, "11": {"z": 1.1264868460769486, "rx": -10.046394909469171, "ry": -0.0, "type": "support", "rz": 0.21488505544537062, "_k": 1, "y": -3.425166865496446, "x": 2.2026562031495693}, "9": {"z": 1.6819151281817493, "rx": 0.039573455562382648, "ry": -0.0, "type": "support", "rz": -0.99921666399978137, "_k": 1, "y": -3.425166865496446, "x": -3.5795346014131959}, "8": {"z": 1.477240552145576, "type": "_origin", "_k": 0, "y": -3.425166865496446, "x": -3.571428571428573}}, "max_int_key": 15, "attributes": {"gkey_node": {"5.000,-3.425,1.500": 7, "3.571,-3.425,1.272": 15, "-5.000,-3.425,1.500": 0, "-3.571,-3.425,1.272": 9, "-2.143,-3.425,1.500": 2, "4.996,-3.425,1.531": 7, "2.203,-3.425,1.126": 11, "-3.571,-3.425,1.500": 1, "-2.142,-3.425,1.439": 2, "2.142,-3.425,1.439": 5, "3.571,-3.425,1.477": 14, "3.580,-3.425,1.682": 15, "3.570,-3.425,1.444": 6, "-3.571,-3.425,1.477": 8, "0.714,-3.425,1.500": 4, "-0.714,-3.425,1.272": 13, "-3.570,-3.425,1.444": 1, "-2.203,-3.425,1.126": 12, "-4.996,-3.425,1.531": 0, "-3.580,-3.425,1.682": 9, "-2.143,-3.425,0.830": 12, "-0.714,-3.425,1.500": 3, "2.143,-3.425,0.830": 11, "2.143,-3.425,1.500": 5, "3.571,-3.425,1.500": 6, "0.714,-3.425,1.272": 10}, "name": "Network", "tol": "3f"}, "edge_attributes": {"force": 0.0, "type": null, "length": 0.0}, "edge": {"14": {"15": {"force": -0.99999999999999989, "length": 0.20483503068981823, "type": "trail"}}, "12": {"13": {"force": -10.248902380255165, "length": 1.4955062594135651, "type": "trail"}}, "5": {"6": {"force": 19.846521299272183, "length": 1.4285714285714257, "type": "trail"}, "11": {"force": 0.80000000000000004, "type": "deviation", "length": 0.31826658303132421}}, "4": {"10": {"force": -1.0, "type": "deviation", "length": 0.22759447854424231}, "5": {"force": 20.018358920689554, "length": 1.4285714285714275, "type": "trail"}}, "7": {}, "6": {"7": {"force": 19.922923269252024, "length": 1.4285714285714315, "type": "trail"}, "14": {"force": -1.0, "type": "deviation", "length": 0.033336651325013768}}, "1": {"8": {"force": -1.0, "type": "deviation", "length": 0.033336651325013802}, "2": {"force": 19.84652129927218, "length": 1.428571428571427, "type": "trail"}}, "0": {"1": {"force": 19.922923269252049, "length": 1.4285714285714288, "type": "trail"}}, "3": {"4": {"force": 20.0, "type": "deviation", "length": 1.4285714285714288}, "13": {"force": -1.0, "type": "deviation", "length": 0.22759447854424253}}, "2": {"12": {"force": 0.80000000000000004, "type": "deviation", "length": 0.31826658303132571}, "3": {"force": 20.018358920689554, "length": 1.428571428571429, "type": "trail"}}, "10": {"11": {"force": -10.248902380255165, "length": 1.4955062594135611, "type": "trail"}}, "13": {"10": {"force": -10.199999999999999, "type": "deviation", "length": 1.4285714285714288}}, "15": {}, "11": {}, "9": {}, "8": {"9": {"force": -0.99999999999999989, "length": 0.20483503068981845, "type": "trail"}}}}}