{"compas": "1.7.1", "datatype": "compas_cem.diagrams/FormDiagram", "data": {"adjacency": {"16": {"6": null, "15": null, "17": null}, "15": {"14": null, "16": null, "5": null}, "18": {"14": null, "3": null}, "25": {"24": null}, "10": {"9": null, "11": null, "24": null}, "20": {"21": null, "2": null}, "17": {"7": null, "19": null, "16": null}, "12": {"13": null, "9": null}, "22": {"1": null, "23": null}, "19": {"8": null, "17": null}, "11": {"10": null}, "5": {"4": null, "6": null, "15": null}, "4": {"14": null, "3": null, "5": null}, "7": {"6": null, "8": null, "17": null}, "6": {"7": null, "16": null, "5": null}, "1": {"22": null, "0": null, "2": null}, "0": {"1": null}, "3": {"4": null, "18": null, "2": null}, "2": {"20": null, "1": null, "3": null}, "21": {"20": null}, "9": {"12": null, "8": null, "10": null}, "8": {"7": null, "19": null, "9": null}, "14": {"4": null, "15": null, "18": null}, "24": {"10": null, "25": null}, "13": {"12": null}, "23": {"22": null}}, "node_attributes": {"z": 0.0, "qx": 0.0, "rx": 0.0, "qy": 0.0, "ry": 0.0, "qz": 0.0, "type": null, "rz": 0.0, "_k": null, "y": 0.0, "x": 0.0}, "node": {"16": {"z": 1.3211110896314162, "type": "_origin", "_k": 0, "y": -3.425166865496446, "x": 0.4545454545454537}, "15": {"z": 1.3211110896314162, "type": "_origin", "_k": 0, "y": -3.425166865496446, "x": -0.45454545454545586}, "18": {"z": 1.0459145489736819, "rx": 10.117735321499646, "ry": -0.0, "type": "support", "rz": 1.2094791000460359, "_k": 2, "y": -3.425166865496446, "x": -2.3224965713041557}, "25": {"z": 1.6429810109666874, "rx": -0.040195907414710519, "ry": -0.0, "type": "support", "rz": -0.99919181793442846, "_k": 1, "y": -3.425166865496446, "x": 4.0973806327799078}, "10": {"z": 1.340930559674919, "qx": -0.0, "qy": -0.0, "qz": -0.090909090909090828, "_k": 4, "y": -3.425166865496446, "x": 4.0852296205750696}, "20": {"z": 1.4659102261974648, "type": "_origin", "_k": 0, "y": -3.425166865496446, "x": -3.181818181818183}, "17": {"y": -3.425166865496446, "x": 1.3735532600967923, "z": 1.2310122851655987, "_k": 1}, "12": {"z": 1.4659102261974648, "type": "_origin", "_k": 0, "y": -3.425166865496446, "x": 3.1818181818181741}, "22": {"z": 1.482111108963142, "type": "_origin", "_k": 0, "y": -3.425166865496446, "x": -4.0909090909090917}, "19": {"z": 1.0459145489736827, "rx": -10.117735321499653, "ry": -0.0, "type": "support", "rz": 1.2094791000460348, "_k": 2, "y": -3.425166865496446, "x": 2.3224965713041499}, "11": {"z": 1.3973351615674297, "qx": -0.0, "rx": 20.000728711843347, "qy": -0.0, "ry": -0.0, "qz": -0.045454545454545241, "type": "support", "rz": 1.288796485875314, "_k": 5, "y": -3.425166865496446, "x": 4.9925690288876785}, "5": {"z": 1.5000000000000002, "qx": -0.0, "qy": -0.0, "qz": -0.090909090909090939, "type": "_origin", "_k": 0, "y": -3.425166865496446, "x": -0.45454545454545575}, "4": {"z": 1.4587203082557729, "qx": -0.0, "qy": -0.0, "qz": -0.090909090909090939, "_k": 1, "y": -3.425166865496446, "x": -1.3626986729184556}, "7": {"z": 1.4587203082557729, "qx": -0.0, "qy": -0.0, "qz": -0.090909090909090912, "_k": 1, "y": -3.425166865496446, "x": 1.3626986729184531}, "6": {"z": 1.5000000000000002, "qx": -0.0, "qy": -0.0, "qz": -0.090909090909090939, "type": "_origin", "_k": 0, "y": -3.425166865496446, "x": 0.45454545454545353}, "1": {"z": 1.3409305596749188, "qx": -0.0, "qy": -0.0, "qz": -0.090909090909090912, "_k": 4, "y": -3.425166865496446, "x": -4.0852296205750696}, "0": {"z": 1.3973351615674292, "qx": -0.0, "rx": -20.00072871184345, "qy": -0.0, "ry": -0.0, "qz": -0.045454545454545463, "type": "support", "rz": 1.2887964858753085, "_k": 5, "y": -3.425166865496446, "x": -4.9925690288876829}, "3": {"z": 1.3766597756044914, "qx": -0.0, "qy": -0.0, "qz": -0.090909090909090912, "_k": 2, "y": -3.425166865496446, "x": -2.2680783446433757}, "2": {"z": 1.3339514912889865, "qx": -0.0, "qy": -0.0, "qz": -0.090909090909090884, "_k": 3, "y": -3.425166865496446, "x": -3.1761655009464262}, "21": {"z": 1.7724370831415956, "rx": 0.042797482929032356, "ry": -0.0, "type": "support", "rz": -0.99908376798691856, "_k": 1, "y": -3.425166865496446, "x": -3.1949487904295002}, "9": {"z": 1.3339514912889865, "qx": -0.0, "qy": -0.0, "qz": -0.09090909090909105, "_k": 3, "y": -3.425166865496446, "x": 3.1761655009464236}, "8": {"z": 1.3766597756044914, "qx": -0.0, "qy": -0.0, "qz": -0.090909090909090912, "_k": 2, "y": -3.425166865496446, "x": 2.2680783446433725}, "14": {"y": -3.425166865496446, "x": -1.3735532600967946, "z": 1.2310122851655987, "_k": 1}, "24": {"z": 1.482111108963142, "type": "_origin", "_k": 0, "y": -3.425166865496446, "x": 4.0909090909090828}, "13": {"z": 1.772437083141597, "rx": -0.042797482928985373, "ry": -0.0, "type": "support", "rz": -0.99908376798692067, "_k": 1, "y": -3.425166865496446, "x": 3.1949487904294771}, "23": {"z": 1.6429810109666869, "rx": 0.040195907414773212, "ry": -0.0, "type": "support", "rz": -0.99919181793442591, "_k": 1, "y": -3.425166865496446, "x": -4.0973806327799265}}, "max_int_key": 25, "attributes": {"gkey_node": {"5.000,-3.425,1.500": 11, "0.455,-3.425,1.321": 16, "-2.273,-3.425,0.830": 18, "-1.364,-3.425,1.500": 4, "0.455,-3.425,1.500": 6, "4.085,-3.425,1.341": 10, "-1.363,-3.425,1.459": 4, "-4.085,-3.425,1.341": 1, "-5.000,-3.425,1.500": 0, "-1.364,-3.425,1.159": 14, "4.091,-3.425,1.482": 24, "4.091,-3.425,1.500": 10, "3.176,-3.425,1.334": 9, "2.322,-3.425,1.046": 19, "-4.091,-3.425,1.500": 1, "-3.182,-3.425,1.500": 2, "1.364,-3.425,1.500": 7, "3.195,-3.425,1.772": 13, "-3.182,-3.425,1.466": 20, "-2.273,-3.425,1.500": 3, "-2.322,-3.425,1.046": 18, "1.364,-3.425,1.159": 17, "1.363,-3.425,1.459": 7, "-4.091,-3.425,1.482": 22, "-4.993,-3.425,1.397": 0, "4.097,-3.425,1.643": 25, "-3.182,-3.425,1.159": 21, "-0.455,-3.425,1.500": 5, "3.182,-3.425,1.159": 13, "-4.091,-3.425,1.321": 23, "-1.374,-3.425,1.231": 14, "2.273,-3.425,1.500": 8, "2.273,-3.425,0.830": 19, "4.091,-3.425,1.321": 25, "1.374,-3.425,1.231": 17, "-4.097,-3.425,1.643": 23, "3.182,-3.425,1.466": 12, "3.182,-3.425,1.500": 9, "-0.455,-3.425,1.321": 15, "-3.176,-3.425,1.334": 2, "-3.195,-3.425,1.772": 21, "4.993,-3.425,1.397": 11, "2.268,-3.425,1.377": 8, "-2.268,-3.425,1.377": 3}, "name": "Network", "tol": "3f"}, "edge_attributes": {"force": 0.0, "type": null, "length": 0.0}, "edge": {"16": {"17": {"force": -10.248902380255167, "length": 0.92341385154786193, "type": "trail"}}, "15": {"16": {"force": -10.199999999999999, "type": "deviation", "length": 0.90909090909090962}}, "18": {"14": {"force": -10.440741055447974, "length": 0.96682706821259556, "type": "trail"}}, "25": {}, "10": {"11": {"force": 20.039337518629804, "length": 0.90909090909090484, "type": "trail"}, "24": {"force": -1.0, "type": "deviation", "length": 0.14129474116399129}}, "20": {"21": {"force": -0.99999999999999978, "length": 0.30680796422282008, "type": "trail"}}, "17": {"19": {"force": -10.440741055447976, "length": 0.9668270682125919, "type": "trail"}}, "12": {"13": {"force": -0.99999999999999989, "length": 0.30680796422282081, "type": "trail"}}, "22": {"23": {"force": -1.0, "length": 0.16100001933172586, "type": "trail"}}, "19": {}, "11": {}, "5": {"6": {"force": 20.0, "type": "deviation", "length": 0.90909090909090928}, "15": {"force": -1.0, "type": "deviation", "length": 0.17888891036858401}}, "4": {"14": {"force": -1.0, "type": "deviation", "length": 0.22796658931178376}, "5": {"force": 20.020650495950218, "length": 0.90909090909090939, "type": "trail"}}, "7": {"8": {"force": 20.129791895323102, "length": 0.90909090909090873, "type": "trail"}, "17": {"force": -1.0, "type": "deviation", "length": 0.22796658931178379}}, "6": {"7": {"force": 20.020650495950218, "length": 0.90909090909090906, "type": "trail"}, "16": {"force": -1.0, "type": "deviation", "length": 0.17888891036858401}}, "1": {"22": {"force": -1.0, "type": "deviation", "length": 0.14129474116399188}, "2": {"force": 19.961121026897064, "length": 0.90909090909090928, "type": "trail"}},