{"compas": "1.7.1", "datatype": "compas_cem.diagrams/TopologyDiagram", "data": {"adjacency": {"16": {"18": null, "17": null}, "26": {"30": null, "21": null, "22": null}, "15": {"20": null, "14": null, "11": null}, "18": {"16": null}, "25": {"1": null, "29": null, "2": null}, "28": {"24": null}, "10": {"8": null}, "30": {"26": null}, "20": {"21": null, "19": null, "15": null}, "17": {"19": null, "16": null}, "27": {"31": null, "13": null, "14": null}, "12": {"13": null, "11": null}, "22": {"26": null, "23": null}, "19": {"17": null, "4": null, "7": null, "20": null, "23": null}, "29": {"25": null}, "11": {"12": null, "15": null, "0": null, "3": null, "9": null}, "5": {"4": null, "24": null}, "4": {"19": null, "3": null, "5": null}, "7": {"19": null, "6": null}, "6": {"7": null, "24": null}, "1": {"0": null, "25": null}, "0": {"1": null, "11": null}, "3": {"4": null, "11": null, "2": null}, "2": {"3": null, "25": null}, "21": {"26": null, "20": null}, "31": {"27": null}, "9": {"8": null, "11": null}, "8": {"9": null, "10": null}, "14": {"27": null, "15": null}, "24": {"28": null, "6": null, "5": null}, "13": {"12": null, "27": null}, "23": {"19": null, "22": null}}, "node_attributes": {"z": 0.0, "qx": 0.0, "rx": 0.0, "qy": 0.0, "ry": 0.0, "qz": 0.0, "type": null, "rz": 0.0, "_k": null, "y": 0.0, "x": 0.0}, "node": {"16": {"_k": 2, "z": 1.5000000000000002, "y": -2.925166865496446, "x": 2.7777777777777763}, "26": {"z": 1.5000000000000002, "qx": -0.0, "qy": -0.0, "qz": -0.11111111111111104, "type": "_origin", "_k": 0, "y": -2.425166865496446, "x": 2.7777777777777763}, "15": {"z": 1.5000000000000002, "qx": -0.0, "qy": -0.0, "qz": -0.11111111111111116, "type": "support", "_k": 1, "y": -2.425166865496446, "x": -0.55555555555555625}, "18": {"z": 0.010000000000000231, "type": "support", "_k": 3, "y": -2.925166865496446, "x": 2.7777777777777763}, "25": {"z": 1.5000000000000002, "qx": -0.0, "qy": -0.0, "qz": -0.11111111111111112, "type": "_origin", "_k": 0, "y": -3.425166865496446, "x": -2.7777777777777786}, "28": {"z": 1.8300000000000003, "type": "support", "_k": 1, "y": -3.425166865496446, "x": 2.7777777777777763}, "10": {"z": 0.010000000000000231, "type": "support", "_k": 3, "y": -2.925166865496446, "x": -2.7777777777777786}, "30": {"z": 1.8300000000000003, "type": "support", "_k": 1, "y": -2.425166865496446, "x": 2.7777777777777763}, "20": {"z": 1.5000000000000002, "qx": -0.0, "qy": -0.0, "qz": -0.11111111111111113, "type": "support", "_k": 1, "y": -2.425166865496446, "x": 0.55555555555555569}, "17": {"_k": 1, "z": 2.7610549999999998, "y": -2.925166865496446, "x": 2.7777777777777763}, "27": {"z": 1.5000000000000002, "qx": -0.0, "qy": -0.0, "qz": -0.11111111111111112, "type": "_origin", "_k": 0, "y": -2.425166865496446, "x": -2.7777777777777786}, "12": {"z": 1.5000000000000002, "qx": -0.0, "qy": -0.0, "qz": -0.055555555555555559, "type": "support", "_k": 1, "y": -2.425166865496446, "x": -5.0000000000000009}, "22": {"z": 1.5000000000000002, "qx": -0.0, "qy": -0.0, "qz": -0.11111111111111105, "type": "_origin", "_k": 0, "y": -2.425166865496446, "x": 3.8888888888888866}, "19": {"z": 3.29, "type": "_origin", "_k": 0, "y": -2.925166865496446, "x": 2.7777777777777763}, "29": {"z": 1.8300000000000003, "type": "support", "_k": 1, "y": -3.425166865496446, "x": -2.7777777777777786}, "11": {"z": 3.29, "type": "_origin", "_k": 0, "y": -2.925166865496446, "x": -2.7777777777777786}, "5": {"z": 1.5000000000000002, "qx": -0.0, "qy": -0.0, "qz": -0.11111111111111104, "type": "_origin", "_k": 0, "y": -3.425166865496446, "x": 1.6666666666666661}, "4": {"z": 1.5000000000000002, "qx": -0.0, "qy": -0.0, "qz": -0.11111111111111113, "type": "support", "_k": 1, "y": -3.425166865496446, "x": 0.55555555555555569}, "7": {"z": 1.5000000000000002, "qx": -0.0, "qy": -0.0, "qz": -0.055555555555555539, "type": "support", "_k": 1, "y": -3.425166865496446, "x": 4.9999999999999973}, "6": {"z": 1.5000000000000002, "qx": -0.0, "qy": -0.0, "qz": -0.11111111111111105, "type": "_origin", "_k": 0, "y": -3.425166865496446, "x": 3.8888888888888866}, "1": {"z": 1.5000000000000002, "qx": -0.0, "qy": -0.0, "qz": -0.11111111111111112, "type": "_origin", "_k": 0, "y": -3.425166865496446, "x": -3.8888888888888897}, "0": {"z": 1.5000000000000002, "qx": -0.0, "qy": -0.0, "qz": -0.055555555555555559, "type": "support", "_k": 1, "y": -3.425166865496446, "x": -5.0000000000000009}, "3": {"z": 1.5000000000000002, "qx": -0.0, "qy": -0.0, "qz": -0.11111111111111116, "type": "support", "_k": 1, "y": -3.425166865496446, "x": -0.55555555555555625}, "2": {"z": 1.5000000000000002, "qx": -0.0, "qy": -0.0, "qz": -0.11111111111111112, "type": "_origin", "_k": 0, "y": -3.425166865496446, "x": -1.6666666666666674}, "21": {"z": 1.5000000000000002, "qx": -0.0, "qy": -0.0, "qz": -0.11111111111111104, "type": "_origin", "_k": 0, "y": -2.425166865496446, "x": 1.6666666666666661}, "31": {"z": 1.8300000000000003, "type": "support", "_k": 1, "y": -2.425166865496446, "x": -2.7777777777777786}, "9": {"_k": 1, "z": 2.7610550000000007, "y": -2.925166865496446, "x": -2.7777777777777786}, "8": {"_k": 2, "z": 1.5000000000000002, "y": -2.925166865496446, "x": -2.7777777777777786}, "14": {"z": 1.5000000000000002, "qx": -0.0, "qy": -0.0, "qz": -0.11111111111111112, "type": "_origin", "_k": 0, "y": -2.425166865496446, "x": -1.6666666666666674}, "24": {"z": 1.5000000000000002, "qx": -0.0, "qy": -0.0, "qz": -0.11111111111111104, "type": "_origin", "_k": 0, "y": -3.425166865496446, "x": 2.7777777777777763}, "13": {"z": 1.5000000000000002, "qx": -0.0, "qy": -0.0, "qz": -0.11111111111111112, "type": "_origin", "_k": 0, "y": -2.425166865496446, "x": -3.8888888888888897}, "23": {"z": 1.5000000000000002, "qx": -0.0, "qy": -0.0, "qz": -0.055555555555555539, "type": "support", "_k": 1, "y": -2.425166865496446, "x": 4.9999999999999973}}, "max_int_key": 31, "attributes": {"gkey_node": {"5.000,-3.425,1.500": 7, "-2.778,-2.425,1.830": 31, "1.667,-3.425,1.500": 5, "2.778,-2.925,2.761": 17, "-2.778,-2.925,2.761": 9, "-2.778,-2.425,1.500": 27, "0.556,-2.425,1.500": 20, "-5.000,-3.425,1.500": 0, "-0.556,-2.425,1.500": 15, "2.778,-3.425,1.830": 28, "2.778,-2.925,1.500": 16, "2.778,-3.425,1.500": 24, "3.889,-2.425,1.500": 22, "5.000,-2.425,1.500": 23, "1.667,-2.425,1.500": 21, "-2.778,-3.425,1.500": 25, "-5.000,-2.425,1.500": 12, "-0.556,-3.425,1.500": 3, "0.556,-3.425,1.500": 4, "-1.667,-3.425,1.500": 2, "2.778,-2.425,1.830": 30, "2.778,-2.925,3.290": 19, "-2.778,-2.925,3.290": 11, "-3.889,-3.425,1.500": 1, "-2.778,-3.425,1.830": 29, "-1.667,-2.425,1.500": 14, "-2.778,-2.925,0.010": 10, "-2.778,-2.925,1.500": 8, "-3.889,-2.425,1.500": 13, "2.778,-2.925,0.010": 18, "2.778,-2.425,1.500": 26, "3.889,-3.425,1.500": 6}, "name": "Network", "_aux_length": 0.33000000000000002, "_trails": {"1": [1, 0], "2": [2, 3], "5": [5, 4], "6": [6, 7], "11": [11, 9, 8, 10], "13": [13, 12], "14": [14, 15], "19": [19, 17, 16, 18], "21": [21, 20], "22": [22, 23], "24": [24, 28], "25": [25, 29], "26": [26, 30], "27": [27, 31]}, "tol": "3f", "_auxiliary_trails": {"24": [24, 28], "25": [25, 29], "26": [26, 30], "27": [27, 31]}, "_aux_vector": {"dtype": "compas.geometry/Vector", "value": [0.0, 0.0, 1.0]}}, "edge_attributes": {"force": 0.0, "type": null, "length": 0.0}, "edge": {"16": {"18": {"length": -1.49, "type": "trail"}, "17": {"length": -1.2610549999999996, "type": "trail"}}, "26": {"30": {"length": 0.33000000000000002, "type": "trail"}, "22": {"force": -20.0, "type": "deviation"}}, "15": {"20": {"force": -14.699999999999999, "type": "deviation"}, "11": {"force": 0.5, "type": "deviation"}}, "18": {}, "25": {"29": {"length": 0.33000000000000002, "type": "trail"}, "2": {"force": -20.0, "type": "deviation"}}, "28": {}, "10": {}, "30": {}, "20": {"21": {"length": -1.1111111111111103, "type": "trail"}, "19": {"force": 0.59999999999999998, "type": "deviation"}}, "17": {"19": {"length": -0.52894500000000022, "type": "trail"}}, "27": {"31": {"length": 0.33000000000000002, "type": "trail"},