{"compas": "1.7.1", "datatype": "compas_cem.diagrams/TopologyDiagram", "data": {"adjacency": {"16": {"15": null, "17": null}, "26": {"27": null, "25": null}, "15": {"14": null, "16": null}, "18": {"19": null, "17": null}, "25": {"26": null, "24": null}, "28": {"32": null, "29": null, "10": null}, "10": {"28": null, "9": null, "11": null}, "30": {"31": null, "19": null, "0": null}, "20": {"21": null, "19": null}, "17": {"0": null, "16": null, "18": null}, "27": {"26": null}, "12": {"13": null, "32": null, "11": null}, "32": {"28": null, "12": null, "33": null}, "22": {"21": null, "23": null}, "19": {"30": null, "20": null, "18": null}, "29": {"28": null}, "11": {"12": null, "10": null}, "5": {"4": null, "6": null}, "4": {"3": null, "5": null}, "7": {"6": null, "8": null}, "6": {"7": null, "5": null}, "1": {"0": null}, "0": {"30": null, "1": null, "17": null}, "3": {"4": null, "2": null}, "2": {"3": null}, "21": {"20": null, "22": null}, "31": {"30": null}, "9": {"8": null, "10": null}, "8": {"7": null, "9": null}, "14": {"13": null, "15": null}, "24": {"23": null, "25": null}, "13": {"12": null, "14": null}, "33": {"32": null}, "23": {"22": null, "24": null}}, "node_attributes": {"z": 0.0, "qx": 0.0, "rx": 0.0, "qy": 0.0, "ry": 0.0, "qz": 0.0, "type": null, "rz": 0.0, "_k": null, "y": 0.0, "x": 0.0}, "node": {"16": {"z": 1.5000000000000002, "qx": -0.0, "qy": -0.0, "qz": -0.040000000000000042, "_k": 1, "y": -3.425166865496446, "x": -0.60000000000000175}, "26": {"z": 1.5000000000000002, "qx": -0.0, "qy": -0.0, "qz": -0.039999999999999855, "_k": 11, "y": -3.425166865496446, "x": -4.6000000000000041}, "15": {"z": 1.5000000000000002, "qx": -0.0, "qy": -0.0, "qz": -0.040000000000000036, "type": "_origin", "_k": 0, "y": -3.425166865496446, "x": -0.20000000000000143}, "18": {"z": 1.5000000000000002, "qx": -0.0, "qy": -0.0, "qz": -0.03999999999999998, "_k": 3, "y": -3.425166865496446, "x": -1.4000000000000017}, "25": {"z": 1.5000000000000002, "qx": -0.0, "qy": -0.0, "qz": -0.040000000000000036, "_k": 10, "y": -3.425166865496446, "x": -4.2000000000000037}, "28": {"z": 1.1575000000000002, "type": "_origin", "_k": 0, "y": -3.425166865496446, "x": 1.4499999999999984}, "10": {"z": 1.5000000000000002, "qx": -0.0, "qy": -0.0, "qz": -0.039999999999999938, "_k": 4, "y": -3.425166865496446, "x": 1.7999999999999983}, "30": {"z": 1.1575000000000002, "type": "_origin", "_k": 0, "y": -3.425166865496446, "x": -1.4500000000000017}, "20": {"z": 1.5000000000000002, "qx": -0.0, "qy": -0.0, "qz": -0.040000000000000049, "_k": 5, "y": -3.425166865496446, "x": -2.2000000000000024}, "17": {"z": 1.5000000000000002, "qx": -0.0, "qy": -0.0, "qz": -0.040000000000000001, "_k": 2, "y": -3.425166865496446, "x": -1.0000000000000022}, "27": {"z": 1.5000000000000002, "qx": -0.0, "qy": -0.0, "qz": -0.019999999999999841, "type": "support", "_k": 12, "y": -3.425166865496446, "x": -5.0000000000000009}, "12": {"z": 1.5000000000000002, "qx": -0.0, "qy": -0.0, "qz": -0.039999999999999952, "_k": 2, "y": -3.425166865496446, "x": 0.99999999999999878}, "32": {"z": 1.1575000000000002, "type": "_origin", "_k": 0, "y": -3.425166865496446, "x": 1.3499999999999983}, "22": {"z": 1.5000000000000002, "qx": -0.0, "qy": -0.0, "qz": -0.040000000000000036, "_k": 7, "y": -3.425166865496446, "x": -3.0000000000000031}, "19": {"z": 1.5000000000000002, "qx": -0.0, "qy": -0.0, "qz": -0.040000000000000036, "_k": 4, "y": -3.425166865496446, "x": -1.8000000000000018}, "29": {"z": 0.13000000000000012, "type": "support", "_k": 1, "y": -3.425166865496446, "x": 1.4499999999999984}, "11": {"z": 1.5000000000000002, "qx": -0.0, "qy": -0.0, "qz": -0.03999999999999998, "_k": 3, "y": -3.425166865496446, "x": 1.3999999999999984}, "5": {"z": 1.5000000000000002, "qx": -0.0, "qy": -0.0, "qz": -0.039999999999999994, "_k": 9, "y": -3.425166865496446, "x": 3.7999999999999976}, "4": {"z": 1.5000000000000002, "qx": -0.0, "qy": -0.0, "qz": -0.040000000000000015, "_k": 10, "y": -3.425166865496446, "x": 4.1999999999999975}, "7": {"z": 1.5000000000000002, "qx": -0.0, "qy": -0.0, "qz": -0.040000000000000015, "_k": 7, "y": -3.425166865496446, "x": 2.9999999999999973}, "6": {"z": 1.5000000000000002, "qx": -0.0, "qy": -0.0, "qz": -0.040000000000000015, "_k": 8, "y": -3.425166865496446, "x": 3.3999999999999977}, "1": {"z": 0.13000000000000012, "type": "support", "_k": 1, "y": -3.425166865496446, "x": -1.3500000000000016}, "0": {"z": 1.1575000000000002, "type": "_origin", "_k": 0, "y": -3.425166865496446, "x": -1.3500000000000016}, "3": {"z": 1.5000000000000002, "qx": -0.0, "qy": -0.0, "qz": -0.039999999999999994, "_k": 11, "y": -3.425166865496446, "x": 4.5999999999999979}, "2": {"z": 1.5000000000000002, "qx": -0.0, "qy": -0.0, "qz": -0.019999999999999976, "type": "support", "_k": 12, "y": -3.425166865496446, "x": 4.9999999999999973}, "21": {"z": 1.5000000000000002, "qx": -0.0, "qy": -0.0, "qz": -0.040000000000000036, "_k": 6, "y": -3.425166865496446, "x": -2.6000000000000028}, "31": {"z": 0.13000000000000012, "type": "support", "_k": 1, "y": -3.425166865496446, "x": -1.4500000000000017}, "9": {"z": 1.5000000000000002, "qx": -0.0, "qy": -0.0, "qz": -0.039999999999999959, "_k": 5, "y": -3.425166865496446, "x": 2.1999999999999971}, "8": {"z": 1.5000000000000002, "qx": -0.0, "qy": -0.0, "qz": -0.040000000000000015, "_k": 6, "y": -3.425166865496446, "x": 2.5999999999999974}, "14": {"z": 1.5000000000000002, "qx": -0.0, "qy": -0.0, "qz": -0.040000000000000036, "type": "_origin", "_k": 0, "y": -3.425166865496446, "x": 0.19999999999999896}, "24": {"z": 1.5000000000000002, "qx": -0.0, "qy": -0.0, "qz": -0.040000000000000015, "_k": 9, "y": -3.425166865496446, "x": -3.8000000000000034}, "13": {"z": 1.5000000000000002, "qx": -0.0, "qy": -0.0, "qz": -0.039999999999999994, "_k": 1, "y": -3.425166865496446, "x": 0.59999999999999931}, "33": {"z": 0.13000000000000012, "type": "support", "_k": 1, "y": -3.425166865496446, "x": 1.3499999999999983}, "23": {"z": 1.5000000000000002, "qx": -0.0, "qy": -0.0, "qz": -0.040000000000000015, "_k": 8, "y": -3.425166865496446, "x": -3.4000000000000035}}, "max_int_key": 33, "attributes": {"gkey_node": {"5.000,-3.425,1.500": 2, "-2.600,-3.425,1.500": 21, "-3.000,-3.425,1.500": 22, "-4.600,-3.425,1.500": 26, "-5.000,-3.425,1.500": 27, "-2.200,-3.425,1.500": 20, "-0.600,-3.425,1.500": 16, "0.600,-3.425,1.500": 13, "-0.200,-3.425,1.500": 15, "-3.800,-3.425,1.500": 24, "-1.400,-3.425,1.500": 18, "0.200,-3.425,1.500": 14, "-1.350,-3.425,1.158": 0, "1.450,-3.425,0.130": 29, "1.400,-3.425,1.500": 11, "3.400,-3.425,1.500": 6, "-1.000,-3.425,1.500": 17, "-1.450,-3.425,0.130": 31, "-1.350,-3.425,0.130": 1, "1.000,-3.425,1.500": 12, "3.000,-3.425,1.500": 7, "4.200,-3.425,1.500": 4, "2.600,-3.425,1.500": 8, "1.450,-3.425,1.158": 28, "-3.400,-3.425,1.500": 23, "1.350,-3.425,0.130": 33, "4.600,-3.425,1.500": 3, "-1.450,-3.425,1.158": 30, "2.200,-3.425,1.500": 9, "1.800,-3.425,1.500": 10, "-4.200,-3.425,1.500": 25, "-1.800,-3.425,1.500": 19, "3.800,-3.425,1.500": 5, "1.350,-3.425,1.158": 32}, "name": "Network", "_aux_length": 0.33000000000000002, "_trails": {"0": [0, 1], "30": [30, 31], "32": [32, 33], "14": [14, 13, 12, 11, 10, 9, 8, 7, 6, 5, 4, 3, 2], "15": [15, 16, 17, 18, 19, 20, 21, 22, 23, 24, 25, 26, 27], "28": [28, 29]}, "tol": "3f", "_auxiliary_trails": {}, "_aux_vector": {"dtype": "compas.geometry/Vector", "value": [-0.0, -0.0, -1.0]}}, "edge_attributes": {"force": 0.0, "type": null, "length": 0.0}, "edge": {"16": {"17": {"length": -0.40000000000000047, "type": "trail"}}, "26": {"27": {"length": -0.3999999999999968, "type": "trail"}}, "15": {"16": {"length": -0.40000000000000036, "type": "trail"}}, "18": {"19": {"length": -0.40000000000000013, "type": "trail"}}, "25": {"26": {"length": -0.40000000000000036, "type": "trail"}}, "28": {"32": {"force": 1.6619999999999999, "type": "deviation"}, "29": {"length": 1.0275000000000001, "type": "trail"}}, "10": {"28": {"force": 1.8, "type": "deviation"}, "11": {"length": -0.39999999999999991,