{"compas": "1.7.1", "datatype": "compas_cem.diagrams/TopologyDiagram", "data": {"adjacency": {"16": {"15": null, "17": null}, "15": {"14": null, "16": null}, "18": {"19": null, "22": null, "6": null}, "10": {"9": null, "11": null}, "20": {"13": null, "21": null, "0": null}, "17": {"16": null}, "12": {"13": null, "11": null}, "22": {"23": null, "18": null, "8": null}, "19": {"18": null}, "11": {"12": null, "0": null, "10": null}, "5": {"4": null, "6": null}, "4": {"3": null, "5": null}, "7": {"6": null, "8": null}, "6": {"7": null, "18": null, "5": null}, "1": {"0": null}, "0": {"20": null, "1": null, "11": null}, "3": {"4": null, "2": null}, "2": {"3": null}, "21": {"20": null}, "9": {"8": null, "10": null}, "8": {"7": null, "22": null, "9": null}, "14": {"13": null, "15": null}, "13": {"12": null, "20": null, "14": null}, "23": {"22": null}}, "node_attributes": {"z": 0.0, "qx": 0.0, "rx": 0.0, "qy": 0.0, "ry": 0.0, "qz": 0.0, "type": null, "rz": 0.0, "_k": null, "y": 0.0, "x": 0.0}, "node": {"16": {"z": 1.5000000000000002, "qx": -0.0, "qy": -0.0, "qz": -0.066666666666666707, "_k": 6, "y": -3.425166865496446, "x": -4.333333333333333}, "15": {"z": 1.5000000000000002, "qx": -0.0, "qy": -0.0, "qz": -0.066666666666666596, "_k": 5, "y": -3.425166865496446, "x": -3.666666666666667}, "18": {"z": 1.1575000000000002, "type": "_origin", "_k": 0, "y": -3.425166865496446, "x": 1.7166666666666646}, "10": {"z": 1.5000000000000002, "qx": -0.0, "qy": -0.0, "qz": -0.066666666666666707, "type": "_origin", "_k": 0, "y": -3.425166865496446, "x": -0.3333333333333352}, "20": {"z": 1.1575000000000002, "type": "_origin", "_k": 0, "y": -3.425166865496446, "x": -1.7166666666666672}, "17": {"z": 1.5000000000000002, "qx": -0.0, "qy": -0.0, "qz": -0.033333333333333395, "type": "support", "_k": 7, "y": -3.425166865496446, "x": -5.0000000000000009}, "12": {"z": 1.5000000000000002, "qx": -0.0, "qy": -0.0, "qz": -0.066666666666666569, "_k": 2, "y": -3.425166865496446, "x": -1.6666666666666672}, "22": {"z": 1.1575000000000002, "type": "_origin", "_k": 0, "y": -3.425166865496446, "x": 1.6166666666666645}, "19": {"z": 0.13000000000000012, "type": "support", "_k": 1, "y": -3.425166865496446, "x": 1.7166666666666646}, "11": {"z": 1.5000000000000002, "qx": -0.0, "qy": -0.0, "qz": -0.066666666666666596, "_k": 1, "y": -3.425166865496446, "x": -1.0000000000000022}, "5": {"z": 1.5000000000000002, "qx": -0.0, "qy": -0.0, "qz": -0.066666666666666707, "_k": 4, "y": -3.425166865496446, "x": 2.9999999999999973}, "4": {"z": 1.5000000000000002, "qx": -0.0, "qy": -0.0, "qz": -0.066666666666666749, "_k": 5, "y": -3.425166865496446, "x": 3.6666666666666647}, "7": {"z": 1.5000000000000002, "qx": -0.0, "qy": -0.0, "qz": -0.066666666666666666, "_k": 2, "y": -3.425166865496446, "x": 1.6666666666666645}, "6": {"z": 1.5000000000000002, "qx": -0.0, "qy": -0.0, "qz": -0.066666666666666652, "_k": 3, "y": -3.425166865496446, "x": 2.3333333333333308}, "1": {"z": 0.13000000000000012, "type": "support", "_k": 1, "y": -3.425166865496446, "x": -1.6166666666666671}, "0": {"z": 1.1575000000000002, "type": "_origin", "_k": 0, "y": -3.425166865496446, "x": -1.6166666666666671}, "3": {"z": 1.5000000000000002, "qx": -0.0, "qy": -0.0, "qz": -0.066666666666666638, "_k": 6, "y": -3.425166865496446, "x": 4.3333333333333321}, "2": {"z": 1.5000000000000002, "qx": -0.0, "qy": -0.0, "qz": -0.033333333333333263, "type": "support", "_k": 7, "y": -3.425166865496446, "x": 4.9999999999999973}, "21": {"z": 0.13000000000000012, "type": "support", "_k": 1, "y": -3.425166865496446, "x": -1.7166666666666672}, "9": {"z": 1.5000000000000002, "qx": -0.0, "qy": -0.0, "qz": -0.066666666666666638, "type": "_origin", "_k": 0, "y": -3.425166865496446, "x": 0.33333333333333187}, "8": {"z": 1.5000000000000002, "qx": -0.0, "qy": -0.0, "qz": -0.066666666666666624, "_k": 1, "y": -3.425166865496446, "x": 0.99999999999999756}, "14": {"z": 1.5000000000000002, "qx": -0.0, "qy": -0.0, "qz": -0.06666666666666668, "_k": 4, "y": -3.425166865496446, "x": -3.0000000000000013}, "13": {"z": 1.5000000000000002, "qx": -0.0, "qy": -0.0, "qz": -0.066666666666666707, "_k": 3, "y": -3.425166865496446, "x": -2.3333333333333335}, "23": {"z": 0.13000000000000012, "type": "support", "_k": 1, "y": -3.425166865496446, "x": 1.6166666666666645}}, "max_int_key": 23, "attributes": {"gkey_node": {"5.000,-3.425,1.500": 2, "-1.617,-3.425,0.130": 1, "1.667,-3.425,1.500": 7, "-5.000,-3.425,1.500": 17, "0.333,-3.425,1.500": 9, "1.717,-3.425,1.158": 18, "-1.717,-3.425,0.130": 21, "-4.333,-3.425,1.500": 16, "-1.617,-3.425,1.158": 0, "-3.667,-3.425,1.500": 15, "-1.667,-3.425,1.500": 12, "4.333,-3.425,1.500": 3, "-1.000,-3.425,1.500": 11, "-1.717,-3.425,1.158": 20, "-2.333,-3.425,1.500": 13, "1.000,-3.425,1.500": 8, "3.000,-3.425,1.500": 5, "3.667,-3.425,1.500": 4, "-0.333,-3.425,1.500": 10, "1.617,-3.425,0.130": 23, "2.333,-3.425,1.500": 6, "1.717,-3.425,0.130": 19, "1.617,-3.425,1.158": 22, "-3.000,-3.425,1.500": 14}, "name": "Network", "_aux_length": 0.33000000000000002, "_trails": {"0": [0, 1], "9": [9, 8, 7, 6, 5, 4, 3, 2], "10": [10, 11, 12, 13, 14, 15, 16, 17], "18": [18, 19], "20": [20, 21], "22": [22, 23]}, "tol": "3f", "_auxiliary_trails": {}, "_aux_vector": {"dtype": "compas.geometry/Vector", "value": [-0.0, -0.0, -1.0]}}, "edge_attributes": {"force": 0.0, "type": null, "length": 0.0}, "edge": {"16": {"17": {"length": -0.66666666666666785, "type": "trail"}}, "15": {"16": {"length": -0.66666666666666607, "type": "trail"}}, "18": {"19": {"length": 1.0275000000000001, "type": "trail"}, "22": {"force": 1.6619999999999999, "type": "deviation"}}, "10": {"11": {"length": -0.66666666666666696, "type": "trail"}}, "20": {"21": {"length": 1.0275000000000001, "type": "trail"}}, "17": {}, "12": {"13": {"length": -0.6666666666666663, "type": "trail"}}, "22": {"23": {"length": 1.0275000000000001, "type": "trail"}}, "19": {}, "11": {"12": {"length": -0.66666666666666496, "type": "trail"}, "0": {"force": 1.8899999999999999, "type": "deviation"}}, "5": {"6": {"length": -0.66666666666666652, "type": "trail"}}, "4": {"5": {"length": -0.66666666666666741, "type": "trail"}}, "7": {"8": {"length": -0.66666666666666696, "type": "trail"}}, "6": {"7": {"length": -0.6666666666666663, "type": "trail"}, "18": {"force": 1.8, "type": "deviation"}}, "1": {}, "0": {"20": {"force": 1.6619999999999999, "type": "deviation"}, "1": {"length": 1.0275000000000001, "type": "trail"}}, "3": {"4": {"length": -0.66666666666666741, "type": "trail"}}, "2": {"3": {"length": -0.66666666666666519, "type": "trail"}}, "21": {}, "9": {"10": {"force": -10.0, "type": "deviation"}}, "8": {"22": {"force": 1.8899999999999999, "type": "deviation"}, "9": {"length": -0.66666666666666563, "type": "trail"}}, "14": {"15": {"length": -0.66666666666666563, "type": "trail"}}, "13": {"20": {"force": 1.8, "type": "deviation"}, "14": {"length": -0.66666666666666785, "type": "trail"}}, "23": {}}}}