{"compas": "1.7.1", "datatype": "compas_cem.diagrams/FormDiagram", "data": {"adjacency": {"14": {"15": null, "0": null, "9": null}, "17": {"16": null}, "12": {"4": null, "13": null, "16": null}, "5": {"4": null, "6": null}, "4": {"12": null, "3": null, "5": null}, "7": {"6": null, "0": null, "8": null}, "6": {"7": null, "16": null, "5": null}, "1": {"0": null}, "0": {"7": null, "14": null, "1": null}, "3": {"4": null, "2": null}, "2": {"3": null}, "10": {"9": null, "11": null}, "13": {"12": null}, "15": {"14": null}, "11": {"10": null}, "9": {"14": null, "8": null, "10": null}, "8": {"7": null, "9": null}, "16": {"12": null, "6": null, "17": null}}, "node_attributes": {"z": 0.0, "qx": 0.0, "rx": 0.0, "qy": 0.0, "ry": 0.0, "qz": 0.0, "type": null, "rz": 0.0, "_k": null, "y": 0.0, "x": 0.0}, "node": {"14": {"z": 1.1575000000000002, "type": "_origin", "_k": 0, "y": -3.425166865496446, "x": -1.716666666666669}, "17": {"z": 0.15732415509476705, "rx": 0.1366271915875843, "ry": -0.0, "type": "support", "rz": -0.58055165634227512, "_k": 1, "y": -3.425166865496446, "x": 1.8520483338969376}, "12": {"z": 1.1575000000000002, "type": "_origin", "_k": 0, "y": -3.425166865496446, "x": 1.7166666666666646}, "5": {"z": 1.4349757358124926, "qx": -0.0, "qy": -0.0, "qz": -0.1111111111111111, "_k": 1, "y": -3.425166865496446, "x": 1.6647623650827219}, "4": {"z": 1.3595505644612011, "qx": -0.0, "qy": -0.0, "qz": -0.1111111111111111, "_k": 2, "y": -3.425166865496446, "x": 2.7733104897760956}, "7": {"z": 1.5000000000000002, "qx": -0.0, "qy": -0.0, "qz": -0.11111111111111112, "type": "_origin", "_k": 0, "y": -3.425166865496446, "x": -0.55555555555555747}, "6": {"z": 1.5000000000000002, "qx": -0.0, "qy": -0.0, "qz": -0.1111111111111111, "type": "_origin", "_k": 0, "y": -3.425166865496446, "x": 0.55555555555555325}, "1": {"z": 0.15732415509476705, "rx": -0.1366271915875843, "ry": -0.0, "type": "support", "rz": -0.58055165634227512, "_k": 1, "y": -3.425166865496446, "x": -1.852048333896942}, "0": {"z": 1.1575000000000002, "type": "_origin", "_k": 0, "y": -3.425166865496446, "x": -1.6166666666666689}, "3": {"z": 1.2219374649907917, "qx": -0.0, "qy": -0.0, "qz": -0.1111111111111111, "_k": 3, "y": -3.425166865496446, "x": 3.8758668539084313}, "2": {"z": 1.0723237501159641, "qx": -0.0, "rx": -10.030659672114005, "qy": -0.0, "ry": -0.0, "qz": -0.055555555555555539, "type": "support", "rz": 1.4186209541000596, "_k": 4, "y": -3.425166865496446, "x": 4.9768589690282088}, "10": {"z": 1.2219374649907915, "qx": -0.0, "qy": -0.0, "qz": -0.11111111111111104, "_k": 3, "y": -3.425166865496446, "x": -3.8758668539084375}, "13": {"z": 0.17703711828548296, "rx": -0.10596751947357874, "ry": -0.0, "type": "support", "rz": -0.33806929775778438, "_k": 1, "y": -3.425166865496446, "x": 1.4093414519834808}, "15": {"z": 0.17703711828548296, "rx": 0.10596751947357874, "ry": -0.0, "type": "support", "rz": -0.33806929775778405, "_k": 1, "y": -3.425166865496446, "x": -1.409341451983485}, "11": {"z": 1.0723237501159644, "qx": -0.0, "rx": 10.030659672114005, "qy": -0.0, "ry": -0.0, "qz": -0.055555555555555428, "type": "support", "rz": 1.418620954100059, "_k": 4, "y": -3.425166865496446, "x": -4.9768589690282123}, "9": {"z": 1.3595505644612011, "qx": -0.0, "qy": -0.0, "qz": -0.11111111111111119, "_k": 2, "y": -3.425166865496446, "x": -2.773310489776101}, "8": {"z": 1.4349757358124926, "qx": -0.0, "qy": -0.0, "qz": -0.11111111111111116, "_k": 1, "y": -3.425166865496446, "x": -1.6647623650827268}, "16": {"z": 1.1575000000000002, "type": "_origin", "_k": 0, "y": -3.425166865496446, "x": 1.6166666666666645}}, "max_int_key": 17, "attributes": {"gkey_node": {"5.000,-3.425,1.500": 2, "3.889,-3.425,1.500": 3, "1.852,-3.425,0.157": 17, "1.667,-3.425,1.500": 5, "-4.977,-3.425,1.072": 11, "-5.000,-3.425,1.500": 11, "1.717,-3.425,1.158": 12, "-1.717,-3.425,0.130": 15, "2.778,-3.425,1.500": 4, "1.409,-3.425,0.177": 13, "-1.617,-3.425,1.158": 0, "-2.778,-3.425,1.500": 9, "2.773,-3.425,1.360": 4, "-0.556,-3.425,1.500": 7, "-1.852,-3.425,0.157": 1, "0.556,-3.425,1.500": 6, "-1.667,-3.425,1.500": 8, "-2.773,-3.425,1.360": 9, "-3.876,-3.425,1.222": 10, "3.876,-3.425,1.222": 3, "-1.717,-3.425,1.158": 14, "1.665,-3.425,1.435": 5, "4.977,-3.425,1.072": 2, "-1.665,-3.425,1.435": 8, "-3.889,-3.425,1.500": 10, "1.617,-3.425,0.130": 17, "-1.409,-3.425,0.177": 15, "1.717,-3.425,0.130": 13, "1.617,-3.425,1.158": 16, "-1.617,-3.425,0.130": 1}, "name": "Network", "tol": "3f"}, "edge_attributes": {"force": 0.0, "type": null, "length": 0.0}, "edge": {"14": {"15": {"force": 0.35428796941164192, "length": 1.0275000000000003, "type": "trail"}}, "17": {}, "12": {"13": {"force": 0.35428796941164226, "length": 1.0275000000000003, "type": "trail"}, "16": {"force": 1.6619999999999999, "type": "deviation", "length": 0.10000000000000009}}, "5": {"6": {"force": -11.818883237850827, "length": 1.1111111111111112, "type": "trail"}}, "4": {"12": {"force": 1.8, "type": "deviation", "length": 1.0757883618604565}, "5": {"force": -11.825905864083962, "length": 1.1111111111111109, "type": "trail"}}, "7": {"0": {"force": 1.8899999999999999, "type": "deviation", "length": 1.1150170582208405}, "8": {"force": -11.818883237850827, "length": 1.1111111111111114, "type": "trail"}}, "6": {"7": {"force": -10.0, "type": "deviation", "length": 1.1111111111111107}, "16": {"force": 1.8899999999999999, "type": "deviation", "length": 1.1150170582208405}}, "1": {}, "0": {"14": {"force": 1.6619999999999999, "type": "deviation", "length": 0.10000000000000009}, "1": {"force": 0.5964119508887038, "length": 1.0275000000000001, "type": "trail"}}, "3": {"4": {"force": -10.108487671041456, "length": 1.1111111111111114, "type": "trail"}}, "2": {"3": {"force": -10.122849437706931, "length": 1.1111111111111109, "type": "trail"}}, "10": {"11": {"force": -10.122849437706931, "length": 1.1111111111111083, "type": "trail"}}, "13": {}, "15": {}, "11": {}, "9": {"14": {"force": 1.8, "type": "deviation", "length": 1.0757883618604573}, "10": {"force": -10.108487671041456, "length": 1.1111111111111123, "type": "trail"}}, "8": {"9": {"force": -11.825905864083962, "length": 1.1111111111111114, "type": "trail"}}, "16": {"17": {"force": 0.5964119508887038, "length": 1.0275000000000001, "type": "trail"}}}}}