{"compas": "1.7.1", "datatype": "compas_cem.diagrams/TopologyDiagram", "data": {"adjacency": {"46": {"31": null, "47": null, "0": null}, "16": {"15": null, "17": null}, "36": {"37": null, "35": null}, "26": {"27": null, "25": null}, "45": {"44": null}, "48": {"44": null, "18": null, "49": null}, "15": {"14": null, "16": null}, "18": {"48": null, "19": null, "17": null}, "35": {"36": null, "34": null}, "25": {"26": null, "24": null}, "28": {"27": null, "29": null}, "38": {"37": null, "39": null}, "40": {"41": null, "39": null}, "10": {"9": null, "11": null}, "30": {"31": null, "29": null}, "20": {"21": null, "19": null}, "47": {"46": null}, "17": {"18": null, "16": null}, "37": {"36": null, "38": null}, "27": {"28": null, "26": null, "0": null}, "42": {"41": null, "43": null}, "12": {"13": null, "11": null}, "32": {"31": null, "33": null}, "22": {"21": null, "23": null}, "49": {"48": null}, "19": {"20": null, "18": null}, "39": {"40": null, "38": null}, "29": {"28": null, "30": null}, "41": {"40": null, "42": null}, "11": {"12": null, "10": null}, "5": {"4": null, "6": null}, "4": {"3": null, "5": null}, "7": {"6": null, "8": null}, "6": {"7": null, "5": null}, "1": {"0": null}, "0": {"27": null, "46": null, "1": null}, "3": {"4": null, "2": null}, "2": {"3": null}, "21": {"20": null, "22": null}, "31": {"30": null, "32": null, "46": null}, "9": {"8": null, "10": null}, "8": {"7": null, "9": null}, "44": {"45": null, "48": null, "14": null}, "14": {"44": null, "13": null, "15": null}, "34": {"33": null, "35": null}, "24": {"23": null, "25": null}, "43": {"42": null}, "13": {"12": null, "14": null}, "33": {"32": null, "34": null}, "23": {"22": null, "24": null}}, "node_attributes": {"z": 0.0, "qx": 0.0, "rx": 0.0, "qy": 0.0, "ry": 0.0, "qz": 0.0, "type": null, "rz": 0.0, "_k": null, "y": 0.0, "x": 0.0}, "node": {"46": {"z": 1.1575000000000002, "type": "_origin", "_k": 0, "y": -3.425166865496446, "x": -1.6353658536585409}, "16": {"z": 1.5000000000000002, "qx": -0.0, "qy": -0.0, "qz": -0.024390243902439046, "_k": 6, "y": -3.425166865496446, "x": 1.5853658536585344}, "36": {"z": 1.5000000000000002, "qx": -0.0, "qy": -0.0, "qz": -0.024390243902439046, "_k": 13, "y": -3.425166865496446, "x": -3.2926829268292734}, "26": {"z": 1.5000000000000002, "qx": -0.0, "qy": -0.0, "qz": -0.024390243902439039, "_k": 3, "y": -3.425166865496446, "x": -0.85365853658536961}, "45": {"z": 0.13000000000000012, "type": "support", "_k": 1, "y": -3.425166865496446, "x": 1.6353658536585345}, "48": {"z": 1.1575000000000002, "type": "_origin", "_k": 0, "y": -3.425166865496446, "x": 1.5353658536585344}, "15": {"z": 1.5000000000000002, "qx": -0.0, "qy": -0.0, "qz": -0.024390243902439004, "_k": 7, "y": -3.425166865496446, "x": 1.8292682926829251}, "18": {"z": 1.5000000000000002, "qx": -0.0, "qy": -0.0, "qz": -0.024390243902439025, "_k": 4, "y": -3.425166865496446, "x": 1.0975609756097537}, "35": {"z": 1.5000000000000002, "qx": -0.0, "qy": -0.0, "qz": -0.024390243902439067, "_k": 12, "y": -3.425166865496446, "x": -3.0487804878048825}, "25": {"z": 1.5000000000000002, "qx": -0.0, "qy": -0.0, "qz": -0.024390243902439046, "_k": 2, "y": -3.425166865496446, "x": -0.60975609756097915}, "28": {"z": 1.5000000000000002, "qx": -0.0, "qy": -0.0, "qz": -0.024390243902439046, "_k": 5, "y": -3.425166865496446, "x": -1.3414634146341504}, "38": {"z": 1.5000000000000002, "qx": -0.0, "qy": -0.0, "qz": -0.024390243902438956, "_k": 15, "y": -3.425166865496446, "x": -3.7804878048780521}, "40": {"z": 1.5000000000000002, "qx": -0.0, "qy": -0.0, "qz": -0.024390243902439046, "_k": 17, "y": -3.425166865496446, "x": -4.2682926829268331}, "10": {"z": 1.5000000000000002, "qx": -0.0, "qy": -0.0, "qz": -0.024390243902439004, "_k": 12, "y": -3.425166865496446, "x": 3.0487804878048754}, "30": {"z": 1.5000000000000002, "qx": -0.0, "qy": -0.0, "qz": -0.02439024390243906, "_k": 7, "y": -3.425166865496446, "x": -1.8292682926829311}, "20": {"z": 1.5000000000000002, "qx": -0.0, "qy": -0.0, "qz": -0.024390243902439056, "_k": 2, "y": -3.425166865496446, "x": 0.60975609756097315}, "47": {"z": 0.13000000000000012, "type": "support", "_k": 1, "y": -3.425166865496446, "x": -1.6353658536585409}, "17": {"z": 1.5000000000000002, "qx": -0.0, "qy": -0.0, "qz": -0.024390243902439036, "_k": 5, "y": -3.425166865496446, "x": 1.3414634146341442}, "37": {"z": 1.5000000000000002, "qx": -0.0, "qy": -0.0, "qz": -0.024390243902438935, "_k": 14, "y": -3.425166865496446, "x": -3.5365853658536635}, "27": {"z": 1.5000000000000002, "qx": -0.0, "qy": -0.0, "qz": -0.024390243902439039, "_k": 4, "y": -3.425166865496446, "x": -1.09756097560976}, "42": {"z": 1.5000000000000002, "qx": -0.0, "qy": -0.0, "qz": -0.024390243902438873, "_k": 19, "y": -3.425166865496446, "x": -4.7560975609756158}, "12": {"z": 1.5000000000000002, "qx": -0.0, "qy": -0.0, "qz": -0.024390243902439046, "_k": 10, "y": -3.425166865496446, "x": 2.5609756097560958}, "32": {"z": 1.5000000000000002, "qx": -0.0, "qy": -0.0, "qz": -0.02439024390243898, "_k": 9, "y": -3.425166865496446, "x": -2.3170731707317125}, "22": {"z": 1.5000000000000002, "qx": -0.0, "qy": -0.0, "qz": -0.024390243902439046, "type": "_origin", "_k": 0, "y": -3.425166865496446, "x": 0.12195121951219133}, "49": {"z": 0.13000000000000012, "type": "support", "_k": 1, "y": -3.425166865496446, "x": 1.5353658536585344}, "19": {"z": 1.5000000000000002, "qx": -0.0, "qy": -0.0, "qz": -0.024390243902439032, "_k": 3, "y": -3.425166865496446, "x": 0.85365853658536373}, "39": {"z": 1.5000000000000002, "qx": -0.0, "qy": -0.0, "qz": -0.024390243902439046, "_k": 16, "y": -3.425166865496446, "x": -4.0243902439024426}, "29": {"z": 1.5000000000000002, "qx": -0.0, "qy": -0.0, "qz": -0.024390243902439036, "_k": 6, "y": -3.425166865496446, "x": -1.5853658536585409}, "41": {"z": 1.5000000000000002, "qx": -0.0, "qy": -0.0, "qz": -0.024390243902439136, "_k": 18, "y": -3.425166865496446, "x": -4.5121951219512235}, "11": {"z": 1.5000000000000002, "qx": -0.0, "qy": -0.0, "qz": -0.024390243902438984, "_k": 11, "y": -3.425166865496446, "x": 2.8048780487804859}, "5": {"z": 1.5000000000000002, "qx": -0.0, "qy": -0.0, "qz": -0.024390243902439091, "_k": 17, "y": -3.425166865496446, "x": 4.2682926829268268}, "4": {"z": 1.5000000000000002, "qx": -0.0, "qy": -0.0, "qz": -0.024390243902439004, "_k": 18, "y": -3.425166865496446, "x": 4.5121951219512182}, "7": {"z": 1.5000000000000002, "qx": -0.0, "qy": -0.0, "qz": -0.024390243902438984, "_k": 15, "y": -3.425166865496446, "x": 3.7804878048780468}, "6": {"z": 1.5000000000000002, "qx": -0.0, "qy": -0.0, "qz": -0.024390243902439004, "_k": 16, "y": -3.425166865496446, "x": 4.0243902439024364}, "1": {"z": 0.13000000000000012, "type": "support", "_k": 1, "y": -3.425166865496446, "x": -1.5353658536585408}, "0": {"z": 1.1575000000000002, "type": "_origin", "_k": 0, "y": -3.425166865496446, "x": -1.5353658536585408}, "3": {"z": 1.5000000000000002, "qx": -0.0, "qy": -0.0, "qz": -0.024390243902438956, "_k": 19, "y": -3.425166865496446, "x": 4.7560975609756069}, "2": {"z": 1.5000000000000002, "qx": -0.0, "qy": -0.0, "qz": -0.012195121951219523, "type": "support", "_k": 20, "y": -3.425166865496446, "x": 4.9999999999999973}, "21": {"z": 1.5000000000000002, "qx": -0.0, "qy": -0.0, "qz": -0.024390243902439091, "_k": 1, "y": -3.425166865496446, "x": 0.36585365853658264}, "31": {"z": 1.5000000000000002, "qx": -0.0, "qy": -0.0, "qz": -0.024390243902439067, "_k": 8, "y": -3.425166865496446, "x": -2.073170731707322}, "9": {"z": 1.5000000000000002, "qx": -0.0, "qy": -0.0, "qz": -0.024390243902439067, "_k": 13, "y": -3.425166865496446, "x": 3.2926829268292659}, "8": {"z": 1.5000000000000002, "qx": -0.0, "qy": -0.0, "qz": -0.024390243902439046, "_k": 14, "y": -3.425166865496446, "x": 3.5365853658536568}, "44": {"z": 1.1575000000000002, "type": "_origin", "_k": 0, "y": -3.425166865496446, "x": 1.6353658536585345}, "14": {"z": 1.5000000000000002, "qx": -0.0, "qy": -0.0, "qz": -0.024390243902438991, "_k": 8, "y": -3.425166865496446,