{"compas": "1.7.1", "datatype": "compas_cem.diagrams/TopologyDiagram", "data": {"adjacency": {"46": {"45": null, "47": null}, "16": {"15": null, "17": null}, "36": {"37": null, "35": null}, "26": {"27": null, "25": null}, "45": {"44": null, "46": null}, "48": {"15": null, "52": null, "49": null}, "15": {"48": null, "14": null, "16": null}, "18": {"19": null, "17": null}, "35": {"36": null, "34": null}, "25": {"26": null, "24": null}, "28": {"27": null, "0": null, "29": null}, "38": {"37": null, "39": null}, "40": {"41": null, "39": null}, "50": {"51": null, "0": null, "34": null}, "10": {"9": null, "11": null}, "30": {"31": null, "29": null}, "20": {"21": null, "19": null}, "47": {"46": null}, "17": {"18": null, "16": null}, "37": {"36": null, "38": null}, "27": {"28": null, "26": null}, "52": {"21": null, "48": null, "53": null}, "42": {"41": null, "43": null}, "12": {"13": null, "11": null}, "32": {"31": null, "33": null}, "22": {"21": null, "23": null}, "49": {"48": null}, "19": {"20": null, "18": null}, "39": {"40": null, "38": null}, "29": {"28": null, "30": null}, "51": {"50": null}, "41": {"40": null, "42": null}, "11": {"12": null, "10": null}, "5": {"4": null, "6": null}, "4": {"3": null, "5": null}, "7": {"6": null, "8": null}, "6": {"7": null, "5": null}, "1": {"0": null}, "0": {"28": null, "50": null, "1": null}, "3": {"4": null, "2": null}, "2": {"3": null}, "21": {"20": null, "22": null, "52": null}, "31": {"30": null, "32": null}, "9": {"8": null, "10": null}, "8": {"7": null, "9": null}, "44": {"45": null, "43": null}, "14": {"13": null, "15": null}, "34": {"50": null, "33": null, "35": null}, "24": {"23": null, "25": null}, "53": {"52": null}, "43": {"44": null, "42": null}, "13": {"12": null, "14": null}, "33": {"32": null, "34": null}, "23": {"22": null, "24": null}}, "node_attributes": {"z": 0.0, "qx": 0.0, "rx": 0.0, "qy": 0.0, "ry": 0.0, "qz": 0.0, "type": null, "rz": 0.0, "_k": null, "y": 0.0, "x": 0.0}, "node": {"46": {"z": 1.5000000000000002, "qx": -0.0, "qy": -0.0, "qz": -0.022222222222222143, "_k": 21, "y": -3.425166865496446, "x": -4.777777777777783}, "16": {"z": 1.5000000000000002, "qx": -0.0, "qy": -0.0, "qz": -0.022222222222222164, "_k": 8, "y": -3.425166865496446, "x": 1.888888888888888}, "36": {"z": 1.5000000000000002, "qx": -0.0, "qy": -0.0, "qz": -0.022222222222222254, "_k": 11, "y": -3.425166865496446, "x": -2.555555555555558}, "26": {"z": 1.5000000000000002, "qx": -0.0, "qy": -0.0, "qz": -0.022222222222222279, "_k": 1, "y": -3.425166865496446, "x": -0.33333333333333337}, "45": {"z": 1.5000000000000002, "qx": -0.0, "qy": -0.0, "qz": -0.022222222222222324, "_k": 20, "y": -3.425166865496446, "x": -4.555555555555558}, "48": {"z": 1.1575000000000002, "type": "_origin", "_k": 0, "y": -3.425166865496446, "x": 1.4944444444444434}, "15": {"z": 1.5000000000000002, "qx": -0.0, "qy": -0.0, "qz": -0.022222222222222164, "_k": 9, "y": -3.425166865496446, "x": 2.1111111111111094}, "18": {"z": 1.5000000000000002, "qx": -0.0, "qy": -0.0, "qz": -0.022222222222222223, "_k": 6, "y": -3.425166865496446, "x": 1.4444444444444433}, "35": {"z": 1.5000000000000002, "qx": -0.0, "qy": -0.0, "qz": -0.022222222222222303, "_k": 10, "y": -3.425166865496446, "x": -2.3333333333333353}, "25": {"z": 1.5000000000000002, "qx": -0.0, "qy": -0.0, "qz": -0.022222222222222192, "type": "_origin", "_k": 0, "y": -3.425166865496446, "x": -0.11111111111111018}, "28": {"z": 1.5000000000000002, "qx": -0.0, "qy": -0.0, "qz": -0.022222222222222227, "_k": 3, "y": -3.425166865496446, "x": -0.7777777777777779}, "38": {"z": 1.5000000000000002, "qx": -0.0, "qy": -0.0, "qz": -0.022222222222222303, "_k": 13, "y": -3.425166865496446, "x": -3.0000000000000031}, "40": {"z": 1.5000000000000002, "qx": -0.0, "qy": -0.0, "qz": -0.022222222222222192, "_k": 15, "y": -3.425166865496446, "x": -3.4444444444444473}, "50": {"z": 1.1575000000000002, "type": "_origin", "_k": 0, "y": -3.425166865496446, "x": -1.4944444444444458}, "10": {"z": 1.5000000000000002, "qx": -0.0, "qy": -0.0, "qz": -0.022222222222222233, "_k": 14, "y": -3.425166865496446, "x": 3.2222222222222197}, "30": {"z": 1.5000000000000002, "qx": -0.0, "qy": -0.0, "qz": -0.022222222222222279, "_k": 5, "y": -3.425166865496446, "x": -1.2222222222222234}, "20": {"z": 1.5000000000000002, "qx": -0.0, "qy": -0.0, "qz": -0.022222222222222213, "_k": 4, "y": -3.425166865496446, "x": 0.99999999999999989}, "47": {"z": 1.5000000000000002, "qx": -0.0, "qy": -0.0, "qz": -0.011111111111110895, "type": "support", "_k": 22, "y": -3.425166865496446, "x": -5.0000000000000009}, "17": {"z": 1.5000000000000002, "qx": -0.0, "qy": -0.0, "qz": -0.022222222222222233, "_k": 7, "y": -3.425166865496446, "x": 1.6666666666666661}, "37": {"z": 1.5000000000000002, "qx": -0.0, "qy": -0.0, "qz": -0.022222222222222254, "_k": 12, "y": -3.425166865496446, "x": -2.7777777777777803}, "27": {"z": 1.5000000000000002, "qx": -0.0, "qy": -0.0, "qz": -0.022222222222222227, "_k": 2, "y": -3.425166865496446, "x": -0.55555555555555569}, "52": {"z": 1.1575000000000002, "type": "_origin", "_k": 0, "y": -3.425166865496446, "x": 1.3944444444444433}, "42": {"z": 1.5000000000000002, "qx": -0.0, "qy": -0.0, "qz": -0.022222222222222254, "_k": 17, "y": -3.425166865496446, "x": -3.8888888888888924}, "12": {"z": 1.5000000000000002, "qx": -0.0, "qy": -0.0, "qz": -0.022222222222222213, "_k": 12, "y": -3.425166865496446, "x": 2.7777777777777755}, "32": {"z": 1.5000000000000002, "qx": -0.0, "qy": -0.0, "qz": -0.022222222222222244, "_k": 7, "y": -3.425166865496446, "x": -1.6666666666666672}, "22": {"z": 1.5000000000000002, "qx": -0.0, "qy": -0.0, "qz": -0.022222222222222192, "_k": 2, "y": -3.425166865496446, "x": 0.55555555555555503}, "49": {"z": 0.13000000000000012, "type": "support", "_k": 1, "y": -3.425166865496446, "x": 1.4944444444444434}, "19": {"z": 1.5000000000000002, "qx": -0.0, "qy": -0.0, "qz": -0.022222222222222171, "_k": 5, "y": -3.425166865496446, "x": 1.2222222222222217}, "39": {"z": 1.5000000000000002, "qx": -0.0, "qy": -0.0, "qz": -0.022222222222222213, "_k": 14, "y": -3.425166865496446, "x": -3.2222222222222263}, "29": {"z": 1.5000000000000002, "qx": -0.0, "qy": -0.0, "qz": -0.022222222222222279, "_k": 4, "y": -3.425166865496446, "x": -1.0000000000000002}, "51": {"z": 0.13000000000000012, "type": "support", "_k": 1, "y": -3.425166865496446, "x": -1.4944444444444458}, "41": {"z": 1.5000000000000002, "qx": -0.0, "qy": -0.0, "qz": -0.022222222222222254, "_k": 16, "y": -3.425166865496446, "x": -3.6666666666666701}, "11": {"z": 1.5000000000000002, "qx": -0.0, "qy": -0.0, "qz": -0.022222222222222213, "_k": 13, "y": -3.425166865496446, "x": 2.9999999999999973}, "5": {"z": 1.5000000000000002, "qx": -0.0, "qy": -0.0, "qz": -0.022222222222222188, "_k": 19, "y": -3.425166865496446, "x": 4.3333333333333304}, "4": {"z": 1.5000000000000002, "qx": -0.0, "qy": -0.0, "qz": -0.022222222222222233, "_k": 20, "y": -3.425166865496446, "x": 4.5555555555555527}, "7": {"z": 1.5000000000000002, "qx": -0.0, "qy": -0.0, "qz": -0.022222222222222213, "_k": 17, "y": -3.425166865496446, "x": 3.8888888888888866}, "6": {"z": 1.5000000000000002, "qx": -0.0, "qy": -0.0, "qz": -0.022222222222222188, "_k": 18, "y": -3.425166865496446, "x": 4.1111111111111089}, "1": {"z": 0.13000000000000012, "type": "support", "_k": 1, "y": -3.425166865496446, "x": -1.3944444444444457}, "0": {"z": 1.1575000000000002, "type": "_origin", "_k": 0, "y": -3.425166865496446, "x": -1.3944444444444457}, "3": {"z": 1.5000000000000002, "qx": -0.0, "qy": -0.0, "qz": -0.022222222222222233, "_k": 21, "y": -3.425166865496446, "x": 4.777777777777775}, "2": {"z": 1.5000000000000002, "qx": -0.0, "qy": -0.0, "qz": -0.011111111111111117, "type": "support", "_k": 22, "y": -3.425166865496446, "x": 4.9999999999999973}, "21": {"z": 1.5000000000000002, "qx": -0.0, "qy": -0.0, "qz": -0.022222222222222244, "_k": 3, "y": -3.425166865496446, "x": 0.77777777777777746}, "31": {"z": 1.5000000000000002, "qx": -0.0, "qy": -0.0,