{"compas": "1.7.1", "datatype": "compas_cem.diagrams/TopologyDiagram", "data": {"adjacency": {"16": {"15": null, "17": null}, "36": {"37": null, "32": null, "14": null}, "26": {"27": null, "25": null}, "15": {"14": null, "16": null}, "18": {"19": null, "17": null}, "35": {"34": null}, "25": {"26": null, "24": null}, "28": {"27": null, "29": null}, "10": {"32": null, "9": null, "11": null}, "30": {"31": null, "29": null}, "20": {"21": null, "19": null}, "17": {"18": null, "16": null}, "37": {"36": null}, "27": {"28": null, "26": null}, "12": {"13": null, "11": null}, "32": {"36": null, "33": null, "10": null}, "22": {"21": null, "23": null}, "19": {"20": null, "0": null, "18": null}, "29": {"28": null, "30": null}, "11": {"12": null, "10": null}, "5": {"4": null, "6": null}, "4": {"3": null, "5": null}, "7": {"6": null, "8": null}, "6": {"7": null, "5": null}, "1": {"0": null}, "0": {"19": null, "1": null, "34": null}, "3": {"4": null, "2": null}, "2": {"3": null}, "21": {"20": null, "22": null}, "31": {"30": null}, "9": {"8": null, "10": null}, "8": {"7": null, "9": null}, "14": {"36": null, "13": null, "15": null}, "34": {"23": null, "0": null, "35": null}, "24": {"23": null, "25": null}, "13": {"12": null, "14": null}, "33": {"32": null}, "23": {"22": null, "34": null, "24": null}}, "node_attributes": {"z": 0.0, "qx": 0.0, "rx": 0.0, "qy": 0.0, "ry": 0.0, "qz": 0.0, "type": null, "rz": 0.0, "_k": null, "y": 0.0, "x": 0.0}, "node": {"16": {"z": 1.5000000000000002, "qx": -0.0, "qy": -0.0, "qz": -0.034482758620689641, "type": "_origin", "_k": 0, "y": -3.425166865496446, "x": 0.17241379310344448}, "36": {"z": 1.1575000000000002, "type": "_origin", "_k": 0, "y": -3.425166865496446, "x": 1.5017241379310315}, "26": {"z": 1.5000000000000002, "qx": -0.0, "qy": -0.0, "qz": -0.034482758620689592, "_k": 9, "y": -3.425166865496446, "x": -3.2758620689655173}, "15": {"z": 1.5000000000000002, "qx": -0.0, "qy": -0.0, "qz": -0.034482758620689731, "_k": 1, "y": -3.425166865496446, "x": 0.51724137931034131}, "18": {"z": 1.5000000000000002, "qx": -0.0, "qy": -0.0, "qz": -0.034482758620689641, "_k": 1, "y": -3.425166865496446, "x": -0.51724137931034819}, "35": {"z": 0.13000000000000012, "type": "support", "_k": 1, "y": -3.425166865496446, "x": -1.6017241379310359}, "25": {"z": 1.5000000000000002, "qx": -0.0, "qy": -0.0, "qz": -0.034482758620689703, "_k": 8, "y": -3.425166865496446, "x": -2.9310344827586201}, "28": {"z": 1.5000000000000002, "qx": -0.0, "qy": -0.0, "qz": -0.034482758620689502, "_k": 11, "y": -3.425166865496446, "x": -3.9655172413793087}, "10": {"z": 1.5000000000000002, "qx": -0.0, "qy": -0.0, "qz": -0.034482758620689669, "_k": 6, "y": -3.425166865496446, "x": 2.2413793103448252}, "30": {"z": 1.5000000000000002, "qx": -0.0, "qy": -0.0, "qz": -0.034482758620689946, "_k": 13, "y": -3.425166865496446, "x": -4.6551724137931005}, "20": {"z": 1.5000000000000002, "qx": -0.0, "qy": -0.0, "qz": -0.034482758620689585, "_k": 3, "y": -3.425166865496446, "x": -1.2068965517241399}, "17": {"z": 1.5000000000000002, "qx": -0.0, "qy": -0.0, "qz": -0.034482758620689641, "type": "_origin", "_k": 0, "y": -3.425166865496446, "x": -0.1724137931034514}, "37": {"z": 0.13000000000000012, "type": "support", "_k": 1, "y": -3.425166865496446, "x": 1.5017241379310315}, "27": {"z": 1.5000000000000002, "qx": -0.0, "qy": -0.0, "qz": -0.034482758620689571, "_k": 10, "y": -3.425166865496446, "x": -3.6206896551724119}, "12": {"z": 1.5000000000000002, "qx": -0.0, "qy": -0.0, "qz": -0.034482758620689641, "_k": 4, "y": -3.425166865496446, "x": 1.5517241379310316}, "32": {"z": 1.1575000000000002, "type": "_origin", "_k": 0, "y": -3.425166865496446, "x": 1.6017241379310316}, "22": {"z": 1.5000000000000002, "qx": -0.0, "qy": -0.0, "qz": -0.034482758620689648, "_k": 5, "y": -3.425166865496446, "x": -1.8965517241379317}, "19": {"z": 1.5000000000000002, "qx": -0.0, "qy": -0.0, "qz": -0.034482758620689585, "_k": 2, "y": -3.425166865496446, "x": -0.8620689655172441}, "29": {"z": 1.5000000000000002, "qx": -0.0, "qy": -0.0, "qz": -0.034482758620689592, "_k": 12, "y": -3.425166865496446, "x": -4.310344827586202}, "11": {"z": 1.5000000000000002, "qx": -0.0, "qy": -0.0, "qz": -0.034482758620689682, "_k": 5, "y": -3.425166865496446, "x": 1.8965517241379286}, "5": {"z": 1.5000000000000002, "qx": -0.0, "qy": -0.0, "qz": -0.034482758620689655, "_k": 11, "y": -3.425166865496446, "x": 3.9655172413793078}, "4": {"z": 1.5000000000000002, "qx": -0.0, "qy": -0.0, "qz": -0.034482758620689641, "_k": 12, "y": -3.425166865496446, "x": 4.3103448275862046}, "7": {"z": 1.5000000000000002, "qx": -0.0, "qy": -0.0, "qz": -0.034482758620689655, "_k": 9, "y": -3.425166865496446, "x": 3.2758620689655147}, "6": {"z": 1.5000000000000002, "qx": -0.0, "qy": -0.0, "qz": -0.034482758620689655, "_k": 10, "y": -3.425166865496446, "x": 3.6206896551724115}, "1": {"z": 0.13000000000000012, "type": "support", "_k": 1, "y": -3.425166865496446, "x": -1.5017241379310358}, "0": {"z": 1.1575000000000002, "type": "_origin", "_k": 0, "y": -3.425166865496446, "x": -1.5017241379310358}, "3": {"z": 1.5000000000000002, "qx": -0.0, "qy": -0.0, "qz": -0.034482758620689641, "_k": 13, "y": -3.425166865496446, "x": 4.6551724137931005}, "2": {"z": 1.5000000000000002, "qx": -0.0, "qy": -0.0, "qz": -0.017241379310344841, "type": "support", "_k": 14, "y": -3.425166865496446, "x": 4.9999999999999973}, "21": {"z": 1.5000000000000002, "qx": -0.0, "qy": -0.0, "qz": -0.034482758620689592, "_k": 4, "y": -3.425166865496446, "x": -1.5517241379310358}, "31": {"z": 1.5000000000000002, "qx": -0.0, "qy": -0.0, "qz": -0.017241379310345018, "type": "support", "_k": 14, "y": -3.425166865496446, "x": -5.0000000000000009}, "9": {"z": 1.5000000000000002, "qx": -0.0, "qy": -0.0, "qz": -0.034482758620689655, "_k": 7, "y": -3.425166865496446, "x": 2.586206896551722}, "8": {"z": 1.5000000000000002, "qx": -0.0, "qy": -0.0, "qz": -0.034482758620689634, "_k": 8, "y": -3.425166865496446, "x": 2.9310344827586183}, "14": {"z": 1.5000000000000002, "qx": -0.0, "qy": -0.0, "qz": -0.034482758620689731, "_k": 2, "y": -3.425166865496446, "x": 0.86206896551723911}, "34": {"z": 1.1575000000000002, "type": "_origin", "_k": 0, "y": -3.425166865496446, "x": -1.6017241379310359}, "24": {"z": 1.5000000000000002, "qx": -0.0, "qy": -0.0, "qz": -0.034482758620689571, "_k": 7, "y": -3.425166865496446, "x": -2.5862068965517233}, "13": {"z": 1.5000000000000002, "qx": -0.0, "qy": -0.0, "qz": -0.034482758620689627, "_k": 3, "y": -3.425166865496446, "x": 1.2068965517241359}, "33": {"z": 0.13000000000000012, "type": "support", "_k": 1, "y": -3.425166865496446, "x": 1.6017241379310316}, "23": {"z": 1.5000000000000002, "qx": -0.0, "qy": -0.0, "qz": -0.034482758620689585, "_k": 6, "y": -3.425166865496446, "x": -2.2413793103448287}}, "max_int_key": 37, "attributes": {"gkey_node": {"5.000,-3.425,1.500": 2, "1.502,-3.425,0.130": 37, "-5.000,-3.425,1.500": 31, "-0.172,-3.425,1.500": 17, "1.502,-3.425,1.158": 36, "-1.502,-3.425,0.130": 1, "1.602,-3.425,0.130": 33, "-1.502,-3.425,1.158": 0, "0.862,-3.425,1.500": 14, "-1.897,-3.425,1.500": 22, "-2.931,-3.425,1.500": 25, "1.207,-3.425,1.500": 13, "-0.517,-3.425,1.500": 18, "-1.207,-3.425,1.500": 20, "4.310,-3.425,1.500": 4, "-1.602,-3.425,1.158": 34, "0.517,-3.425,1.500": 15, "-3.621,-3.425,1.500": 27, "1.602,-3.425,1.158": 32, "3.621,-3.425,1.500": 6, "-0.862,-3.425,1.500": 19, "-3.966,-3.425,1.500": 28, "1.552,-3.425,1.500": 12, "2.241,-3.425,1.500": 10, "2.586,-3.425,1.500": 9, "-2.586,-3.425,1.500": 24, "3.276,-3.425,1.500": 7, "0.172,-3.425,1.500": 16, "3.966,-3.425,1.500": 5, "2.931,-3.425,1.500": 8, "-2.241,-3.425,1.500": 23, "4.655,-3.425,1.500": 3, "-1.602,-3.425,0.130": 35, "-1.552,-3.425,1.500": 21, "-3.276,-3.425,1.500": 26, "-4.655,-3.425,1.500": 30, "1.897,-3.425,1.500": 11, "-4.310,-3.425,1.500": 29}, "name": "Network", "_aux_length": 0.33000000000000002, "_trails": {"0": [0, 1], "32": [32, 33], "34": [34, 35], "36": [36, 37],