{"compas": "1.7.1", "datatype": "compas_cem.diagrams/TopologyDiagram", "data": {"adjacency": {"14": {"15": null, "18": null, "5": null}, "17": {"16": null}, "12": {"13": null, "11": null}, "5": {"4": null, "6": null, "14": null}, "4": {"3": null, "5": null}, "7": {"6": null, "18": null, "8": null}, "6": {"7": null, "5": null}, "1": {"0": null}, "0": {"1": null, "16": null, "8": null}, "3": {"4": null, "2": null}, "2": {"3": null}, "10": {"9": null, "16": null, "11": null}, "13": {"12": null}, "15": {"14": null}, "11": {"12": null, "10": null}, "9": {"8": null, "10": null}, "8": {"7": null, "0": null, "9": null}, "18": {"7": null, "19": null, "14": null}, "19": {"18": null}, "16": {"0": null, "17": null, "10": null}}, "node_attributes": {"z": 0.0, "qx": 0.0, "rx": 0.0, "qy": 0.0, "ry": 0.0, "qz": 0.0, "type": null, "rz": 0.0, "_k": null, "y": 0.0, "x": 0.0}, "node": {"14": {"z": 1.1575000000000002, "type": "_origin", "_k": 0, "y": -3.425166865496446, "x": 1.4136363636363614}, "17": {"z": 0.13000000000000012, "type": "support", "_k": 1, "y": -3.425166865496446, "x": -1.4136363636363662}, "12": {"z": 1.5000000000000002, "qx": -0.0, "qy": -0.0, "qz": -0.090909090909090814, "_k": 4, "y": -3.425166865496446, "x": -4.0909090909090944}, "5": {"z": 1.5000000000000002, "qx": -0.0, "qy": -0.0, "qz": -0.090909090909090939, "_k": 2, "y": -3.425166865496446, "x": 2.2727272727272703}, "4": {"z": 1.5000000000000002, "qx": -0.0, "qy": -0.0, "qz": -0.090909090909090898, "_k": 3, "y": -3.425166865496446, "x": 3.1818181818181799}, "7": {"z": 1.5000000000000002, "qx": -0.0, "qy": -0.0, "qz": -0.090909090909090939, "type": "_origin", "_k": 0, "y": -3.425166865496446, "x": 0.45454545454545203}, "6": {"z": 1.5000000000000002, "qx": -0.0, "qy": -0.0, "qz": -0.090909090909090912, "_k": 1, "y": -3.425166865496446, "x": 1.3636363636363613}, "1": {"z": 0.13000000000000012, "type": "support", "_k": 1, "y": -3.425166865496446, "x": -1.3136363636363662}, "0": {"z": 1.1575000000000002, "type": "_origin", "_k": 0, "y": -3.425166865496446, "x": -1.3136363636363662}, "3": {"z": 1.5000000000000002, "qx": -0.0, "qy": -0.0, "qz": -0.090909090909090884, "_k": 4, "y": -3.425166865496446, "x": 4.0909090909090882}, "2": {"z": 1.5000000000000002, "qx": -0.0, "qy": -0.0, "qz": -0.045454545454545463, "type": "support", "_k": 5, "y": -3.425166865496446, "x": 4.9999999999999973}, "10": {"z": 1.5000000000000002, "qx": -0.0, "qy": -0.0, "qz": -0.090909090909090939, "_k": 2, "y": -3.425166865496446, "x": -2.2727272727272747}, "13": {"z": 1.5000000000000002, "qx": -0.0, "qy": -0.0, "qz": -0.045454545454545331, "type": "support", "_k": 5, "y": -3.425166865496446, "x": -5.0000000000000009}, "15": {"z": 0.13000000000000012, "type": "support", "_k": 1, "y": -3.425166865496446, "x": 1.4136363636363614}, "11": {"z": 1.5000000000000002, "qx": -0.0, "qy": -0.0, "qz": -0.090909090909090995, "_k": 3, "y": -3.425166865496446, "x": -3.1818181818181848}, "9": {"z": 1.5000000000000002, "qx": -0.0, "qy": -0.0, "qz": -0.090909090909090884, "_k": 1, "y": -3.425166865496446, "x": -1.3636363636363662}, "8": {"z": 1.5000000000000002, "qx": -0.0, "qy": -0.0, "qz": -0.090909090909090912, "type": "_origin", "_k": 0, "y": -3.425166865496446, "x": -0.45454545454545714}, "18": {"z": 1.1575000000000002, "type": "_origin", "_k": 0, "y": -3.425166865496446, "x": 1.3136363636363613}, "19": {"z": 0.13000000000000012, "type": "support", "_k": 1, "y": -3.425166865496446, "x": 1.3136363636363613}, "16": {"z": 1.1575000000000002, "type": "_origin", "_k": 0, "y": -3.425166865496446, "x": -1.4136363636363662}}, "max_int_key": 19, "attributes": {"gkey_node": {"-1.414,-3.425,0.130": 17, "2.273,-3.425,1.500": 5, "-1.314,-3.425,1.158": 0, "0.455,-3.425,1.500": 7, "-0.455,-3.425,1.500": 8, "-1.314,-3.425,0.130": 1, "-3.182,-3.425,1.500": 11, "1.364,-3.425,1.500": 6, "1.414,-3.425,0.130": 15, "-1.414,-3.425,1.158": 16, "-2.273,-3.425,1.500": 10, "-1.364,-3.425,1.500": 9, "-4.091,-3.425,1.500": 12, "1.314,-3.425,0.130": 19, "4.091,-3.425,1.500": 3, "5.000,-3.425,1.500": 2, "1.414,-3.425,1.158": 14, "3.182,-3.425,1.500": 4, "1.314,-3.425,1.158": 18, "-5.000,-3.425,1.500": 13}, "name": "Network", "_aux_length": 0.33000000000000002, "_trails": {"0": [0, 1], "7": [7, 6, 5, 4, 3, 2], "8": [8, 9, 10, 11, 12, 13], "14": [14, 15], "16": [16, 17], "18": [18, 19]}, "tol": "3f", "_auxiliary_trails": {}, "_aux_vector": {"dtype": "compas.geometry/Vector", "value": [-0.0, -0.0, -1.0]}}, "edge_attributes": {"force": 0.0, "type": null, "length": 0.0}, "edge": {"14": {"15": {"length": 1.0275000000000001, "type": "trail"}, "18": {"force": 1.6619999999999999, "type": "deviation"}}, "17": {}, "12": {"13": {"length": -0.90909090909090651, "type": "trail"}}, "5": {"6": {"length": -0.90909090909090895, "type": "trail"}, "14": {"force": 1.8, "type": "deviation"}}, "4": {"5": {"length": -0.90909090909090962, "type": "trail"}}, "7": {"18": {"force": 1.8899999999999999, "type": "deviation"}, "8": {"force": -10.0, "type": "deviation"}}, "6": {"7": {"length": -0.90909090909090928, "type": "trail"}}, "1": {}, "0": {"1": {"length": 1.0275000000000001, "type": "trail"}, "16": {"force": 1.6619999999999999, "type": "deviation"}}, "3": {"4": {"length": -0.90909090909090828, "type": "trail"}}, "2": {"3": {"length": -0.90909090909090917, "type": "trail"}}, "10": {"16": {"force": 1.8, "type": "deviation"}, "11": {"length": -0.90909090909091006, "type": "trail"}}, "13": {}, "15": {}, "11": {"12": {"length": -0.90909090909090962, "type": "trail"}}, "9": {"10": {"length": -0.90909090909090851, "type": "trail"}}, "8": {"0": {"force": 1.8899999999999999, "type": "deviation"}, "9": {"length": -0.90909090909090906, "type": "trail"}}, "18": {"19": {"length": 1.0275000000000001, "type": "trail"}}, "19": {}, "16": {"17": {"length": 1.0275000000000001, "type": "trail"}}}}}