{"compas": "1.7.1", "datatype": "compas_cem.diagrams/TopologyDiagram", "data": {"adjacency": {"16": {"4": null, "15": null, "17": null}, "15": {"14": null, "16": null, "3": null}, "18": {"19": null, "6": null, "17": null}, "10": {"22": null, "9": null, "11": null}, "20": {"21": null, "19": null, "8": null}, "17": {"18": null, "16": null, "5": null}, "12": {"13": null, "0": null}, "22": {"21": null, "23": null, "10": null}, "19": {"7": null, "20": null, "18": null}, "11": {"23": null, "10": null}, "5": {"4": null, "6": null, "17": null}, "4": {"5": null, "16": null, "3": null}, "7": {"19": null, "6": null, "8": null}, "6": {"7": null, "18": null, "5": null}, "1": {"13": null, "0": null, "2": null}, "0": {"12": null, "1": null}, "3": {"4": null, "15": null, "2": null}, "2": {"14": null, "1": null, "3": null}, "21": {"20": null, "22": null, "9": null}, "9": {"21": null, "8": null, "10": null}, "8": {"7": null, "20": null, "9": null}, "14": {"13": null, "15": null, "2": null}, "13": {"12": null, "14": null, "1": null}, "23": {"22": null, "11": null}}, "node_attributes": {"z": 0.0, "qx": 0.0, "rx": 0.0, "qy": 0.0, "ry": 0.0, "qz": 0.0, "type": null, "rz": 0.0, "_k": null, "y": 0.0, "x": 0.0}, "node": {"16": {"z": 1.4018426604412202, "qx": -0.0, "qy": -0.0, "qz": -0.090936113177889938, "_k": 1, "y": -2.425166865496446, "x": -1.364014687293982}, "15": {"z": 1.4158881894104691, "qx": -0.0, "qy": -0.0, "qz": -0.090936114673045298, "_k": 2, "y": -2.425166865496446, "x": -2.2732673494395668}, "18": {"z": 1.3948349019471593, "qx": -0.0, "qy": -0.0, "qz": -0.090936112699296467, "type": "_origin", "_k": 0, "y": -2.4251668654964464, "x": 0.45468056454346839}, "10": {"z": 1.4649874800607454, "qx": -0.0, "qy": -0.0, "qz": -0.090936119270866006, "_k": 4, "y": -3.4251668654964469, "x": 4.0913130644596389}, "20": {"z": 1.4158881894104693, "qx": -0.0, "qy": -0.0, "qz": -0.09093611467304516, "_k": 2, "y": -2.4251668654964464, "x": 2.2732673494395597}, "17": {"z": 1.3948349019471593, "qx": -0.0, "qy": -0.0, "qz": -0.09093611269929637, "type": "_origin", "_k": 0, "y": -2.4251668654964464, "x": -0.45468056454347655}, "12": {"z": 1.5000000000000007, "qx": -0.0, "qy": -0.0, "qz": -0.045468060860735293, "type": "support", "_k": 5, "y": -2.425166865496446, "x": -5.0000000000000009}, "22": {"z": 1.4649874800607454, "qx": -0.0, "qy": -0.0, "qz": -0.090936119270866006, "_k": 4, "y": -2.4251668654964464, "x": 4.0913130644596389}, "19": {"z": 1.4018426604412204, "qx": -0.0, "qy": -0.0, "qz": -0.090936113177889993, "_k": 1, "y": -2.4251668654964464, "x": 1.3640146872939756}, "11": {"z": 1.5000000000000011, "qx": -0.0, "qy": -0.0, "qz": -0.045468060860735293, "type": "support", "_k": 5, "y": -3.4251668654964469, "x": 4.9999999999999902}, "5": {"z": 1.3948349019471593, "qx": -0.0, "qy": -0.0, "qz": -0.09093611269929637, "type": "_origin", "_k": 0, "y": -3.4251668654964469, "x": -0.45468056454347655}, "4": {"z": 1.4018426604412202, "qx": -0.0, "qy": -0.0, "qz": -0.090936113177889938, "_k": 1, "y": -3.4251668654964469, "x": -1.364014687293982}, "7": {"z": 1.4018426604412204, "qx": -0.0, "qy": -0.0, "qz": -0.090936113177889993, "_k": 1, "y": -3.4251668654964469, "x": 1.3640146872939756}, "6": {"z": 1.3948349019471593, "qx": -0.0, "qy": -0.0, "qz": -0.090936112699296467, "type": "_origin", "_k": 0, "y": -3.4251668654964469, "x": 0.45468056454346839}, "1": {"z": 1.464987480060745, "qx": -0.0, "qy": -0.0, "qz": -0.090936119270866075, "_k": 4, "y": -3.4251668654964469, "x": -4.0913130644596496}, "0": {"z": 1.5000000000000007, "qx": -0.0, "qy": -0.0, "qz": -0.045468060860735293, "type": "support", "_k": 5, "y": -3.4251668654964469, "x": -5.0000000000000009}, "3": {"z": 1.4158881894104691, "qx": -0.0, "qy": -0.0, "qz": -0.090936114673045298, "_k": 2, "y": -3.4251668654964469, "x": -2.2732673494395668}, "2": {"z": 1.4369062073438008, "qx": -0.0, "qy": -0.0, "qz": -0.090936116150235266, "_k": 3, "y": -3.4251668654964469, "x": -3.1823855776063681}, "21": {"z": 1.4369062073438013, "qx": -0.0, "qy": -0.0, "qz": -0.090936116150235086, "_k": 3, "y": -2.4251668654964464, "x": 3.1823855776063588}, "9": {"z": 1.4369062073438013, "qx": -0.0, "qy": -0.0, "qz": -0.090936116150235086, "_k": 3, "y": -3.4251668654964469, "x": 3.1823855776063588}, "8": {"z": 1.4158881894104693, "qx": -0.0, "qy": -0.0, "qz": -0.09093611467304516, "_k": 2, "y": -3.4251668654964469, "x": 2.2732673494395597}, "14": {"z": 1.4369062073438008, "qx": -0.0, "qy": -0.0, "qz": -0.090936116150235266, "_k": 3, "y": -2.425166865496446, "x": -3.1823855776063681}, "13": {"z": 1.464987480060745, "qx": -0.0, "qy": -0.0, "qz": -0.090936119270866075, "_k": 4, "y": -2.425166865496446, "x": -4.0913130644596496}, "23": {"z": 1.5000000000000011, "qx": -0.0, "qy": -0.0, "qz": -0.045468060860735293, "type": "support", "_k": 5, "y": -2.4251668654964464, "x": 4.9999999999999902}}, "max_int_key": 23, "attributes": {"gkey_node": {"5.000,-3.425,1.500": 11, "-2.273,-3.425,1.416": 3, "0.455,-2.425,1.395": 18, "1.364,-2.425,1.402": 19, "-0.455,-2.425,1.395": 17, "-5.000,-3.425,1.500": 0, "-3.182,-2.425,1.437": 14, "4.091,-2.425,1.465": 22, "-2.273,-2.425,1.416": 15, "5.000,-2.425,1.500": 23, "-0.455,-3.425,1.395": 5, "-5.000,-2.425,1.500": 12, "1.364,-3.425,1.402": 7, "-3.182,-3.425,1.437": 2, "3.182,-3.425,1.437": 9, "-1.364,-2.425,1.402": 16, "0.455,-3.425,1.395": 6, "2.273,-3.425,1.416": 8, "-4.091,-3.425,1.465": 1, "4.091,-3.425,1.465": 10, "-1.364,-3.425,1.402": 4, "3.182,-2.425,1.437": 21, "2.273,-2.425,1.416": 20, "-4.091,-2.425,1.465": 13}, "name": "Network", "_aux_length": 0.33000000000000002, "_trails": {"17": [17, 16, 15, 14, 13, 12], "18": [18, 19, 20, 21, 22, 23], "5": [5, 4, 3, 2, 1, 0], "6": [6, 7, 8, 9, 10, 11]}, "tol": "3f", "_auxiliary_trails": {}, "_aux_vector": {"dtype": "compas.geometry/Vector", "value": [-0.0, -0.0, -1.0]}}, "edge_attributes": {"force": 0.0, "type": null, "length": 0.0}, "edge": {"16": {"17": {"length": 0.90936112489898213, "type": "trail"}}, "15": {"16": {"length": 0.90936113865881618, "type": "trail"}}, "18": {"19": {"length": 0.90936112489898391, "type": "trail"}}, "10": {"22": {"force": -0.10000000000000001, "type": "deviation"}, "11": {"length": 0.90936121721470575, "type": "trail"}}, "20": {"21": {"length": 0.90936115480208746, "type": "trail"}}, "17": {"18": {"force": 13.199999999999999, "type": "deviation"}}, "12": {"13": {"length": 0.90936121721470575, "type": "trail"}}, "22": {"23": {"length": 0.90936121721470575, "type": "trail"}}, "19": {"20": {"length": 0.90936113865881552, "type": "trail"}}, "11": {"23": {"force": -0.10000000000000001, "type": "deviation"}}, "5": {"6": {"force": 13.199999999999999, "type": "deviation"}, "17": {"force": -0.10000000000000001, "type": "deviation"}}, "4": {"16": {"force": -0.10000000000000001, "type": "deviation"}, "5": {"length": 0.90936112489898213, "type": "trail"}}, "7": {"19": {"force": -0.10000000000000001, "type": "deviation"}, "8": {"length": 0.90936113865881552, "type": "trail"}}, "6": {"7": {"length": 0.90936112489898391, "type": "trail"}, "18": {"force": -0.10000000000000001, "type": "deviation"}}, "1": {"13": {"force": -0.10000000000000001, "type": "deviation"}, "2": {"length": 0.90936116820261559, "type": "trail"}}, "0": {"12": {"force": -0.10000000000000001, "type": "deviation"}, "1": {"length": 0.90936121721470575, "type": "trail"}}, "3": {"4": {"length": 0.90936113865881618, "type": "trail"}, "15": {"force": -0.10000000000000001, "type": "deviation"}}, "2": {"14": {"force": -0.10000000000000001, "type": "deviation"}, "3": {"length": 0.90936115480208968, "type": "trail"}}, "21": {"22": {"length": 0.90936116820261426, "type": "trail"}}, "9": {"21": {"force": -0.10000000000000001, "type": "deviation"}, "10": {"length": 0.90936116820261426, "type": "trail"}}, "8": {"20": {"force": -0.10000000000000001, "type": "deviation"}, "9": {"length": 0.90936115480208746, "type": "trail"}}, "14": {"15": {"length": 0.90936115480208968, "type": "trail"}},