{"compas": "1.7.1", "datatype": "compas_cem.diagrams/TopologyDiagram", "data": {"adjacency": {"14": {"4": null, "13": null, "15": null}, "17": {"7": null, "18": null, "16": null}, "12": {"13": null, "11": null, "2": null}, "5": {"4": null, "6": null, "15": null}, "4": {"14": null, "3": null, "5": null}, "7": {"6": null, "8": null, "17": null}, "6": {"7": null, "16": null, "5": null}, "1": {"0": null, "11": null, "2": null}, "0": {"1": null, "10": null}, "3": {"4": null, "13": null, "2": null}, "2": {"12": null, "1": null, "3": null}, "10": {"0": null, "11": null}, "13": {"12": null, "14": null, "3": null}, "15": {"14": null, "16": null, "5": null}, "11": {"12": null, "1": null, "10": null}, "9": {"19": null, "8": null}, "8": {"7": null, "9": null, "18": null}, "18": {"19": null, "8": null, "17": null}, "19": {"9": null, "18": null}, "16": {"6": null, "15": null, "17": null}}, "node_attributes": {"z": 0.0, "qx": 0.0, "rx": 0.0, "qy": 0.0, "ry": 0.0, "qz": 0.0, "type": null, "rz": 0.0, "_k": null, "y": 0.0, "x": 0.0}, "node": {"14": {"z": 1.3952636416421993, "qx": -0.0, "qy": -0.0, "qz": -0.11114400164881855, "type": "_origin", "_k": 0, "y": -2.4251668654964464, "x": -0.55572000883963324}, "17": {"z": 1.4266907248329368, "qx": -0.0, "qy": -0.0, "qz": -0.11114400496123979, "_k": 2, "y": -2.4251668654964464, "x": 2.7783533372123568}, "12": {"z": 1.4266907248329368, "qx": -0.0, "qy": -0.0, "qz": -0.11114400496123987, "_k": 2, "y": -2.425166865496446, "x": -2.7783533372123657}, "5": {"z": 1.3952636416421995, "qx": -0.0, "qy": -0.0, "qz": -0.11114400164881856, "type": "_origin", "_k": 0, "y": -3.4251668654964469, "x": 0.55572000883962513}, "4": {"z": 1.3952636416421993, "qx": -0.0, "qy": -0.0, "qz": -0.11114400164881855, "type": "_origin", "_k": 0, "y": -3.4251668654964469, "x": -0.55572000883963324}, "7": {"z": 1.4266907248329368, "qx": -0.0, "qy": -0.0, "qz": -0.11114400496123979, "_k": 2, "y": -3.4251668654964469, "x": 2.7783533372123568}, "6": {"z": 1.4057530440098311, "qx": -0.0, "qy": -0.0, "qz": -0.1111440030128755, "_k": 1, "y": -3.4251668654964469, "x": 1.6671105252836047}, "1": {"z": 1.4581479385429477, "qx": -0.0, "qy": -0.0, "qz": -0.11114400922408972, "_k": 3, "y": -3.4251668654964469, "x": -3.8893481337478186}, "0": {"z": 1.5000000000000007, "qx": -0.0, "qy": -0.0, "qz": -0.05557200651086977, "type": "support", "_k": 4, "y": -3.4251668654964469, "x": -5.0000000000000009}, "3": {"z": 1.4057530440098311, "qx": -0.0, "qy": -0.0, "qz": -0.11114400301287555, "_k": 1, "y": -3.4251668654964469, "x": -1.6671105252836127}, "2": {"z": 1.4266907248329368, "qx": -0.0, "qy": -0.0, "qz": -0.11114400496123987, "_k": 2, "y": -3.4251668654964469, "x": -2.7783533372123657}, "10": {"z": 1.5000000000000007, "qx": -0.0, "qy": -0.0, "qz": -0.05557200651086977, "type": "support", "_k": 4, "y": -2.425166865496446, "x": -5.0000000000000009}, "13": {"z": 1.4057530440098311, "qx": -0.0, "qy": -0.0, "qz": -0.11114400301287555, "_k": 1, "y": -2.425166865496446, "x": -1.6671105252836127}, "15": {"z": 1.3952636416421995, "qx": -0.0, "qy": -0.0, "qz": -0.11114400164881856, "type": "_origin", "_k": 0, "y": -2.4251668654964464, "x": 0.55572000883962513}, "11": {"z": 1.4581479385429477, "qx": -0.0, "qy": -0.0, "qz": -0.11114400922408972, "_k": 3, "y": -2.425166865496446, "x": -3.8893481337478186}, "9": {"z": 1.5000000000000011, "qx": -0.0, "qy": -0.0, "qz": -0.055572006510869687, "type": "support", "_k": 4, "y": -3.4251668654964469, "x": 4.9999999999999902}, "8": {"z": 1.4581479385429481, "qx": -0.0, "qy": -0.0, "qz": -0.1111440092240896, "_k": 3, "y": -3.4251668654964469, "x": 3.8893481337478093}, "18": {"z": 1.4581479385429481, "qx": -0.0, "qy": -0.0, "qz": -0.1111440092240896, "_k": 3, "y": -2.4251668654964464, "x": 3.8893481337478093}, "19": {"z": 1.5000000000000011, "qx": -0.0, "qy": -0.0, "qz": -0.055572006510869687, "type": "support", "_k": 4, "y": -2.4251668654964464, "x": 4.9999999999999902}, "16": {"z": 1.4057530440098311, "qx": -0.0, "qy": -0.0, "qz": -0.1111440030128755, "_k": 1, "y": -2.4251668654964464, "x": 1.6671105252836047}}, "max_int_key": 19, "attributes": {"gkey_node": {"5.000,-2.425,1.500": 19, "0.556,-3.425,1.395": 5, "-3.889,-3.425,1.458": 1, "-1.667,-3.425,1.406": 3, "0.556,-2.425,1.395": 15, "-5.000,-3.425,1.500": 0, "2.778,-3.425,1.427": 7, "3.889,-3.425,1.458": 8, "-2.778,-3.425,1.427": 2, "5.000,-3.425,1.500": 9, "-0.556,-3.425,1.395": 4, "-3.889,-2.425,1.458": 11, "1.667,-3.425,1.406": 6, "-1.667,-2.425,1.406": 13, "-0.556,-2.425,1.395": 14, "1.667,-2.425,1.406": 16, "3.889,-2.425,1.458": 18, "2.778,-2.425,1.427": 17, "-5.000,-2.425,1.500": 10, "-2.778,-2.425,1.427": 12}, "name": "Network", "_aux_length": 0.33000000000000002, "_trails": {"14": [14, 13, 12, 11, 10], "15": [15, 16, 17, 18, 19], "4": [4, 3, 2, 1, 0], "5": [5, 6, 7, 8, 9]}, "tol": "3f", "_auxiliary_trails": {}, "_aux_vector": {"dtype": "compas.geometry/Vector", "value": [-0.0, -0.0, -1.0]}}, "edge_attributes": {"force": 0.0, "type": null, "length": 0.0}, "edge": {"14": {"15": {"force": 13.199999999999999, "type": "deviation"}}, "17": {"18": {"length": 1.1114400542643983, "type": "trail"}}, "12": {"13": {"length": 1.1114400449603983, "type": "trail"}}, "5": {"6": {"length": 1.1114400152971127, "type": "trail"}, "15": {"force": -0.10000000000000001, "type": "deviation"}}, "4": {"14": {"force": -0.10000000000000001, "type": "deviation"}, "5": {"force": 13.199999999999999, "type": "deviation"}}, "7": {"8": {"length": 1.1114400542643983, "type": "trail"}, "17": {"force": -0.10000000000000001, "type": "deviation"}}, "6": {"7": {"length": 1.1114400449603974, "type": "trail"}, "16": {"force": -0.10000000000000001, "type": "deviation"}}, "1": {"11": {"force": -0.10000000000000001, "type": "deviation"}, "2": {"length": 1.1114400542643987, "type": "trail"}}, "0": {"1": {"length": 1.1114401302173953, "type": "trail"}, "10": {"force": -0.10000000000000001, "type": "deviation"}}, "3": {"4": {"length": 1.1114400152971124, "type": "trail"}, "13": {"force": -0.10000000000000001, "type": "deviation"}}, "2": {"12": {"force": -0.10000000000000001, "type": "deviation"}, "3": {"length": 1.1114400449603983, "type": "trail"}}, "10": {"11": {"length": 1.1114401302173953, "type": "trail"}}, "13": {"14": {"length": 1.1114400152971124, "type": "trail"}}, "15": {"16": {"length": 1.1114400152971127, "type": "trail"}}, "11": {"12": {"length": 1.1114400542643987, "type": "trail"}}, "9": {"19": {"force": -0.10000000000000001, "type": "deviation"}}, "8": {"9": {"length": 1.111440130217394, "type": "trail"}, "18": {"force": -0.10000000000000001, "type": "deviation"}}, "18": {"19": {"length": 1.111440130217394, "type": "trail"}}, "19": {}, "16": {"17": {"length": 1.1114400449603974, "type": "trail"}}}}}