{"compas": "1.7.1", "datatype": "compas_cem.diagrams/TopologyDiagram", "data": {"adjacency": {"5": {"4": null, "11": null}, "4": {"5": null, "10": null, "3": null}, "7": {"6": null, "1": null, "8": null}, "6": {"7": null, "0": null}, "1": {"7": null, "0": null, "2": null}, "0": {"6": null, "1": null}, "3": {"4": null, "9": null, "2": null}, "2": {"1": null, "8": null, "3": null}, "10": {"4": null, "9": null, "11": null}, "11": {"10": null, "5": null}, "9": {"3": null, "8": null, "10": null}, "8": {"7": null, "9": null, "2": null}}, "node_attributes": {"z": 0.0, "qx": 0.0, "rx": 0.0, "qy": 0.0, "ry": 0.0, "qz": 0.0, "type": null, "rz": 0.0, "_k": null, "y": 0.0, "x": 0.0}, "node": {"5": {"z": 1.5000000000000011, "qx": -0.0, "qy": -0.0, "qz": -0.10002879021117034, "type": "support", "_k": 2, "y": -3.4251668654964469, "x": 4.9999999999999902}, "4": {"z": 1.4321501762783702, "qx": -0.0, "qy": -0.0, "qz": -0.20005755959540605, "_k": 1, "y": -3.4251668654964469, "x": 3.0005750952173491}, "7": {"z": 1.4321501762783699, "qx": -0.0, "qy": -0.0, "qz": -0.20005755959540625, "_k": 1, "y": -2.425166865496446, "x": -3.000575095217358}, "6": {"z": 1.5000000000000007, "qx": -0.0, "qy": -0.0, "qz": -0.10002879021117042, "type": "support", "_k": 2, "y": -2.425166865496446, "x": -5.0000000000000009}, "1": {"z": 1.4321501762783699, "qx": -0.0, "qy": -0.0, "qz": -0.20005755959540625, "_k": 1, "y": -3.4251668654964469, "x": -3.000575095217358}, "0": {"z": 1.5000000000000007, "qx": -0.0, "qy": -0.0, "qz": -0.10002879021117042, "type": "support", "_k": 2, "y": -3.4251668654964469, "x": -5.0000000000000009}, "3": {"z": 1.3982102204894049, "qx": -0.0, "qy": -0.0, "qz": -0.20005753194166867, "type": "_origin", "_k": 0, "y": -3.4251668654964469, "x": 1.0002876255743258}, "2": {"z": 1.3982102204894047, "qx": -0.0, "qy": -0.0, "qz": -0.20005753194166875, "type": "_origin", "_k": 0, "y": -3.4251668654964469, "x": -1.0002876255743332}, "10": {"z": 1.4321501762783702, "qx": -0.0, "qy": -0.0, "qz": -0.20005755959540605, "_k": 1, "y": -2.4251668654964464, "x": 3.0005750952173491}, "11": {"z": 1.5000000000000011, "qx": -0.0, "qy": -0.0, "qz": -0.10002879021117034, "type": "support", "_k": 2, "y": -2.4251668654964464, "x": 4.9999999999999902}, "9": {"z": 1.3982102204894049, "qx": -0.0, "qy": -0.0, "qz": -0.20005753194166867, "type": "_origin", "_k": 0, "y": -2.4251668654964464, "x": 1.0002876255743258}, "8": {"z": 1.3982102204894047, "qx": -0.0, "qy": -0.0, "qz": -0.20005753194166875, "type": "_origin", "_k": 0, "y": -2.4251668654964464, "x": -1.0002876255743332}}, "max_int_key": 11, "attributes": {"gkey_node": {"-5.000,-2.425,1.500": 6, "3.001,-3.425,1.432": 4, "-3.001,-3.425,1.432": 1, "1.000,-3.425,1.398": 3, "1.000,-2.425,1.398": 9, "-1.000,-3.425,1.398": 2, "5.000,-3.425,1.500": 5, "-1.000,-2.425,1.398": 8, "-3.001,-2.425,1.432": 7, "-5.000,-3.425,1.500": 0, "3.001,-2.425,1.432": 10, "5.000,-2.425,1.500": 11}, "name": "Network", "_aux_length": 0.33000000000000002, "_trails": {"8": [8, 7, 6], "2": [2, 1, 0], "3": [3, 4, 5], "9": [9, 10, 11]}, "tol": "3f", "_auxiliary_trails": {}, "_aux_vector": {"dtype": "compas.geometry/Vector", "value": [-0.0, -0.0, -1.0]}}, "edge_attributes": {"force": 0.0, "type": null, "length": 0.0}, "edge": {"5": {"11": {"force": -0.10000000000000001, "type": "deviation"}}, "4": {"10": {"force": -0.10000000000000001, "type": "deviation"}, "5": {"length": 2.0005758042234065, "type": "trail"}}, "7": {"8": {"length": 2.0005753876847163, "type": "trail"}}, "6": {"7": {"length": 2.0005758042234083, "type": "trail"}}, "1": {"7": {"force": -0.10000000000000001, "type": "deviation"}, "2": {"length": 2.0005753876847163, "type": "trail"}}, "0": {"6": {"force": -0.10000000000000001, "type": "deviation"}, "1": {"length": 2.0005758042234083, "type": "trail"}}, "3": {"4": {"length": 2.0005753876847145, "type": "trail"}, "9": {"force": -0.10000000000000001, "type": "deviation"}}, "2": {"8": {"force": -0.10000000000000001, "type": "deviation"}, "3": {"force": 13.199999999999999, "type": "deviation"}}, "10": {"11": {"length": 2.0005758042234065, "type": "trail"}}, "11": {}, "9": {"10": {"length": 2.0005753876847145, "type": "trail"}}, "8": {"9": {"force": 13.199999999999999, "type": "deviation"}}}}}