{"compas": "1.7.1", "datatype": "compas_cem.diagrams/TopologyDiagram", "data": {"adjacency": {"14": {"13": null, "6": null, "15": null}, "12": {"4": null, "13": null, "11": null}, "5": {"4": null, "13": null, "6": null}, "4": {"12": null, "3": null, "5": null}, "7": {"6": null, "15": null}, "6": {"7": null, "14": null, "5": null}, "1": {"0": null, "9": null, "2": null}, "0": {"1": null, "8": null}, "3": {"4": null, "11": null, "2": null}, "2": {"1": null, "3": null, "10": null}, "10": {"9": null, "11": null, "2": null}, "13": {"12": null, "14": null, "5": null}, "15": {"7": null, "14": null}, "11": {"12": null, "10": null, "3": null}, "9": {"1": null, "8": null, "10": null}, "8": {"0": null, "9": null}}, "node_attributes": {"z": 0.0, "qx": 0.0, "rx": 0.0, "qy": 0.0, "ry": 0.0, "qz": 0.0, "type": null, "rz": 0.0, "_k": null, "y": 0.0, "x": 0.0}, "node": {"14": {"z": 1.4480562199382769, "qx": -0.0, "qy": -0.0, "qz": -0.14289912593517537, "_k": 2, "y": -2.4251668654964464, "x": 3.5719531221062946}, "12": {"z": 1.3960888222889525, "qx": -0.0, "qy": -0.0, "qz": -0.14289912448745651, "type": "_origin", "_k": 0, "y": -2.4251668654964464, "x": 0.71449562219860407}, "5": {"z": 1.4134140148510885, "qx": -0.0, "qy": -0.0, "qz": -0.14289912484250561, "_k": 1, "y": -3.4251668654964469, "x": 2.1433818377508072}, "4": {"z": 1.3960888222889525, "qx": -0.0, "qy": -0.0, "qz": -0.14289912448745651, "type": "_origin", "_k": 0, "y": -3.4251668654964469, "x": 0.71449562219860407}, "7": {"z": 1.5000000000000011, "qx": -0.0, "qy": -0.0, "qz": -0.071449563360265408, "type": "support", "_k": 3, "y": -3.4251668654964469, "x": 4.9999999999999902}, "6": {"z": 1.4480562199382769, "qx": -0.0, "qy": -0.0, "qz": -0.14289912593517537, "_k": 2, "y": -3.4251668654964469, "x": 3.5719531221062946}, "1": {"z": 1.4480562199382767, "qx": -0.0, "qy": -0.0, "qz": -0.1428991259351754, "_k": 2, "y": -3.4251668654964469, "x": -3.5719531221063057}, "0": {"z": 1.5000000000000007, "qx": -0.0, "qy": -0.0, "qz": -0.071449563360265395, "type": "support", "_k": 3, "y": -3.4251668654964469, "x": -5.0000000000000009}, "3": {"z": 1.3960888222889523, "qx": -0.0, "qy": -0.0, "qz": -0.14289912448745659, "type": "_origin", "_k": 0, "y": -3.4251668654964469, "x": -0.71449562219861296}, "2": {"z": 1.4134140148510885, "qx": -0.0, "qy": -0.0, "qz": -0.14289912484250572, "_k": 1, "y": -3.4251668654964469, "x": -2.1433818377508174}, "10": {"z": 1.4134140148510885, "qx": -0.0, "qy": -0.0, "qz": -0.14289912484250572, "_k": 1, "y": -2.425166865496446, "x": -2.1433818377508174}, "13": {"z": 1.4134140148510885, "qx": -0.0, "qy": -0.0, "qz": -0.14289912484250561, "_k": 1, "y": -2.4251668654964464, "x": 2.1433818377508072}, "15": {"z": 1.5000000000000011, "qx": -0.0, "qy": -0.0, "qz": -0.071449563360265408, "type": "support", "_k": 3, "y": -2.4251668654964464, "x": 4.9999999999999902}, "11": {"z": 1.3960888222889523, "qx": -0.0, "qy": -0.0, "qz": -0.14289912448745659, "type": "_origin", "_k": 0, "y": -2.4251668654964464, "x": -0.71449562219861296}, "9": {"z": 1.4480562199382767, "qx": -0.0, "qy": -0.0, "qz": -0.1428991259351754, "_k": 2, "y": -2.425166865496446, "x": -3.5719531221063057}, "8": {"z": 1.5000000000000007, "qx": -0.0, "qy": -0.0, "qz": -0.071449563360265395, "type": "support", "_k": 3, "y": -2.425166865496446, "x": -5.0000000000000009}}, "max_int_key": 15, "attributes": {"gkey_node": {"3.572,-2.425,1.448": 14, "-3.572,-3.425,1.448": 1, "3.572,-3.425,1.448": 6, "2.143,-3.425,1.413": 5, "-2.143,-2.425,1.413": 10, "-3.572,-2.425,1.448": 9, "-0.714,-2.425,1.396": 11, "-0.714,-3.425,1.396": 3, "0.714,-2.425,1.396": 12, "2.143,-2.425,1.413": 13, "0.714,-3.425,1.396": 4, "5.000,-3.425,1.500": 7, "-2.143,-3.425,1.413": 2, "-5.000,-3.425,1.500": 0, "-5.000,-2.425,1.500": 8, "5.000,-2.425,1.500": 15}, "name": "Network", "_aux_length": 0.33000000000000002, "_trails": {"3": [3, 2, 1, 0], "4": [4, 5, 6, 7], "11": [11, 10, 9, 8], "12": [12, 13, 14, 15]}, "tol": "3f", "_auxiliary_trails": {}, "_aux_vector": {"dtype": "compas.geometry/Vector", "value": [-0.0, -0.0, -1.0]}}, "edge_attributes": {"force": 0.0, "type": null, "length": 0.0}, "edge": {"14": {"15": {"length": 1.4289912672053082, "type": "trail"}}, "12": {"13": {"length": 1.4289912453519131, "type": "trail"}}, "5": {"13": {"force": -0.10000000000000001, "type": "deviation"}, "6": {"length": 1.4289912514981993, "type": "trail"}}, "4": {"12": {"force": -0.10000000000000001, "type": "deviation"}, "5": {"length": 1.4289912453519131, "type": "trail"}}, "7": {"15": {"force": -0.10000000000000001, "type": "deviation"}}, "6": {"7": {"length": 1.4289912672053082, "type": "trail"}, "14": {"force": -0.10000000000000001, "type": "deviation"}}, "1": {"9": {"force": -0.10000000000000001, "type": "deviation"}, "2": {"length": 1.4289912514982002, "type": "trail"}}, "0": {"1": {"length": 1.4289912672053078, "type": "trail"}, "8": {"force": -0.10000000000000001, "type": "deviation"}}, "3": {"4": {"force": 13.199999999999999, "type": "deviation"}, "11": {"force": -0.10000000000000001, "type": "deviation"}}, "2": {"3": {"length": 1.4289912453519145, "type": "trail"}, "10": {"force": -0.10000000000000001, "type": "deviation"}}, "10": {"11": {"length": 1.4289912453519145, "type": "trail"}}, "13": {"14": {"length": 1.4289912514981993, "type": "trail"}}, "15": {}, "11": {"12": {"force": 13.199999999999999, "type": "deviation"}}, "9": {"10": {"length": 1.4289912514982002, "type": "trail"}}, "8": {"9": {"length": 1.4289912672053078, "type": "trail"}}}}}