{"compas": "1.7.1", "datatype": "compas_cem.diagrams/FormDiagram", "data": {"adjacency": {"5": {"4": null, "6": null, "1": null}, "4": {"0": null, "5": null}, "7": {"6": null, "3": null}, "6": {"5": null, "7": null, "2": null}, "1": {"5": null, "0": null, "2": null}, "0": {"4": null, "1": null}, "3": {"7": null, "2": null}, "2": {"6": null, "1": null, "3": null}}, "node_attributes": {"z": 0.0, "qx": 0.0, "rx": 0.0, "qy": 0.0, "ry": 0.0, "qz": 0.0, "type": null, "rz": 0.0, "_k": null, "y": 0.0, "x": 0.0}, "node": {"5": {"z": 1.4057530440098311, "qx": -0.0, "qy": -0.0, "qz": -0.33342214048735574, "type": "_origin", "_k": 0, "y": -2.425166865496446, "x": -1.6671105252836127}, "4": {"z": 1.4899437262698945, "qx": -0.0, "rx": -13.199999999999999, "qy": -0.0, "ry": -0.19999999999999823, "qz": -0.16671108795899492, "type": "support", "rz": 0.50013322844635066, "_k": 1, "y": -2.4504173429053555, "x": -5.0001735432597059}, "7": {"z": 1.4899437262698942, "qx": -0.0, "rx": 13.199999999999999, "qy": -0.0, "ry": -0.20000000000000179, "qz": -0.16671108795899489, "type": "support", "rz": 0.50013322844635055, "_k": 1, "y": -2.4504173429053568, "x": 5.0001735432596952}, "6": {"z": 1.4057530440098311, "qx": -0.0, "qy": -0.0, "qz": -0.33342214048735569, "type": "_origin", "_k": 0, "y": -2.4251668654964464, "x": 1.6671105252836029}, "1": {"z": 1.4057530440098311, "qx": -0.0, "qy": -0.0, "qz": -0.33342214048735574, "type": "_origin", "_k": 0, "y": -3.4251668654964469, "x": -1.6671105252836127}, "0": {"z": 1.4899437262698945, "qx": -0.0, "rx": -13.199999999999999, "qy": -0.0, "ry": 0.20000000000000001, "qz": -0.16671108795899492, "type": "support", "rz": 0.50013322844635066, "_k": 1, "y": -3.3999163880875369, "x": -5.0001735432597059}, "3": {"z": 1.4899437262698942, "qx": -0.0, "rx": 13.199999999999999, "qy": -0.0, "ry": 0.20000000000000001, "qz": -0.16671108795899489, "type": "support", "rz": 0.50013322844635055, "_k": 1, "y": -3.3999163880875369, "x": 5.0001735432596952}, "2": {"z": 1.4057530440098311, "qx": -0.0, "qy": -0.0, "qz": -0.33342214048735569, "type": "_origin", "_k": 0, "y": -3.4251668654964469, "x": 1.6671105252836029}}, "max_int_key": 7, "attributes": {"gkey_node": {"-1.667,-3.425,1.406": 1, "5.000,-2.450,1.490": 7, "-5.000,-3.400,1.490": 0, "5.000,-3.400,1.490": 3, "5.000,-3.425,1.500": 3, "-5.000,-2.450,1.490": 4, "-1.667,-2.425,1.406": 5, "1.667,-2.425,1.406": 6, "1.667,-3.425,1.406": 2, "-5.000,-3.425,1.500": 0, "-5.000,-2.425,1.500": 4, "5.000,-2.425,1.500": 7}, "name": "Network", "tol": "3f"}, "edge_attributes": {"force": 0.0, "type": null, "length": 0.0}, "edge": {"5": {"6": {"force": 13.199999999999999, "type": "deviation", "length": 3.3342210505672156}}, "4": {"5": {"force": 13.20458898730919, "length": 3.3342217591798979, "type": "trail"}}, "7": {}, "6": {"7": {"force": 13.20458898730919, "length": 3.3342217591798975, "type": "trail"}}, "1": {"5": {"force": -0.10000000000000001, "type": "deviation", "length": 1.0000000000000009}, "2": {"force": 13.199999999999999, "type": "deviation", "length": 3.3342210505672156}}, "0": {"4": {"force": -0.10000000000000001, "type": "deviation", "length": 0.94949904518218142}, "1": {"force": 13.20458898730919, "length": 3.3342217591798979, "type": "trail"}}, "3": {"7": {"force": -0.10000000000000001, "type": "deviation", "length": 0.94949904518218009}}, "2": {"6": {"force": -0.10000000000000001, "type": "deviation", "length": 1.0000000000000004}, "3": {"force": 13.20458898730919, "length": 3.3342217591798975, "type": "trail"}}}}}