{"compas": "1.7.1", "datatype": "compas_cem.diagrams/TopologyDiagram", "data": {"adjacency": {"16": {"15": null, "17": null, "38": null}, "36": {"37": null, "14": null, "35": null}, "26": {"4": null, "27": null, "25": null}, "15": {"37": null, "14": null, "16": null}, "18": {"19": null, "40": null, "17": null}, "35": {"36": null, "13": null, "34": null}, "25": {"26": null, "3": null, "24": null}, "28": {"27": null, "6": null, "29": null}, "38": {"37": null, "39": null, "16": null}, "40": {"41": null, "39": null, "18": null}, "10": {"32": null, "9": null, "11": null}, "30": {"31": null, "29": null, "8": null}, "20": {"21": null, "19": null, "42": null}, "17": {"18": null, "16": null, "39": null}, "37": {"36": null, "15": null, "38": null}, "27": {"28": null, "26": null, "5": null}, "42": {"20": null, "41": null, "43": null}, "12": {"13": null, "34": null, "11": null}, "32": {"31": null, "33": null, "10": null}, "22": {"23": null, "0": null}, "19": {"20": null, "41": null, "18": null}, "39": {"40": null, "17": null, "38": null}, "29": {"28": null, "7": null, "30": null}, "41": {"40": null, "19": null, "42": null}, "11": {"12": null, "33": null, "10": null}, "5": {"4": null, "27": null, "6": null}, "4": {"26": null, "3": null, "5": null}, "7": {"6": null, "8": null, "29": null}, "6": {"28": null, "7": null, "5": null}, "1": {"23": null, "0": null, "2": null}, "0": {"1": null, "22": null}, "3": {"4": null, "25": null, "2": null}, "2": {"1": null, "3": null, "24": null}, "21": {"20": null, "43": null}, "31": {"30": null, "32": null, "9": null}, "9": {"31": null, "8": null, "10": null}, "8": {"30": null, "7": null, "9": null}, "14": {"36": null, "13": null, "15": null}, "34": {"12": null, "33": null, "35": null}, "24": {"25": null, "23": null, "2": null}, "43": {"21": null, "42": null}, "13": {"12": null, "14": null, "35": null}, "33": {"32": null, "11": null, "34": null}, "23": {"22": null, "1": null, "24": null}}, "node_attributes": {"z": 0.0, "qx": 0.0, "rx": 0.0, "qy": 0.0, "ry": 0.0, "qz": 0.0, "type": null, "rz": 0.0, "_k": null, "y": 0.0, "x": 0.0}, "node": {"16": {"z": 1.4230768364995734, "qx": -0.0, "qy": -0.0, "qz": -0.047633289463414261, "_k": 5, "y": -3.4251668654964469, "x": 2.6196167416028677}, "36": {"z": 1.4057530440098311, "qx": -0.0, "qy": -0.0, "qz": -0.047633289439619045, "_k": 3, "y": -2.4251668654964464, "x": 1.6671105252836047}, "26": {"z": 1.4346240937294112, "qx": -0.0, "qy": -0.0, "qz": -0.047633289472725639, "_k": 6, "y": -2.425166865496446, "x": -3.0958096227995204}, "15": {"z": 1.4134140148510888, "qx": -0.0, "qy": -0.0, "qz": -0.047633292313394318, "_k": 4, "y": -3.4251668654964469, "x": 2.1433818377508098}, "18": {"z": 1.4480562199382774, "qx": -0.0, "qy": -0.0, "qz": -0.047633292358403599, "_k": 7, "y": -3.4251668654964469, "x": 3.5719531221063003}, "35": {"z": 1.3999782034828199, "qx": -0.0, "qy": -0.0, "qz": -0.047633289464567144, "_k": 2, "y": -2.4251668654964464, "x": 1.1908126665532415}, "25": {"z": 1.4480562199382767, "qx": -0.0, "qy": -0.0, "qz": -0.047633292358403689, "_k": 7, "y": -2.425166865496446, "x": -3.5719531221063057}, "28": {"z": 1.4134140148510885, "qx": -0.0, "qy": -0.0, "qz": -0.047633292313394249, "_k": 4, "y": -2.425166865496446, "x": -2.1433818377508174}, "38": {"z": 1.4230768364995734, "qx": -0.0, "qy": -0.0, "qz": -0.047633289463414261, "_k": 5, "y": -2.4251668654964464, "x": 2.6196167416028677}, "40": {"z": 1.4480562199382774, "qx": -0.0, "qy": -0.0, "qz": -0.047633292358403599, "_k": 7, "y": -2.4251668654964464, "x": 3.5719531221063003}, "10": {"z": 1.3942027372385342, "qx": -0.0, "qy": -0.0, "qz": -0.04763328945612641, "type": "_origin", "_k": 0, "y": -3.4251668654964469, "x": -0.23816643284363731}, "30": {"z": 1.3999782034828194, "qx": -0.0, "qy": -0.0, "qz": -0.047633289464567102, "_k": 2, "y": -2.425166865496446, "x": -1.1908126665532501}, "20": {"z": 1.4808032285717094, "qx": -0.0, "qy": -0.0, "qz": -0.047633289575013241, "_k": 9, "y": -3.4251668654964469, "x": 4.5240540582453885}, "17": {"z": 1.4346240937294117, "qx": -0.0, "qy": -0.0, "qz": -0.047633289472725701, "_k": 6, "y": -3.4251668654964469, "x": 3.0958096227995133}, "37": {"z": 1.4134140148510888, "qx": -0.0, "qy": -0.0, "qz": -0.047633292313394318, "_k": 4, "y": -2.4251668654964464, "x": 2.1433818377508098}, "27": {"z": 1.4230768364995732, "qx": -0.0, "qy": -0.0, "qz": -0.047633289463414233, "_k": 5, "y": -2.425166865496446, "x": -2.6196167416028744}, "42": {"z": 1.4808032285717094, "qx": -0.0, "qy": -0.0, "qz": -0.047633289575013241, "_k": 9, "y": -2.4251668654964464, "x": 4.5240540582453885}, "12": {"z": 1.3960888222889525, "qx": -0.0, "qy": -0.0, "qz": -0.047633292347747519, "_k": 1, "y": -3.4251668654964469, "x": 0.71449562219860407}, "32": {"z": 1.3942027372385342, "qx": -0.0, "qy": -0.0, "qz": -0.04763328945612641, "type": "_origin", "_k": 0, "y": -2.4251668654964464, "x": -0.23816643284363731}, "22": {"z": 1.5000000000000007, "qx": -0.0, "qy": -0.0, "qz": -0.023816646253510855, "type": "support", "_k": 10, "y": -2.425166865496446, "x": -5.0000000000000009}, "19": {"z": 1.4634883982658702, "qx": -0.0, "qy": -0.0, "qz": -0.047633289508236532, "_k": 8, "y": -3.4251668654964469, "x": 4.0480359952551801}, "39": {"z": 1.4346240937294117, "qx": -0.0, "qy": -0.0, "qz": -0.047633289472725701, "_k": 6, "y": -2.4251668654964464, "x": 3.0958096227995133}, "29": {"z": 1.4057530440098311, "qx": -0.0, "qy": -0.0, "qz": -0.047633289439618989, "_k": 3, "y": -2.425166865496446, "x": -1.6671105252836127}, "41": {"z": 1.4634883982658702, "qx": -0.0, "qy": -0.0, "qz": -0.047633289508236532, "_k": 8, "y": -2.4251668654964464, "x": 4.0480359952551801}, "11": {"z": 1.3942027372385342, "qx": -0.0, "qy": -0.0, "qz": -0.047633289456126521, "type": "_origin", "_k": 0, "y": -3.4251668654964469, "x": 0.23816643284362624}, "5": {"z": 1.4230768364995732, "qx": -0.0, "qy": -0.0, "qz": -0.047633289463414233, "_k": 5, "y": -3.4251668654964469, "x": -2.6196167416028744}, "4": {"z": 1.4346240937294112, "qx": -0.0, "qy": -0.0, "qz": -0.047633289472725639, "_k": 6, "y": -3.4251668654964469, "x": -3.0958096227995204}, "7": {"z": 1.4057530440098311, "qx": -0.0, "qy": -0.0, "qz": -0.047633289439618989, "_k": 3, "y": -3.4251668654964469, "x": -1.6671105252836127}, "6": {"z": 1.4134140148510885, "qx": -0.0, "qy": -0.0, "qz": -0.047633292313394249, "_k": 4, "y": -3.4251668654964469, "x": -2.1433818377508174}, "1": {"z": 1.4808032285717088, "qx": -0.0, "qy": -0.0, "qz": -0.047633289575013338, "_k": 9, "y": -3.4251668654964469, "x": -4.5240540582453947}, "0": {"z": 1.5000000000000007, "qx": -0.0, "qy": -0.0, "qz": -0.023816646253510855, "type": "support", "_k": 10, "y": -3.4251668654964469, "x": -5.0000000000000009}, "3": {"z": 1.4480562199382767, "qx": -0.0, "qy": -0.0, "qz": -0.047633292358403689, "_k": 7, "y": -3.4251668654964469, "x": -3.5719531221063057}, "2": {"z": 1.4634883982658697, "qx": -0.0, "qy": -0.0, "qz": -0.04763328950823658, "_k": 8, "y": -3.4251668654964469, "x": -4.048035995255189}, "21": {"z": 1.5000000000000011, "qx": -0.0, "qy": -0.0, "qz": -0.023816646253510629, "type": "support", "_k": 10, "y": -3.4251668654964469, "x": 4.9999999999999902}, "31": {"z": 1.3960888222889523, "qx": -0.0, "qy": -0.0, "qz": -0.047633292347747408, "_k": 1, "y": -2.4251668654964464, "x": -0.71449562219861296}, "9": {"z": 1.3960888222889523, "qx": -0.0, "qy": -0.0, "qz": -0.047633292347747408, "_k": 1, "y": -3.4251668654964469, "x": -0.71449562219861296}, "8": {"z": 1.3999782034828194, "qx": -0.0, "qy": -0.0, "qz": -0.047633289464567102, "_k": 2, "y": -3.4251668654964469, "x": -1.1908126665532501}, "14": {"z": 1.4057530440098311, "qx": -0.0, "qy": -0.0, "qz": -0.047633289439619045, "_k": 3, "y": -3.4251668654964469, "x": 1.6671105252836047}, "34": {"z": 1.3960888222889525, "qx": -0.0, "qy": -0.0, "qz": -0.047633292347747519, "_k": 1, "y": -2.4251668654964464, "x": 0.71449562219860407}, "24": {"z": 1.4634883982658697, "qx": -0.0, "qy": -0.0, "qz": -0.04763328950823658,