{"compas": "1.7.1", "datatype": "compas_cem.diagrams/TopologyDiagram", "data": {"adjacency": {"16": {"26": null, "15": null, "17": null}, "26": {"18": null, "29": null, "16": null}, "15": {"14": null, "16": null}, "18": {"26": null, "19": null, "17": null}, "25": {"28": null, "12": null, "11": null}, "28": {"25": null}, "10": {"9": null, "11": null}, "20": {"21": null, "19": null}, "17": {"18": null, "16": null}, "27": {"24": null}, "12": {"13": null, "11": null, "25": null}, "22": {"21": null, "23": null}, "19": {"20": null, "18": null}, "29": {"26": null}, "11": {"12": null, "10": null, "25": null}, "5": {"4": null, "6": null, "24": null}, "4": {"3": null, "5": null}, "7": {"6": null, "8": null, "24": null}, "6": {"7": null, "5": null}, "1": {"0": null, "2": null}, "0": {"1": null}, "3": {"4": null, "2": null}, "2": {"1": null, "3": null}, "21": {"20": null, "22": null}, "9": {"8": null, "10": null}, "8": {"7": null, "9": null}, "14": {"13": null, "15": null}, "24": {"7": null, "27": null, "5": null}, "13": {"12": null, "14": null}, "23": {"22": null}}, "node_attributes": {"z": 0.0, "qx": 0.0, "rx": 0.0, "qy": 0.0, "ry": 0.0, "qz": 0.0, "type": null, "rz": 0.0, "_k": null, "y": 0.0, "x": 0.0}, "node": {"16": {"z": 1.5000000000000002, "qx": -0.0, "qy": -0.0, "qz": -0.043478260869565202, "_k": 4, "y": -3.425166865496446, "x": -1.9565217391304341}, "26": {"z": 0.86800000000000022, "type": "_origin", "_k": 0, "y": -3.425166865496446, "x": -2.391304347826086}, "15": {"z": 1.5000000000000002, "qx": -0.0, "qy": -0.0, "qz": -0.043478260869565188, "_k": 3, "y": -3.425166865496446, "x": -1.5217391304347825}, "18": {"z": 1.5000000000000002, "qx": -0.0, "qy": -0.0, "qz": -0.043478260869565188, "_k": 6, "y": -3.425166865496446, "x": -2.8260869565217375}, "25": {"z": 0.86800000000000022, "type": "_origin", "_k": 0, "y": -3.425166865496446, "x": -7.6327832942979512e-16}, "28": {"z": 0.53800000000000026, "type": "support", "_k": 1, "y": -3.425166865496446, "x": -7.6327832942979512e-16}, "10": {"z": 1.5000000000000002, "qx": -0.0, "qy": -0.0, "qz": -0.043478260869565216, "_k": 1, "y": -3.425166865496446, "x": 0.65217391304347638}, "20": {"z": 1.5000000000000002, "qx": -0.0, "qy": -0.0, "qz": -0.043478260869565126, "_k": 8, "y": -3.425166865496446, "x": -3.6956521739130404}, "17": {"z": 1.5000000000000002, "qx": -0.0, "qy": -0.0, "qz": -0.043478260869565175, "_k": 5, "y": -3.425166865496446, "x": -2.3913043478260865}, "27": {"z": 0.53800000000000026, "type": "support", "_k": 1, "y": -3.425166865496446, "x": 2.3913043478260847}, "12": {"z": 1.5000000000000002, "qx": -0.0, "qy": -0.0, "qz": -0.043478260869565188, "type": "_origin", "_k": 0, "y": -3.425166865496446, "x": -0.21739130434782647}, "22": {"z": 1.5000000000000002, "qx": -0.0, "qy": -0.0, "qz": -0.04347826086956541, "_k": 10, "y": -3.425166865496446, "x": -4.565217391304345}, "19": {"z": 1.5000000000000002, "qx": -0.0, "qy": -0.0, "qz": -0.043478260869565147, "_k": 7, "y": -3.425166865496446, "x": -3.2608695652173902}, "29": {"z": 0.53800000000000026, "type": "support", "_k": 1, "y": -3.425166865496446, "x": -2.391304347826086}, "11": {"z": 1.5000000000000002, "qx": -0.0, "qy": -0.0, "qz": -0.043478260869565147, "type": "_origin", "_k": 0, "y": -3.425166865496446, "x": 0.21739130434782494}, "5": {"z": 1.5000000000000002, "qx": -0.0, "qy": -0.0, "qz": -0.043478260869565188, "_k": 6, "y": -3.425166865496446, "x": 2.826086956521737}, "4": {"z": 1.5000000000000002, "qx": -0.0, "qy": -0.0, "qz": -0.043478260869565216, "_k": 7, "y": -3.425166865496446, "x": 3.2608695652173889}, "7": {"z": 1.5000000000000002, "qx": -0.0, "qy": -0.0, "qz": -0.043478260869565258, "_k": 4, "y": -3.425166865496446, "x": 1.9565217391304326}, "6": {"z": 1.5000000000000002, "qx": -0.0, "qy": -0.0, "qz": -0.043478260869565223, "_k": 5, "y": -3.425166865496446, "x": 2.3913043478260851}, "1": {"z": 1.5000000000000002, "qx": -0.0, "qy": -0.0, "qz": -0.043478260869565147, "_k": 10, "y": -3.425166865496446, "x": 4.565217391304345}, "0": {"z": 1.5000000000000002, "qx": -0.0, "qy": -0.0, "qz": -0.021739130434782619, "type": "support", "_k": 11, "y": -3.425166865496446, "x": 4.9999999999999973}, "3": {"z": 1.5000000000000002, "qx": -0.0, "qy": -0.0, "qz": -0.043478260869565286, "_k": 8, "y": -3.425166865496446, "x": 3.6956521739130412}, "2": {"z": 1.5000000000000002, "qx": -0.0, "qy": -0.0, "qz": -0.043478260869565188, "_k": 9, "y": -3.425166865496446, "x": 4.1304347826086945}, "21": {"z": 1.5000000000000002, "qx": -0.0, "qy": -0.0, "qz": -0.043478260869565237, "_k": 9, "y": -3.425166865496446, "x": -4.1304347826086927}, "9": {"z": 1.5000000000000002, "qx": -0.0, "qy": -0.0, "qz": -0.043478260869565188, "_k": 2, "y": -3.425166865496446, "x": 1.0869565217391293}, "8": {"z": 1.5000000000000002, "qx": -0.0, "qy": -0.0, "qz": -0.043478260869565168, "_k": 3, "y": -3.425166865496446, "x": 1.52173913043478}, "14": {"z": 1.5000000000000002, "qx": -0.0, "qy": -0.0, "qz": -0.043478260869565188, "_k": 2, "y": -3.425166865496446, "x": -1.0869565217391304}, "24": {"z": 0.86800000000000022, "type": "_origin", "_k": 0, "y": -3.425166865496446, "x": 2.3913043478260847}, "13": {"z": 1.5000000000000002, "qx": -0.0, "qy": -0.0, "qz": -0.043478260869565202, "_k": 1, "y": -3.425166865496446, "x": -0.65217391304347883}, "23": {"z": 1.5000000000000002, "qx": -0.0, "qy": -0.0, "qz": -0.021739130434782795, "type": "support", "_k": 11, "y": -3.425166865496446, "x": -5.0000000000000009}}, "max_int_key": 29, "attributes": {"gkey_node": {"5.000,-3.425,1.500": 0, "-1.957,-3.425,1.500": 16, "0.000,-3.425,0.868": 25, "-1.087,-3.425,1.500": 14, "-5.000,-3.425,1.500": 23, "2.391,-3.425,0.868": 24, "-2.391,-3.425,0.538": 29, "-0.652,-3.425,1.500": 13, "-2.826,-3.425,1.500": 18, "-4.130,-3.425,1.500": 21, "0.000,-3.425,0.538": 28, "-3.261,-3.425,1.500": 19, "-2.391,-3.425,1.500": 17, "-1.522,-3.425,1.500": 15, "4.130,-3.425,1.500": 2, "-3.696,-3.425,1.500": 20, "4.565,-3.425,1.500": 1, "-4.565,-3.425,1.500": 22, "2.391,-3.425,0.538": 27, "1.087,-3.425,1.500": 9, "3.696,-3.425,1.500": 3, "0.652,-3.425,1.500": 10, "1.957,-3.425,1.500": 7, "2.391,-3.425,1.500": 6, "-0.217,-3.425,1.500": 12, "-2.391,-3.425,0.868": 26, "1.522,-3.425,1.500": 8, "0.217,-3.425,1.500": 11, "2.826,-3.425,1.500": 5, "3.261,-3.425,1.500": 4}, "name": "Network", "_aux_length": 0.33000000000000002, "_trails": {"11": [11, 10, 9, 8, 7, 6, 5, 4, 3, 2, 1, 0], "12": [12, 13, 14, 15, 16, 17, 18, 19, 20, 21, 22, 23], "24": [24, 27], "25": [25, 28], "26": [26, 29]}, "tol": "3f", "_auxiliary_trails": {"24": [24, 27], "25": [25, 28], "26": [26, 29]}, "_aux_vector": {"dtype": "compas.geometry/Vector", "value": [-0.0, -0.0, -1.0]}}, "edge_attributes": {"force": 0.0, "type": null, "length": 0.0}, "edge": {"16": {"17": {"length": -0.43478260869565233, "type": "trail"}}, "26": {"18": {"force": -0.5, "type": "deviation"}, "29": {"length": 0.33000000000000002, "type": "trail"}, "16": {"force": -0.5, "type": "deviation"}}, "15": {"16": {"length": -0.43478260869565166, "type": "trail"}}, "18": {"19": {"length": -0.43478260869565277, "type": "trail"}}, "25": {"28": {"length": 0.33000000000000002, "type": "trail"}, "12": {"force": -0.5, "type": "deviation"}, "11": {"force": -0.5, "type": "deviation"}}, "28": {}, "10": {"11": {"length": -0.43478260869565144, "type": "trail"}}, "20": {"21": {"length": -0.43478260869565233, "type": "trail"}}, "17": {"18": {"length": -0.434782608695651, "type": "trail"}}, "27": {}, "12": {"13": {"length": -0.43478260869565233, "type": "trail"}}, "22": {"23": {"length": -0.43478260869565588, "type": "trail"}}, "19": {"20": {"length": -0.43478260869565011, "type": "trail"}}, "29": {}, "11": {"12": {"force": -12.9, "type": "deviation"}}, "5": {"6": {"length": -0.43478260869565188, "type": "trail"}}, "4": {"5": {"length": -0.43478260869565188, "type": "trail"}}, "7": {"8": {"length": -0.43478260869565255, "type": "trail"}}, "6": {"7": {"length": -0.43478260869565255, "type": "trail"}},