{"compas": "1.7.1", "datatype": "compas_cem.diagrams/TopologyDiagram", "data": {"adjacency": {"16": {"4": null, "19": null, "3": null}, "15": {"14": null}, "18": {"12": null, "21": null, "11": null}, "10": {"9": null, "11": null}, "20": {"17": null}, "17": {"7": null, "20": null, "8": null}, "12": {"13": null, "18": null, "11": null}, "19": {"16": null}, "11": {"12": null, "18": null, "10": null}, "5": {"4": null, "6": null}, "4": {"5": null, "16": null, "3": null}, "7": {"6": null, "8": null, "17": null}, "6": {"7": null, "5": null}, "1": {"0": null, "2": null}, "0": {"1": null}, "3": {"4": null, "16": null, "2": null}, "2": {"1": null, "3": null}, "21": {"18": null}, "9": {"8": null, "10": null}, "8": {"7": null, "9": null, "17": null}, "14": {"13": null, "15": null}, "13": {"12": null, "14": null}}, "node_attributes": {"z": 0.0, "qx": 0.0, "rx": 0.0, "qy": 0.0, "ry": 0.0, "qz": 0.0, "type": null, "rz": 0.0, "_k": null, "y": 0.0, "x": 0.0}, "node": {"16": {"z": 0.86800000000000022, "type": "_origin", "_k": 0, "y": -3.425166865496446, "x": 2.6666666666666643}, "15": {"z": 1.5000000000000002, "qx": -0.0, "qy": -0.0, "qz": -0.033333333333333395, "type": "support", "_k": 7, "y": -3.425166865496446, "x": -5.0000000000000009}, "18": {"z": 0.86800000000000022, "type": "_origin", "_k": 0, "y": -3.425166865496446, "x": -2.6666666666666674}, "10": {"z": 1.5000000000000002, "qx": -0.0, "qy": -0.0, "qz": -0.066666666666666569, "_k": 2, "y": -3.425166865496446, "x": -1.6666666666666672}, "20": {"z": 0.53800000000000026, "type": "support", "_k": 1, "y": -3.425166865496446, "x": -1.6653345369377348e-15}, "17": {"z": 0.86800000000000022, "type": "_origin", "_k": 0, "y": -3.425166865496446, "x": -1.6653345369377348e-15}, "12": {"z": 1.5000000000000002, "qx": -0.0, "qy": -0.0, "qz": -0.06666666666666668, "_k": 4, "y": -3.425166865496446, "x": -3.0000000000000013}, "19": {"z": 0.53800000000000026, "type": "support", "_k": 1, "y": -3.425166865496446, "x": 2.6666666666666643}, "11": {"z": 1.5000000000000002, "qx": -0.0, "qy": -0.0, "qz": -0.066666666666666707, "_k": 3, "y": -3.425166865496446, "x": -2.3333333333333335}, "5": {"z": 1.5000000000000002, "qx": -0.0, "qy": -0.0, "qz": -0.066666666666666666, "_k": 2, "y": -3.425166865496446, "x": 1.6666666666666645}, "4": {"z": 1.5000000000000002, "qx": -0.0, "qy": -0.0, "qz": -0.066666666666666652, "_k": 3, "y": -3.425166865496446, "x": 2.3333333333333308}, "7": {"z": 1.5000000000000002, "qx": -0.0, "qy": -0.0, "qz": -0.066666666666666638, "type": "_origin", "_k": 0, "y": -3.425166865496446, "x": 0.33333333333333187}, "6": {"z": 1.5000000000000002, "qx": -0.0, "qy": -0.0, "qz": -0.066666666666666624, "_k": 1, "y": -3.425166865496446, "x": 0.99999999999999756}, "1": {"z": 1.5000000000000002, "qx": -0.0, "qy": -0.0, "qz": -0.066666666666666638, "_k": 6, "y": -3.425166865496446, "x": 4.3333333333333321}, "0": {"z": 1.5000000000000002, "qx": -0.0, "qy": -0.0, "qz": -0.033333333333333263, "type": "support", "_k": 7, "y": -3.425166865496446, "x": 4.9999999999999973}, "3": {"z": 1.5000000000000002, "qx": -0.0, "qy": -0.0, "qz": -0.066666666666666707, "_k": 4, "y": -3.425166865496446, "x": 2.9999999999999973}, "2": {"z": 1.5000000000000002, "qx": -0.0, "qy": -0.0, "qz": -0.066666666666666749, "_k": 5, "y": -3.425166865496446, "x": 3.6666666666666647}, "21": {"z": 0.53800000000000026, "type": "support", "_k": 1, "y": -3.425166865496446, "x": -2.6666666666666674}, "9": {"z": 1.5000000000000002, "qx": -0.0, "qy": -0.0, "qz": -0.066666666666666596, "_k": 1, "y": -3.425166865496446, "x": -1.0000000000000022}, "8": {"z": 1.5000000000000002, "qx": -0.0, "qy": -0.0, "qz": -0.066666666666666707, "type": "_origin", "_k": 0, "y": -3.425166865496446, "x": -0.3333333333333352}, "14": {"z": 1.5000000000000002, "qx": -0.0, "qy": -0.0, "qz": -0.066666666666666707, "_k": 6, "y": -3.425166865496446, "x": -4.333333333333333}, "13": {"z": 1.5000000000000002, "qx": -0.0, "qy": -0.0, "qz": -0.066666666666666596, "_k": 5, "y": -3.425166865496446, "x": -3.666666666666667}}, "max_int_key": 21, "attributes": {"gkey_node": {"5.000,-3.425,1.500": 0, "1.667,-3.425,1.500": 5, "0.000,-3.425,0.868": 17, "-5.000,-3.425,1.500": 15, "-2.667,-3.425,0.868": 18, "0.333,-3.425,1.500": 7, "2.667,-3.425,0.868": 16, "-4.333,-3.425,1.500": 14, "0.000,-3.425,0.538": 20, "-3.667,-3.425,1.500": 13, "-1.667,-3.425,1.500": 10, "4.333,-3.425,1.500": 1, "-1.000,-3.425,1.500": 9, "-2.333,-3.425,1.500": 11, "1.000,-3.425,1.500": 6, "3.000,-3.425,1.500": 3, "3.667,-3.425,1.500": 2, "-2.667,-3.425,0.538": 21, "-0.333,-3.425,1.500": 8, "2.333,-3.425,1.500": 4, "2.667,-3.425,0.538": 19, "-3.000,-3.425,1.500": 12}, "name": "Network", "_aux_length": 0.33000000000000002, "_trails": {"7": [7, 6, 5, 4, 3, 2, 1, 0], "8": [8, 9, 10, 11, 12, 13, 14, 15], "16": [16, 19], "17": [17, 20], "18": [18, 21]}, "tol": "3f", "_auxiliary_trails": {"16": [16, 19], "17": [17, 20], "18": [18, 21]}, "_aux_vector": {"dtype": "compas.geometry/Vector", "value": [-0.0, -0.0, -1.0]}}, "edge_attributes": {"force": 0.0, "type": null, "length": 0.0}, "edge": {"16": {"4": {"force": -0.5, "type": "deviation"}, "19": {"length": 0.33000000000000002, "type": "trail"}, "3": {"force": -0.5, "type": "deviation"}}, "15": {}, "18": {"12": {"force": -0.5, "type": "deviation"}, "21": {"length": 0.33000000000000002, "type": "trail"}, "11": {"force": -0.5, "type": "deviation"}}, "10": {"11": {"length": -0.6666666666666663, "type": "trail"}}, "20": {}, "17": {"7": {"force": -0.5, "type": "deviation"}, "20": {"length": 0.33000000000000002, "type": "trail"}, "8": {"force": -0.5, "type": "deviation"}}, "12": {"13": {"length": -0.66666666666666563, "type": "trail"}}, "19": {}, "11": {"12": {"length": -0.66666666666666785, "type": "trail"}}, "5": {"6": {"length": -0.66666666666666696, "type": "trail"}}, "4": {"5": {"length": -0.6666666666666663, "type": "trail"}}, "7": {"8": {"force": -12.9, "type": "deviation"}}, "6": {"7": {"length": -0.66666666666666563, "type": "trail"}}, "1": {"2": {"length": -0.66666666666666741, "type": "trail"}}, "0": {"1": {"length": -0.66666666666666519, "type": "trail"}}, "3": {"4": {"length": -0.66666666666666652, "type": "trail"}}, "2": {"3": {"length": -0.66666666666666741, "type": "trail"}}, "21": {}, "9": {"10": {"length": -0.66666666666666496, "type": "trail"}}, "8": {"9": {"length": -0.66666666666666696, "type": "trail"}}, "14": {"15": {"length": -0.66666666666666785, "type": "trail"}}, "13": {"14": {"length": -0.66666666666666607, "type": "trail"}}}}}