{"compas": "1.7.1", "datatype": "compas_cem.diagrams/TopologyDiagram", "data": {"adjacency": {"46": {"31": null, "34": null, "49": null}, "16": {"15": null, "17": null}, "36": {"37": null, "35": null}, "26": {"27": null, "25": null}, "45": {"48": null, "20": null, "23": null}, "48": {"45": null}, "15": {"14": null, "16": null}, "18": {"19": null, "17": null}, "35": {"36": null, "34": null}, "25": {"26": null, "24": null}, "28": {"27": null, "29": null}, "38": {"37": null, "39": null}, "40": {"41": null, "39": null}, "10": {"9": null, "11": null}, "30": {"31": null, "29": null}, "20": {"45": null, "21": null, "19": null}, "47": {"44": null}, "17": {"18": null, "16": null}, "37": {"36": null, "38": null}, "27": {"28": null, "26": null}, "42": {"41": null, "43": null}, "12": {"44": null, "13": null, "11": null}, "32": {"31": null, "33": null}, "22": {"21": null, "23": null}, "49": {"46": null}, "19": {"20": null, "18": null}, "39": {"40": null, "38": null}, "29": {"28": null, "30": null}, "41": {"40": null, "42": null}, "11": {"12": null, "10": null}, "5": {"4": null, "6": null}, "4": {"3": null, "5": null}, "7": {"6": null, "8": null}, "6": {"7": null, "5": null}, "1": {"0": null, "2": null}, "0": {"1": null}, "3": {"4": null, "2": null}, "2": {"1": null, "3": null}, "21": {"20": null, "22": null}, "31": {"30": null, "32": null, "46": null}, "9": {"44": null, "8": null, "10": null}, "8": {"7": null, "9": null}, "44": {"12": null, "47": null, "9": null}, "14": {"13": null, "15": null}, "34": {"46": null, "33": null, "35": null}, "24": {"23": null, "25": null}, "43": {"42": null}, "13": {"12": null, "14": null}, "33": {"32": null, "34": null}, "23": {"45": null, "22": null, "24": null}}, "node_attributes": {"z": 0.0, "qx": 0.0, "rx": 0.0, "qy": 0.0, "ry": 0.0, "qz": 0.0, "type": null, "rz": 0.0, "_k": null, "y": 0.0, "x": 0.0}, "node": {"46": {"z": 0.86800000000000022, "type": "_origin", "_k": 0, "y": -3.425166865496446, "x": -2.5581395348837246}, "16": {"z": 1.5000000000000002, "qx": -0.0, "qy": -0.0, "qz": -0.023255813953488347, "_k": 5, "y": -3.425166865496446, "x": 1.2790697674418599}, "36": {"z": 1.5000000000000002, "qx": -0.0, "qy": -0.0, "qz": -0.023255813953488393, "_k": 14, "y": -3.425166865496446, "x": -3.3720930232558191}, "26": {"z": 1.5000000000000002, "qx": -0.0, "qy": -0.0, "qz": -0.02325581395348841, "_k": 4, "y": -3.425166865496446, "x": -1.0465116279069782}, "45": {"z": 0.86800000000000022, "type": "_origin", "_k": 0, "y": -3.425166865496446, "x": -3.6082248300317588e-16}, "48": {"z": 0.53800000000000026, "type": "support", "_k": 1, "y": -3.425166865496446, "x": -3.6082248300317588e-16}, "15": {"z": 1.5000000000000002, "qx": -0.0, "qy": -0.0, "qz": -0.023255813953488379, "_k": 6, "y": -3.425166865496446, "x": 1.5116279069767433}, "18": {"z": 1.5000000000000002, "qx": -0.0, "qy": -0.0, "qz": -0.023255813953488365, "_k": 3, "y": -3.425166865496446, "x": 0.81395348837209236}, "35": {"z": 1.5000000000000002, "qx": -0.0, "qy": -0.0, "qz": -0.023255813953488413, "_k": 13, "y": -3.425166865496446, "x": -3.1395348837209349}, "25": {"z": 1.5000000000000002, "qx": -0.0, "qy": -0.0, "qz": -0.02325581395348842, "_k": 3, "y": -3.425166865496446, "x": -0.81395348837209391}, "28": {"z": 1.5000000000000002, "qx": -0.0, "qy": -0.0, "qz": -0.023255813953488413, "_k": 6, "y": -3.425166865496446, "x": -1.5116279069767462}, "38": {"z": 1.5000000000000002, "qx": -0.0, "qy": -0.0, "qz": -0.023255813953488438, "_k": 16, "y": -3.425166865496446, "x": -3.8372093023255878}, "40": {"z": 1.5000000000000002, "qx": -0.0, "qy": -0.0, "qz": -0.023255813953488413, "_k": 18, "y": -3.425166865496446, "x": -4.3023255813953556}, "10": {"z": 1.5000000000000002, "qx": -0.0, "qy": -0.0, "qz": -0.023255813953488351, "_k": 11, "y": -3.425166865496446, "x": 2.6744186046511613}, "30": {"z": 1.5000000000000002, "qx": -0.0, "qy": -0.0, "qz": -0.023255813953488427, "_k": 8, "y": -3.425166865496446, "x": -1.9767441860465147}, "20": {"z": 1.5000000000000002, "qx": -0.0, "qy": -0.0, "qz": -0.023255813953488372, "_k": 1, "y": -3.425166865496446, "x": 0.34883720930232498}, "47": {"z": 0.53800000000000026, "type": "support", "_k": 1, "y": -3.425166865496446, "x": 2.5581395348837193}, "17": {"z": 1.5000000000000002, "qx": -0.0, "qy": -0.0, "qz": -0.023255813953488375, "_k": 4, "y": -3.425166865496446, "x": 1.0465116279069764}, "37": {"z": 1.5000000000000002, "qx": -0.0, "qy": -0.0, "qz": -0.023255813953488438, "_k": 15, "y": -3.425166865496446, "x": -3.6046511627907027}, "27": {"z": 1.5000000000000002, "qx": -0.0, "qy": -0.0, "qz": -0.023255813953488403, "_k": 5, "y": -3.425166865496446, "x": -1.2790697674418621}, "42": {"z": 1.5000000000000002, "qx": -0.0, "qy": -0.0, "qz": -0.02325581395348806, "_k": 20, "y": -3.425166865496446, "x": -4.7674418604651239}, "12": {"z": 1.5000000000000002, "qx": -0.0, "qy": -0.0, "qz": -0.023255813953488379, "_k": 9, "y": -3.425166865496446, "x": 2.2093023255813939}, "32": {"z": 1.5000000000000002, "qx": -0.0, "qy": -0.0, "qz": -0.023255813953488393, "_k": 10, "y": -3.425166865496446, "x": -2.4418604651162825}, "22": {"z": 1.5000000000000002, "qx": -0.0, "qy": -0.0, "qz": -0.023255813953488372, "type": "_origin", "_k": 0, "y": -3.425166865496446, "x": -0.11627906976744153}, "49": {"z": 0.53800000000000026, "type": "support", "_k": 1, "y": -3.425166865496446, "x": -2.5581395348837246}, "19": {"z": 1.5000000000000002, "qx": -0.0, "qy": -0.0, "qz": -0.023255813953488372, "_k": 2, "y": -3.425166865496446, "x": 0.58139534883720911}, "39": {"z": 1.5000000000000002, "qx": -0.0, "qy": -0.0, "qz": -0.023255813953488393, "_k": 17, "y": -3.425166865496446, "x": -4.0697674418604715}, "29": {"z": 1.5000000000000002, "qx": -0.0, "qy": -0.0, "qz": -0.023255813953488427, "_k": 7, "y": -3.425166865496446, "x": -1.7441860465116303}, "41": {"z": 1.5000000000000002, "qx": -0.0, "qy": -0.0, "qz": -0.023255813953488413, "_k": 19, "y": -3.425166865496446, "x": -4.5348837209302397}, "11": {"z": 1.5000000000000002, "qx": -0.0, "qy": -0.0, "qz": -0.023255813953488372, "_k": 10, "y": -3.425166865496446, "x": 2.4418604651162781}, "5": {"z": 1.5000000000000002, "qx": -0.0, "qy": -0.0, "qz": -0.023255813953488372, "_k": 16, "y": -3.425166865496446, "x": 3.8372093023255789}, "4": {"z": 1.5000000000000002, "qx": -0.0, "qy": -0.0, "qz": -0.023255813953488393, "_k": 17, "y": -3.425166865496446, "x": 4.0697674418604626}, "7": {"z": 1.5000000000000002, "qx": -0.0, "qy": -0.0, "qz": -0.023255813953488372, "_k": 14, "y": -3.425166865496446, "x": 3.3720930232558115}, "6": {"z": 1.5000000000000002, "qx": -0.0, "qy": -0.0, "qz": -0.023255813953488372, "_k": 15, "y": -3.425166865496446, "x": 3.6046511627906952}, "1": {"z": 1.5000000000000002, "qx": -0.0, "qy": -0.0, "qz": -0.023255813953488323, "_k": 20, "y": -3.425166865496446, "x": 4.7674418604651132}, "0": {"z": 1.5000000000000002, "qx": -0.0, "qy": -0.0, "qz": -0.011627906976744207, "type": "support", "_k": 21, "y": -3.425166865496446, "x": 4.9999999999999973}, "3": {"z": 1.5000000000000002, "qx": -0.0, "qy": -0.0, "qz": -0.023255813953488413, "_k": 18, "y": -3.425166865496446, "x": 4.3023255813953467}, "2": {"z": 1.5000000000000002, "qx": -0.0, "qy": -0.0, "qz": -0.023255813953488323, "_k": 19, "y": -3.425166865496446, "x": 4.5348837209302308}, "21": {"z": 1.5000000000000002, "qx": -0.0, "qy": -0.0, "qz": -0.023255813953488327, "type": "_origin", "_k": 0, "y": -3.425166865496446, "x": 0.11627906976744173}, "31": {"z": 1.5000000000000002, "qx": -0.0, "qy": -0.0, "qz": -0.023255813953488393, "_k": 9, "y": -3.425166865496446, "x": -2.2093023255813988}, "9": {"z": 1.5000000000000002, "qx": -0.0, "qy": -0.0, "qz": -0.023255813953488327, "_k": 12, "y": -3.425166865496446, "x": 2.906976744186045}, "8": {"z": 1.5000000000000002, "qx": -0.0, "qy": -0.0, "qz": -0.023255813953488327, "_k": 13, "y": -3.425166865496446, "x": 3.1395348837209278}, "44": {"z": 0.86800000000000022, "type": "_origin", "_k": 0, "y": -3.425166865496446, "x": 2.5581395348837193},