{"compas": "1.7.1", "datatype": "compas_cem.diagrams/TopologyDiagram", "data": {"adjacency": {"12": {"9": null}, "5": {"4": null, "6": null, "10": null}, "4": {"9": null, "3": null, "5": null}, "7": {"6": null}, "6": {"7": null, "10": null, "5": null}, "1": {"0": null, "8": null, "2": null}, "0": {"1": null}, "3": {"4": null, "9": null, "2": null}, "2": {"1": null, "8": null, "3": null}, "10": {"13": null, "6": null, "5": null}, "13": {"10": null}, "11": {"8": null}, "9": {"4": null, "12": null, "3": null}, "8": {"1": null, "11": null, "2": null}}, "node_attributes": {"z": 0.0, "qx": 0.0, "rx": 0.0, "qy": 0.0, "ry": 0.0, "qz": 0.0, "type": null, "rz": 0.0, "_k": null, "y": 0.0, "x": 0.0}, "node": {"12": {"z": 0.53800000000000026, "type": "support", "_k": 1, "y": -3.425166865496446, "x": -1.609823385706477e-15}, "5": {"z": 1.5000000000000002, "qx": -0.0, "qy": -0.0, "qz": -0.14285714285714274, "_k": 1, "y": -3.425166865496446, "x": -2.1428571428571437}, "4": {"z": 1.5000000000000002, "qx": -0.0, "qy": -0.0, "qz": -0.14285714285714279, "type": "_origin", "_k": 0, "y": -3.425166865496446, "x": -0.71428571428571563}, "7": {"z": 1.5000000000000002, "qx": -0.0, "qy": -0.0, "qz": -0.071428571428571536, "type": "support", "_k": 3, "y": -3.425166865496446, "x": -5.0000000000000009}, "6": {"z": 1.5000000000000002, "qx": -0.0, "qy": -0.0, "qz": -0.14285714285714285, "_k": 2, "y": -3.425166865496446, "x": -3.5714285714285703}, "1": {"z": 1.5000000000000002, "qx": -0.0, "qy": -0.0, "qz": -0.14285714285714282, "_k": 2, "y": -3.425166865496446, "x": 3.5714285714285698}, "0": {"z": 1.5000000000000002, "qx": -0.0, "qy": -0.0, "qz": -0.071428571428571383, "type": "support", "_k": 3, "y": -3.425166865496446, "x": 4.9999999999999973}, "3": {"z": 1.5000000000000002, "qx": -0.0, "qy": -0.0, "qz": -0.14285714285714285, "type": "_origin", "_k": 0, "y": -3.425166865496446, "x": 0.71428571428571241}, "2": {"z": 1.5000000000000002, "qx": -0.0, "qy": -0.0, "qz": -0.14285714285714288, "_k": 1, "y": -3.425166865496446, "x": 2.142857142857141}, "10": {"z": 0.86800000000000022, "type": "_origin", "_k": 0, "y": -3.425166865496446, "x": -2.8571428571428568}, "13": {"z": 0.53800000000000026, "type": "support", "_k": 1, "y": -3.425166865496446, "x": -2.8571428571428568}, "11": {"z": 0.53800000000000026, "type": "support", "_k": 1, "y": -3.425166865496446, "x": 2.8571428571428554}, "9": {"z": 0.86800000000000022, "type": "_origin", "_k": 0, "y": -3.425166865496446, "x": -1.609823385706477e-15}, "8": {"z": 0.86800000000000022, "type": "_origin", "_k": 0, "y": -3.425166865496446, "x": 2.8571428571428554}}, "max_int_key": 13, "attributes": {"gkey_node": {"0.714,-3.425,1.500": 3, "-2.857,-3.425,0.868": 10, "0.000,-3.425,0.538": 12, "2.857,-3.425,0.868": 8, "5.000,-3.425,1.500": 0, "3.571,-3.425,1.500": 1, "-0.714,-3.425,1.500": 4, "-2.143,-3.425,1.500": 5, "-3.571,-3.425,1.500": 6, "0.000,-3.425,0.868": 9, "-2.857,-3.425,0.538": 13, "2.143,-3.425,1.500": 2, "-5.000,-3.425,1.500": 7, "2.857,-3.425,0.538": 11}, "name": "Network", "_aux_length": 0.33000000000000002, "_trails": {"3": [3, 2, 1, 0], "4": [4, 5, 6, 7], "8": [8, 11], "9": [9, 12], "10": [10, 13]}, "tol": "3f", "_auxiliary_trails": {"8": [8, 11], "9": [9, 12], "10": [10, 13]}, "_aux_vector": {"dtype": "compas.geometry/Vector", "value": [-0.0, -0.0, -1.0]}}, "edge_attributes": {"force": 0.0, "type": null, "length": 0.0}, "edge": {"12": {}, "5": {"6": {"length": -1.4285714285714266, "type": "trail"}}, "4": {"5": {"length": -1.4285714285714279, "type": "trail"}}, "7": {}, "6": {"7": {"length": -1.4285714285714306, "type": "trail"}}, "1": {"2": {"length": -1.4285714285714288, "type": "trail"}}, "0": {"1": {"length": -1.4285714285714275, "type": "trail"}}, "3": {"4": {"force": -12.9, "type": "deviation"}}, "2": {"3": {"length": -1.4285714285714286, "type": "trail"}}, "10": {"13": {"length": 0.33000000000000002, "type": "trail"}, "6": {"force": -0.5, "type": "deviation"}, "5": {"force": -0.5, "type": "deviation"}}, "13": {}, "11": {}, "9": {"4": {"force": -0.5, "type": "deviation"}, "12": {"length": 0.33000000000000002, "type": "trail"}, "3": {"force": -0.5, "type": "deviation"}}, "8": {"1": {"force": -0.5, "type": "deviation"}, "11": {"length": 0.33000000000000002, "type": "trail"}, "2": {"force": -0.5, "type": "deviation"}}}}}