{"compas": "1.7.1", "datatype": "compas_cem.diagrams/TopologyDiagram", "data": {"adjacency": {"14": {"11": null}, "12": {"7": null, "6": null, "15": null}, "5": {"4": null, "6": null, "11": null}, "4": {"5": null, "3": null, "11": null}, "7": {"12": null, "6": null, "8": null}, "6": {"12": null, "7": null, "5": null}, "1": {"0": null, "2": null}, "0": {"1": null}, "3": {"4": null, "10": null, "2": null}, "2": {"1": null, "3": null, "10": null}, "10": {"13": null, "3": null, "2": null}, "13": {"10": null}, "15": {"12": null}, "11": {"4": null, "14": null, "5": null}, "9": {"8": null}, "8": {"7": null, "9": null}}, "node_attributes": {"z": 0.0, "qx": 0.0, "rx": 0.0, "qy": 0.0, "ry": 0.0, "qz": 0.0, "type": null, "rz": 0.0, "_k": null, "y": 0.0, "x": 0.0}, "node": {"14": {"z": 0.53800000000000026, "type": "support", "_k": 1, "y": -3.425166865496446, "x": -2.1094237467877974e-15}, "12": {"z": 0.86800000000000022, "type": "_origin", "_k": 0, "y": -3.425166865496446, "x": -2.2222222222222245}, "5": {"z": 1.5000000000000002, "qx": -0.0, "qy": -0.0, "qz": -0.11111111111111112, "type": "_origin", "_k": 0, "y": -3.425166865496446, "x": -0.55555555555555747}, "4": {"z": 1.5000000000000002, "qx": -0.0, "qy": -0.0, "qz": -0.1111111111111111, "type": "_origin", "_k": 0, "y": -3.425166865496446, "x": 0.55555555555555325}, "7": {"z": 1.5000000000000002, "qx": -0.0, "qy": -0.0, "qz": -0.11111111111111119, "_k": 2, "y": -3.425166865496446, "x": -2.7777777777777803}, "6": {"z": 1.5000000000000002, "qx": -0.0, "qy": -0.0, "qz": -0.11111111111111116, "_k": 1, "y": -3.425166865496446, "x": -1.666666666666669}, "1": {"z": 1.5000000000000002, "qx": -0.0, "qy": -0.0, "qz": -0.1111111111111111, "_k": 3, "y": -3.425166865496446, "x": 3.8888888888888866}, "0": {"z": 1.5000000000000002, "qx": -0.0, "qy": -0.0, "qz": -0.055555555555555539, "type": "support", "_k": 4, "y": -3.425166865496446, "x": 4.9999999999999973}, "3": {"z": 1.5000000000000002, "qx": -0.0, "qy": -0.0, "qz": -0.1111111111111111, "_k": 1, "y": -3.425166865496446, "x": 1.6666666666666645}, "2": {"z": 1.5000000000000002, "qx": -0.0, "qy": -0.0, "qz": -0.1111111111111111, "_k": 2, "y": -3.425166865496446, "x": 2.7777777777777755}, "10": {"z": 0.86800000000000022, "type": "_origin", "_k": 0, "y": -3.425166865496446, "x": 2.2222222222222201}, "13": {"z": 0.53800000000000026, "type": "support", "_k": 1, "y": -3.425166865496446, "x": 2.2222222222222201}, "15": {"z": 0.53800000000000026, "type": "support", "_k": 1, "y": -3.425166865496446, "x": -2.2222222222222245}, "11": {"z": 0.86800000000000022, "type": "_origin", "_k": 0, "y": -3.425166865496446, "x": -2.1094237467877974e-15}, "9": {"z": 1.5000000000000002, "qx": -0.0, "qy": -0.0, "qz": -0.055555555555555428, "type": "support", "_k": 4, "y": -3.425166865496446, "x": -5.0000000000000009}, "8": {"z": 1.5000000000000002, "qx": -0.0, "qy": -0.0, "qz": -0.11111111111111104, "_k": 3, "y": -3.425166865496446, "x": -3.8888888888888924}}, "max_int_key": 15, "attributes": {"gkey_node": {"3.889,-3.425,1.500": 1, "0.556,-3.425,1.500": 4, "-3.889,-3.425,1.500": 8, "1.667,-3.425,1.500": 3, "0.000,-3.425,0.538": 14, "-0.556,-3.425,1.500": 5, "2.222,-3.425,0.538": 13, "-2.778,-3.425,1.500": 7, "2.778,-3.425,1.500": 2, "5.000,-3.425,1.500": 0, "0.000,-3.425,0.868": 11, "-1.667,-3.425,1.500": 6, "-2.222,-3.425,0.868": 12, "-5.000,-3.425,1.500": 9, "-2.222,-3.425,0.538": 15, "2.222,-3.425,0.868": 10}, "name": "Network", "_aux_length": 0.33000000000000002, "_trails": {"4": [4, 3, 2, 1, 0], "5": [5, 6, 7, 8, 9], "10": [10, 13], "11": [11, 14], "12": [12, 15]}, "tol": "3f", "_auxiliary_trails": {"10": [10, 13], "11": [11, 14], "12": [12, 15]}, "_aux_vector": {"dtype": "compas.geometry/Vector", "value": [-0.0, -0.0, -1.0]}}, "edge_attributes": {"force": 0.0, "type": null, "length": 0.0}, "edge": {"14": {}, "12": {"7": {"force": -0.5, "type": "deviation"}, "6": {"force": -0.5, "type": "deviation"}, "15": {"length": 0.33000000000000002, "type": "trail"}}, "5": {"6": {"length": -1.1111111111111116, "type": "trail"}}, "4": {"5": {"force": -12.9, "type": "deviation"}}, "7": {"8": {"length": -1.111111111111112, "type": "trail"}}, "6": {"7": {"length": -1.1111111111111114, "type": "trail"}}, "1": {"2": {"length": -1.1111111111111112, "type": "trail"}}, "0": {"1": {"length": -1.1111111111111107, "type": "trail"}}, "3": {"4": {"length": -1.1111111111111112, "type": "trail"}}, "2": {"3": {"length": -1.1111111111111109, "type": "trail"}}, "10": {"13": {"length": 0.33000000000000002, "type": "trail"}, "3": {"force": -0.5, "type": "deviation"}, "2": {"force": -0.5, "type": "deviation"}}, "13": {}, "15": {}, "11": {"4": {"force": -0.5, "type": "deviation"}, "14": {"length": 0.33000000000000002, "type": "trail"}, "5": {"force": -0.5, "type": "deviation"}}, "9": {}, "8": {"9": {"length": -1.1111111111111085, "type": "trail"}}}}}