{"data": {"node": {"21": {"type": "_origin", "qy": -0.0, "z": 1.5000000000000002, "x": 0.71428571428571208, "qz": -0.5, "y": -2.425166865496446, "_k": 0, "qx": -0.0}, "10": {"qy": -0.0, "z": 1.5000000000000002, "x": -2.8571428571428585, "qz": -0.5, "y": -2.425166865496446, "_k": 3, "qx": -0.0}, "14": {"type": "_origin", "qy": -0.0, "z": 1.5000000000000002, "x": 0.71428571428571208, "qz": -0.5, "y": -3.425166865496446, "_k": 0, "qx": -0.0}, "13": {"qx": -0.0, "qy": -0.0, "z": 1.5000000000000002, "x": -5.0000000000000009, "qz": -0.5, "y": -2.425166865496446, "_k": 6, "type": "support"}, "31": {"type": "_origin", "qy": -0.0, "z": 1.5000000000000002, "x": -2.1316282072803005e-15, "qz": -0.5, "y": -2.425166865496446, "_k": 0, "qx": -0.0}, "3": {"qy": -0.0, "z": 1.5000000000000002, "x": -2.8571428571428585, "qz": -0.5, "y": -3.425166865496446, "_k": 3, "qx": -0.0}, "1": {"qy": -0.0, "z": 1.5000000000000002, "x": -1.4285714285714306, "qz": -0.5, "y": -3.425166865496446, "_k": 1, "qx": -0.0}, "35": {"z": 1.2500000000000002, "x": -2.1316282072803005e-15, "y": -2.425166865496446, "_k": 1, "type": "support"}, "9": {"qy": -0.0, "z": 1.5000000000000002, "x": -2.1428571428571446, "qz": -0.5, "y": -2.425166865496446, "_k": 2, "qx": -0.0}, "30": {"type": "_origin", "qy": -0.0, "z": 1.5000000000000002, "x": -2.1316282072803005e-15, "qz": -0.5, "y": -3.425166865496446, "_k": 0, "qx": -0.0}, "22": {"qy": -0.0, "z": 1.5000000000000002, "x": 1.4285714285714262, "qz": -0.5, "y": -2.425166865496446, "_k": 1, "qx": -0.0}, "20": {"qx": -0.0, "qy": -0.0, "z": 1.5000000000000002, "x": 4.9999999999999973, "qz": -0.5, "y": -3.425166865496446, "_k": 6, "type": "support"}, "23": {"qy": -0.0, "z": 1.5000000000000002, "x": 2.1428571428571401, "qz": -0.5, "y": -2.425166865496446, "_k": 2, "qx": -0.0}, "24": {"qy": -0.0, "z": 1.5000000000000002, "x": 2.8571428571428545, "qz": -0.5, "y": -2.425166865496446, "_k": 3, "qx": -0.0}, "16": {"qy": -0.0, "z": 1.5000000000000002, "x": 2.1428571428571401, "qz": -0.5, "y": -3.425166865496446, "_k": 2, "qx": -0.0}, "29": {"z": 1.0000000000000002, "x": 1.6666666666666647, "y": -2.925166865496446, "_k": 0, "type": "_origin"}, "33": {"z": 0.75000000000000022, "x": 1.6666666666666647, "y": -2.925166865496446, "_k": 1, "type": "support"}, "7": {"type": "_origin", "qy": -0.0, "z": 1.5000000000000002, "x": -0.71428571428571586, "qz": -0.5, "y": -2.425166865496446, "_k": 0, "qx": -0.0}, "18": {"qy": -0.0, "z": 1.5000000000000002, "x": 3.5714285714285685, "qz": -0.5, "y": -3.425166865496446, "_k": 4, "qx": -0.0}, "17": {"qy": -0.0, "z": 1.5000000000000002, "x": 2.8571428571428545, "qz": -0.5, "y": -3.425166865496446, "_k": 3, "qx": -0.0}, "34": {"z": 1.2500000000000002, "x": -2.1316282072803005e-15, "y": -3.425166865496446, "_k": 1, "type": "support"}, "25": {"qy": -0.0, "z": 1.5000000000000002, "x": 3.5714285714285685, "qz": -0.5, "y": -2.425166865496446, "_k": 4, "qx": -0.0}, "6": {"qx": -0.0, "qy": -0.0, "z": 1.5000000000000002, "x": -5.0000000000000009, "qz": -0.5, "y": -3.425166865496446, "_k": 6, "type": "support"}, "32": {"z": 0.75000000000000022, "x": -1.6666666666666692, "y": -2.925166865496446, "_k": 1, "type": "support"}, "28": {"z": 1.0000000000000002, "x": -1.6666666666666692, "y": -2.925166865496446, "_k": 0, "type": "_origin"}, "19": {"qy": -0.0, "z": 1.5000000000000002, "x": 4.2857142857142829, "qz": -0.5, "y": -3.425166865496446, "_k": 5, "qx": -0.0}, "4": {"qy": -0.0, "z": 1.5000000000000002, "x": -3.5714285714285725, "qz": -0.5, "y": -3.425166865496446, "_k": 4, "qx": -0.0}, "12": {"qy": -0.0, "z": 1.5000000000000002, "x": -4.2857142857142865, "qz": -0.5, "y": -2.425166865496446, "_k": 5, "qx": -0.0}, "2": {"qy": -0.0, "z": 1.5000000000000002, "x": -2.1428571428571446, "qz": -0.5, "y": -3.425166865496446, "_k": 2, "qx": -0.0}, "27": {"qx": -0.0, "qy": -0.0, "z": 1.5000000000000002, "x": 4.9999999999999973, "qz": -0.5, "y": -2.425166865496446, "_k": 6, "type": "support"}, "5": {"qy": -0.0, "z": 1.5000000000000002, "x": -4.2857142857142865, "qz": -0.5, "y": -3.425166865496446, "_k": 5, "qx": -0.0}, "0": {"type": "_origin", "qy": -0.0, "z": 1.5000000000000002, "x": -0.71428571428571586, "qz": -0.5, "y": -3.425166865496446, "_k": 0, "qx": -0.0}, "8": {"qy": -0.0, "z": 1.5000000000000002, "x": -1.4285714285714306, "qz": -0.5, "y": -2.425166865496446, "_k": 1, "qx": -0.0}, "11": {"qy": -0.0, "z": 1.5000000000000002, "x": -3.5714285714285725, "qz": -0.5, "y": -2.425166865496446, "_k": 4, "qx": -0.0}, "26": {"qy": -0.0, "z": 1.5000000000000002, "x": 4.2857142857142829, "qz": -0.5, "y": -2.425166865496446, "_k": 5, "qx": -0.0}, "15": {"qy": -0.0, "z": 1.5000000000000002, "x": 1.4285714285714262, "qz": -0.5, "y": -3.425166865496446, "_k": 1, "qx": -0.0}}, "adjacency": {"21": {"14": null, "22": null, "31": null}, "10": {"3": null, "11": null, "9": null}, "14": {"30": null, "21": null, "15": null}, "13": {"6": null, "28": null, "12": null}, "31": {"28": null, "7": null, "30": null, "21": null, "29": null, "35": null}, "3": {"2": null, "10": null, "4": null}, "1": {"2": null, "0": null, "8": null}, "35": {"31": null}, "9": {"2": null, "10": null, "8": null}, "30": {"31": null, "14": null, "28": null, "34": null, "0": null, "29": null}, "22": {"23": null, "21": null, "15": null}, "20": {"29": null, "19": null, "27": null}, "23": {"22": null, "24": null, "16": null}, "24": {"23": null, "17": null, "25": null}, "16": {"23": null, "15": null, "17": null}, "29": {"20": null, "33": null, "31": null, "28": null, "27": null, "30": null}, "33": {"29": null}, "7": {"0": null, "8": null, "31": null}, "18": {"19": null, "17": null, "25": null}, "17": {"24": null, "18": null, "16": null}, "34": {"30": null}, "25": {"24": null, "26": null, "18": null}, "6": {"13": null, "28": null, "5": null}, "32": {"28": null}, "28": {"31": null, "13": null, "30": null, "6": null, "29": null, "32": null}, "19": {"26": null, "18": null, "20": null}, "4": {"3": null, "11": null, "5": null}, "12": {"11": null, "13": null, "5": null}, "2": {"1": null, "3": null, "9": null}, "27": {"29": null, "26": null, "20": null}, "5": {"6": null, "12": null, "4": null}, "0": {"1": null, "30": null, "7": null}, "8": {"1": null, "9": null, "7": null}, "11": {"10": null, "12": null, "4": null}, "26": {"19": null, "27": null, "25": null}, "15": {"14": null, "22": null, "16": null}}, "max_int_key": 35, "edge": {"21": {"22": {"length": -0.71428571428571408, "type": "trail"}}, "10": {"11": {"length": -0.71428571428571397, "type": "trail"}}, "14": {"21": {"force": -0.10000000000000001, "type": "deviation"}, "15": {"length": -0.71428571428571408, "type": "trail"}}, "13": {}, "31": {"35": {"length": 0.25, "type": "trail"}, "7": {"force": -17.899999999999999, "type": "deviation"}, "21": {"force": -17.899999999999999, "type": "deviation"}}, "3": {"10": {"force": -0.10000000000000001, "type": "deviation"}, "4": {"length": -0.71428571428571397, "type": "trail"}}, "1": {"2": {"length": -0.71428571428571397, "type": "trail"}, "8": {"force": -0.10000000000000001, "type": "deviation"}}, "35": {}, "9": {"10": {"length": -0.71428571428571397, "type": "trail"}}, "30": {"31": {"force": -0.10000000000000001, "type": "deviation"}, "14": {"force": -17.899999999999999, "type": "deviation"}, "34": {"length": 0.25, "type": "trail"}, "0": {"force": -17.899999999999999, "type": "deviation"}, "29": {"force": -0.90000000000000002, "type": "deviation"}}, "22": {"23": {"length": -0.71428571428571397, "type": "trail"}}, "20": {"27": {"force": -0.10000000000000001, "type": "deviation"}}, "23": {"24": {"length": -0.71428571428571441, "type": "trail"}}, "24": {"25": {"length": -0.71428571428571397, "type": "trail"}}, "16": {"23": {"force": -0.10000000000000001, "type": "deviation"}, "17": {"length": -0.71428571428571441, "type": "trail"}}, "29": {"33": {"length": 0.25, "type": "trail"}, "27": {"force": 3.7999999999999998, "type": "deviation"}, "20": {"force": 3.7999999999999998, "type": "deviation"},