{"data": {"node": {"9": {"z": 1.0000000000000002, "x": 1.6666666666666647, "y": -2.925166865496446, "_k": 0, "type": "_origin"}, "14": {"z": 1.2500000000000002, "x": -2.1316282072803005e-15, "y": -3.425166865496446, "_k": 1, "type": "support"}, "7": {"qx": -0.0, "qy": -0.0, "z": 1.5000000000000002, "x": 4.9999999999999973, "qz": -0.5, "y": -2.425166865496446, "_k": 1, "type": "support"}, "12": {"z": 0.75000000000000022, "x": -1.6666666666666692, "y": -2.925166865496446, "_k": 1, "type": "support"}, "10": {"type": "_origin", "qy": -0.0, "z": 1.5000000000000002, "x": -2.1316282072803005e-15, "qz": -0.5, "y": -3.425166865496446, "_k": 0, "qx": -0.0}, "3": {"qx": -0.0, "qy": -0.0, "z": 1.5000000000000002, "x": -5.0000000000000009, "qz": -0.5, "y": -2.425166865496446, "_k": 1, "type": "support"}, "15": {"z": 1.2500000000000002, "x": -2.1316282072803005e-15, "y": -2.425166865496446, "_k": 1, "type": "support"}, "5": {"qx": -0.0, "qy": -0.0, "z": 1.5000000000000002, "x": 4.9999999999999973, "qz": -0.5, "y": -3.425166865496446, "_k": 1, "type": "support"}, "13": {"z": 0.75000000000000022, "x": 1.6666666666666647, "y": -2.925166865496446, "_k": 1, "type": "support"}, "0": {"type": "_origin", "qy": -0.0, "z": 1.5000000000000002, "x": -2.5000000000000013, "qz": -0.5, "y": -3.425166865496446, "_k": 0, "qx": -0.0}, "4": {"type": "_origin", "qy": -0.0, "z": 1.5000000000000002, "x": 2.4999999999999978, "qz": -0.5, "y": -3.425166865496446, "_k": 0, "qx": -0.0}, "11": {"type": "_origin", "qy": -0.0, "z": 1.5000000000000002, "x": -2.1316282072803005e-15, "qz": -0.5, "y": -2.425166865496446, "_k": 0, "qx": -0.0}, "2": {"type": "_origin", "qy": -0.0, "z": 1.5000000000000002, "x": -2.5000000000000013, "qz": -0.5, "y": -2.425166865496446, "_k": 0, "qx": -0.0}, "1": {"qx": -0.0, "qy": -0.0, "z": 1.5000000000000002, "x": -5.0000000000000009, "qz": -0.5, "y": -3.425166865496446, "_k": 1, "type": "support"}, "6": {"type": "_origin", "qy": -0.0, "z": 1.5000000000000002, "x": 2.4999999999999978, "qz": -0.5, "y": -2.425166865496446, "_k": 0, "qx": -0.0}, "8": {"z": 1.0000000000000002, "x": -1.6666666666666692, "y": -2.925166865496446, "_k": 0, "type": "_origin"}}, "adjacency": {"9": {"7": null, "10": null, "5": null, "13": null, "11": null, "8": null}, "14": {"10": null}, "7": {"6": null, "9": null, "5": null}, "12": {"8": null}, "10": {"9": null, "14": null, "0": null, "11": null, "4": null, "8": null}, "3": {"1": null, "2": null, "8": null}, "15": {"11": null}, "5": {"9": null, "7": null, "4": null}, "13": {"9": null}, "0": {"1": null, "2": null, "10": null}, "4": {"10": null, "6": null, "5": null}, "11": {"9": null, "10": null, "15": null, "2": null, "6": null, "8": null}, "2": {"3": null, "0": null, "11": null}, "1": {"3": null, "0": null, "8": null}, "6": {"11": null, "7": null, "4": null}, "8": {"9": null, "12": null, "10": null, "3": null, "11": null, "1": null}}, "max_int_key": 15, "edge": {"9": {"11": {"force": -0.90000000000000002, "type": "deviation"}, "13": {"length": 0.25, "type": "trail"}, "7": {"force": 3.7999999999999998, "type": "deviation"}, "5": {"force": 3.7999999999999998, "type": "deviation"}}, "14": {}, "7": {}, "12": {}, "10": {"9": {"force": -0.90000000000000002, "type": "deviation"}, "14": {"length": 0.25, "type": "trail"}, "0": {"force": -17.899999999999999, "type": "deviation"}, "11": {"force": -0.10000000000000001, "type": "deviation"}, "4": {"force": -17.899999999999999, "type": "deviation"}}, "3": {}, "15": {}, "5": {"7": {"force": -0.10000000000000001, "type": "deviation"}}, "13": {}, "0": {"1": {"length": -2.4999999999999996, "type": "trail"}, "2": {"force": -0.10000000000000001, "type": "deviation"}}, "4": {"6": {"force": -0.10000000000000001, "type": "deviation"}, "5": {"length": -2.4999999999999996, "type": "trail"}}, "11": {"2": {"force": -17.899999999999999, "type": "deviation"}, "6": {"force": -17.899999999999999, "type": "deviation"}, "15": {"length": 0.25, "type": "trail"}}, "2": {"3": {"length": -2.4999999999999996, "type": "trail"}}, "1": {"3": {"force": -0.10000000000000001, "type": "deviation"}, "8": {"force": 3.7999999999999998, "type": "deviation"}}, "6": {"7": {"length": -2.4999999999999996, "type": "trail"}}, "8": {"9": {"force": 3.7999999999999998, "type": "deviation"}, "12": {"length": 0.25, "type": "trail"}, "10": {"force": -0.90000000000000002, "type": "deviation"}, "3": {"force": 3.7999999999999998, "type": "deviation"}, "11": {"force": -0.90000000000000002, "type": "deviation"}}}, "edge_attributes": {"length": 0.0, "type": null, "force": 0.0}, "node_attributes": {"qx": 0.0, "qy": 0.0, "z": 0.0, "rx": 0.0, "rz": 0.0, "x": 0.0, "qz": 0.0, "y": 0.0, "_k": null, "ry": 0.0, "type": null}, "attributes": {"_aux_vector": {"dtype": "compas.geometry/Vector", "value": [-0.0, -0.0, -1.0]}, "tol": "3f", "gkey_node": {"1.667,-2.925,1.000": 9, "2.500,-2.425,1.500": 6, "-2.500,-2.425,1.500": 2, "-5.000,-2.425,1.500": 3, "5.000,-3.425,1.500": 5, "0.000,-2.425,1.250": 15, "5.000,-2.425,1.500": 7, "-1.667,-2.925,1.000": 8, "2.500,-3.425,1.500": 4, "-5.000,-3.425,1.500": 1, "-1.667,-2.925,0.750": 12, "1.667,-2.925,0.750": 13, "0.000,-3.425,1.500": 10, "0.000,-2.425,1.500": 11, "0.000,-3.425,1.250": 14, "-2.500,-3.425,1.500": 0}, "name": "Network", "_auxiliary_trails": {"8": [8, 12], "9": [9, 13], "10": [10, 14], "11": [11, 15]}, "_trails": {"0": [0, 1], "2": [2, 3], "4": [4, 5], "6": [6, 7], "8": [8, 12], "9": [9, 13], "10": [10, 14], "11": [11, 15]}, "_aux_length": 0.25}}, "datatype": "compas_cem.diagrams/TopologyDiagram", "compas": "1.7.1"}