{"data": {"node": {"21": {"qy": -0.0, "z": 1.5000000000000002, "x": 3.7499999999999978, "qz": -0.5, "y": -3.425166865496446, "_k": 5, "qx": -0.0}, "36": {"z": 0.75000000000000022, "x": -1.6666666666666692, "y": -2.925166865496446, "_k": 1, "type": "support"}, "10": {"qy": -0.0, "z": 1.5000000000000002, "x": -1.8750000000000018, "qz": -0.5, "y": -2.425166865496446, "_k": 2, "qx": -0.0}, "14": {"qy": -0.0, "z": 1.5000000000000002, "x": -4.3750000000000009, "qz": -0.5, "y": -2.425166865496446, "_k": 6, "qx": -0.0}, "13": {"qy": -0.0, "z": 1.5000000000000002, "x": -3.7500000000000013, "qz": -0.5, "y": -2.425166865496446, "_k": 5, "qx": -0.0}, "31": {"qx": -0.0, "qy": -0.0, "z": 1.5000000000000002, "x": 4.9999999999999973, "qz": -0.5, "y": -2.425166865496446, "_k": 7, "type": "support"}, "3": {"qy": -0.0, "z": 1.5000000000000002, "x": -2.5000000000000013, "qz": -0.5, "y": -3.425166865496446, "_k": 3, "qx": -0.0}, "1": {"qy": -0.0, "z": 1.5000000000000002, "x": -1.250000000000002, "qz": -0.5, "y": -3.425166865496446, "_k": 1, "qx": -0.0}, "35": {"type": "_origin", "qy": -0.0, "z": 1.5000000000000002, "x": -2.1316282072803005e-15, "qz": -0.5, "y": -2.425166865496446, "_k": 0, "qx": -0.0}, "9": {"qy": -0.0, "z": 1.5000000000000002, "x": -1.250000000000002, "qz": -0.5, "y": -2.425166865496446, "_k": 1, "qx": -0.0}, "30": {"qy": -0.0, "z": 1.5000000000000002, "x": 4.3749999999999973, "qz": -0.5, "y": -2.425166865496446, "_k": 6, "qx": -0.0}, "22": {"qy": -0.0, "z": 1.5000000000000002, "x": 4.3749999999999973, "qz": -0.5, "y": -3.425166865496446, "_k": 6, "qx": -0.0}, "20": {"qy": -0.0, "z": 1.5000000000000002, "x": 3.1249999999999973, "qz": -0.5, "y": -3.425166865496446, "_k": 4, "qx": -0.0}, "23": {"qx": -0.0, "qy": -0.0, "z": 1.5000000000000002, "x": 4.9999999999999973, "qz": -0.5, "y": -3.425166865496446, "_k": 7, "type": "support"}, "24": {"type": "_origin", "qy": -0.0, "z": 1.5000000000000002, "x": 0.62499999999999778, "qz": -0.5, "y": -2.425166865496446, "_k": 0, "qx": -0.0}, "16": {"type": "_origin", "qy": -0.0, "z": 1.5000000000000002, "x": 0.62499999999999778, "qz": -0.5, "y": -3.425166865496446, "_k": 0, "qx": -0.0}, "29": {"qy": -0.0, "z": 1.5000000000000002, "x": 3.7499999999999978, "qz": -0.5, "y": -2.425166865496446, "_k": 5, "qx": -0.0}, "33": {"z": 1.0000000000000002, "x": 1.6666666666666647, "y": -2.925166865496446, "_k": 0, "type": "_origin"}, "7": {"qx": -0.0, "qy": -0.0, "z": 1.5000000000000002, "x": -5.0000000000000009, "qz": -0.5, "y": -3.425166865496446, "_k": 7, "type": "support"}, "18": {"qy": -0.0, "z": 1.5000000000000002, "x": 1.8749999999999978, "qz": -0.5, "y": -3.425166865496446, "_k": 2, "qx": -0.0}, "17": {"qy": -0.0, "z": 1.5000000000000002, "x": 1.2499999999999978, "qz": -0.5, "y": -3.425166865496446, "_k": 1, "qx": -0.0}, "34": {"type": "_origin", "qy": -0.0, "z": 1.5000000000000002, "x": -2.1316282072803005e-15, "qz": -0.5, "y": -3.425166865496446, "_k": 0, "qx": -0.0}, "25": {"qy": -0.0, "z": 1.5000000000000002, "x": 1.2499999999999978, "qz": -0.5, "y": -2.425166865496446, "_k": 1, "qx": -0.0}, "6": {"qy": -0.0, "z": 1.5000000000000002, "x": -4.3750000000000009, "qz": -0.5, "y": -3.425166865496446, "_k": 6, "qx": -0.0}, "32": {"z": 1.0000000000000002, "x": -1.6666666666666692, "y": -2.925166865496446, "_k": 0, "type": "_origin"}, "28": {"qy": -0.0, "z": 1.5000000000000002, "x": 3.1249999999999973, "qz": -0.5, "y": -2.425166865496446, "_k": 4, "qx": -0.0}, "38": {"z": 1.2500000000000002, "x": -2.1316282072803005e-15, "y": -3.425166865496446, "_k": 1, "type": "support"}, "19": {"qy": -0.0, "z": 1.5000000000000002, "x": 2.4999999999999978, "qz": -0.5, "y": -3.425166865496446, "_k": 3, "qx": -0.0}, "37": {"z": 0.75000000000000022, "x": 1.6666666666666647, "y": -2.925166865496446, "_k": 1, "type": "support"}, "4": {"qy": -0.0, "z": 1.5000000000000002, "x": -3.1250000000000013, "qz": -0.5, "y": -3.425166865496446, "_k": 4, "qx": -0.0}, "12": {"qy": -0.0, "z": 1.5000000000000002, "x": -3.1250000000000013, "qz": -0.5, "y": -2.425166865496446, "_k": 4, "qx": -0.0}, "39": {"z": 1.2500000000000002, "x": -2.1316282072803005e-15, "y": -2.425166865496446, "_k": 1, "type": "support"}, "2": {"qy": -0.0, "z": 1.5000000000000002, "x": -1.8750000000000018, "qz": -0.5, "y": -3.425166865496446, "_k": 2, "qx": -0.0}, "27": {"qy": -0.0, "z": 1.5000000000000002, "x": 2.4999999999999978, "qz": -0.5, "y": -2.425166865496446, "_k": 3, "qx": -0.0}, "5": {"qy": -0.0, "z": 1.5000000000000002, "x": -3.7500000000000013, "qz": -0.5, "y": -3.425166865496446, "_k": 5, "qx": -0.0}, "0": {"type": "_origin", "qy": -0.0, "z": 1.5000000000000002, "x": -0.62500000000000211, "qz": -0.5, "y": -3.425166865496446, "_k": 0, "qx": -0.0}, "8": {"type": "_origin", "qy": -0.0, "z": 1.5000000000000002, "x": -0.62500000000000211, "qz": -0.5, "y": -2.425166865496446, "_k": 0, "qx": -0.0}, "11": {"qy": -0.0, "z": 1.5000000000000002, "x": -2.5000000000000013, "qz": -0.5, "y": -2.425166865496446, "_k": 3, "qx": -0.0}, "26": {"qy": -0.0, "z": 1.5000000000000002, "x": 1.8749999999999978, "qz": -0.5, "y": -2.425166865496446, "_k": 2, "qx": -0.0}, "15": {"qx": -0.0, "qy": -0.0, "z": 1.5000000000000002, "x": -5.0000000000000009, "qz": -0.5, "y": -2.425166865496446, "_k": 7, "type": "support"}}, "adjacency": {"21": {"29": null, "22": null, "20": null}, "36": {"32": null}, "10": {"2": null, "11": null, "9": null}, "14": {"6": null, "13": null, "15": null}, "13": {"14": null, "12": null, "5": null}, "31": {"30": null, "23": null, "33": null}, "3": {"2": null, "11": null, "4": null}, "1": {"2": null, "0": null, "9": null}, "35": {"33": null, "34": null, "39": null, "24": null, "8": null, "32": null}, "9": {"1": null, "10": null, "8": null}, "30": {"29": null, "22": null, "31": null}, "22": {"23": null, "30": null, "21": null}, "20": {"19": null, "21": null, "28": null}, "23": {"22": null, "33": null, "31": null}, "24": {"35": null, "25": null, "16": null}, "16": {"24": null, "17": null, "34": null}, "29": {"30": null, "21": null, "28": null}, "33": {"37": null, "31": null, "34": null, "23": null, "35": null, "32": null}, "7": {"6": null, "32": null, "15": null}, "18": {"19": null, "26": null, "17": null}, "17": {"18": null, "16": null, "25": null}, "34": {"16": null, "33": null, "38": null, "0": null, "35": null, "32": null}, "25": {"24": null, "26": null, "17": null}, "6": {"14": null, "7": null, "5": null}, "32": {"33": null, "7": null, "15": null, "34": null, "36": null, "35": null}, "28": {"29": null, "27": null, "20": null}, "38": {"34": null}, "19": {"27": null, "20": null, "18": null}, "37": {"33": null}, "4": {"3": null, "12": null, "5": null}, "12": {"11": null, "13": null, "4": null}, "39": {"35": null}, "2": {"1": null, "3": null, "10": null}, "27": {"19": null, "26": null, "28": null}, "5": {"6": null, "13": null, "4": null}, "0": {"1": null, "8": null, "34": null}, "8": {"35": null, "0": null, "9": null}, "11": {"10": null, "3": null, "12": null}, "26": {"27": null, "25": null, "18": null}, "15": {"14": null, "32": null, "7": null}}, "max_int_key": 39, "edge": {"21": {"29": {"force": -0.10000000000000001, "type": "deviation"}, "22": {"length": -0.62499999999999956, "type": "trail"}}, "36": {}, "10": {"11": {"length": -0.62499999999999956, "type": "trail"}}, "14": {"15": {"length": -0.625, "type": "trail"}}, "13": {"14": {"length": -0.62499999999999956, "type": "trail"}}, "31": {}, "3": {"11": {"force": -0.10000000000000001, "type": "deviation"}, "4": {"length": -0.625, "type": "trail"}}, "1": {"2": {"length": -0.62499999999999978, "type": "trail"}, "9": {"force": -0.10000000000000001, "type": "deviation"}}, "35": {"8": {"force": -17.899999999999999, "type": "deviation"}, "24": {"force": -17.899999999999999, "type": "deviation"}, "39": {"length": 0.25, "type": "trail"}}, "9": {"10": {"length": -0.62499999999999978, "type": "trail"}}, "30": {"31": {"length": -0.625, "type": "trail"}}, "22": {"23": {"length": -0.625, "type": "trail"}, "30": {"force": -0.10000000000000001,