{"data": {"node": {"9": {"type": "_origin", "qy": -0.0, "z": 1.5000000000000002, "x": 1.6666666666666645, "qz": -0.5, "y": -2.425166865496446, "_k": 0, "qx": -0.0}, "14": {"type": "_origin", "qy": -0.0, "z": 1.5000000000000002, "x": -2.1316282072803005e-15, "qz": -0.5, "y": -3.425166865496446, "_k": 0, "qx": -0.0}, "7": {"qy": -0.0, "z": 1.5000000000000002, "x": 3.3333333333333308, "qz": -0.5, "y": -3.425166865496446, "_k": 1, "qx": -0.0}, "12": {"z": 1.0000000000000002, "x": -1.6666666666666692, "y": -2.925166865496446, "_k": 0, "type": "_origin"}, "10": {"qy": -0.0, "z": 1.5000000000000002, "x": 3.3333333333333308, "qz": -0.5, "y": -2.425166865496446, "_k": 1, "qx": -0.0}, "19": {"z": 1.2500000000000002, "x": -2.1316282072803005e-15, "y": -2.425166865496446, "_k": 1, "type": "support"}, "3": {"type": "_origin", "qy": -0.0, "z": 1.5000000000000002, "x": -1.6666666666666676, "qz": -0.5, "y": -2.425166865496446, "_k": 0, "qx": -0.0}, "15": {"type": "_origin", "qy": -0.0, "z": 1.5000000000000002, "x": -2.1316282072803005e-15, "qz": -0.5, "y": -2.425166865496446, "_k": 0, "qx": -0.0}, "5": {"qx": -0.0, "qy": -0.0, "z": 1.5000000000000002, "x": -5.0000000000000009, "qz": -0.5, "y": -2.425166865496446, "_k": 2, "type": "support"}, "13": {"z": 1.0000000000000002, "x": 1.6666666666666647, "y": -2.925166865496446, "_k": 0, "type": "_origin"}, "0": {"type": "_origin", "qy": -0.0, "z": 1.5000000000000002, "x": -1.6666666666666676, "qz": -0.5, "y": -3.425166865496446, "_k": 0, "qx": -0.0}, "4": {"qy": -0.0, "z": 1.5000000000000002, "x": -3.3333333333333353, "qz": -0.5, "y": -2.425166865496446, "_k": 1, "qx": -0.0}, "11": {"qx": -0.0, "qy": -0.0, "z": 1.5000000000000002, "x": 4.9999999999999973, "qz": -0.5, "y": -2.425166865496446, "_k": 2, "type": "support"}, "2": {"qx": -0.0, "qy": -0.0, "z": 1.5000000000000002, "x": -5.0000000000000009, "qz": -0.5, "y": -3.425166865496446, "_k": 2, "type": "support"}, "1": {"qy": -0.0, "z": 1.5000000000000002, "x": -3.3333333333333353, "qz": -0.5, "y": -3.425166865496446, "_k": 1, "qx": -0.0}, "6": {"type": "_origin", "qy": -0.0, "z": 1.5000000000000002, "x": 1.6666666666666645, "qz": -0.5, "y": -3.425166865496446, "_k": 0, "qx": -0.0}, "8": {"qx": -0.0, "qy": -0.0, "z": 1.5000000000000002, "x": 4.9999999999999973, "qz": -0.5, "y": -3.425166865496446, "_k": 2, "type": "support"}, "17": {"z": 0.75000000000000022, "x": 1.6666666666666647, "y": -2.925166865496446, "_k": 1, "type": "support"}, "18": {"z": 1.2500000000000002, "x": -2.1316282072803005e-15, "y": -3.425166865496446, "_k": 1, "type": "support"}, "16": {"z": 0.75000000000000022, "x": -1.6666666666666692, "y": -2.925166865496446, "_k": 1, "type": "support"}}, "adjacency": {"9": {"10": null, "6": null, "15": null}, "14": {"12": null, "15": null, "13": null, "0": null, "18": null, "6": null}, "7": {"10": null, "6": null, "8": null}, "12": {"14": null, "15": null, "13": null, "5": null, "2": null, "16": null}, "10": {"11": null, "9": null, "7": null}, "19": {"15": null}, "3": {"0": null, "15": null, "4": null}, "15": {"9": null, "14": null, "12": null, "19": null, "3": null, "13": null}, "5": {"2": null, "12": null, "4": null}, "13": {"14": null, "12": null, "15": null, "11": null, "17": null, "8": null}, "0": {"1": null, "14": null, "3": null}, "4": {"1": null, "3": null, "5": null}, "11": {"10": null, "13": null, "8": null}, "2": {"1": null, "12": null, "5": null}, "1": {"2": null, "0": null, "4": null}, "6": {"14": null, "9": null, "7": null}, "8": {"11": null, "13": null, "7": null}, "17": {"13": null}, "18": {"14": null}, "16": {"12": null}}, "max_int_key": 19, "edge": {"9": {"10": {"length": -1.6666666666666663, "type": "trail"}}, "14": {"15": {"force": -0.10000000000000001, "type": "deviation"}, "13": {"force": -0.90000000000000002, "type": "deviation"}, "0": {"force": -17.899999999999999, "type": "deviation"}, "18": {"length": 0.25, "type": "trail"}, "6": {"force": -17.899999999999999, "type": "deviation"}}, "7": {"10": {"force": -0.10000000000000001, "type": "deviation"}, "8": {"length": -1.6666666666666665, "type": "trail"}}, "12": {"14": {"force": -0.90000000000000002, "type": "deviation"}, "15": {"force": -0.90000000000000002, "type": "deviation"}, "13": {"force": 3.7999999999999998, "type": "deviation"}, "5": {"force": 3.7999999999999998, "type": "deviation"}, "16": {"length": 0.25, "type": "trail"}}, "10": {"11": {"length": -1.6666666666666665, "type": "trail"}}, "19": {}, "3": {"4": {"length": -1.6666666666666676, "type": "trail"}}, "15": {"3": {"force": -17.899999999999999, "type": "deviation"}, "19": {"length": 0.25, "type": "trail"}, "9": {"force": -17.899999999999999, "type": "deviation"}}, "5": {}, "13": {"11": {"force": 3.7999999999999998, "type": "deviation"}, "8": {"force": 3.7999999999999998, "type": "deviation"}, "15": {"force": -0.90000000000000002, "type": "deviation"}, "17": {"length": 0.25, "type": "trail"}}, "0": {"1": {"length": -1.6666666666666676, "type": "trail"}, "3": {"force": -0.10000000000000001, "type": "deviation"}}, "4": {"5": {"length": -1.6666666666666656, "type": "trail"}}, "11": {}, "2": {"12": {"force": 3.7999999999999998, "type": "deviation"}, "5": {"force": -0.10000000000000001, "type": "deviation"}}, "1": {"2": {"length": -1.6666666666666656, "type": "trail"}, "4": {"force": -0.10000000000000001, "type": "deviation"}}, "6": {"9": {"force": -0.10000000000000001, "type": "deviation"}, "7": {"length": -1.6666666666666663, "type": "trail"}}, "8": {"11": {"force": -0.10000000000000001, "type": "deviation"}}, "17": {}, "18": {}, "16": {}}, "edge_attributes": {"length": 0.0, "type": null, "force": 0.0}, "node_attributes": {"qx": 0.0, "qy": 0.0, "z": 0.0, "rx": 0.0, "rz": 0.0, "x": 0.0, "qz": 0.0, "y": 0.0, "_k": null, "ry": 0.0, "type": null}, "attributes": {"_aux_vector": {"dtype": "compas.geometry/Vector", "value": [-0.0, -0.0, -1.0]}, "tol": "3f", "gkey_node": {"1.667,-2.925,1.000": 13, "1.667,-3.425,1.500": 6, "-5.000,-2.425,1.500": 5, "0.000,-2.425,1.250": 19, "5.000,-3.425,1.500": 8, "3.333,-2.425,1.500": 10, "-3.333,-3.425,1.500": 1, "5.000,-2.425,1.500": 11, "-1.667,-2.925,1.000": 12, "-1.667,-2.425,1.500": 3, "-5.000,-3.425,1.500": 2, "-1.667,-2.925,0.750": 16, "1.667,-2.925,0.750": 17, "1.667,-2.425,1.500": 9, "0.000,-3.425,1.500": 14, "0.000,-2.425,1.500": 15, "3.333,-3.425,1.500": 7, "0.000,-3.425,1.250": 18, "-1.667,-3.425,1.500": 0, "-3.333,-2.425,1.500": 4}, "name": "Network", "_auxiliary_trails": {"14": [14, 18], "15": [15, 19], "12": [12, 16], "13": [13, 17]}, "_trails": {"0": [0, 1, 2], "3": [3, 4, 5], "6": [6, 7, 8], "9": [9, 10, 11], "12": [12, 16], "13": [13, 17], "14": [14, 18], "15": [15, 19]}, "_aux_length": 0.25}}, "datatype": "compas_cem.diagrams/TopologyDiagram", "compas": "1.7.1"}