{"compas": "1.7.1", "datatype": "compas_cem.diagrams/TopologyDiagram", "data": {"adjacency": {"14": {"13": null, "15": null}, "17": {"7": null, "15": null, "16": null}, "12": {"13": null, "11": null}, "5": {"4": null, "6": null}, "4": {"3": null, "5": null}, "7": {"6": null, "17": null}, "6": {"7": null, "5": null}, "1": {"0": null, "2": null}, "0": {"1": null, "16": null}, "3": {"4": null, "2": null}, "2": {"1": null, "3": null}, "10": {"9": null, "11": null}, "13": {"12": null, "14": null}, "15": {"14": null, "17": null}, "11": {"12": null, "10": null}, "9": {"8": null, "10": null}, "8": {"9": null, "16": null}, "16": {"0": null, "8": null, "17": null}}, "node_attributes": {"z": 0.0, "qx": 0.0, "rx": 0.0, "qy": 0.0, "ry": 0.0, "qz": 0.0, "type": null, "rz": 0.0, "_k": null, "y": 0.0, "x": 0.0}, "node": {"14": {"z": 1.5000000000000002, "qx": -0.0, "qy": -0.0, "qz": -0.062499999999999979, "_k": 8, "y": -3.425166865496446, "x": 4.3749999999999973}, "17": {"z": -0.83153829077499308, "type": "_origin", "_k": 0, "y": -3.425166865496446, "x": -2.415923710588034e-16}, "12": {"z": 1.5000000000000002, "qx": -0.0, "qy": -0.0, "qz": -0.0625, "_k": 6, "y": -3.425166865496446, "x": 3.1249999999999973}, "5": {"z": 1.5000000000000002, "qx": -0.0, "qy": -0.0, "qz": -0.0625, "_k": 5, "y": -3.425166865496446, "x": -3.7500000000000013}, "4": {"z": 1.5000000000000002, "qx": -0.0, "qy": -0.0, "qz": -0.0625, "_k": 4, "y": -3.425166865496446, "x": -3.1250000000000009}, "7": {"z": 1.5000000000000002, "qx": -0.0, "qy": -0.0, "qz": -0.03125, "type": "support", "_k": 7, "y": -3.425166865496446, "x": -5.0000000000000009}, "6": {"z": 1.5000000000000002, "qx": -0.0, "qy": -0.0, "qz": -0.062499999999999979, "_k": 6, "y": -3.425166865496446, "x": -4.3750000000000009}, "1": {"z": 1.5000000000000002, "qx": -0.0, "qy": -0.0, "qz": -0.0625, "_k": 1, "y": -3.425166865496446, "x": -1.2500000000000016}, "0": {"z": 1.5000000000000002, "qx": -0.0, "qy": -0.0, "qz": -0.062499999999999993, "type": "_origin", "_k": 0, "y": -3.425166865496446, "x": -0.62500000000000167}, "3": {"z": 1.5000000000000002, "qx": -0.0, "qy": -0.0, "qz": -0.062499999999999972, "_k": 3, "y": -3.425166865496446, "x": -2.5000000000000013}, "2": {"z": 1.5000000000000002, "qx": -0.0, "qy": -0.0, "qz": -0.062499999999999986, "_k": 2, "y": -3.425166865496446, "x": -1.8750000000000016}, "10": {"z": 1.5000000000000002, "qx": -0.0, "qy": -0.0, "qz": -0.062499999999999986, "_k": 4, "y": -3.425166865496446, "x": 1.874999999999998}, "13": {"z": 1.5000000000000002, "qx": -0.0, "qy": -0.0, "qz": -0.0625, "_k": 7, "y": -3.425166865496446, "x": 3.7499999999999978}, "15": {"z": 1.5000000000000002, "qx": -0.0, "qy": -0.0, "qz": -0.03125, "type": "support", "_k": 9, "y": -3.425166865496446, "x": 4.9999999999999973}, "11": {"z": 1.5000000000000002, "qx": -0.0, "qy": -0.0, "qz": -0.062499999999999972, "_k": 5, "y": -3.425166865496446, "x": 2.4999999999999978}, "9": {"z": 1.5000000000000002, "qx": -0.0, "qy": -0.0, "qz": -0.0625, "_k": 3, "y": -3.425166865496446, "x": 1.249999999999998}, "8": {"z": 1.5000000000000002, "qx": -0.0, "qy": -0.0, "qz": -0.062499999999999993, "_k": 2, "y": -3.425166865496446, "x": 0.62499999999999811}, "16": {"z": 1.5000000000000002, "qx": -0.0, "qy": -0.0, "qz": -0.062499999999999993, "_k": 1, "y": -3.425166865496446, "x": -1.7763568394002505e-15}}, "max_int_key": 17, "attributes": {"gkey_node": {"-4.375,-3.425,1.500": 6, "-3.125,-3.425,1.500": 4, "-3.750,-3.425,1.500": 5, "2.500,-3.425,1.500": 11, "3.750,-3.425,1.500": 13, "-0.625,-3.425,1.500": 0, "1.250,-3.425,1.500": 9, "-1.875,-3.425,1.500": 2, "3.125,-3.425,1.500": 12, "-1.250,-3.425,1.500": 1, "0.625,-3.425,1.500": 8, "4.375,-3.425,1.500": 14, "5.000,-3.425,1.500": 15, "-2.500,-3.425,1.500": 3, "1.875,-3.425,1.500": 10, "-5.000,-3.425,1.500": 7, "0.000,-3.425,-0.832": 17, "0.000,-3.425,1.500": 16}, "name": "Network", "_aux_length": 0.33000000000000002, "_trails": {"0": [0, 1, 2, 3, 4, 5, 6, 7], "17": [17, 16, 8, 9, 10, 11, 12, 13, 14, 15]}, "tol": "3f", "_auxiliary_trails": {}, "_aux_vector": {"dtype": "compas.geometry/Vector", "value": [-0.0, -0.0, -1.0]}}, "edge_attributes": {"force": 0.0, "type": null, "length": 0.0}, "edge": {"14": {"15": {"length": 0.625, "type": "trail"}}, "17": {}, "12": {"13": {"length": 0.62500000000000044, "type": "trail"}}, "5": {"6": {"length": 0.62499999999999956, "type": "trail"}}, "4": {"5": {"length": 0.62500000000000044, "type": "trail"}}, "7": {"17": {"force": -0.20000000000000001, "type": "deviation"}}, "6": {"7": {"length": 0.625, "type": "trail"}}, "1": {"2": {"length": 0.625, "type": "trail"}}, "0": {"1": {"length": 0.62499999999999989, "type": "trail"}}, "3": {"4": {"length": 0.62499999999999956, "type": "trail"}}, "2": {"3": {"length": 0.62499999999999978, "type": "trail"}}, "10": {"11": {"length": 0.62499999999999978, "type": "trail"}}, "13": {"14": {"length": 0.62499999999999956, "type": "trail"}}, "15": {"17": {"force": -0.20000000000000001, "type": "deviation"}}, "11": {"12": {"length": 0.62499999999999956, "type": "trail"}}, "9": {"10": {"length": 0.625, "type": "trail"}}, "8": {"9": {"length": 0.62499999999999989, "type": "trail"}}, "16": {"0": {"force": 20.0, "type": "deviation"}, "8": {"length": 0.62499999999999989, "type": "trail"}, "17": {"length": 2.3315382907749935, "type": "trail"}}}}}