{"compas": "1.7.1", "datatype": "compas_cem.diagrams/TopologyDiagram", "data": {"adjacency": {"5": {"6": null, "10": null}, "4": {"3": null, "11": null}, "7": {"6": null, "8": null}, "6": {"7": null, "5": null}, "1": {"0": null, "2": null}, "0": {"1": null, "10": null}, "3": {"4": null, "2": null}, "2": {"1": null, "3": null}, "10": {"0": null, "11": null, "5": null}, "11": {"4": null, "9": null, "10": null}, "9": {"8": null, "11": null}, "8": {"7": null, "9": null}}, "node_attributes": {"z": 0.0, "qx": 0.0, "rx": 0.0, "qy": 0.0, "ry": 0.0, "qz": 0.0, "type": null, "rz": 0.0, "_k": null, "y": 0.0, "x": 0.0}, "node": {"5": {"z": 1.5000000000000002, "qx": -0.0, "qy": -0.0, "qz": -0.099999999999999964, "_k": 2, "y": -3.425166865496446, "x": 0.999999999999999}, "4": {"z": 1.5000000000000002, "qx": -0.0, "qy": -0.0, "qz": -0.050000000000000003, "type": "support", "_k": 4, "y": -3.425166865496446, "x": -5.0000000000000009}, "7": {"z": 1.5000000000000002, "qx": -0.0, "qy": -0.0, "qz": -0.10000000000000003, "_k": 4, "y": -3.425166865496446, "x": 2.9999999999999978}, "6": {"z": 1.5000000000000002, "qx": -0.0, "qy": -0.0, "qz": -0.09999999999999995, "_k": 3, "y": -3.425166865496446, "x": 1.9999999999999973}, "1": {"z": 1.5000000000000002, "qx": -0.0, "qy": -0.0, "qz": -0.10000000000000003, "_k": 1, "y": -3.425166865496446, "x": -2.0000000000000013}, "0": {"z": 1.5000000000000002, "qx": -0.0, "qy": -0.0, "qz": -0.099999999999999978, "type": "_origin", "_k": 0, "y": -3.425166865496446, "x": -1.0000000000000013}, "3": {"z": 1.5000000000000002, "qx": -0.0, "qy": -0.0, "qz": -0.099999999999999964, "_k": 3, "y": -3.425166865496446, "x": -4.0000000000000009}, "2": {"z": 1.5000000000000002, "qx": -0.0, "qy": -0.0, "qz": -0.099999999999999978, "_k": 2, "y": -3.425166865496446, "x": -3.0000000000000018}, "10": {"z": 1.5000000000000002, "qx": -0.0, "qy": -0.0, "qz": -0.10000000000000003, "_k": 1, "y": -3.425166865496446, "x": -1.7763568394002505e-15}, "11": {"z": -0.83153829077499308, "type": "_origin", "_k": 0, "y": -3.425166865496446, "x": -2.415923710588034e-16}, "9": {"z": 1.5000000000000002, "qx": -0.0, "qy": -0.0, "qz": -0.049999999999999982, "type": "support", "_k": 6, "y": -3.425166865496446, "x": 4.9999999999999973}, "8": {"z": 1.5000000000000002, "qx": -0.0, "qy": -0.0, "qz": -0.099999999999999978, "_k": 5, "y": -3.425166865496446, "x": 3.9999999999999978}}, "max_int_key": 11, "attributes": {"gkey_node": {"-4.000,-3.425,1.500": 3, "-1.000,-3.425,1.500": 0, "1.000,-3.425,1.500": 5, "2.000,-3.425,1.500": 6, "-3.000,-3.425,1.500": 2, "5.000,-3.425,1.500": 9, "4.000,-3.425,1.500": 8, "3.000,-3.425,1.500": 7, "-2.000,-3.425,1.500": 1, "-5.000,-3.425,1.500": 4, "0.000,-3.425,-0.832": 11, "0.000,-3.425,1.500": 10}, "name": "Network", "_aux_length": 0.33000000000000002, "_trails": {"0": [0, 1, 2, 3, 4], "11": [11, 10, 5, 6, 7, 8, 9]}, "tol": "3f", "_auxiliary_trails": {}, "_aux_vector": {"dtype": "compas.geometry/Vector", "value": [-0.0, -0.0, -1.0]}}, "edge_attributes": {"force": 0.0, "type": null, "length": 0.0}, "edge": {"5": {"6": {"length": 0.99999999999999833, "type": "trail"}}, "4": {"11": {"force": -0.20000000000000001, "type": "deviation"}}, "7": {"8": {"length": 1.0, "type": "trail"}}, "6": {"7": {"length": 1.0000000000000004, "type": "trail"}}, "1": {"2": {"length": 1.0000000000000004, "type": "trail"}}, "0": {"1": {"length": 1.0, "type": "trail"}}, "3": {"4": {"length": 1.0, "type": "trail"}}, "2": {"3": {"length": 0.99999999999999911, "type": "trail"}}, "10": {"0": {"force": 20.0, "type": "deviation"}, "11": {"length": 2.3315382907749935, "type": "trail"}, "5": {"length": 1.0000000000000009, "type": "trail"}}, "11": {}, "9": {"11": {"force": -0.20000000000000001, "type": "deviation"}}, "8": {"9": {"length": 0.99999999999999956, "type": "trail"}}}}}