{"compas": "1.7.1", "datatype": "compas_cem.diagrams/TopologyDiagram", "data": {"adjacency": {"16": {"15": null, "0": null, "1": null, "17": null}, "26": {"27": null, "14": null, "11": null, "25": null}, "15": {"0": null, "16": null}, "18": {"19": null, "0": null, "17": null, "3": null}, "25": {"26": null, "14": null, "10": null, "24": null}, "28": {"13": null, "27": null, "14": null, "29": null}, "10": {"9": null, "11": null, "25": null}, "20": {"21": null, "19": null, "0": null, "5": null}, "17": {"18": null, "0": null, "16": null, "2": null}, "27": {"28": null, "26": null, "12": null, "14": null}, "12": {"13": null, "27": null, "11": null}, "22": {"14": null, "7": null, "0": null, "23": null, "21": null}, "19": {"4": null, "20": null, "0": null, "18": null}, "29": {"28": null, "14": null}, "11": {"12": null, "26": null, "10": null}, "5": {"4": null, "20": null, "6": null}, "4": {"19": null, "3": null, "5": null}, "7": {"6": null, "22": null, "8": null}, "6": {"21": null, "7": null, "5": null}, "1": {"0": null, "16": null, "2": null}, "0": {"17": null, "15": null, "18": null, "19": null, "1": null, "22": null, "20": null, "23": null, "21": null, "16": null}, "3": {"4": null, "18": null, "2": null}, "2": {"1": null, "3": null, "17": null}, "21": {"14": null, "22": null, "6": null, "0": null, "20": null}, "9": {"24": null, "8": null, "10": null}, "8": {"7": null, "23": null, "9": null}, "14": {"26": null, "24": null, "27": null, "22": null, "25": null, "13": null, "28": null, "29": null, "23": null, "21": null}, "24": {"14": null, "23": null, "9": null, "25": null}, "13": {"28": null, "12": null, "14": null}, "23": {"14": null, "24": null, "22": null, "0": null, "8": null}}, "node_attributes": {"z": 0.0, "qx": 0.0, "rx": 0.0, "qy": 0.0, "ry": 0.0, "qz": 0.0, "type": null, "rz": 0.0, "_k": null, "y": 0.0, "x": 0.0}, "node": {"16": {"z": 1.5000000000000002, "qx": -0.0, "qy": -0.0, "qz": -0.071428571428571425, "_k": 5, "y": -3.425166865496446, "x": -4.2857142857142865}, "26": {"z": 1.5000000000000002, "qx": -0.0, "qy": -0.0, "qz": -0.071428571428571452, "_k": 4, "y": -3.425166865496446, "x": 2.8571428571428514}, "15": {"z": 1.5000000000000002, "qx": -0.0, "qy": -0.0, "qz": -0.035714285714285719, "type": "support", "_k": 6, "y": -3.425166865496446, "x": -5.0000000000000009}, "18": {"z": 1.5000000000000002, "qx": -0.0, "qy": -0.0, "qz": -0.071428571428571369, "_k": 3, "y": -3.425166865496446, "x": -2.857142857142859}, "25": {"z": 1.5000000000000002, "qx": -0.0, "qy": -0.0, "qz": -0.071428571428571341, "_k": 3, "y": -3.425166865496446, "x": 2.1428571428571379}, "28": {"z": 1.5000000000000002, "qx": -0.0, "qy": -0.0, "qz": -0.071428571428571536, "_k": 6, "y": -3.425166865496446, "x": 4.2857142857142803}, "10": {"_k": 3, "z": 2.9510000000000005, "y": -3.425166865496446, "x": 2.1428571428571384}, "20": {"z": 1.5000000000000002, "qx": -0.0, "qy": -0.0, "qz": -0.071428571428571397, "_k": 1, "y": -3.425166865496446, "x": -1.428571428571431}, "17": {"z": 1.5000000000000002, "qx": -0.0, "qy": -0.0, "qz": -0.071428571428571369, "_k": 4, "y": -3.425166865496446, "x": -3.5714285714285725}, "27": {"z": 1.5000000000000002, "qx": -0.0, "qy": -0.0, "qz": -0.071428571428571452, "_k": 5, "y": -3.425166865496446, "x": 3.5714285714285667}, "12": {"_k": 5, "z": 2.9510000000000005, "y": -3.425166865496446, "x": 3.5714285714285658}, "22": {"z": 1.5000000000000002, "qx": -0.0, "qy": -0.0, "qz": -0.071428571428571397, "type": "_origin", "_k": 0, "y": -3.425166865496446, "x": 2.2204460492503131e-16}, "19": {"z": 1.5000000000000002, "qx": -0.0, "qy": -0.0, "qz": -0.071428571428571397, "_k": 2, "y": -3.425166865496446, "x": -2.142857142857145}, "29": {"z": 1.5000000000000002, "qx": -0.0, "qy": -0.0, "qz": -0.035714285714285858, "type": "support", "_k": 7, "y": -3.425166865496446, "x": 4.9999999999999973}, "11": {"_k": 4, "z": 2.9510000000000005, "y": -3.425166865496446, "x": 2.8571428571428514}, "5": {"_k": 1, "z": 2.9510000000000005, "y": -3.425166865496446, "x": -1.4285714285714315}, "4": {"_k": 2, "z": 2.9510000000000005, "y": -3.425166865496446, "x": -2.1428571428571459}, "7": {"z": 2.9510000000000005, "type": "_origin", "_k": 0, "y": -3.425166865496446, "x": 2.2204460492503131e-16}, "6": {"z": 2.9510000000000001, "type": "_origin", "_k": 0, "y": -3.425166865496446, "x": -0.71428571428571708}, "1": {"_k": 5, "z": 2.9510000000000005, "y": -3.425166865496446, "x": -4.2857142857142865}, "0": {"z": 2.9510000000000005, "type": "support", "_k": 6, "y": -3.425166865496446, "x": -5.0000000000000009}, "3": {"_k": 3, "z": 2.9510000000000005, "y": -3.425166865496446, "x": -2.8571428571428594}, "2": {"_k": 4, "z": 2.9510000000000005, "y": -3.425166865496446, "x": -3.571428571428573}, "21": {"z": 1.5000000000000002, "qx": -0.0, "qy": -0.0, "qz": -0.071428571428571563, "type": "_origin", "_k": 0, "y": -3.425166865496446, "x": -0.71428571428571697}, "9": {"_k": 2, "z": 2.9510000000000005, "y": -3.425166865496446, "x": 1.4285714285714253}, "8": {"_k": 1, "z": 2.9510000000000005, "y": -3.425166865496446, "x": 0.71428571428571086}, "14": {"z": 2.9510000000000005, "type": "support", "_k": 7, "y": -3.425166865496446, "x": 4.9999999999999956}, "24": {"z": 1.5000000000000002, "qx": -0.0, "qy": -0.0, "qz": -0.071428571428571341, "_k": 2, "y": -3.425166865496446, "x": 1.4285714285714246}, "13": {"_k": 6, "z": 2.9510000000000005, "y": -3.425166865496446, "x": 4.2857142857142803}, "23": {"z": 1.5000000000000002, "qx": -0.0, "qy": -0.0, "qz": -0.07142857142857123, "_k": 1, "y": -3.425166865496446, "x": 0.71428571428571108}}, "max_int_key": 29, "attributes": {"gkey_node": {"5.000,-3.425,1.500": 29, "-2.857,-3.425,2.951": 3, "-1.429,-3.425,1.500": 20, "0.000,-3.425,2.951": 7, "-4.286,-3.425,2.951": 1, "-5.000,-3.425,1.500": 15, "-2.143,-3.425,1.500": 19, "-3.571,-3.425,2.951": 2, "-5.000,-3.425,2.951": 0, "4.286,-3.425,1.500": 28, "-3.571,-3.425,1.500": 17, "-0.714,-3.425,2.951": 6, "1.429,-3.425,2.951": 9, "2.857,-3.425,2.951": 11, "5.000,-3.425,2.951": 14, "-4.286,-3.425,1.500": 16, "-2.857,-3.425,1.500": 18, "0.000,-3.425,1.500": 22, "-2.143,-3.425,2.951": 4, "0.714,-3.425,1.500": 23, "1.429,-3.425,1.500": 24, "0.714,-3.425,2.951": 8, "4.286,-3.425,2.951": 13, "-1.429,-3.425,2.951": 5, "2.857,-3.425,1.500": 26, "-0.714,-3.425,1.500": 21, "2.143,-3.425,1.500": 25, "3.571,-3.425,2.951": 12, "2.143,-3.425,2.951": 10, "3.571,-3.425,1.500": 27}, "name": "Network", "_aux_length": 0.33000000000000002, "_trails": {"7": [7, 8, 9, 10, 11, 12, 13, 14], "21": [21, 20, 19, 18, 17, 16, 15], "22": [22, 23, 24, 25, 26, 27, 28, 29], "6": [6, 5, 4, 3, 2, 1, 0]}, "tol": "3f", "_auxiliary_trails": {}, "_aux_vector": {"dtype": "compas.geometry/Vector", "value": [-0.0, -0.0, -1.0]}}, "edge_attributes": {"force": 0.0, "type": null, "length": 0.0}, "edge": {"16": {"1": {"force": 8.6999999999999993, "type": "deviation"}, "17": {"length": -0.71428571428571397, "type": "trail"}}, "26": {"27": {"length": -0.7142857142857153, "type": "trail"}, "11": {"force": 1.1000000000000001, "type": "deviation"}}, "15": {"16": {"length": -0.71428571428571441, "type": "trail"}}, "18": {"19": {"length": -0.71428571428571397, "type": "trail"}, "3": {"force": 1.1000000000000001, "type": "deviation"}}, "25": {"26": {"length": -0.71428571428571352, "type": "trail"}, "10": {"force": 1.1000000000000001, "type": "deviation"}}, "28": {"13": {"force": 8.6999999999999993, "type": "deviation"}, "29": {"length": -0.71428571428571708, "type": "trail"}}, "10": {"11": {"length": 0.71428571428571308, "type": "trail"}}, "20": {"21": {"length": -0.71428571428571408, "type": "trail"}, "5": {"force": 1.1000000000000001, "type": "deviation"}}, "17": {"18": {"length": -0.71428571428571352, "type": "trail"}, "2": {"force": 1.1000000000000001, "type": "deviation"}}, "27": {"28": {"length": -0.71428571428571352, "type": "trail"}, "12": {"force": 1.1000000000000001, "type": "deviation"}}, "12": {"13": {"length": 0.71428571428571441, "type": "trail"}},