{"compas": "1.7.1", "datatype": "compas_cem.diagrams/TopologyDiagram", "data": {"adjacency": {"16": {"15": null, "0": null, "17": null, "2": null}, "26": {"12": null, "27": null, "13": null, "25": null}, "15": {"14": null, "0": null, "16": null, "1": null}, "18": {"4": null, "19": null, "0": null, "17": null}, "25": {"13": null, "26": null, "11": null, "24": null}, "10": {"9": null, "11": null, "24": null}, "20": {"19": null, "6": null, "13": null, "0": null, "21": null}, "17": {"18": null, "0": null, "16": null, "3": null}, "27": {"13": null, "26": null}, "12": {"13": null, "26": null, "11": null}, "22": {"13": null, "21": null, "23": null, "8": null}, "19": {"20": null, "0": null, "18": null, "5": null}, "11": {"12": null, "10": null, "25": null}, "5": {"4": null, "19": null, "6": null}, "4": {"18": null, "3": null, "5": null}, "7": {"21": null, "6": null, "8": null}, "6": {"7": null, "20": null, "5": null}, "1": {"15": null, "0": null, "2": null}, "0": {"14": null, "17": null, "15": null, "18": null, "19": null, "1": null, "20": null, "21": null, "16": null}, "3": {"4": null, "17": null, "2": null}, "2": {"1": null, "16": null, "3": null}, "21": {"22": null, "7": null, "13": null, "0": null, "20": null}, "9": {"23": null, "8": null, "10": null}, "8": {"7": null, "22": null, "9": null}, "14": {"15": null, "0": null}, "24": {"13": null, "23": null, "10": null, "25": null}, "13": {"26": null, "24": null, "12": null, "27": null, "22": null, "25": null, "20": null, "23": null, "21": null}, "23": {"13": null, "22": null, "9": null, "24": null}}, "node_attributes": {"z": 0.0, "qx": 0.0, "rx": 0.0, "qy": 0.0, "ry": 0.0, "qz": 0.0, "type": null, "rz": 0.0, "_k": null, "y": 0.0, "x": 0.0}, "node": {"16": {"z": 1.5000000000000002, "qx": -0.0, "qy": -0.0, "qz": -0.076923076923076927, "_k": 4, "y": -3.425166865496446, "x": -3.4615384615384626}, "26": {"z": 1.5000000000000002, "qx": -0.0, "qy": -0.0, "qz": -0.076923076923077011, "_k": 5, "y": -3.425166865496446, "x": 4.2307692307692273}, "15": {"z": 1.5000000000000002, "qx": -0.0, "qy": -0.0, "qz": -0.076923076923076927, "_k": 5, "y": -3.425166865496446, "x": -4.2307692307692317}, "18": {"z": 1.5000000000000002, "qx": -0.0, "qy": -0.0, "qz": -0.076923076923076927, "_k": 2, "y": -3.425166865496446, "x": -1.9230769230769242}, "25": {"z": 1.5000000000000002, "qx": -0.0, "qy": -0.0, "qz": -0.076923076923076927, "_k": 4, "y": -3.425166865496446, "x": 3.4615384615384572}, "10": {"_k": 3, "z": 2.9510000000000005, "y": -3.425166865496446, "x": 2.6923076923076881}, "20": {"z": 1.5000000000000002, "qx": -0.0, "qy": -0.0, "qz": -0.076923076923076927, "type": "_origin", "_k": 0, "y": -3.425166865496446, "x": -0.38461538461538564}, "17": {"z": 1.5000000000000002, "qx": -0.0, "qy": -0.0, "qz": -0.076923076923076927, "_k": 3, "y": -3.425166865496446, "x": -2.6923076923076934}, "27": {"z": 1.5000000000000002, "qx": -0.0, "qy": -0.0, "qz": -0.038461538461538505, "type": "support", "_k": 6, "y": -3.425166865496446, "x": 4.9999999999999973}, "12": {"_k": 5, "z": 2.9510000000000005, "y": -3.425166865496446, "x": 4.2307692307692264}, "22": {"z": 1.5000000000000002, "qx": -0.0, "qy": -0.0, "qz": -0.076923076923076927, "_k": 1, "y": -3.425166865496446, "x": 1.1538461538461524}, "19": {"z": 1.5000000000000002, "qx": -0.0, "qy": -0.0, "qz": -0.076923076923076927, "_k": 1, "y": -3.425166865496446, "x": -1.1538461538461551}, "11": {"_k": 4, "z": 2.9510000000000005, "y": -3.425166865496446, "x": 3.4615384615384572}, "5": {"_k": 1, "z": 2.9510000000000001, "y": -3.425166865496446, "x": -1.1538461538461551}, "4": {"_k": 2, "z": 2.9510000000000005, "y": -3.425166865496446, "x": -1.9230769230769242}, "7": {"z": 2.9510000000000005, "type": "_origin", "_k": 0, "y": -3.425166865496446, "x": 0.3846153846153828}, "6": {"z": 2.9510000000000005, "type": "_origin", "_k": 0, "y": -3.425166865496446, "x": -0.38461538461538503}, "1": {"_k": 5, "z": 2.9510000000000005, "y": -3.425166865496446, "x": -4.2307692307692317}, "0": {"z": 2.9510000000000005, "type": "support", "_k": 6, "y": -3.425166865496446, "x": -5.0000000000000009}, "3": {"_k": 3, "z": 2.9510000000000005, "y": -3.425166865496446, "x": -2.6923076923076934}, "2": {"_k": 4, "z": 2.9510000000000005, "y": -3.425166865496446, "x": -3.4615384615384626}, "21": {"z": 1.5000000000000002, "qx": -0.0, "qy": -0.0, "qz": -0.076923076923076913, "type": "_origin", "_k": 0, "y": -3.425166865496446, "x": 0.38461538461538347}, "9": {"_k": 2, "z": 2.9510000000000005, "y": -3.425166865496446, "x": 1.923076923076922}, "8": {"_k": 1, "z": 2.9510000000000005, "y": -3.425166865496446, "x": 1.1538461538461526}, "14": {"z": 1.5000000000000002, "qx": -0.0, "qy": -0.0, "qz": -0.038461538461538464, "type": "support", "_k": 6, "y": -3.425166865496446, "x": -5.0000000000000009}, "24": {"z": 1.5000000000000002, "qx": -0.0, "qy": -0.0, "qz": -0.076923076923076775, "_k": 3, "y": -3.425166865496446, "x": 2.692307692307689}, "13": {"z": 2.9510000000000005, "type": "support", "_k": 6, "y": -3.425166865496446, "x": 4.9999999999999964}, "23": {"z": 1.5000000000000002, "qx": -0.0, "qy": -0.0, "qz": -0.07692307692307683, "_k": 2, "y": -3.425166865496446, "x": 1.9230769230769218}}, "max_int_key": 27, "attributes": {"gkey_node": {"5.000,-3.425,1.500": 27, "2.692,-3.425,2.951": 10, "-0.385,-3.425,1.500": 20, "3.462,-3.425,2.951": 11, "-5.000,-3.425,1.500": 14, "-5.000,-3.425,2.951": 0, "-3.462,-3.425,1.500": 16, "-1.923,-3.425,1.500": 18, "4.231,-3.425,2.951": 12, "0.385,-3.425,1.500": 21, "1.154,-3.425,2.951": 8, "5.000,-3.425,2.951": 13, "-4.231,-3.425,2.951": 1, "1.923,-3.425,2.951": 9, "-1.154,-3.425,2.951": 5, "-0.385,-3.425,2.951": 6, "-2.692,-3.425,2.951": 3, "-4.231,-3.425,1.500": 15, "1.154,-3.425,1.500": 22, "3.462,-3.425,1.500": 25, "2.692,-3.425,1.500": 24, "1.923,-3.425,1.500": 23, "-2.692,-3.425,1.500": 17, "-1.154,-3.425,1.500": 19, "-3.462,-3.425,2.951": 2, "-1.923,-3.425,2.951": 4, "4.231,-3.425,1.500": 26, "0.385,-3.425,2.951": 7}, "name": "Network", "_aux_length": 0.33000000000000002, "_trails": {"7": [7, 8, 9, 10, 11, 12, 13], "20": [20, 19, 18, 17, 16, 15, 14], "21": [21, 22, 23, 24, 25, 26, 27], "6": [6, 5, 4, 3, 2, 1, 0]}, "tol": "3f", "_auxiliary_trails": {}, "_aux_vector": {"dtype": "compas.geometry/Vector", "value": [-0.0, -0.0, -1.0]}}, "edge_attributes": {"force": 0.0, "type": null, "length": 0.0}, "edge": {"16": {"17": {"length": -0.76923076923076916, "type": "trail"}, "2": {"force": 1.1000000000000001, "type": "deviation"}}, "26": {"12": {"force": 8.6999999999999993, "type": "deviation"}, "27": {"length": -0.76923076923077005, "type": "trail"}}, "15": {"1": {"force": 8.6999999999999993, "type": "deviation"}, "16": {"length": -0.76923076923076916, "type": "trail"}}, "18": {"4": {"force": 1.1000000000000001, "type": "deviation"}, "19": {"length": -0.76923076923076916, "type": "trail"}}, "25": {"26": {"length": -0.76923076923077005, "type": "trail"}, "11": {"force": 1.1000000000000001, "type": "deviation"}}, "10": {"11": {"length": 0.76923076923076916, "type": "trail"}}, "20": {"21": {"force": -20.0, "type": "deviation"}, "6": {"force": 1.1000000000000001, "type": "deviation"}}, "17": {"18": {"length": -0.76923076923076916, "type": "trail"}, "3": {"force": 1.1000000000000001, "type": "deviation"}}, "27": {}, "12": {"13": {"length": 0.76923076923077005, "type": "trail"}}, "22": {"23": {"length": -0.76923076923076938, "type": "trail"}, "8": {"force": 1.1000000000000001, "type": "deviation"}}, "19": {"20": {"length": -0.76923076923076938, "type": "trail"}, "5": {"force": 1.1000000000000001, "type": "deviation"}}, "11": {"12": {"length": 0.76923076923076916, "type": "trail"}}, "5": {"6": {"length": 0.76923076923077005, "type": "trail"}}, "4": {"5": {"length": 0.76923076923076916, "type": "trail"}}, "7": {"8": {"length": 0.76923076923076983, "type": "trail"}}, "6": {"7": {"force": 20.0, "type": "deviation"}}, "1": {"2": {"length": 0.76923076923076916, "type": "trail"}}, "0": {"14": {"force": 2.4289999999999998,