{"compas": "1.7.1", "datatype": "compas_cem.diagrams/TopologyDiagram", "data": {"adjacency": {"14": {"12": null, "15": null, "7": null, "6": null, "1": null}, "17": {"19": null, "2": null}, "12": {"14": null, "13": null, "3": null, "9": null, "8": null}, "5": {"4": null, "3": null, "11": null}, "4": {"1": null, "10": null, "5": null}, "7": {"6": null, "14": null, "1": null, "10": null}, "6": {"7": null, "14": null, "0": null}, "1": {"4": null, "7": null, "14": null, "0": null}, "0": {"6": null, "1": null, "15": null, "16": null}, "3": {"12": null, "5": null, "9": null, "2": null}, "2": {"17": null, "13": null, "8": null, "3": null}, "10": {"4": null, "7": null, "11": null}, "13": {"12": null, "2": null}, "15": {"14": null, "0": null}, "11": {"9": null, "10": null, "5": null}, "9": {"11": null, "12": null, "8": null, "3": null}, "8": {"12": null, "9": null, "2": null}, "18": {"16": null}, "19": {"17": null}, "16": {"0": null, "18": null}}, "node_attributes": {"z": 0.0, "qx": 0.0, "rx": 0.0, "qy": 0.0, "ry": 0.0, "qz": 0.0, "type": null, "rz": 0.0, "_k": null, "y": 0.0, "x": 0.0}, "node": {"14": {"z": 0.49000000000000021, "type": "_origin", "_k": 0, "y": -2.925166865496446, "x": -3.0000000000000013}, "17": {"z": 1.4500000000000002, "type": "_origin", "_k": 0, "y": -2.425166865496446, "x": 4.9999999999999973}, "12": {"z": 0.49000000000000021, "type": "_origin", "_k": 0, "y": -2.925166865496446, "x": 2.9999999999999978}, "5": {"z": 1.5000000000000002, "qx": -0.0, "qy": -0.0, "qz": -0.20000000000000001, "type": "_origin", "_k": 0, "y": -3.425166865496446, "x": 0.99999999999999889}, "4": {"z": 1.5000000000000002, "qx": -0.0, "qy": -0.0, "qz": -0.20000000000000001, "type": "_origin", "_k": 0, "y": -3.425166865496446, "x": -1.0000000000000018}, "7": {"z": 1.5000000000000002, "qx": -0.0, "qy": -0.0, "qz": -0.19999999999999996, "_k": 1, "y": -2.425166865496446, "x": -3.0000000000000013}, "6": {"z": 1.5000000000000002, "qx": -0.0, "qy": -0.0, "qz": -0.099999999999999978, "type": "support", "_k": 2, "y": -2.425166865496446, "x": -5.0000000000000009}, "1": {"z": 1.5000000000000002, "qx": -0.0, "qy": -0.0, "qz": -0.19999999999999996, "_k": 1, "y": -3.425166865496446, "x": -3.0000000000000013}, "0": {"z": 1.5000000000000002, "qx": -0.0, "qy": -0.0, "qz": -0.099999999999999978, "type": "support", "_k": 2, "y": -3.425166865496446, "x": -5.0000000000000009}, "3": {"z": 1.5000000000000002, "qx": -0.0, "qy": -0.0, "qz": -0.19999999999999993, "_k": 1, "y": -3.425166865496446, "x": 2.9999999999999978}, "2": {"z": 1.5000000000000002, "qx": -0.0, "qy": -0.0, "qz": -0.099999999999999978, "type": "support", "_k": 2, "y": -3.425166865496446, "x": 4.9999999999999973}, "10": {"z": 1.5000000000000002, "qx": -0.0, "qy": -0.0, "qz": -0.20000000000000001, "type": "_origin", "_k": 0, "y": -2.425166865496446, "x": -1.0000000000000018}, "13": {"z": 1.4500000000000002, "type": "support", "_k": 1, "y": -3.425166865496446, "x": 4.9999999999999973}, "15": {"z": 1.4500000000000002, "type": "support", "_k": 1, "y": -3.425166865496446, "x": -5.0000000000000009}, "11": {"z": 1.5000000000000002, "qx": -0.0, "qy": -0.0, "qz": -0.20000000000000001, "type": "_origin", "_k": 0, "y": -2.425166865496446, "x": 0.99999999999999889}, "9": {"z": 1.5000000000000002, "qx": -0.0, "qy": -0.0, "qz": -0.19999999999999993, "_k": 1, "y": -2.425166865496446, "x": 2.9999999999999978}, "8": {"z": 1.5000000000000002, "qx": -0.0, "qy": -0.0, "qz": -0.099999999999999978, "type": "support", "_k": 2, "y": -2.425166865496446, "x": 4.9999999999999973}, "18": {"z": 1.1200000000000001, "type": "support", "_k": 1, "y": -2.425166865496446, "x": -5.0000000000000009}, "19": {"z": 1.1200000000000001, "type": "support", "_k": 1, "y": -2.425166865496446, "x": 4.9999999999999973}, "16": {"z": 1.4500000000000002, "type": "_origin", "_k": 0, "y": -2.425166865496446, "x": -5.0000000000000009}}, "max_int_key": 19, "attributes": {"gkey_node": {"-5.000,-2.425,1.120": 18, "-3.000,-2.925,0.490": 14, "3.000,-2.925,0.490": 12, "-1.000,-3.425,1.500": 4, "1.000,-3.425,1.500": 5, "-1.000,-2.425,1.500": 10, "-5.000,-2.425,1.450": 16, "1.000,-2.425,1.500": 11, "5.000,-2.425,1.450": 17, "5.000,-3.425,1.450": 13, "-3.000,-3.425,1.500": 1, "5.000,-3.425,1.500": 2, "-3.000,-2.425,1.500": 7, "3.000,-3.425,1.500": 3, "-5.000,-3.425,1.450": 15, "5.000,-2.425,1.120": 19, "3.000,-2.425,1.500": 9, "-5.000,-3.425,1.500": 0, "-5.000,-2.425,1.500": 6, "5.000,-2.425,1.500": 8}, "name": "Network", "_aux_length": 0.33000000000000002, "_trails": {"4": [4, 1, 0], "5": [5, 3, 2], "10": [10, 7, 6], "11": [11, 9, 8], "12": [12, 13], "14": [14, 15], "16": [16, 18], "17": [17, 19]}, "tol": "3f", "_auxiliary_trails": {"16": [16, 18], "17": [17, 19]}, "_aux_vector": {"dtype": "compas.geometry/Vector", "value": [-0.0, -0.0, -1.0]}}, "edge_attributes": {"force": 0.0, "type": null, "length": 0.0}, "edge": {"14": {"12": {"force": 13.1, "type": "deviation"}, "6": {"force": 8.9000000000000004, "type": "deviation"}, "15": {"length": 2.2741152125607003, "type": "trail"}}, "17": {"19": {"length": 0.33000000000000002, "type": "trail"}, "2": {"force": -20.0, "type": "deviation"}}, "12": {"13": {"length": 2.2741152125607003, "type": "trail"}, "8": {"force": 8.9000000000000004, "type": "deviation"}}, "5": {"3": {"length": -1.9999999999999989, "type": "trail"}, "11": {"force": -0.10000000000000001, "type": "deviation"}}, "4": {"10": {"force": -0.10000000000000001, "type": "deviation"}, "5": {"force": -20.0, "type": "deviation"}}, "7": {"14": {"force": -3.2999999999999998, "type": "deviation"}, "10": {"length": -1.9999999999999996, "type": "trail"}}, "6": {"7": {"length": -1.9999999999999996, "type": "trail"}}, "1": {"4": {"length": -1.9999999999999996, "type": "trail"}, "7": {"force": -0.10000000000000001, "type": "deviation"}, "14": {"force": -3.2999999999999998, "type": "deviation"}}, "0": {"6": {"force": -0.10000000000000001, "type": "deviation"}, "1": {"length": -1.9999999999999996, "type": "trail"}}, "3": {"12": {"force": -3.2999999999999998, "type": "deviation"}, "9": {"force": -0.10000000000000001, "type": "deviation"}}, "2": {"8": {"force": -0.10000000000000001, "type": "deviation"}, "3": {"length": -1.9999999999999996, "type": "trail"}}, "10": {"11": {"force": -20.0, "type": "deviation"}}, "13": {"2": {"force": -20.0, "type": "deviation"}}, "15": {"0": {"force": -20.0, "type": "deviation"}}, "11": {"9": {"length": -1.9999999999999989, "type": "trail"}}, "9": {"12": {"force": -3.2999999999999998, "type": "deviation"}}, "8": {"9": {"length": -1.9999999999999996, "type": "trail"}}, "18": {}, "19": {}, "16": {"0": {"force": -20.0, "type": "deviation"}, "18": {"length": 0.33000000000000002, "type": "trail"}}}}}