{"compas": "1.7.1", "datatype": "compas_cem.diagrams/TopologyDiagram", "data": {"adjacency": {"14": {"0": null, "16": null}, "17": {"15": null}, "12": {"5": null, "6": null, "1": null, "13": null, "10": null}, "5": {"12": null, "6": null, "0": null}, "4": {"1": null, "9": null, "3": null}, "7": {"10": null, "8": null, "2": null}, "6": {"12": null, "1": null, "9": null, "5": null}, "1": {"4": null, "12": null, "6": null, "0": null}, "0": {"13": null, "14": null, "1": null, "5": null}, "3": {"10": null, "4": null, "8": null, "2": null}, "2": {"7": null, "15": null, "3": null, "11": null}, "10": {"12": null, "7": null, "3": null, "11": null, "8": null}, "13": {"12": null, "0": null}, "15": {"17": null, "2": null}, "11": {"10": null, "2": null}, "9": {"4": null, "6": null, "8": null}, "8": {"7": null, "9": null, "10": null, "3": null}, "16": {"14": null}}, "node_attributes": {"z": 0.0, "qx": 0.0, "rx": 0.0, "qy": 0.0, "ry": 0.0, "qz": 0.0, "type": null, "rz": 0.0, "_k": null, "y": 0.0, "x": 0.0}, "node": {"14": {"z": 1.4500000000000002, "type": "_origin", "_k": 0, "y": -2.425166865496446, "x": -5.0000000000000009}, "17": {"z": 1.1200000000000001, "type": "support", "_k": 1, "y": -2.425166865496446, "x": 4.9999999999999973}, "12": {"z": 0.49000000000000021, "type": "_origin", "_k": 0, "y": -2.925166865496446, "x": -2.5000000000000013}, "5": {"z": 1.5000000000000002, "qx": -0.0, "qy": -0.0, "qz": -0.12499999999999999, "type": "support", "_k": 2, "y": -2.425166865496446, "x": -5.0000000000000009}, "4": {"z": 1.5000000000000002, "qx": -0.0, "qy": -0.0, "qz": -0.24999999999999994, "type": "_origin", "_k": 0, "y": -3.425166865496446, "x": 2.2204460492503131e-16}, "7": {"z": 1.5000000000000002, "qx": -0.0, "qy": -0.0, "qz": -0.12499999999999999, "type": "support", "_k": 1, "y": -2.425166865496446, "x": 4.9999999999999973}, "6": {"z": 1.5000000000000002, "qx": -0.0, "qy": -0.0, "qz": -0.25000000000000006, "_k": 1, "y": -2.425166865496446, "x": -2.5000000000000013}, "1": {"z": 1.5000000000000002, "qx": -0.0, "qy": -0.0, "qz": -0.25000000000000006, "type": "_origin", "_k": 0, "y": -3.425166865496446, "x": -2.5000000000000013}, "0": {"z": 1.5000000000000002, "qx": -0.0, "qy": -0.0, "qz": -0.12499999999999999, "type": "support", "_k": 1, "y": -3.425166865496446, "x": -5.0000000000000009}, "3": {"z": 1.5000000000000002, "qx": -0.0, "qy": -0.0, "qz": -0.24999999999999986, "_k": 1, "y": -3.425166865496446, "x": 2.4999999999999978}, "2": {"z": 1.5000000000000002, "qx": -0.0, "qy": -0.0, "qz": -0.12499999999999999, "type": "support", "_k": 2, "y": -3.425166865496446, "x": 4.9999999999999973}, "10": {"z": 0.49000000000000021, "type": "_origin", "_k": 0, "y": -2.925166865496446, "x": 2.4999999999999978}, "13": {"z": 1.4500000000000002, "type": "support", "_k": 1, "y": -3.425166865496446, "x": -5.0000000000000009}, "15": {"z": 1.4500000000000002, "type": "_origin", "_k": 0, "y": -2.425166865496446, "x": 4.9999999999999973}, "11": {"z": 1.4500000000000002, "type": "support", "_k": 1, "y": -3.425166865496446, "x": 4.9999999999999973}, "9": {"z": 1.5000000000000002, "qx": -0.0, "qy": -0.0, "qz": -0.24999999999999994, "type": "_origin", "_k": 0, "y": -2.425166865496446, "x": 2.2204460492503131e-16}, "8": {"z": 1.5000000000000002, "qx": -0.0, "qy": -0.0, "qz": -0.24999999999999986, "type": "_origin", "_k": 0, "y": -2.425166865496446, "x": 2.4999999999999978}, "16": {"z": 1.1200000000000001, "type": "support", "_k": 1, "y": -2.425166865496446, "x": -5.0000000000000009}}, "max_int_key": 17, "attributes": {"gkey_node": {"0.000,-3.425,1.500": 4, "-5.000,-2.425,1.120": 16, "-5.000,-2.425,1.450": 14, "2.500,-3.425,1.500": 3, "0.000,-2.425,1.500": 9, "2.500,-2.425,1.500": 8, "5.000,-3.425,1.450": 11, "-2.500,-2.925,0.490": 12, "5.000,-2.425,1.450": 15, "5.000,-3.425,1.500": 2, "2.500,-2.925,0.490": 10, "-5.000,-3.425,1.450": 13, "5.000,-2.425,1.120": 17, "-2.500,-3.425,1.500": 1, "-2.500,-2.425,1.500": 6, "-5.000,-3.425,1.500": 0, "-5.000,-2.425,1.500": 5, "5.000,-2.425,1.500": 7}, "name": "Network", "_aux_length": 0.33000000000000002, "_trails": {"1": [1, 0], "4": [4, 3, 2], "8": [8, 7], "9": [9, 6, 5], "10": [10, 11], "12": [12, 13], "14": [14, 16], "15": [15, 17]}, "tol": "3f", "_auxiliary_trails": {"14": [14, 16], "15": [15, 17]}, "_aux_vector": {"dtype": "compas.geometry/Vector", "value": [-0.0, -0.0, -1.0]}}, "edge_attributes": {"force": 0.0, "type": null, "length": 0.0}, "edge": {"14": {"0": {"force": -20.0, "type": "deviation"}, "16": {"length": 0.33000000000000002, "type": "trail"}}, "17": {}, "12": {"13": {"length": 2.7242613677839351, "type": "trail"}, "10": {"force": 13.1, "type": "deviation"}, "5": {"force": 8.9000000000000004, "type": "deviation"}}, "5": {"6": {"length": -2.4999999999999996, "type": "trail"}}, "4": {"9": {"force": -0.10000000000000001, "type": "deviation"}, "3": {"length": -2.4999999999999973, "type": "trail"}}, "7": {"8": {"length": -2.4999999999999996, "type": "trail"}}, "6": {"12": {"force": -3.2999999999999998, "type": "deviation"}, "9": {"length": -2.5000000000000018, "type": "trail"}}, "1": {"4": {"force": -20.0, "type": "deviation"}, "12": {"force": -3.2999999999999998, "type": "deviation"}, "6": {"force": -0.10000000000000001, "type": "deviation"}}, "0": {"1": {"length": -2.4999999999999996, "type": "trail"}, "5": {"force": -0.10000000000000001, "type": "deviation"}}, "3": {"8": {"force": -0.10000000000000001, "type": "deviation"}, "10": {"force": -3.2999999999999998, "type": "deviation"}}, "2": {"7": {"force": -0.10000000000000001, "type": "deviation"}, "3": {"length": -2.4999999999999996, "type": "trail"}}, "10": {"7": {"force": 8.9000000000000004, "type": "deviation"}, "11": {"length": 2.7242613677839351, "type": "trail"}}, "13": {"0": {"force": -20.0, "type": "deviation"}}, "15": {"17": {"length": 0.33000000000000002, "type": "trail"}, "2": {"force": -20.0, "type": "deviation"}}, "11": {"2": {"force": -20.0, "type": "deviation"}}, "9": {"8": {"force": -20.0, "type": "deviation"}}, "8": {"10": {"force": -3.2999999999999998, "type": "deviation"}}, "16": {}}}}