{"compas": "1.7.1", "datatype": "compas_cem.diagrams/TopologyDiagram", "data": {"adjacency": {"16": {"33": null, "15": null, "11": null}, "36": {"17": null, "34": null, "37": null, "5": null, "22": null}, "26": {"27": null, "9": null, "25": null}, "15": {"32": null, "14": null, "16": null}, "18": {"19": null, "1": null, "17": null}, "35": {"6": null, "34": null}, "25": {"26": null, "8": null, "24": null}, "28": {"27": null, "33": null, "34": null, "11": null}, "38": {"40": null, "0": null}, "40": {"38": null}, "10": {"27": null, "9": null, "11": null}, "30": {"31": null, "13": null, "29": null}, "20": {"21": null, "19": null, "3": null}, "17": {"36": null, "0": null, "18": null}, "37": {"36": null, "0": null}, "27": {"28": null, "26": null, "10": null}, "12": {"13": null, "29": null, "5": null}, "32": {"31": null, "33": null, "15": null}, "22": {"36": null, "21": null, "29": null, "5": null}, "19": {"20": null, "18": null, "2": null}, "39": {"41": null, "6": null}, "29": {"30": null, "12": null, "22": null}, "41": {"39": null}, "11": {"28": null, "34": null, "16": null, "10": null}, "5": {"36": null, "4": null, "12": null, "22": null}, "4": {"21": null, "3": null, "5": null}, "7": {"6": null, "8": null, "24": null}, "6": {"7": null, "23": null, "39": null, "35": null}, "1": {"0": null, "18": null, "2": null}, "0": {"37": null, "1": null, "17": null, "38": null}, "3": {"4": null, "20": null, "2": null}, "2": {"19": null, "1": null, "3": null}, "21": {"4": null, "20": null, "22": null}, "31": {"30": null, "32": null, "14": null}, "9": {"26": null, "8": null, "10": null}, "8": {"7": null, "9": null, "25": null}, "14": {"31": null, "13": null, "15": null}, "34": {"36": null, "35": null, "28": null, "23": null, "11": null}, "24": {"7": null, "23": null, "25": null}, "13": {"30": null, "12": null, "14": null}, "33": {"28": null, "32": null, "16": null}, "23": {"6": null, "34": null, "24": null}}, "node_attributes": {"z": 0.0, "qx": 0.0, "rx": 0.0, "qy": 0.0, "ry": 0.0, "qz": 0.0, "type": null, "rz": 0.0, "_k": null, "y": 0.0, "x": 0.0}, "node": {"16": {"z": 1.5000000000000002, "qx": -0.0, "qy": -0.0, "qz": -0.062499999999999993, "_k": 2, "y": -3.425166865496446, "x": 1.249999999999998}, "36": {"z": 0.49000000000000021, "type": "_origin", "_k": 0, "y": -2.925166865496446, "x": -1.8750000000000018}, "26": {"z": 1.5000000000000002, "qx": -0.0, "qy": -0.0, "qz": -0.062500000000000056, "_k": 5, "y": -2.425166865496446, "x": 3.1249999999999978}, "15": {"z": 1.5000000000000002, "qx": -0.0, "qy": -0.0, "qz": -0.062499999999999889, "_k": 1, "y": -3.425166865496446, "x": 0.62499999999999911}, "18": {"z": 1.5000000000000002, "qx": -0.0, "qy": -0.0, "qz": -0.062499999999999979, "_k": 6, "y": -2.425166865496446, "x": -4.3750000000000009}, "35": {"z": 1.4500000000000002, "type": "support", "_k": 1, "y": -3.425166865496446, "x": 4.9999999999999973}, "25": {"z": 1.5000000000000002, "qx": -0.0, "qy": -0.0, "qz": -0.062499999999999986, "_k": 6, "y": -2.425166865496446, "x": 3.7499999999999987}, "28": {"z": 1.5000000000000002, "qx": -0.0, "qy": -0.0, "qz": -0.062499999999999993, "_k": 3, "y": -2.425166865496446, "x": 1.8749999999999989}, "38": {"z": 1.4500000000000002, "type": "_origin", "_k": 0, "y": -2.425166865496446, "x": -5.0000000000000009}, "40": {"z": 1.1200000000000001, "type": "support", "_k": 1, "y": -2.425166865496446, "x": -5.0000000000000009}, "10": {"z": 1.5000000000000002, "qx": -0.0, "qy": -0.0, "qz": -0.062499999999999944, "_k": 4, "y": -3.425166865496446, "x": 2.4999999999999978}, "30": {"z": 1.5000000000000002, "qx": -0.0, "qy": -0.0, "qz": -0.062500000000000097, "type": "_origin", "_k": 0, "y": -2.425166865496446, "x": -0.62500000000000189}, "20": {"z": 1.5000000000000002, "qx": -0.0, "qy": -0.0, "qz": -0.0625, "_k": 4, "y": -2.425166865496446, "x": -3.1250000000000009}, "17": {"z": 1.5000000000000002, "qx": -0.0, "qy": -0.0, "qz": -0.03125, "type": "support", "_k": 7, "y": -2.425166865496446, "x": -5.0000000000000009}, "37": {"z": 1.4500000000000002, "type": "support", "_k": 1, "y": -3.425166865496446, "x": -5.0000000000000009}, "27": {"z": 1.5000000000000002, "qx": -0.0, "qy": -0.0, "qz": -0.062499999999999944, "_k": 4, "y": -2.425166865496446, "x": 2.4999999999999978}, "12": {"z": 1.5000000000000002, "qx": -0.0, "qy": -0.0, "qz": -0.0625, "_k": 1, "y": -3.425166865496446, "x": -1.2500000000000018}, "32": {"z": 1.5000000000000002, "qx": -0.0, "qy": -0.0, "qz": -0.062499999999999889, "_k": 1, "y": -2.425166865496446, "x": 0.62499999999999911}, "22": {"z": 1.5000000000000002, "qx": -0.0, "qy": -0.0, "qz": -0.062499999999999979, "_k": 2, "y": -2.425166865496446, "x": -1.8750000000000018}, "19": {"z": 1.5000000000000002, "qx": -0.0, "qy": -0.0, "qz": -0.0625, "_k": 5, "y": -2.425166865496446, "x": -3.7500000000000013}, "39": {"z": 1.4500000000000002, "type": "_origin", "_k": 0, "y": -2.425166865496446, "x": 4.9999999999999973}, "29": {"z": 1.5000000000000002, "qx": -0.0, "qy": -0.0, "qz": -0.0625, "_k": 1, "y": -2.425166865496446, "x": -1.2500000000000018}, "41": {"z": 1.1200000000000001, "type": "support", "_k": 1, "y": -2.425166865496446, "x": 4.9999999999999973}, "11": {"z": 1.5000000000000002, "qx": -0.0, "qy": -0.0, "qz": -0.062499999999999993, "_k": 3, "y": -3.425166865496446, "x": 1.8749999999999989}, "5": {"z": 1.5000000000000002, "qx": -0.0, "qy": -0.0, "qz": -0.062499999999999979, "_k": 2, "y": -3.425166865496446, "x": -1.8750000000000018}, "4": {"z": 1.5000000000000002, "qx": -0.0, "qy": -0.0, "qz": -0.062499999999999958, "_k": 3, "y": -3.425166865496446, "x": -2.5000000000000013}, "7": {"z": 1.5000000000000002, "qx": -0.0, "qy": -0.0, "qz": -0.062499999999999931, "_k": 7, "y": -3.425166865496446, "x": 4.3749999999999973}, "6": {"z": 1.5000000000000002, "qx": -0.0, "qy": -0.0, "qz": -0.03125, "type": "support", "_k": 8, "y": -3.425166865496446, "x": 4.9999999999999973}, "1": {"z": 1.5000000000000002, "qx": -0.0, "qy": -0.0, "qz": -0.062499999999999979, "_k": 6, "y": -3.425166865496446, "x": -4.3750000000000009}, "0": {"z": 1.5000000000000002, "qx": -0.0, "qy": -0.0, "qz": -0.03125, "type": "support", "_k": 7, "y": -3.425166865496446, "x": -5.0000000000000009}, "3": {"z": 1.5000000000000002, "qx": -0.0, "qy": -0.0, "qz": -0.0625, "_k": 4, "y": -3.425166865496446, "x": -3.1250000000000009}, "2": {"z": 1.5000000000000002, "qx": -0.0, "qy": -0.0, "qz": -0.0625, "_k": 5, "y": -3.425166865496446, "x": -3.7500000000000013}, "21": {"z": 1.5000000000000002, "qx": -0.0, "qy": -0.0, "qz": -0.062499999999999958, "_k": 3, "y": -2.425166865496446, "x": -2.5000000000000013}, "31": {"z": 1.5000000000000002, "qx": -0.0, "qy": -0.0, "qz": -0.062500000000000056, "type": "_origin", "_k": 0, "y": -2.425166865496446, "x": 2.2204460492503131e-16}, "9": {"z": 1.5000000000000002, "qx": -0.0, "qy": -0.0, "qz": -0.062500000000000056, "_k": 5, "y": -3.425166865496446, "x": 3.1249999999999978}, "8": {"z": 1.5000000000000002, "qx": -0.0, "qy": -0.0, "qz": -0.062499999999999986, "_k": 6, "y": -3.425166865496446, "x": 3.7499999999999987}, "14": {"z": 1.5000000000000002, "qx": -0.0, "qy": -0.0, "qz": -0.062500000000000056, "type": "_origin", "_k": 0, "y": -3.425166865496446, "x": 2.2204460492503131e-16}, "34": {"z": 0.49000000000000021, "type": "_origin", "_k": 0, "y": -2.925166865496446, "x": 1.8749999999999989}, "24": {"z": 1.5000000000000002, "qx": -0.0, "qy": -0.0, "qz": -0.062499999999999931, "_k": 7, "y": -2.425166865496446, "x": 4.3749999999999973}, "13": {"z": 1.5000000000000002, "qx": -0.0, "qy": -0.0, "qz": -0.062500000000000097, "type": "_origin", "_k": 0, "y": -3.425166865496446, "x": -0.62500000000000189}, "33": {"z": 1.5000000000000002, "qx": -0.0, "qy": -0.0, "qz": -0.062499999999999993, "_k": 2, "y": -2.425166865496446, "x": 1.249999999999998}, "23": {"z": 1.5000000000000002, "qx": -0.0, "qy": -0.0, "qz": -0.03125, "type": "support", "_k": 8, "y": -2.425166865496446, "x": 4.9999999999999973}}, "max_int_key": 41,