{"compas": "1.7.1", "datatype": "compas_cem.diagrams/TopologyDiagram", "data": {"adjacency": {"16": {"28": null, "21": null, "15": null, "3": null}, "26": {"17": null, "27": null, "7": null, "28": null, "20": null}, "15": {"14": null, "16": null, "2": null}, "18": {"19": null, "17": null, "5": null}, "25": {"12": null, "20": null, "24": null}, "28": {"26": null, "29": null, "13": null, "3": null, "16": null}, "10": {"23": null, "9": null, "11": null}, "30": {"32": null, "0": null}, "20": {"7": null, "19": null, "26": null, "25": null}, "17": {"4": null, "26": null, "18": null}, "27": {"4": null, "26": null}, "12": {"7": null, "11": null, "25": null}, "32": {"30": null}, "22": {"21": null, "23": null, "9": null}, "19": {"20": null, "6": null, "18": null}, "29": {"28": null, "0": null}, "11": {"12": null, "10": null, "24": null}, "5": {"4": null, "6": null, "18": null}, "4": {"31": null, "27": null, "17": null, "5": null}, "7": {"12": null, "20": null, "6": null, "26": null}, "6": {"7": null, "19": null, "5": null}, "1": {"14": null, "0": null, "2": null}, "0": {"30": null, "13": null, "1": null, "29": null}, "3": {"28": null, "16": null, "8": null, "2": null}, "2": {"1": null, "15": null, "3": null}, "21": {"22": null, "16": null, "8": null}, "31": {"4": null, "33": null}, "9": {"22": null, "8": null, "10": null}, "8": {"21": null, "9": null, "3": null}, "14": {"13": null, "15": null, "1": null}, "24": {"23": null, "11": null, "25": null}, "13": {"28": null, "14": null, "0": null}, "33": {"31": null}, "23": {"22": null, "10": null, "24": null}}, "node_attributes": {"z": 0.0, "qx": 0.0, "rx": 0.0, "qy": 0.0, "ry": 0.0, "qz": 0.0, "type": null, "rz": 0.0, "_k": null, "y": 0.0, "x": 0.0}, "node": {"16": {"z": 1.5000000000000002, "qx": -0.0, "qy": -0.0, "qz": -0.08333333333333337, "_k": 2, "y": -2.425166865496446, "x": -2.5000000000000013}, "26": {"z": 0.49000000000000021, "type": "_origin", "_k": 0, "y": -2.925166865496446, "x": 2.4999999999999978}, "15": {"z": 1.5000000000000002, "qx": -0.0, "qy": -0.0, "qz": -0.083333333333333343, "_k": 3, "y": -2.425166865496446, "x": -3.3333333333333348}, "18": {"z": 1.5000000000000002, "qx": -0.0, "qy": -0.0, "qz": -0.083333333333333037, "_k": 5, "y": -2.425166865496446, "x": 4.1666666666666661}, "25": {"z": 1.5000000000000002, "qx": -0.0, "qy": -0.0, "qz": -0.08333333333333337, "_k": 2, "y": -2.425166865496446, "x": 1.6666666666666698}, "28": {"z": 0.49000000000000021, "type": "_origin", "_k": 0, "y": -2.925166865496446, "x": -2.5000000000000013}, "10": {"z": 1.5000000000000002, "qx": -0.0, "qy": -0.0, "qz": -0.083333333333333315, "type": "_origin", "_k": 0, "y": -3.425166865496446, "x": 2.2204460492503131e-16}, "30": {"z": 1.4500000000000002, "type": "_origin", "_k": 0, "y": -2.425166865496446, "x": -5.0000000000000009}, "20": {"z": 1.5000000000000002, "qx": -0.0, "qy": -0.0, "qz": -0.083333333333333343, "_k": 3, "y": -2.425166865496446, "x": 2.4999999999999978}, "17": {"z": 1.5000000000000002, "qx": -0.0, "qy": -0.0, "qz": -0.041666666666666567, "type": "support", "_k": 6, "y": -2.425166865496446, "x": 4.9999999999999973}, "27": {"z": 1.4500000000000002, "type": "support", "_k": 1, "y": -3.425166865496446, "x": 4.9999999999999973}, "12": {"z": 1.5000000000000002, "qx": -0.0, "qy": -0.0, "qz": -0.08333333333333337, "_k": 2, "y": -3.425166865496446, "x": 1.6666666666666698}, "32": {"z": 1.1200000000000001, "type": "support", "_k": 1, "y": -2.425166865496446, "x": -5.0000000000000009}, "22": {"z": 1.5000000000000002, "qx": -0.0, "qy": -0.0, "qz": -0.083333333333333398, "type": "_origin", "_k": 0, "y": -2.425166865496446, "x": -0.83333333333333559}, "19": {"z": 1.5000000000000002, "qx": -0.0, "qy": -0.0, "qz": -0.083333333333333426, "_k": 4, "y": -2.425166865496446, "x": 3.3333333333333366}, "29": {"z": 1.4500000000000002, "type": "support", "_k": 1, "y": -3.425166865496446, "x": -5.0000000000000009}, "11": {"z": 1.5000000000000002, "qx": -0.0, "qy": -0.0, "qz": -0.083333333333333481, "_k": 1, "y": -3.425166865496446, "x": 0.83333333333333059}, "5": {"z": 1.5000000000000002, "qx": -0.0, "qy": -0.0, "qz": -0.083333333333333037, "_k": 5, "y": -3.425166865496446, "x": 4.1666666666666661}, "4": {"z": 1.5000000000000002, "qx": -0.0, "qy": -0.0, "qz": -0.041666666666666567, "type": "support", "_k": 6, "y": -3.425166865496446, "x": 4.9999999999999973}, "7": {"z": 1.5000000000000002, "qx": -0.0, "qy": -0.0, "qz": -0.083333333333333343, "_k": 3, "y": -3.425166865496446, "x": 2.4999999999999978}, "6": {"z": 1.5000000000000002, "qx": -0.0, "qy": -0.0, "qz": -0.083333333333333426, "_k": 4, "y": -3.425166865496446, "x": 3.3333333333333366}, "1": {"z": 1.5000000000000002, "qx": -0.0, "qy": -0.0, "qz": -0.083333333333333315, "_k": 4, "y": -3.425166865496446, "x": -4.1666666666666679}, "0": {"z": 1.5000000000000002, "qx": -0.0, "qy": -0.0, "qz": -0.041666666666666657, "type": "support", "_k": 5, "y": -3.425166865496446, "x": -5.0000000000000009}, "3": {"z": 1.5000000000000002, "qx": -0.0, "qy": -0.0, "qz": -0.08333333333333337, "_k": 2, "y": -3.425166865496446, "x": -2.5000000000000013}, "2": {"z": 1.5000000000000002, "qx": -0.0, "qy": -0.0, "qz": -0.083333333333333343, "_k": 3, "y": -3.425166865496446, "x": -3.3333333333333348}, "21": {"z": 1.5000000000000002, "qx": -0.0, "qy": -0.0, "qz": -0.083333333333333287, "_k": 1, "y": -2.425166865496446, "x": -1.6666666666666674}, "31": {"z": 1.4500000000000002, "type": "_origin", "_k": 0, "y": -2.425166865496446, "x": 4.9999999999999973}, "9": {"z": 1.5000000000000002, "qx": -0.0, "qy": -0.0, "qz": -0.083333333333333398, "type": "_origin", "_k": 0, "y": -3.425166865496446, "x": -0.83333333333333559}, "8": {"z": 1.5000000000000002, "qx": -0.0, "qy": -0.0, "qz": -0.083333333333333287, "_k": 1, "y": -3.425166865496446, "x": -1.6666666666666674}, "14": {"z": 1.5000000000000002, "qx": -0.0, "qy": -0.0, "qz": -0.083333333333333315, "_k": 4, "y": -2.425166865496446, "x": -4.1666666666666679}, "24": {"z": 1.5000000000000002, "qx": -0.0, "qy": -0.0, "qz": -0.083333333333333481, "_k": 1, "y": -2.425166865496446, "x": 0.83333333333333059}, "13": {"z": 1.5000000000000002, "qx": -0.0, "qy": -0.0, "qz": -0.041666666666666657, "type": "support", "_k": 5, "y": -2.425166865496446, "x": -5.0000000000000009}, "33": {"z": 1.1200000000000001, "type": "support", "_k": 1, "y": -2.425166865496446, "x": 4.9999999999999973}, "23": {"z": 1.5000000000000002, "qx": -0.0, "qy": -0.0, "qz": -0.083333333333333315, "type": "_origin", "_k": 0, "y": -2.425166865496446, "x": 2.2204460492503131e-16}}, "max_int_key": 33, "attributes": {"gkey_node": {"5.000,-3.425,1.500": 4, "-2.500,-3.425,1.500": 3, "1.667,-3.425,1.500": 12, "5.000,-2.425,1.450": 31, "4.167,-3.425,1.500": 5, "2.500,-3.425,1.500": 7, "-0.833,-2.425,1.500": 22, "-5.000,-2.425,1.120": 32, "2.500,-2.925,0.490": 26, "-5.000,-3.425,1.500": 0, "-3.333,-2.425,1.500": 15, "0.833,-3.425,1.500": 11, "-4.167,-3.425,1.500": 1, "-2.500,-2.425,1.500": 16, "-0.833,-3.425,1.500": 9, "5.000,-2.425,1.500": 17, "5.000,-3.425,1.450": 27, "-5.000,-2.425,1.500": 13, "4.167,-2.425,1.500": 18, "2.500,-2.425,1.500": 20, "1.667,-2.425,1.500": 25, "-3.333,-3.425,1.500": 2, "-5.000,-2.425,1.450": 30, "-1.667,-3.425,1.500": 8, "-4.167,-2.425,1.500": 14, "5.000,-2.425,1.120": 33, "-2.500,-2.925,0.490": 28, "0.000,-3.425,1.500": 10, "3.333,-2.425,1.500": 19, "-1.667,-2.425,1.500": 21, "-5.000,-3.425,1.450": 29, "0.833,-2.425,1.500": 24, "0.000,-2.425,1.500": 23, "3.333,-3.425,1.500": 6}, "name": "Network", "_aux_length": 0.33000000000000002, "_trails": {"30": [30, 32], "31": [31, 33], "9": [9, 8, 3, 2, 1, 0], "10": [10, 11, 12, 7, 6, 5, 4], "22": [22, 21, 16, 15, 14, 13], "23": [23, 24, 25, 20, 19, 18, 17], "26": [26, 27], "28": [28, 29]}, "tol": "3f", "_auxiliary_trails": {"30": [30, 32], "31": [31, 33]}, "_aux_vector": {"dtype": "compas.geometry/Vector", "value": [-0.0, -0.0, -1.0]}}, "edge_attributes": {"force": 0.0, "type": null, "length": 0.0},