{"compas": "1.7.1", "datatype": "compas_cem.diagrams/TopologyDiagram", "data": {"adjacency": {"16": {"14": null, "17": null, "7": null, "2": null, "9": null}, "15": {"14": null, "3": null}, "18": {"20": null, "0": null}, "10": {"14": null, "3": null, "11": null}, "20": {"18": null}, "17": {"0": null, "16": null}, "12": {"13": null, "14": null, "11": null, "5": null}, "19": {"21": null, "3": null}, "11": {"4": null, "12": null, "10": null}, "5": {"4": null, "12": null, "6": null, "14": null}, "4": {"5": null, "3": null, "11": null}, "7": {"0": null, "8": null, "16": null}, "6": {"5": null, "13": null, "2": null}, "1": {"0": null, "8": null, "2": null}, "0": {"7": null, "1": null, "18": null, "17": null}, "3": {"4": null, "19": null, "15": null, "10": null}, "2": {"6": null, "1": null, "9": null, "16": null}, "21": {"19": null}, "9": {"2": null, "13": null, "8": null, "16": null}, "8": {"7": null, "1": null, "9": null}, "14": {"12": null, "5": null, "15": null, "10": null, "16": null}, "13": {"12": null, "6": null, "9": null}}, "node_attributes": {"z": 0.0, "qx": 0.0, "rx": 0.0, "qy": 0.0, "ry": 0.0, "qz": 0.0, "type": null, "rz": 0.0, "_k": null, "y": 0.0, "x": 0.0}, "node": {"16": {"z": 0.49000000000000021, "type": "_origin", "_k": 0, "y": -2.925166865496446, "x": -1.6666666666666674}, "15": {"z": 1.4500000000000002, "type": "support", "_k": 1, "y": -3.425166865496446, "x": 4.9999999999999973}, "18": {"z": 1.4500000000000002, "type": "_origin", "_k": 0, "y": -2.425166865496446, "x": -5.0000000000000009}, "10": {"z": 1.5000000000000002, "qx": -0.0, "qy": -0.0, "qz": -0.083333333333333037, "type": "support", "_k": 3, "y": -2.425166865496446, "x": 4.9999999999999973}, "20": {"z": 1.1200000000000001, "type": "support", "_k": 1, "y": -2.425166865496446, "x": -5.0000000000000009}, "17": {"z": 1.4500000000000002, "type": "support", "_k": 1, "y": -3.425166865496446, "x": -5.0000000000000009}, "12": {"z": 1.5000000000000002, "qx": -0.0, "qy": -0.0, "qz": -0.16666666666666682, "_k": 1, "y": -2.425166865496446, "x": 1.6666666666666698}, "19": {"z": 1.4500000000000002, "type": "_origin", "_k": 0, "y": -2.425166865496446, "x": 4.9999999999999973}, "11": {"z": 1.5000000000000002, "qx": -0.0, "qy": -0.0, "qz": -0.16666666666666638, "_k": 2, "y": -2.425166865496446, "x": 3.3333333333333366}, "5": {"z": 1.5000000000000002, "qx": -0.0, "qy": -0.0, "qz": -0.16666666666666682, "_k": 1, "y": -3.425166865496446, "x": 1.6666666666666698}, "4": {"z": 1.5000000000000002, "qx": -0.0, "qy": -0.0, "qz": -0.16666666666666638, "_k": 2, "y": -3.425166865496446, "x": 3.3333333333333366}, "7": {"z": 1.5000000000000002, "qx": -0.0, "qy": -0.0, "qz": -0.083333333333333315, "type": "support", "_k": 2, "y": -2.425166865496446, "x": -5.0000000000000009}, "6": {"z": 1.5000000000000002, "qx": -0.0, "qy": -0.0, "qz": -0.16666666666666685, "type": "_origin", "_k": 0, "y": -3.425166865496446, "x": 2.2204460492503131e-16}, "1": {"z": 1.5000000000000002, "qx": -0.0, "qy": -0.0, "qz": -0.16666666666666669, "_k": 1, "y": -3.425166865496446, "x": -3.3333333333333348}, "0": {"z": 1.5000000000000002, "qx": -0.0, "qy": -0.0, "qz": -0.083333333333333315, "type": "support", "_k": 2, "y": -3.425166865496446, "x": -5.0000000000000009}, "3": {"z": 1.5000000000000002, "qx": -0.0, "qy": -0.0, "qz": -0.083333333333333037, "type": "support", "_k": 3, "y": -3.425166865496446, "x": 4.9999999999999973}, "2": {"z": 1.5000000000000002, "qx": -0.0, "qy": -0.0, "qz": -0.16666666666666674, "type": "_origin", "_k": 0, "y": -3.425166865496446, "x": -1.6666666666666674}, "21": {"z": 1.1200000000000001, "type": "support", "_k": 1, "y": -2.425166865496446, "x": 4.9999999999999973}, "9": {"z": 1.5000000000000002, "qx": -0.0, "qy": -0.0, "qz": -0.16666666666666674, "type": "_origin", "_k": 0, "y": -2.425166865496446, "x": -1.6666666666666674}, "8": {"z": 1.5000000000000002, "qx": -0.0, "qy": -0.0, "qz": -0.16666666666666669, "_k": 1, "y": -2.425166865496446, "x": -3.3333333333333348}, "14": {"z": 0.49000000000000021, "type": "_origin", "_k": 0, "y": -2.925166865496446, "x": 1.6666666666666698}, "13": {"z": 1.5000000000000002, "qx": -0.0, "qy": -0.0, "qz": -0.16666666666666685, "type": "_origin", "_k": 0, "y": -2.425166865496446, "x": 2.2204460492503131e-16}}, "max_int_key": 21, "attributes": {"gkey_node": {"5.000,-3.425,1.500": 3, "1.667,-3.425,1.500": 5, "5.000,-2.425,1.450": 19, "-5.000,-2.425,1.120": 20, "-5.000,-3.425,1.500": 0, "-3.333,-2.425,1.500": 8, "1.667,-2.925,0.490": 14, "5.000,-2.425,1.500": 10, "5.000,-3.425,1.450": 15, "1.667,-2.425,1.500": 12, "-5.000,-2.425,1.500": 7, "-3.333,-3.425,1.500": 1, "-5.000,-2.425,1.450": 18, "-1.667,-3.425,1.500": 2, "5.000,-2.425,1.120": 21, "-1.667,-2.925,0.490": 16, "0.000,-3.425,1.500": 6, "3.333,-2.425,1.500": 11, "-1.667,-2.425,1.500": 9, "-5.000,-3.425,1.450": 17, "0.000,-2.425,1.500": 13, "3.333,-3.425,1.500": 4}, "name": "Network", "_aux_length": 0.33000000000000002, "_trails": {"2": [2, 1, 0], "6": [6, 5, 4, 3], "9": [9, 8, 7], "13": [13, 12, 11, 10], "14": [14, 15], "16": [16, 17], "18": [18, 20], "19": [19, 21]}, "tol": "3f", "_auxiliary_trails": {"18": [18, 20], "19": [19, 21]}, "_aux_vector": {"dtype": "compas.geometry/Vector", "value": [-0.0, -0.0, -1.0]}}, "edge_attributes": {"force": 0.0, "type": null, "length": 0.0}, "edge": {"16": {"7": {"force": 8.9000000000000004, "type": "deviation"}, "14": {"force": 13.1, "type": "deviation"}, "17": {"length": 3.5046699004487012, "type": "trail"}}, "15": {"3": {"force": -20.0, "type": "deviation"}}, "18": {"20": {"length": 0.33000000000000002, "type": "trail"}, "0": {"force": -20.0, "type": "deviation"}}, "10": {"11": {"length": -1.6666666666666607, "type": "trail"}}, "20": {}, "17": {"0": {"force": -20.0, "type": "deviation"}}, "12": {"14": {"force": -3.2999999999999998, "type": "deviation"}}, "19": {"21": {"length": 0.33000000000000002, "type": "trail"}, "3": {"force": -20.0, "type": "deviation"}}, "11": {"12": {"length": -1.6666666666666667, "type": "trail"}}, "5": {"12": {"force": -0.10000000000000001, "type": "deviation"}, "14": {"force": -3.2999999999999998, "type": "deviation"}}, "4": {"11": {"force": -0.10000000000000001, "type": "deviation"}, "5": {"length": -1.6666666666666667, "type": "trail"}}, "7": {"8": {"length": -1.6666666666666661, "type": "trail"}}, "6": {"13": {"force": -0.10000000000000001, "type": "deviation"}, "5": {"length": -1.6666666666666696, "type": "trail"}}, "1": {"8": {"force": -0.10000000000000001, "type": "deviation"}, "2": {"length": -1.6666666666666674, "type": "trail"}}, "0": {"7": {"force": -0.10000000000000001, "type": "deviation"}, "1": {"length": -1.6666666666666661, "type": "trail"}}, "3": {"4": {"length": -1.6666666666666607, "type": "trail"}, "10": {"force": -0.10000000000000001, "type": "deviation"}}, "2": {"6": {"force": -20.0, "type": "deviation"}, "9": {"force": -0.10000000000000001, "type": "deviation"}, "16": {"force": -3.2999999999999998, "type": "deviation"}}, "21": {}, "9": {"13": {"force": -20.0, "type": "deviation"}, "16": {"force": -3.2999999999999998, "type": "deviation"}}, "8": {"9": {"length": -1.6666666666666674, "type": "trail"}}, "14": {"15": {"length": 3.5046699004486959, "type": "trail"}, "10": {"force": 8.9000000000000004, "type": "deviation"}}, "13": {"12": {"length": -1.6666666666666696, "type": "trail"}}}}}