{"compas": "1.7.1", "datatype": "compas_cem.diagrams/TopologyDiagram", "data": {"adjacency": {"16": {"15": null, "17": null, "5": null}, "26": {"28": null, "0": null}, "15": {"4": null, "22": null, "16": null}, "18": {"21": null, "7": null, "22": null, "17": null}, "25": {"0": null, "24": null}, "28": {"26": null}, "10": {"7": null, "21": null, "9": null}, "20": {"21": null, "19": null, "9": null}, "17": {"6": null, "18": null, "16": null}, "27": {"4": null, "29": null}, "12": {"13": null, "1": null, "11": null}, "22": {"24": null, "15": null, "7": null, "18": null, "23": null}, "19": {"20": null, "14": null, "8": null}, "29": {"27": null}, "11": {"12": null, "0": null, "24": null}, "5": {"4": null, "6": null, "16": null}, "4": {"27": null, "15": null, "23": null, "5": null}, "7": {"6": null, "22": null, "18": null, "10": null}, "6": {"7": null, "17": null, "5": null}, "1": {"12": null, "0": null, "2": null}, "0": {"26": null, "1": null, "11": null, "25": null}, "3": {"24": null, "14": null, "8": null, "2": null}, "2": {"13": null, "1": null, "3": null}, "21": {"20": null, "18": null, "10": null}, "9": {"20": null, "8": null, "10": null}, "8": {"19": null, "9": null, "3": null}, "14": {"13": null, "19": null, "3": null, "24": null}, "24": {"14": null, "22": null, "25": null, "3": null, "11": null}, "13": {"12": null, "14": null, "2": null}, "23": {"4": null, "22": null}}, "node_attributes": {"z": 0.0, "qx": 0.0, "rx": 0.0, "qy": 0.0, "ry": 0.0, "qz": 0.0, "type": null, "rz": 0.0, "_k": null, "y": 0.0, "x": 0.0}, "node": {"16": {"z": 1.5000000000000002, "qx": -0.0, "qy": -0.0, "qz": -0.10000000000000003, "_k": 4, "y": -2.425166865496446, "x": 3.9999999999999987}, "26": {"z": 1.4500000000000002, "type": "_origin", "_k": 0, "y": -2.425166865496446, "x": -5.0000000000000009}, "15": {"z": 1.5000000000000002, "qx": -0.0, "qy": -0.0, "qz": -0.049999999999999933, "type": "support", "_k": 5, "y": -2.425166865496446, "x": 4.9999999999999973}, "18": {"z": 1.5000000000000002, "qx": -0.0, "qy": -0.0, "qz": -0.099999999999999908, "_k": 2, "y": -2.425166865496446, "x": 1.9999999999999973}, "25": {"z": 1.4500000000000002, "type": "support", "_k": 1, "y": -3.425166865496446, "x": -5.0000000000000009}, "28": {"z": 1.1200000000000001, "type": "support", "_k": 1, "y": -2.425166865496446, "x": -5.0000000000000009}, "10": {"z": 1.5000000000000002, "qx": -0.0, "qy": -0.0, "qz": -0.099999999999999867, "_k": 1, "y": -3.425166865496446, "x": 0.99999999999999889}, "20": {"z": 1.5000000000000002, "qx": -0.0, "qy": -0.0, "qz": -0.10000000000000003, "type": "_origin", "_k": 0, "y": -2.425166865496446, "x": 2.2204460492503131e-16}, "17": {"z": 1.5000000000000002, "qx": -0.0, "qy": -0.0, "qz": -0.10000000000000007, "_k": 3, "y": -2.425166865496446, "x": 2.9999999999999969}, "27": {"z": 1.4500000000000002, "type": "_origin", "_k": 0, "y": -2.425166865496446, "x": 4.9999999999999973}, "12": {"z": 1.5000000000000002, "qx": -0.0, "qy": -0.0, "qz": -0.099999999999999978, "_k": 3, "y": -2.425166865496446, "x": -4.0000000000000018}, "22": {"z": 0.49000000000000021, "type": "_origin", "_k": 0, "y": -2.925166865496446, "x": 1.9999999999999973}, "19": {"z": 1.5000000000000002, "qx": -0.0, "qy": -0.0, "qz": -0.10000000000000009, "type": "_origin", "_k": 0, "y": -2.425166865496446, "x": -1.0000000000000018}, "29": {"z": 1.1200000000000001, "type": "support", "_k": 1, "y": -2.425166865496446, "x": 4.9999999999999973}, "11": {"z": 1.5000000000000002, "qx": -0.0, "qy": -0.0, "qz": -0.049999999999999961, "type": "support", "_k": 4, "y": -2.425166865496446, "x": -5.0000000000000009}, "5": {"z": 1.5000000000000002, "qx": -0.0, "qy": -0.0, "qz": -0.10000000000000003, "_k": 4, "y": -3.425166865496446, "x": 3.9999999999999987}, "4": {"z": 1.5000000000000002, "qx": -0.0, "qy": -0.0, "qz": -0.049999999999999933, "type": "support", "_k": 5, "y": -3.425166865496446, "x": 4.9999999999999973}, "7": {"z": 1.5000000000000002, "qx": -0.0, "qy": -0.0, "qz": -0.099999999999999908, "_k": 2, "y": -3.425166865496446, "x": 1.9999999999999973}, "6": {"z": 1.5000000000000002, "qx": -0.0, "qy": -0.0, "qz": -0.10000000000000007, "_k": 3, "y": -3.425166865496446, "x": 2.9999999999999969}, "1": {"z": 1.5000000000000002, "qx": -0.0, "qy": -0.0, "qz": -0.099999999999999978, "_k": 3, "y": -3.425166865496446, "x": -4.0000000000000018}, "0": {"z": 1.5000000000000002, "qx": -0.0, "qy": -0.0, "qz": -0.049999999999999961, "type": "support", "_k": 4, "y": -3.425166865496446, "x": -5.0000000000000009}, "3": {"z": 1.5000000000000002, "qx": -0.0, "qy": -0.0, "qz": -0.099999999999999978, "_k": 1, "y": -3.425166865496446, "x": -2.0000000000000013}, "2": {"z": 1.5000000000000002, "qx": -0.0, "qy": -0.0, "qz": -0.10000000000000003, "_k": 2, "y": -3.425166865496446, "x": -3.0000000000000013}, "21": {"z": 1.5000000000000002, "qx": -0.0, "qy": -0.0, "qz": -0.099999999999999867, "_k": 1, "y": -2.425166865496446, "x": 0.99999999999999889}, "9": {"z": 1.5000000000000002, "qx": -0.0, "qy": -0.0, "qz": -0.10000000000000003, "type": "_origin", "_k": 0, "y": -3.425166865496446, "x": 2.2204460492503131e-16}, "8": {"z": 1.5000000000000002, "qx": -0.0, "qy": -0.0, "qz": -0.10000000000000009, "type": "_origin", "_k": 0, "y": -3.425166865496446, "x": -1.0000000000000018}, "14": {"z": 1.5000000000000002, "qx": -0.0, "qy": -0.0, "qz": -0.099999999999999978, "_k": 1, "y": -2.425166865496446, "x": -2.0000000000000013}, "24": {"z": 0.49000000000000021, "type": "_origin", "_k": 0, "y": -2.925166865496446, "x": -2.0000000000000013}, "13": {"z": 1.5000000000000002, "qx": -0.0, "qy": -0.0, "qz": -0.10000000000000003, "_k": 2, "y": -2.425166865496446, "x": -3.0000000000000013}, "23": {"z": 1.4500000000000002, "type": "support", "_k": 1, "y": -3.425166865496446, "x": 4.9999999999999973}}, "max_int_key": 29, "attributes": {"gkey_node": {"5.000,-3.425,1.500": 4, "-3.000,-3.425,1.500": 2, "5.000,-2.425,1.450": 27, "-5.000,-2.425,1.120": 28, "-4.000,-3.425,1.500": 1, "-5.000,-3.425,1.500": 0, "-2.000,-2.425,1.500": 14, "-3.000,-2.425,1.500": 13, "4.000,-2.425,1.500": 16, "5.000,-2.425,1.500": 15, "5.000,-3.425,1.450": 23, "-4.000,-2.425,1.500": 12, "-5.000,-2.425,1.500": 11, "-5.000,-2.425,1.450": 26, "5.000,-2.425,1.120": 29, "-1.000,-3.425,1.500": 8, "0.000,-3.425,1.500": 9, "2.000,-3.425,1.500": 7, "1.000,-3.425,1.500": 10, "3.000,-3.425,1.500": 6, "2.000,-2.925,0.490": 22, "-5.000,-3.425,1.450": 25, "-2.000,-2.925,0.490": 24, "-1.000,-2.425,1.500": 19, "0.000,-2.425,1.500": 20, "2.000,-2.425,1.500": 18, "4.000,-3.425,1.500": 5, "1.000,-2.425,1.500": 21, "-2.000,-3.425,1.500": 3, "3.000,-2.425,1.500": 17}, "name": "Network", "_aux_length": 0.33000000000000002, "_trails": {"8": [8, 3, 2, 1, 0], "9": [9, 10, 7, 6, 5, 4], "19": [19, 14, 13, 12, 11], "20": [20, 21, 18, 17, 16, 15], "22": [22, 23], "24": [24, 25], "26": [26, 28], "27": [27, 29]}, "tol": "3f", "_auxiliary_trails": {"26": [26, 28], "27": [27, 29]}, "_aux_vector": {"dtype": "compas.geometry/Vector", "value": [-0.0, -0.0, -1.0]}}, "edge_attributes": {"force": 0.0, "type": null, "length": 0.0}, "edge": {"16": {"17": {"length": -1.0000000000000018, "type": "trail"}}, "26": {"28": {"length": 0.33000000000000002, "type": "trail"}, "0": {"force": -20.0, "type": "deviation"}}, "15": {"16": {"length": -0.99999999999999867, "type": "trail"}}, "18": {"22": {"force": -3.2999999999999998, "type": "deviation"}}, "25": {"0": {"force": -20.0, "type": "deviation"}}, "28": {}, "10": {"7": {"length": -0.99999999999999845, "type": "trail"}, "21": {"force": -0.10000000000000001, "type": "deviation"}}, "20": {"21": {"length": -0.99999999999999867, "type": "trail"}}, "17": {"18": {"length": -0.99999999999999956, "type": "trail"}}, "27": {"4": {"force": -20.0, "type": "deviation"}, "29": {"length": 0.33000000000000002, "type": "trail"}}, "12": {"13": {"length": -1.0000000000000004, "type": "trail"}}, "22": {"15": {"force": 8.9000000000000004, "type": "deviation"}, "23": {"length": 3.1892945928527832, "type": "trail"}},