{"compas": "1.7.1", "datatype": "compas_cem.diagrams/TopologyDiagram", "data": {"adjacency": {"16": {"6": null, "15": null, "17": null}, "26": {"24": null}, "15": {"14": null, "16": null, "5": null}, "18": {"13": null, "19": null, "8": null}, "25": {"4": null, "27": null}, "10": {"22": null, "0": null, "11": null}, "20": {"14": null, "17": null, "22": null, "7": null, "21": null}, "17": {"7": null, "19": null, "20": null, "16": null}, "27": {"25": null}, "12": {"13": null, "11": null, "2": null}, "22": {"10": null, "13": null, "3": null, "20": null, "23": null}, "19": {"9": null, "17": null, "18": null}, "11": {"12": null, "1": null, "10": null}, "5": {"4": null, "6": null, "15": null}, "4": {"5": null, "21": null, "14": null, "25": null}, "7": {"20": null, "6": null, "9": null, "17": null}, "6": {"7": null, "16": null, "5": null}, "1": {"0": null, "11": null, "2": null}, "0": {"1": null, "23": null, "10": null, "24": null}, "3": {"13": null, "22": null, "8": null, "2": null}, "2": {"12": null, "1": null, "3": null}, "21": {"4": null, "20": null}, "9": {"7": null, "19": null, "8": null}, "8": {"9": null, "3": null, "18": null}, "14": {"4": null, "20": null, "15": null}, "24": {"26": null, "0": null}, "13": {"12": null, "22": null, "18": null, "3": null}, "23": {"22": null, "0": null}}, "node_attributes": {"z": 0.0, "qx": 0.0, "rx": 0.0, "qy": 0.0, "ry": 0.0, "qz": 0.0, "type": null, "rz": 0.0, "_k": null, "y": 0.0, "x": 0.0}, "node": {"16": {"z": 1.5000000000000002, "qx": -0.0, "qy": -0.0, "qz": -0.11111111111111094, "_k": 2, "y": -2.425166865496446, "x": 2.7777777777777763}, "26": {"z": 1.1200000000000001, "type": "support", "_k": 1, "y": -2.425166865496446, "x": -5.0000000000000009}, "15": {"z": 1.5000000000000002, "qx": -0.0, "qy": -0.0, "qz": -0.11111111111111105, "_k": 3, "y": -2.425166865496446, "x": 3.8888888888888884}, "18": {"z": 1.5000000000000002, "qx": -0.0, "qy": -0.0, "qz": -0.11111111111111105, "type": "_origin", "_k": 0, "y": -2.425166865496446, "x": -0.55555555555555669}, "25": {"z": 1.4500000000000002, "type": "_origin", "_k": 0, "y": -2.425166865496446, "x": 4.9999999999999973}, "10": {"z": 1.5000000000000002, "qx": -0.0, "qy": -0.0, "qz": -0.055555555555555539, "type": "support", "_k": 4, "y": -2.425166865496446, "x": -5.0000000000000009}, "20": {"z": 0.49000000000000021, "type": "_origin", "_k": 0, "y": -2.925166865496446, "x": 1.6666666666666698}, "17": {"z": 1.5000000000000002, "qx": -0.0, "qy": -0.0, "qz": -0.11111111111111113, "_k": 1, "y": -2.425166865496446, "x": 1.6666666666666698}, "27": {"z": 1.1200000000000001, "type": "support", "_k": 1, "y": -2.425166865496446, "x": 4.9999999999999973}, "12": {"z": 1.5000000000000002, "qx": -0.0, "qy": -0.0, "qz": -0.11111111111111115, "_k": 2, "y": -2.425166865496446, "x": -2.7777777777777795}, "22": {"z": 0.49000000000000021, "type": "_origin", "_k": 0, "y": -2.925166865496446, "x": -1.6666666666666674}, "19": {"z": 1.5000000000000002, "qx": -0.0, "qy": -0.0, "qz": -0.11111111111111133, "type": "_origin", "_k": 0, "y": -2.425166865496446, "x": 0.55555555555555369}, "11": {"z": 1.5000000000000002, "qx": -0.0, "qy": -0.0, "qz": -0.11111111111111108, "_k": 3, "y": -2.425166865496446, "x": -3.8888888888888902}, "5": {"z": 1.5000000000000002, "qx": -0.0, "qy": -0.0, "qz": -0.11111111111111105, "_k": 3, "y": -3.425166865496446, "x": 3.8888888888888884}, "4": {"z": 1.5000000000000002, "qx": -0.0, "qy": -0.0, "qz": -0.055555555555555448, "type": "support", "_k": 4, "y": -3.425166865496446, "x": 4.9999999999999973}, "7": {"z": 1.5000000000000002, "qx": -0.0, "qy": -0.0, "qz": -0.11111111111111113, "_k": 1, "y": -3.425166865496446, "x": 1.6666666666666698}, "6": {"z": 1.5000000000000002, "qx": -0.0, "qy": -0.0, "qz": -0.11111111111111094, "_k": 2, "y": -3.425166865496446, "x": 2.7777777777777763}, "1": {"z": 1.5000000000000002, "qx": -0.0, "qy": -0.0, "qz": -0.11111111111111108, "_k": 3, "y": -3.425166865496446, "x": -3.8888888888888902}, "0": {"z": 1.5000000000000002, "qx": -0.0, "qy": -0.0, "qz": -0.055555555555555539, "type": "support", "_k": 4, "y": -3.425166865496446, "x": -5.0000000000000009}, "3": {"z": 1.5000000000000002, "qx": -0.0, "qy": -0.0, "qz": -0.11111111111111115, "_k": 1, "y": -3.425166865496446, "x": -1.6666666666666674}, "2": {"z": 1.5000000000000002, "qx": -0.0, "qy": -0.0, "qz": -0.11111111111111115, "_k": 2, "y": -3.425166865496446, "x": -2.7777777777777795}, "21": {"z": 1.4500000000000002, "type": "support", "_k": 1, "y": -3.425166865496446, "x": 4.9999999999999973}, "9": {"z": 1.5000000000000002, "qx": -0.0, "qy": -0.0, "qz": -0.11111111111111133, "type": "_origin", "_k": 0, "y": -3.425166865496446, "x": 0.55555555555555369}, "8": {"z": 1.5000000000000002, "qx": -0.0, "qy": -0.0, "qz": -0.11111111111111105, "type": "_origin", "_k": 0, "y": -3.425166865496446, "x": -0.55555555555555669}, "14": {"z": 1.5000000000000002, "qx": -0.0, "qy": -0.0, "qz": -0.055555555555555448, "type": "support", "_k": 4, "y": -2.425166865496446, "x": 4.9999999999999973}, "24": {"z": 1.4500000000000002, "type": "_origin", "_k": 0, "y": -2.425166865496446, "x": -5.0000000000000009}, "13": {"z": 1.5000000000000002, "qx": -0.0, "qy": -0.0, "qz": -0.11111111111111115, "_k": 1, "y": -2.425166865496446, "x": -1.6666666666666674}, "23": {"z": 1.4500000000000002, "type": "support", "_k": 1, "y": -3.425166865496446, "x": -5.0000000000000009}}, "max_int_key": 27, "attributes": {"gkey_node": {"5.000,-3.425,1.500": 4, "1.667,-3.425,1.500": 7, "5.000,-2.425,1.450": 25, "-5.000,-2.425,1.120": 26, "-2.778,-2.425,1.500": 12, "0.556,-2.425,1.500": 19, "-5.000,-3.425,1.500": 0, "-0.556,-2.425,1.500": 18, "1.667,-2.925,0.490": 20, "2.778,-3.425,1.500": 6, "3.889,-2.425,1.500": 15, "5.000,-2.425,1.500": 14, "5.000,-3.425,1.450": 21, "-2.778,-3.425,1.500": 2, "1.667,-2.425,1.500": 17, "-5.000,-2.425,1.500": 10, "-0.556,-3.425,1.500": 8, "-5.000,-2.425,1.450": 24, "0.556,-3.425,1.500": 9, "-1.667,-3.425,1.500": 3, "5.000,-2.425,1.120": 27, "-1.667,-2.925,0.490": 22, "-3.889,-3.425,1.500": 1, "-1.667,-2.425,1.500": 13, "-5.000,-3.425,1.450": 23, "-3.889,-2.425,1.500": 11, "2.778,-2.425,1.500": 16, "3.889,-3.425,1.500": 5}, "name": "Network", "_aux_length": 0.33000000000000002, "_trails": {"8": [8, 3, 2, 1, 0], "9": [9, 7, 6, 5, 4], "18": [18, 13, 12, 11, 10], "19": [19, 17, 16, 15, 14], "20": [20, 21], "22": [22, 23], "24": [24, 26], "25": [25, 27]}, "tol": "3f", "_auxiliary_trails": {"24": [24, 26], "25": [25, 27]}, "_aux_vector": {"dtype": "compas.geometry/Vector", "value": [-0.0, -0.0, -1.0]}}, "edge_attributes": {"force": 0.0, "type": null, "length": 0.0}, "edge": {"16": {"17": {"length": -1.1111111111111065, "type": "trail"}}, "26": {}, "15": {"16": {"length": -1.111111111111112, "type": "trail"}}, "18": {"19": {"force": -20.0, "type": "deviation"}}, "25": {"4": {"force": -20.0, "type": "deviation"}, "27": {"length": 0.33000000000000002, "type": "trail"}}, "10": {"11": {"length": -1.1111111111111107, "type": "trail"}}, "20": {"21": {"length": 3.5046699004486959, "type": "trail"}, "14": {"force": 8.9000000000000004, "type": "deviation"}}, "17": {"20": {"force": -3.2999999999999998, "type": "deviation"}}, "27": {}, "12": {"13": {"length": -1.111111111111112, "type": "trail"}}, "22": {"20": {"force": 13.1, "type": "deviation"}, "23": {"length": 3.5046699004487012, "type": "trail"}, "10": {"force": 8.9000000000000004, "type": "deviation"}}, "19": {"17": {"length": -1.111111111111116, "type": "trail"}}, "11": {"12": {"length": -1.1111111111111107, "type": "trail"}}, "5": {"6": {"length": -1.111111111111112, "type": "trail"}, "15": {"force": -0.10000000000000001, "type": "deviation"}}, "4": {"14": {"force": -0.10000000000000001, "type": "deviation"}, "5": {"length": -1.1111111111111089, "type": "trail"}}, "7": {"20": {"force": -3.2999999999999998, "type": "deviation"}, "17": {"force": -0.10000000000000001, "type": "deviation"}}, "6": {"7": {"length": -1.1111111111111065, "type": "trail"},