{"compas": "1.7.1", "datatype": "compas_cem.diagrams/TopologyDiagram", "data": {"adjacency": {"16": {"15": null, "17": null}, "26": {"27": null, "25": null}, "15": {"14": null, "16": null}, "18": {"19": null, "17": null}, "25": {"26": null, "24": null}, "28": {"27": null}, "10": {"9": null, "11": null}, "20": {"21": null, "19": null}, "17": {"18": null, "16": null}, "27": {"13": null, "28": null, "12": null, "26": null}, "12": {"27": null, "11": null}, "22": {"21": null, "23": null}, "19": {"20": null, "18": null}, "11": {"12": null, "10": null}, "5": {"4": null, "6": null}, "4": {"3": null, "5": null}, "7": {"6": null, "8": null}, "6": {"7": null, "5": null}, "1": {"0": null, "2": null}, "0": {"13": null, "1": null}, "3": {"4": null, "2": null}, "2": {"1": null, "3": null}, "21": {"20": null, "22": null}, "9": {"8": null, "10": null}, "8": {"7": null, "9": null}, "14": {"13": null, "15": null}, "24": {"23": null, "25": null}, "13": {"27": null, "14": null, "0": null}, "23": {"22": null, "24": null}}, "node_attributes": {"z": 0.0, "qx": 0.0, "rx": 0.0, "qy": 0.0, "ry": 0.0, "qz": 0.0, "type": null, "rz": 0.0, "_k": null, "y": 0.0, "x": 0.0}, "node": {"16": {"z": 1.5000000000000002, "qx": -0.0, "qy": -0.0, "qz": -0.038461538461538478, "_k": 3, "y": -3.425166865496446, "x": 1.1538461538461522}, "26": {"z": 1.5000000000000002, "qx": -0.0, "qy": -0.0, "qz": -0.019230769230769253, "type": "support", "_k": 13, "y": -3.425166865496446, "x": 4.9999999999999973}, "15": {"z": 1.5000000000000002, "qx": -0.0, "qy": -0.0, "qz": -0.038461538461538436, "_k": 2, "y": -3.425166865496446, "x": 0.76923076923076672}, "18": {"z": 1.5000000000000002, "qx": -0.0, "qy": -0.0, "qz": -0.038461538461538491, "_k": 5, "y": -3.425166865496446, "x": 1.9230769230769207}, "25": {"z": 1.5000000000000002, "qx": -0.0, "qy": -0.0, "qz": -0.038461538461538464, "_k": 12, "y": -3.425166865496446, "x": 4.6153846153846123}, "28": {"z": 4.8027126400268054, "type": "support", "_k": 1, "y": -3.425166865496446, "x": -3.9968028886505635e-15}, "10": {"z": 1.5000000000000002, "qx": -0.0, "qy": -0.0, "qz": -0.038461538461538394, "_k": 10, "y": -3.425166865496446, "x": -4.2307692307692308}, "20": {"z": 1.5000000000000002, "qx": -0.0, "qy": -0.0, "qz": -0.038461538461538415, "_k": 7, "y": -3.425166865496446, "x": 2.6923076923076903}, "17": {"z": 1.5000000000000002, "qx": -0.0, "qy": -0.0, "qz": -0.038461538461538422, "_k": 4, "y": -3.425166865496446, "x": 1.5384615384615363}, "27": {"z": 5.1327126400268055, "type": "_origin", "_k": 0, "y": -3.425166865496446, "x": -3.9968028886505635e-15}, "12": {"z": 1.5000000000000002, "qx": -0.0, "qy": -0.0, "qz": -0.019230769230769298, "type": "support", "_k": 12, "y": -3.425166865496446, "x": -5.0000000000000009}, "22": {"z": 1.5000000000000002, "qx": -0.0, "qy": -0.0, "qz": -0.038461538461538436, "_k": 9, "y": -3.425166865496446, "x": 3.461538461538459}, "19": {"z": 1.5000000000000002, "qx": -0.0, "qy": -0.0, "qz": -0.038461538461538478, "_k": 6, "y": -3.425166865496446, "x": 2.3076923076923062}, "11": {"z": 1.5000000000000002, "qx": -0.0, "qy": -0.0, "qz": -0.038461538461538505, "_k": 11, "y": -3.425166865496446, "x": -4.615384615384615}, "5": {"z": 1.5000000000000002, "qx": -0.0, "qy": -0.0, "qz": -0.038461538461538491, "_k": 5, "y": -3.425166865496446, "x": -2.3076923076923093}, "4": {"z": 1.5000000000000002, "qx": -0.0, "qy": -0.0, "qz": -0.038461538461538464, "_k": 4, "y": -3.425166865496446, "x": -1.9230769230769245}, "7": {"z": 1.5000000000000002, "qx": -0.0, "qy": -0.0, "qz": -0.038461538461538415, "_k": 7, "y": -3.425166865496446, "x": -3.0769230769230784}, "6": {"z": 1.5000000000000002, "qx": -0.0, "qy": -0.0, "qz": -0.038461538461538464, "_k": 6, "y": -3.425166865496446, "x": -2.6923076923076943}, "1": {"z": 1.5000000000000002, "qx": -0.0, "qy": -0.0, "qz": -0.038461538461538491, "_k": 1, "y": -3.425166865496446, "x": -0.76923076923077094}, "0": {"z": 1.5000000000000002, "qx": -0.0, "qy": -0.0, "qz": -0.038461538461538464, "type": "_origin", "_k": 0, "y": -3.425166865496446, "x": -0.38461538461538608}, "3": {"z": 1.5000000000000002, "qx": -0.0, "qy": -0.0, "qz": -0.038461538461538436, "_k": 3, "y": -3.425166865496446, "x": -1.5384615384615401}, "2": {"z": 1.5000000000000002, "qx": -0.0, "qy": -0.0, "qz": -0.038461538461538464, "_k": 2, "y": -3.425166865496446, "x": -1.1538461538461557}, "21": {"z": 1.5000000000000002, "qx": -0.0, "qy": -0.0, "qz": -0.038461538461538436, "_k": 8, "y": -3.425166865496446, "x": 3.0769230769230744}, "9": {"z": 1.5000000000000002, "qx": -0.0, "qy": -0.0, "qz": -0.038461538461538422, "_k": 9, "y": -3.425166865496446, "x": -3.8461538461538471}, "8": {"z": 1.5000000000000002, "qx": -0.0, "qy": -0.0, "qz": -0.038461538461538436, "_k": 8, "y": -3.425166865496446, "x": -3.4615384615384626}, "14": {"z": 1.5000000000000002, "qx": -0.0, "qy": -0.0, "qz": -0.038461538461538429, "_k": 1, "y": -3.425166865496446, "x": 0.38461538461538358}, "24": {"z": 1.5000000000000002, "qx": -0.0, "qy": -0.0, "qz": -0.038461538461538464, "_k": 11, "y": -3.425166865496446, "x": 4.2307692307692282}, "13": {"z": 1.5000000000000002, "qx": -0.0, "qy": -0.0, "qz": -0.038461538461538491, "type": "_origin", "_k": 0, "y": -3.425166865496446, "x": -1.7763568394002505e-15}, "23": {"z": 1.5000000000000002, "qx": -0.0, "qy": -0.0, "qz": -0.038461538461538464, "_k": 10, "y": -3.425166865496446, "x": 3.8461538461538431}}, "max_int_key": 28, "attributes": {"gkey_node": {"3.077,-3.425,1.500": 21, "5.000,-3.425,1.500": 26, "0.769,-3.425,1.500": 15, "-1.538,-3.425,1.500": 3, "-0.385,-3.425,1.500": 0, "-4.615,-3.425,1.500": 11, "-5.000,-3.425,1.500": 12, "-3.462,-3.425,1.500": 8, "-1.923,-3.425,1.500": 4, "0.385,-3.425,1.500": 14, "-0.769,-3.425,1.500": 1, "4.615,-3.425,1.500": 25, "1.538,-3.425,1.500": 17, "3.846,-3.425,1.500": 23, "0.000,-3.425,1.500": 13, "-2.308,-3.425,1.500": 5, "0.000,-3.425,5.133": 27, "-4.231,-3.425,1.500": 10, "-3.077,-3.425,1.500": 7, "1.154,-3.425,1.500": 16, "3.462,-3.425,1.500": 22, "2.692,-3.425,1.500": 20, "1.923,-3.425,1.500": 18, "-2.692,-3.425,1.500": 6, "-1.154,-3.425,1.500": 2, "4.231,-3.425,1.500": 24, "0.000,-3.425,4.803": 28, "-3.846,-3.425,1.500": 9, "2.308,-3.425,1.500": 19}, "name": "Network", "_aux_length": 0.33000000000000002, "_trails": {"0": [0, 1, 2, 3, 4, 5, 6, 7, 8, 9, 10, 11, 12], "27": [27, 28], "13": [13, 14, 15, 16, 17, 18, 19, 20, 21, 22, 23, 24, 25, 26]}, "tol": "3f", "_auxiliary_trails": {"27": [27, 28]}, "_aux_vector": {"dtype": "compas.geometry/Vector", "value": [-0.0, -0.0, -1.0]}}, "edge_attributes": {"force": 0.0, "type": null, "length": 0.0}, "edge": {"16": {"17": {"length": -0.38461538461538414, "type": "trail"}}, "26": {"27": {"force": 10.0, "type": "deviation"}}, "15": {"16": {"length": -0.38461538461538547, "type": "trail"}}, "18": {"19": {"length": -0.38461538461538547, "type": "trail"}}, "25": {"26": {"length": -0.38461538461538503, "type": "trail"}}, "28": {}, "10": {"11": {"length": -0.38461538461538414, "type": "trail"}}, "20": {"21": {"length": -0.38461538461538414, "type": "trail"}}, "17": {"18": {"length": -0.38461538461538436, "type": "trail"}}, "27": {"28": {"length": 0.33000000000000002, "type": "trail"}, "13": {"force": -1.1000000000000001, "type": "deviation"}}, "12": {"27": {"force": 10.0, "type": "deviation"}}, "22": {"23": {"length": -0.38461538461538414, "type": "trail"}}, "19": {"20": {"length": -0.38461538461538414, "type": "trail"}}, "11": {"12": {"length": -0.38461538461538591, "type": "trail"}}, "5": {"6": {"length": -0.38461538461538503, "type": "trail"}}, "4": {"5": {"length": -0.3846153846153848, "type": "trail"}}, "7": {"8": {"length": -0.38461538461538414, "type": "trail"}}, "6": {"7": {"length": -0.38461538461538414, "type": "trail"}}, "1": {"2": {"length": -0.3846153846153848, "type": "trail"}}, "0": {"1": {"length": -0.38461538461538486, "type": "trail"}}, "3": {"4": {"length": -0.38461538461538436, "type": "trail"}}, "2": {"3": {"length": -0.38461538461538436,