{"compas": "1.7.1", "datatype": "compas_cem.diagrams/TopologyDiagram", "data": {"adjacency": {"12": {"11": null}, "5": {"4": null, "11": null}, "4": {"3": null, "5": null}, "7": {"6": null, "8": null}, "6": {"7": null, "0": null}, "1": {"0": null, "2": null}, "0": {"6": null, "1": null, "11": null}, "3": {"4": null, "2": null}, "2": {"1": null, "3": null}, "10": {"9": null, "11": null}, "11": {"12": null, "0": null, "10": null, "5": null}, "9": {"8": null, "10": null}, "8": {"7": null, "9": null}}, "node_attributes": {"z": 0.0, "qx": 0.0, "rx": 0.0, "qy": 0.0, "ry": 0.0, "qz": 0.0, "type": null, "rz": 0.0, "_k": null, "y": 0.0, "x": 0.0}, "node": {"12": {"z": 4.8027126400268054, "type": "support", "_k": 1, "y": -3.425166865496446, "x": -3.9968028886505635e-15}, "5": {"z": 1.5000000000000002, "qx": -0.0, "qy": -0.0, "qz": -0.050000000000000003, "type": "support", "_k": 5, "y": -3.425166865496446, "x": -5.0000000000000009}, "4": {"z": 1.5000000000000002, "qx": -0.0, "qy": -0.0, "qz": -0.099999999999999964, "_k": 4, "y": -3.425166865496446, "x": -4.0000000000000009}, "7": {"z": 1.5000000000000002, "qx": -0.0, "qy": -0.0, "qz": -0.09999999999999995, "_k": 1, "y": -3.425166865496446, "x": 1.9999999999999973}, "6": {"z": 1.5000000000000002, "qx": -0.0, "qy": -0.0, "qz": -0.099999999999999964, "type": "_origin", "_k": 0, "y": -3.425166865496446, "x": 0.999999999999999}, "1": {"z": 1.5000000000000002, "qx": -0.0, "qy": -0.0, "qz": -0.099999999999999978, "_k": 1, "y": -3.425166865496446, "x": -1.0000000000000013}, "0": {"z": 1.5000000000000002, "qx": -0.0, "qy": -0.0, "qz": -0.10000000000000003, "type": "_origin", "_k": 0, "y": -3.425166865496446, "x": -1.7763568394002505e-15}, "3": {"z": 1.5000000000000002, "qx": -0.0, "qy": -0.0, "qz": -0.099999999999999978, "_k": 3, "y": -3.425166865496446, "x": -3.0000000000000018}, "2": {"z": 1.5000000000000002, "qx": -0.0, "qy": -0.0, "qz": -0.10000000000000003, "_k": 2, "y": -3.425166865496446, "x": -2.0000000000000013}, "10": {"z": 1.5000000000000002, "qx": -0.0, "qy": -0.0, "qz": -0.049999999999999982, "type": "support", "_k": 4, "y": -3.425166865496446, "x": 4.9999999999999973}, "11": {"z": 5.1327126400268055, "type": "_origin", "_k": 0, "y": -3.425166865496446, "x": -3.9968028886505635e-15}, "9": {"z": 1.5000000000000002, "qx": -0.0, "qy": -0.0, "qz": -0.099999999999999978, "_k": 3, "y": -3.425166865496446, "x": 3.9999999999999978}, "8": {"z": 1.5000000000000002, "qx": -0.0, "qy": -0.0, "qz": -0.10000000000000003, "_k": 2, "y": -3.425166865496446, "x": 2.9999999999999978}}, "max_int_key": 12, "attributes": {"gkey_node": {"-4.000,-3.425,1.500": 4, "-1.000,-3.425,1.500": 1, "1.000,-3.425,1.500": 6, "0.000,-3.425,4.803": 12, "2.000,-3.425,1.500": 7, "0.000,-3.425,5.133": 11, "-3.000,-3.425,1.500": 3, "5.000,-3.425,1.500": 10, "4.000,-3.425,1.500": 9, "3.000,-3.425,1.500": 8, "-2.000,-3.425,1.500": 2, "-5.000,-3.425,1.500": 5, "0.000,-3.425,1.500": 0}, "name": "Network", "_aux_length": 0.33000000000000002, "_trails": {"0": [0, 1, 2, 3, 4, 5], "11": [11, 12], "6": [6, 7, 8, 9, 10]}, "tol": "3f", "_auxiliary_trails": {"11": [11, 12]}, "_aux_vector": {"dtype": "compas.geometry/Vector", "value": [-0.0, -0.0, -1.0]}}, "edge_attributes": {"force": 0.0, "type": null, "length": 0.0}, "edge": {"12": {}, "5": {"11": {"force": 10.0, "type": "deviation"}}, "4": {"5": {"length": -1.0, "type": "trail"}}, "7": {"8": {"length": -1.0000000000000004, "type": "trail"}}, "6": {"7": {"length": -0.99999999999999833, "type": "trail"}}, "1": {"2": {"length": -1.0, "type": "trail"}}, "0": {"6": {"force": -20.0, "type": "deviation"}, "1": {"length": -0.99999999999999956, "type": "trail"}}, "3": {"4": {"length": -0.99999999999999911, "type": "trail"}}, "2": {"3": {"length": -1.0000000000000004, "type": "trail"}}, "10": {"11": {"force": 10.0, "type": "deviation"}}, "11": {"12": {"length": 0.33000000000000002, "type": "trail"}, "0": {"force": -1.8999999999999999, "type": "deviation"}}, "9": {"10": {"length": -0.99999999999999956, "type": "trail"}}, "8": {"9": {"length": -1.0, "type": "trail"}}}}}