{"compas": "1.7.1", "datatype": "compas_cem.diagrams/TopologyDiagram", "data": {"adjacency": {"16": {"15": null, "17": null}, "15": {"14": null, "16": null}, "18": {"19": null, "17": null}, "10": {"21": null, "0": null, "11": null}, "20": {"21": null, "19": null}, "17": {"18": null, "16": null}, "12": {"13": null, "11": null}, "22": {"21": null}, "19": {"20": null, "18": null}, "11": {"12": null, "10": null}, "5": {"4": null, "6": null}, "4": {"3": null, "5": null}, "7": {"6": null, "8": null}, "6": {"7": null, "5": null}, "1": {"0": null, "2": null}, "0": {"1": null, "10": null}, "3": {"4": null, "2": null}, "2": {"1": null, "3": null}, "21": {"20": null, "22": null, "9": null, "10": null}, "9": {"21": null, "8": null}, "8": {"7": null, "9": null}, "14": {"13": null, "15": null}, "13": {"12": null, "14": null}}, "node_attributes": {"z": 0.0, "qx": 0.0, "rx": 0.0, "qy": 0.0, "ry": 0.0, "qz": 0.0, "type": null, "rz": 0.0, "_k": null, "y": 0.0, "x": 0.0}, "node": {"16": {"z": 1.5000000000000002, "qx": -0.0, "qy": -0.0, "qz": -0.049999999999999982, "_k": 6, "y": -3.425166865496446, "x": 2.9999999999999978}, "15": {"z": 1.5000000000000002, "qx": -0.0, "qy": -0.0, "qz": -0.050000000000000024, "_k": 5, "y": -3.425166865496446, "x": 2.4999999999999978}, "18": {"z": 1.5000000000000002, "qx": -0.0, "qy": -0.0, "qz": -0.050000000000000003, "_k": 8, "y": -3.425166865496446, "x": 3.9999999999999964}, "10": {"z": 1.5000000000000002, "qx": -0.0, "qy": -0.0, "qz": -0.050000000000000017, "type": "_origin", "_k": 0, "y": -3.425166865496446, "x": -1.7763568394002505e-15}, "20": {"z": 1.5000000000000002, "qx": -0.0, "qy": -0.0, "qz": -0.025000000000000001, "type": "support", "_k": 10, "y": -3.425166865496446, "x": 4.9999999999999973}, "17": {"z": 1.5000000000000002, "qx": -0.0, "qy": -0.0, "qz": -0.049999999999999933, "_k": 7, "y": -3.425166865496446, "x": 3.4999999999999973}, "12": {"z": 1.5000000000000002, "qx": -0.0, "qy": -0.0, "qz": -0.049999999999999975, "_k": 2, "y": -3.425166865496446, "x": 0.999999999999999}, "22": {"z": 4.8027126400268054, "type": "support", "_k": 1, "y": -3.425166865496446, "x": -3.9968028886505635e-15}, "19": {"z": 1.5000000000000002, "qx": -0.0, "qy": -0.0, "qz": -0.050000000000000044, "_k": 9, "y": -3.425166865496446, "x": 4.4999999999999973}, "11": {"z": 1.5000000000000002, "qx": -0.0, "qy": -0.0, "qz": -0.050000000000000044, "_k": 1, "y": -3.425166865496446, "x": 0.49999999999999861}, "5": {"z": 1.5000000000000002, "qx": -0.0, "qy": -0.0, "qz": -0.049999999999999982, "_k": 5, "y": -3.425166865496446, "x": -3.0000000000000013}, "4": {"z": 1.5000000000000002, "qx": -0.0, "qy": -0.0, "qz": -0.050000000000000003, "_k": 4, "y": -3.425166865496446, "x": -2.5000000000000013}, "7": {"z": 1.5000000000000002, "qx": -0.0, "qy": -0.0, "qz": -0.049999999999999961, "_k": 7, "y": -3.425166865496446, "x": -4.0}, "6": {"z": 1.5000000000000002, "qx": -0.0, "qy": -0.0, "qz": -0.049999999999999933, "_k": 6, "y": -3.425166865496446, "x": -3.5000000000000009}, "1": {"z": 1.5000000000000002, "qx": -0.0, "qy": -0.0, "qz": -0.050000000000000017, "_k": 1, "y": -3.425166865496446, "x": -1.0000000000000013}, "0": {"z": 1.5000000000000002, "qx": -0.0, "qy": -0.0, "qz": -0.049999999999999982, "type": "_origin", "_k": 0, "y": -3.425166865496446, "x": -0.50000000000000155}, "3": {"z": 1.5000000000000002, "qx": -0.0, "qy": -0.0, "qz": -0.049999999999999982, "_k": 3, "y": -3.425166865496446, "x": -2.0000000000000013}, "2": {"z": 1.5000000000000002, "qx": -0.0, "qy": -0.0, "qz": -0.050000000000000003, "_k": 2, "y": -3.425166865496446, "x": -1.5000000000000018}, "21": {"z": 5.1327126400268055, "type": "_origin", "_k": 0, "y": -3.425166865496446, "x": -3.9968028886505635e-15}, "9": {"z": 1.5000000000000002, "qx": -0.0, "qy": -0.0, "qz": -0.025000000000000046, "type": "support", "_k": 9, "y": -3.425166865496446, "x": -5.0000000000000009}, "8": {"z": 1.5000000000000002, "qx": -0.0, "qy": -0.0, "qz": -0.050000000000000044, "_k": 8, "y": -3.425166865496446, "x": -4.5}, "14": {"z": 1.5000000000000002, "qx": -0.0, "qy": -0.0, "qz": -0.049999999999999989, "_k": 4, "y": -3.425166865496446, "x": 1.9999999999999973}, "13": {"z": 1.5000000000000002, "qx": -0.0, "qy": -0.0, "qz": -0.04999999999999992, "_k": 3, "y": -3.425166865496446, "x": 1.499999999999998}}, "max_int_key": 22, "attributes": {"gkey_node": {"5.000,-3.425,1.500": 20, "-2.500,-3.425,1.500": 4, "0.500,-3.425,1.500": 11, "2.500,-3.425,1.500": 15, "-4.000,-3.425,1.500": 7, "-5.000,-3.425,1.500": 9, "-3.500,-3.425,1.500": 6, "-4.500,-3.425,1.500": 8, "-1.000,-3.425,1.500": 1, "-0.500,-3.425,1.500": 0, "0.000,-3.425,1.500": 10, "2.000,-3.425,1.500": 14, "4.500,-3.425,1.500": 19, "1.000,-3.425,1.500": 12, "3.000,-3.425,1.500": 16, "-1.500,-3.425,1.500": 2, "0.000,-3.425,5.133": 21, "1.500,-3.425,1.500": 13, "3.500,-3.425,1.500": 17, "0.000,-3.425,4.803": 22, "4.000,-3.425,1.500": 18, "-2.000,-3.425,1.500": 3, "-3.000,-3.425,1.500": 5}, "name": "Network", "_aux_length": 0.33000000000000002, "_trails": {"0": [0, 1, 2, 3, 4, 5, 6, 7, 8, 9], "21": [21, 22], "10": [10, 11, 12, 13, 14, 15, 16, 17, 18, 19, 20]}, "tol": "3f", "_auxiliary_trails": {"21": [21, 22]}, "_aux_vector": {"dtype": "compas.geometry/Vector", "value": [-0.0, -0.0, -1.0]}}, "edge_attributes": {"force": 0.0, "type": null, "length": 0.0}, "edge": {"16": {"17": {"length": -0.49999999999999956, "type": "trail"}}, "15": {"16": {"length": -0.5, "type": "trail"}}, "18": {"19": {"length": -0.50000000000000089, "type": "trail"}}, "10": {"0": {"force": -20.0, "type": "deviation"}, "11": {"length": -0.50000000000000044, "type": "trail"}}, "20": {"21": {"force": 10.0, "type": "deviation"}}, "17": {"18": {"length": -0.49999999999999911, "type": "trail"}}, "12": {"13": {"length": -0.499999999999999, "type": "trail"}}, "22": {}, "19": {"20": {"length": -0.5, "type": "trail"}}, "11": {"12": {"length": -0.50000000000000044, "type": "trail"}}, "5": {"6": {"length": -0.49999999999999956, "type": "trail"}}, "4": {"5": {"length": -0.5, "type": "trail"}}, "7": {"8": {"length": -0.5, "type": "trail"}}, "6": {"7": {"length": -0.49999999999999911, "type": "trail"}}, "1": {"2": {"length": -0.50000000000000044, "type": "trail"}}, "0": {"1": {"length": -0.49999999999999978, "type": "trail"}}, "3": {"4": {"length": -0.5, "type": "trail"}}, "2": {"3": {"length": -0.49999999999999956, "type": "trail"}}, "21": {"22": {"length": 0.33000000000000002, "type": "trail"}, "10": {"force": -1.8999999999999999, "type": "deviation"}}, "9": {"21": {"force": 10.0, "type": "deviation"}}, "8": {"9": {"length": -0.50000000000000089, "type": "trail"}}, "14": {"15": {"length": -0.50000000000000044, "type": "trail"}}, "13": {"14": {"length": -0.49999999999999933, "type": "trail"}}}}}