{"compas": "1.7.1", "datatype": "compas_cem.diagrams/TopologyDiagram", "data": {"adjacency": {"16": {"15": null, "17": null}, "36": {"37": null, "35": null}, "26": {"27": null, "25": null}, "15": {"14": null, "16": null}, "18": {"19": null, "17": null}, "35": {"36": null, "34": null}, "25": {"26": null, "24": null}, "28": {"27": null, "29": null}, "38": {"37": null, "39": null}, "40": {"41": null, "39": null}, "10": {"9": null, "11": null}, "30": {"31": null, "29": null}, "20": {"19": null, "43": null}, "17": {"18": null, "16": null}, "37": {"36": null, "38": null}, "27": {"28": null, "26": null}, "42": {"41": null, "43": null}, "12": {"13": null, "11": null}, "32": {"31": null, "33": null}, "22": {"21": null, "23": null}, "19": {"20": null, "18": null}, "39": {"40": null, "38": null}, "29": {"28": null, "30": null}, "41": {"40": null, "42": null}, "11": {"12": null, "10": null}, "5": {"4": null, "6": null}, "4": {"3": null, "5": null}, "7": {"6": null, "8": null}, "6": {"7": null, "5": null}, "1": {"0": null, "2": null}, "0": {"21": null, "1": null}, "3": {"4": null, "2": null}, "2": {"1": null, "3": null}, "21": {"22": null, "0": null, "43": null}, "31": {"30": null, "32": null}, "9": {"8": null, "10": null}, "8": {"7": null, "9": null}, "44": {"43": null}, "14": {"13": null, "15": null}, "34": {"33": null, "35": null}, "24": {"23": null, "25": null}, "43": {"44": null, "21": null, "20": null, "42": null}, "13": {"12": null, "14": null}, "33": {"32": null, "34": null}, "23": {"22": null, "24": null}}, "node_attributes": {"z": 0.0, "qx": 0.0, "rx": 0.0, "qy": 0.0, "ry": 0.0, "qz": 0.0, "type": null, "rz": 0.0, "_k": null, "y": 0.0, "x": 0.0}, "node": {"16": {"z": 1.5000000000000002, "qx": -0.0, "qy": -0.0, "qz": -0.023809523809523836, "_k": 16, "y": -3.425166865496446, "x": -4.0476190476190492}, "36": {"z": 1.5000000000000002, "qx": -0.0, "qy": -0.0, "qz": -0.023809523809523836, "_k": 15, "y": -3.425166865496446, "x": 3.5714285714285698}, "26": {"z": 1.5000000000000002, "qx": -0.0, "qy": -0.0, "qz": -0.02380952380952378, "_k": 5, "y": -3.425166865496446, "x": 1.1904761904761887}, "15": {"z": 1.5000000000000002, "qx": -0.0, "qy": -0.0, "qz": -0.023809523809523815, "_k": 15, "y": -3.425166865496446, "x": -3.8095238095238115}, "18": {"z": 1.5000000000000002, "qx": -0.0, "qy": -0.0, "qz": -0.023809523809523815, "_k": 18, "y": -3.425166865496446, "x": -4.5238095238095264}, "35": {"z": 1.5000000000000002, "qx": -0.0, "qy": -0.0, "qz": -0.02380952380952386, "_k": 14, "y": -3.425166865496446, "x": 3.3333333333333313}, "25": {"z": 1.5000000000000002, "qx": -0.0, "qy": -0.0, "qz": -0.023809523809523829, "_k": 4, "y": -3.425166865496446, "x": 0.95238095238095033}, "28": {"z": 1.5000000000000002, "qx": -0.0, "qy": -0.0, "qz": -0.023809523809523826, "_k": 7, "y": -3.425166865496446, "x": 1.6666666666666654}, "38": {"z": 1.5000000000000002, "qx": -0.0, "qy": -0.0, "qz": -0.023809523809523836, "_k": 17, "y": -3.425166865496446, "x": 4.0476190476190466}, "40": {"z": 1.5000000000000002, "qx": -0.0, "qy": -0.0, "qz": -0.023809523809523815, "_k": 19, "y": -3.425166865496446, "x": 4.5238095238095228}, "10": {"z": 1.5000000000000002, "qx": -0.0, "qy": -0.0, "qz": -0.023809523809523815, "_k": 10, "y": -3.425166865496446, "x": -2.61904761904762}, "30": {"z": 1.5000000000000002, "qx": -0.0, "qy": -0.0, "qz": -0.023809523809523836, "_k": 9, "y": -3.425166865496446, "x": 2.1428571428571397}, "20": {"z": 1.5000000000000002, "qx": -0.0, "qy": -0.0, "qz": -0.011904761904761819, "type": "support", "_k": 20, "y": -3.425166865496446, "x": -5.0000000000000009}, "17": {"z": 1.5000000000000002, "qx": -0.0, "qy": -0.0, "qz": -0.02380952380952386, "_k": 17, "y": -3.425166865496446, "x": -4.2857142857142883}, "37": {"z": 1.5000000000000002, "qx": -0.0, "qy": -0.0, "qz": -0.023809523809523836, "_k": 16, "y": -3.425166865496446, "x": 3.809523809523808}, "27": {"z": 1.5000000000000002, "qx": -0.0, "qy": -0.0, "qz": -0.023809523809523836, "_k": 6, "y": -3.425166865496446, "x": 1.4285714285714259}, "42": {"z": 1.5000000000000002, "qx": -0.0, "qy": -0.0, "qz": -0.011904761904761819, "type": "support", "_k": 21, "y": -3.425166865496446, "x": 4.9999999999999973}, "12": {"z": 1.5000000000000002, "qx": -0.0, "qy": -0.0, "qz": -0.023809523809523815, "_k": 12, "y": -3.425166865496446, "x": -3.0952380952380967}, "32": {"z": 1.5000000000000002, "qx": -0.0, "qy": -0.0, "qz": -0.02380952380952377, "_k": 11, "y": -3.425166865496446, "x": 2.6190476190476164}, "22": {"z": 1.5000000000000002, "qx": -0.0, "qy": -0.0, "qz": -0.023809523809523832, "_k": 1, "y": -3.425166865496446, "x": 0.23809523809523542}, "19": {"z": 1.5000000000000002, "qx": -0.0, "qy": -0.0, "qz": -0.023809523809523725, "_k": 19, "y": -3.425166865496446, "x": -4.7619047619047645}, "39": {"z": 1.5000000000000002, "qx": -0.0, "qy": -0.0, "qz": -0.023809523809523815, "_k": 18, "y": -3.425166865496446, "x": 4.2857142857142847}, "29": {"z": 1.5000000000000002, "qx": -0.0, "qy": -0.0, "qz": -0.023809523809523715, "_k": 8, "y": -3.425166865496446, "x": 1.9047619047619024}, "41": {"z": 1.5000000000000002, "qx": -0.0, "qy": -0.0, "qz": -0.023809523809523725, "_k": 20, "y": -3.425166865496446, "x": 4.761904761904761}, "11": {"z": 1.5000000000000002, "qx": -0.0, "qy": -0.0, "qz": -0.023809523809523836, "_k": 11, "y": -3.425166865496446, "x": -2.8571428571428585}, "5": {"z": 1.5000000000000002, "qx": -0.0, "qy": -0.0, "qz": -0.023809523809523774, "_k": 5, "y": -3.425166865496446, "x": -1.4285714285714302}, "4": {"z": 1.5000000000000002, "qx": -0.0, "qy": -0.0, "qz": -0.023809523809523808, "_k": 4, "y": -3.425166865496446, "x": -1.1904761904761922}, "7": {"z": 1.5000000000000002, "qx": -0.0, "qy": -0.0, "qz": -0.023809523809523829, "_k": 7, "y": -3.425166865496446, "x": -1.9047619047619062}, "6": {"z": 1.5000000000000002, "qx": -0.0, "qy": -0.0, "qz": -0.023809523809523805, "_k": 6, "y": -3.425166865496446, "x": -1.6666666666666676}, "1": {"z": 1.5000000000000002, "qx": -0.0, "qy": -0.0, "qz": -0.02380952380952378, "_k": 1, "y": -3.425166865496446, "x": -0.47619047619047788}, "0": {"z": 1.5000000000000002, "qx": -0.0, "qy": -0.0, "qz": -0.023809523809523808, "type": "_origin", "_k": 0, "y": -3.425166865496446, "x": -0.23809523809524011}, "3": {"z": 1.5000000000000002, "qx": -0.0, "qy": -0.0, "qz": -0.023809523809523829, "_k": 3, "y": -3.425166865496446, "x": -0.95238095238095399}, "2": {"z": 1.5000000000000002, "qx": -0.0, "qy": -0.0, "qz": -0.023809523809523808, "_k": 2, "y": -3.425166865496446, "x": -0.71428571428571563}, "21": {"z": 1.5000000000000002, "qx": -0.0, "qy": -0.0, "qz": -0.02380952380952378, "type": "_origin", "_k": 0, "y": -3.425166865496446, "x": -1.7763568394002505e-15}, "31": {"z": 1.5000000000000002, "qx": -0.0, "qy": -0.0, "qz": -0.023809523809523836, "_k": 10, "y": -3.425166865496446, "x": 2.3809523809523792}, "9": {"z": 1.5000000000000002, "qx": -0.0, "qy": -0.0, "qz": -0.023809523809523794, "_k": 9, "y": -3.425166865496446, "x": -2.3809523809523823}, "8": {"z": 1.5000000000000002, "qx": -0.0, "qy": -0.0, "qz": -0.023809523809523805, "_k": 8, "y": -3.425166865496446, "x": -2.1428571428571441}, "44": {"z": 4.8027126400268054, "type": "support", "_k": 1, "y": -3.425166865496446, "x": -3.9968028886505635e-15}, "14": {"z": 1.5000000000000002, "qx": -0.0, "qy": -0.0, "qz": -0.023809523809523836, "_k": 14, "y": -3.425166865496446, "x": -3.571428571428573}, "34": {"z": 1.5000000000000002, "qx": -0.0, "qy": -0.0, "qz": -0.023809523809523836, "_k": 13, "y": -3.425166865496446, "x": 3.0952380952380927}, "24": {"z": 1.5000000000000002, "qx": -0.0, "qy": -0.0, "qz": -0.023809523809523774, "_k": 3, "y": -3.425166865496446, "x": 0.71428571428571208}, "43": {"z": 5.1327126400268055, "type": "_origin", "_k": 0, "y": -3.425166865496446, "x": -3.9968028886505635e-15}, "13": {"z": 1.5000000000000002, "qx": -0.0, "qy": -0.0, "qz": -0.023809523809523815, "_k": 13, "y": -3.425166865496446, "x": -3.3333333333333348}, "33": {"z": 1.5000000000000002,