{"compas": "1.7.1", "datatype": "compas_cem.diagrams/TopologyDiagram", "data": {"adjacency": {"16": {"33": null, "0": null, "17": null}, "26": {"27": null, "25": null}, "15": {"33": null, "14": null}, "18": {"19": null, "17": null}, "25": {"26": null, "24": null}, "28": {"27": null, "29": null}, "10": {"9": null, "11": null}, "30": {"31": null, "29": null}, "20": {"21": null, "19": null}, "17": {"18": null, "16": null}, "27": {"28": null, "26": null}, "12": {"13": null, "11": null}, "32": {"31": null, "33": null}, "22": {"21": null, "23": null}, "19": {"20": null, "18": null}, "29": {"28": null, "30": null}, "11": {"12": null, "10": null}, "5": {"4": null, "6": null}, "4": {"3": null, "5": null}, "7": {"6": null, "8": null}, "6": {"7": null, "5": null}, "1": {"0": null, "2": null}, "0": {"1": null, "16": null}, "3": {"4": null, "2": null}, "2": {"1": null, "3": null}, "21": {"20": null, "22": null}, "31": {"30": null, "32": null}, "9": {"8": null, "10": null}, "8": {"7": null, "9": null}, "14": {"13": null, "15": null}, "34": {"33": null}, "24": {"23": null, "25": null}, "13": {"12": null, "14": null}, "33": {"32": null, "15": null, "16": null, "34": null}, "23": {"22": null, "24": null}}, "node_attributes": {"z": 0.0, "qx": 0.0, "rx": 0.0, "qy": 0.0, "ry": 0.0, "qz": 0.0, "type": null, "rz": 0.0, "_k": null, "y": 0.0, "x": 0.0}, "node": {"16": {"z": 1.5000000000000002, "qx": -0.0, "qy": -0.0, "qz": -0.031249999999999997, "type": "_origin", "_k": 0, "y": -3.425166865496446, "x": -1.7763568394002505e-15}, "26": {"z": 1.5000000000000002, "qx": -0.0, "qy": -0.0, "qz": -0.03125, "_k": 10, "y": -3.425166865496446, "x": 3.1249999999999973}, "15": {"z": 1.5000000000000002, "qx": -0.0, "qy": -0.0, "qz": -0.015625, "type": "support", "_k": 15, "y": -3.425166865496446, "x": -5.0000000000000009}, "18": {"z": 1.5000000000000002, "qx": -0.0, "qy": -0.0, "qz": -0.03125, "_k": 2, "y": -3.425166865496446, "x": 0.62499999999999811}, "25": {"z": 1.5000000000000002, "qx": -0.0, "qy": -0.0, "qz": -0.031249999999999979, "_k": 9, "y": -3.425166865496446, "x": 2.8124999999999978}, "28": {"z": 1.5000000000000002, "qx": -0.0, "qy": -0.0, "qz": -0.031250000000000028, "_k": 12, "y": -3.425166865496446, "x": 3.7499999999999978}, "10": {"z": 1.5000000000000002, "qx": -0.0, "qy": -0.0, "qz": -0.031250000000000028, "_k": 10, "y": -3.425166865496446, "x": -3.4375000000000009}, "30": {"z": 1.5000000000000002, "qx": -0.0, "qy": -0.0, "qz": -0.031249999999999958, "_k": 14, "y": -3.425166865496446, "x": 4.3749999999999973}, "20": {"z": 1.5000000000000002, "qx": -0.0, "qy": -0.0, "qz": -0.031249999999999986, "_k": 4, "y": -3.425166865496446, "x": 1.249999999999998}, "17": {"z": 1.5000000000000002, "qx": -0.0, "qy": -0.0, "qz": -0.031249999999999997, "_k": 1, "y": -3.425166865496446, "x": 0.31249999999999817}, "27": {"z": 1.5000000000000002, "qx": -0.0, "qy": -0.0, "qz": -0.031250000000000028, "_k": 11, "y": -3.425166865496446, "x": 3.4374999999999978}, "12": {"z": 1.5000000000000002, "qx": -0.0, "qy": -0.0, "qz": -0.031249999999999979, "_k": 12, "y": -3.425166865496446, "x": -4.0625000000000009}, "32": {"z": 1.5000000000000002, "qx": -0.0, "qy": -0.0, "qz": -0.015625, "type": "support", "_k": 16, "y": -3.425166865496446, "x": 4.9999999999999973}, "22": {"z": 1.5000000000000002, "qx": -0.0, "qy": -0.0, "qz": -0.03125, "_k": 6, "y": -3.425166865496446, "x": 1.874999999999998}, "19": {"z": 1.5000000000000002, "qx": -0.0, "qy": -0.0, "qz": -0.031249999999999993, "_k": 3, "y": -3.425166865496446, "x": 0.93749999999999811}, "29": {"z": 1.5000000000000002, "qx": -0.0, "qy": -0.0, "qz": -0.031249999999999979, "_k": 13, "y": -3.425166865496446, "x": 4.0624999999999982}, "11": {"z": 1.5000000000000002, "qx": -0.0, "qy": -0.0, "qz": -0.03125, "_k": 11, "y": -3.425166865496446, "x": -3.7500000000000013}, "5": {"z": 1.5000000000000002, "qx": -0.0, "qy": -0.0, "qz": -0.03125, "_k": 5, "y": -3.425166865496446, "x": -1.8750000000000016}, "4": {"z": 1.5000000000000002, "qx": -0.0, "qy": -0.0, "qz": -0.03125, "_k": 4, "y": -3.425166865496446, "x": -1.5625000000000013}, "7": {"z": 1.5000000000000002, "qx": -0.0, "qy": -0.0, "qz": -0.03125, "_k": 7, "y": -3.425166865496446, "x": -2.5000000000000013}, "6": {"z": 1.5000000000000002, "qx": -0.0, "qy": -0.0, "qz": -0.03124999999999999, "_k": 6, "y": -3.425166865496446, "x": -2.1875000000000013}, "1": {"z": 1.5000000000000002, "qx": -0.0, "qy": -0.0, "qz": -0.03125, "_k": 1, "y": -3.425166865496446, "x": -0.62500000000000167}, "0": {"z": 1.5000000000000002, "qx": -0.0, "qy": -0.0, "qz": -0.031249999999999997, "type": "_origin", "_k": 0, "y": -3.425166865496446, "x": -0.31250000000000172}, "3": {"z": 1.5000000000000002, "qx": -0.0, "qy": -0.0, "qz": -0.031249999999999986, "_k": 3, "y": -3.425166865496446, "x": -1.2500000000000016}, "2": {"z": 1.5000000000000002, "qx": -0.0, "qy": -0.0, "qz": -0.031249999999999993, "_k": 2, "y": -3.425166865496446, "x": -0.93750000000000167}, "21": {"z": 1.5000000000000002, "qx": -0.0, "qy": -0.0, "qz": -0.03125, "_k": 5, "y": -3.425166865496446, "x": 1.5624999999999978}, "31": {"z": 1.5000000000000002, "qx": -0.0, "qy": -0.0, "qz": -0.03125, "_k": 15, "y": -3.425166865496446, "x": 4.6874999999999973}, "9": {"z": 1.5000000000000002, "qx": -0.0, "qy": -0.0, "qz": -0.031249999999999979, "_k": 9, "y": -3.425166865496446, "x": -3.1250000000000009}, "8": {"z": 1.5000000000000002, "qx": -0.0, "qy": -0.0, "qz": -0.031249999999999979, "_k": 8, "y": -3.425166865496446, "x": -2.8125000000000013}, "14": {"z": 1.5000000000000002, "qx": -0.0, "qy": -0.0, "qz": -0.03125, "_k": 14, "y": -3.425166865496446, "x": -4.6875000000000009}, "34": {"z": 4.8027126400268054, "type": "support", "_k": 1, "y": -3.425166865496446, "x": -3.9968028886505635e-15}, "24": {"z": 1.5000000000000002, "qx": -0.0, "qy": -0.0, "qz": -0.03125, "_k": 8, "y": -3.425166865496446, "x": 2.4999999999999978}, "13": {"z": 1.5000000000000002, "qx": -0.0, "qy": -0.0, "qz": -0.03125, "_k": 13, "y": -3.425166865496446, "x": -4.3750000000000009}, "33": {"z": 5.1327126400268055, "type": "_origin", "_k": 0, "y": -3.425166865496446, "x": -3.9968028886505635e-15}, "23": {"z": 1.5000000000000002, "qx": -0.0, "qy": -0.0, "qz": -0.03124999999999999, "_k": 7, "y": -3.425166865496446, "x": 2.1874999999999978}}, "max_int_key": 34, "attributes": {"gkey_node": {"-1.250,-3.425,1.500": 3, "-2.188,-3.425,1.500": 6, "5.000,-3.425,1.500": 32, "-2.500,-3.425,1.500": 7, "0.937,-3.425,1.500": 19, "2.500,-3.425,1.500": 24, "3.438,-3.425,1.500": 27, "-5.000,-3.425,1.500": 15, "0.625,-3.425,1.500": 18, "-3.438,-3.425,1.500": 10, "2.813,-3.425,1.500": 25, "-3.125,-3.425,1.500": 9, "4.688,-3.425,1.500": 31, "-1.875,-3.425,1.500": 5, "1.875,-3.425,1.500": 22, "-4.375,-3.425,1.500": 13, "-2.813,-3.425,1.500": 8, "-4.063,-3.425,1.500": 12, "-1.563,-3.425,1.500": 4, "-0.313,-3.425,1.500": 0, "4.063,-3.425,1.500": 29, "2.188,-3.425,1.500": 23, "0.000,-3.425,1.500": 16, "3.750,-3.425,1.500": 28, "0.000,-3.425,5.133": 33, "3.125,-3.425,1.500": 26, "4.375,-3.425,1.500": 30, "-0.938,-3.425,1.500": 2, "-0.625,-3.425,1.500": 1, "-4.688,-3.425,1.500": 14, "1.563,-3.425,1.500": 21, "0.000,-3.425,4.803": 34, "1.250,-3.425,1.500": 20, "0.312,-3.425,1.500": 17, "-3.750,-3.425,1.500": 11}, "name": "Network", "_aux_length": 0.33000000000000002, "_trails": {"0": [0, 1, 2, 3, 4, 5, 6, 7, 8, 9, 10, 11, 12, 13, 14, 15], "16": [16, 17, 18, 19, 20, 21, 22, 23, 24, 25, 26, 27, 28, 29, 30, 31, 32], "33": [33, 34]}, "tol": "3f", "_auxiliary_trails": {"33": [33, 34]}, "_aux_vector": {"dtype": "compas.geometry/Vector", "value": [-0.0, -0.0, -1.0]}}, "edge_attributes": {"force": 0.0, "type": null, "length": 0.0}, "edge": {"16": {"0": {"force": -20.0, "type": "deviation"}, "17": {"length": -0.31249999999999994, "type": "trail"}}, "26": {"27": {"length": -0.31250000000000044, "type": "trail"}}, "15": {"33": {"force": 10.0, "type": "deviation"}}, "18": {"19": {"length": -0.3125, "type": "trail"}},