{"compas": "1.7.1", "datatype": "compas_cem.diagrams/TopologyDiagram", "data": {"adjacency": {"16": {"15": null, "17": null}, "26": {"27": null, "8": null}, "15": {"14": null, "16": null}, "18": {"19": null, "17": null}, "35": {"34": null}, "25": {"24": null}, "28": {"34": null, "29": null, "10": null}, "10": {"28": null, "9": null, "11": null}, "30": {"31": null, "6": null}, "20": {"21": null, "19": null}, "17": {"18": null, "16": null, "2": null}, "27": {"26": null}, "12": {"13": null, "34": null, "11": null}, "32": {"33": null, "19": null, "2": null}, "22": {"21": null, "23": null, "0": null}, "19": {"20": null, "32": null, "18": null}, "29": {"28": null}, "11": {"12": null, "10": null}, "5": {"4": null, "6": null}, "4": {"5": null}, "7": {"6": null, "8": null}, "6": {"30": null, "7": null, "5": null}, "1": {"0": null}, "0": {"1": null, "22": null}, "3": {"2": null}, "2": {"32": null, "3": null, "17": null}, "21": {"20": null, "22": null}, "31": {"30": null}, "9": {"8": null, "10": null}, "8": {"7": null, "26": null, "9": null}, "14": {"13": null, "15": null}, "34": {"28": null, "12": null, "35": null}, "24": {"23": null, "25": null}, "13": {"12": null, "14": null}, "33": {"32": null}, "23": {"22": null, "24": null}}, "node_attributes": {"z": 0.0, "qx": 0.0, "rx": 0.0, "qy": 0.0, "ry": 0.0, "qz": 0.0, "type": null, "rz": 0.0, "_k": null, "y": 0.0, "x": 0.0}, "node": {"16": {"z": 1.5000000000000002, "qx": -0.0, "qy": -0.0, "qz": -0.047619047619047672, "_k": 1, "y": -3.425166865496446, "x": -0.71428571428571563}, "26": {"z": 1.2260000000000002, "type": "_origin", "_k": 0, "y": -3.425166865496446, "x": 3.0952380952380927}, "15": {"z": 1.5000000000000002, "qx": -0.0, "qy": -0.0, "qz": -0.047619047619047589, "type": "_origin", "_k": 0, "y": -3.425166865496446, "x": -0.23809523809523936}, "18": {"z": 1.5000000000000002, "qx": -0.0, "qy": -0.0, "qz": -0.047619047619047644, "_k": 3, "y": -3.425166865496446, "x": -1.666666666666669}, "35": {"z": 0.13000000000000012, "type": "support", "_k": 1, "y": -3.425166865496446, "x": 1.6166666666666645}, "25": {"z": 1.5000000000000002, "qx": -0.0, "qy": -0.0, "qz": -0.023809523809523638, "type": "support", "_k": 10, "y": -3.425166865496446, "x": -5.0000000000000009}, "28": {"z": 1.1575000000000002, "type": "_origin", "_k": 0, "y": -3.425166865496446, "x": 1.7166666666666646}, "10": {"z": 1.5000000000000002, "qx": -0.0, "qy": -0.0, "qz": -0.047619047619047616, "_k": 4, "y": -3.425166865496446, "x": 2.142857142857141}, "30": {"z": 1.2260000000000002, "type": "_origin", "_k": 0, "y": -3.425166865496446, "x": 4.0476190476190457}, "20": {"z": 1.5000000000000002, "qx": -0.0, "qy": -0.0, "qz": -0.0476190476190477, "_k": 5, "y": -3.425166865496446, "x": -2.6190476190476217}, "17": {"z": 1.5000000000000002, "qx": -0.0, "qy": -0.0, "qz": -0.047619047619047672, "_k": 2, "y": -3.425166865496446, "x": -1.1904761904761927}, "27": {"z": 0.13000000000000012, "type": "support", "_k": 1, "y": -3.425166865496446, "x": 3.0952380952380927}, "12": {"z": 1.5000000000000002, "qx": -0.0, "qy": -0.0, "qz": -0.047619047619047609, "_k": 2, "y": -3.425166865496446, "x": 1.1904761904761887}, "32": {"z": 1.1575000000000002, "type": "_origin", "_k": 0, "y": -3.425166865496446, "x": -1.716666666666669}, "22": {"z": 1.5000000000000002, "qx": -0.0, "qy": -0.0, "qz": -0.04761904761904763, "_k": 7, "y": -3.425166865496446, "x": -3.5714285714285752}, "19": {"z": 1.5000000000000002, "qx": -0.0, "qy": -0.0, "qz": -0.047619047619047644, "_k": 4, "y": -3.425166865496446, "x": -2.1428571428571455}, "29": {"z": 0.13000000000000012, "type": "support", "_k": 1, "y": -3.425166865496446, "x": 1.7166666666666646}, "11": {"z": 1.5000000000000002, "qx": -0.0, "qy": -0.0, "qz": -0.047619047619047616, "_k": 3, "y": -3.425166865496446, "x": 1.6666666666666645}, "5": {"z": 1.5000000000000002, "qx": -0.0, "qy": -0.0, "qz": -0.047619047619047589, "_k": 9, "y": -3.425166865496446, "x": 4.5238095238095211}, "4": {"z": 1.5000000000000002, "qx": -0.0, "qy": -0.0, "qz": -0.023809523809523815, "type": "support", "_k": 10, "y": -3.425166865496446, "x": 4.9999999999999973}, "7": {"z": 1.5000000000000002, "qx": -0.0, "qy": -0.0, "qz": -0.047619047619047658, "_k": 7, "y": -3.425166865496446, "x": 3.5714285714285698}, "6": {"z": 1.5000000000000002, "qx": -0.0, "qy": -0.0, "qz": -0.047619047619047561, "_k": 8, "y": -3.425166865496446, "x": 4.0476190476190457}, "1": {"z": 0.13000000000000012, "type": "support", "_k": 1, "y": -3.425166865496446, "x": -3.5714285714285752}, "0": {"z": 1.2260000000000002, "type": "_origin", "_k": 0, "y": -3.425166865496446, "x": -3.5714285714285752}, "3": {"z": 0.13000000000000012, "type": "support", "_k": 1, "y": -3.425166865496446, "x": -1.6166666666666689}, "2": {"z": 1.1575000000000002, "type": "_origin", "_k": 0, "y": -3.425166865496446, "x": -1.6166666666666689}, "21": {"z": 1.5000000000000002, "qx": -0.0, "qy": -0.0, "qz": -0.047619047619047672, "_k": 6, "y": -3.425166865496446, "x": -3.0952380952380993}, "31": {"z": 0.13000000000000012, "type": "support", "_k": 1, "y": -3.425166865496446, "x": 4.0476190476190457}, "9": {"z": 1.5000000000000002, "qx": -0.0, "qy": -0.0, "qz": -0.047619047619047589, "_k": 5, "y": -3.425166865496446, "x": 2.6190476190476168}, "8": {"z": 1.5000000000000002, "qx": -0.0, "qy": -0.0, "qz": -0.047619047619047658, "_k": 6, "y": -3.425166865496446, "x": 3.0952380952380927}, "14": {"z": 1.5000000000000002, "qx": -0.0, "qy": -0.0, "qz": -0.047619047619047589, "type": "_origin", "_k": 0, "y": -3.425166865496446, "x": 0.23809523809523603}, "34": {"z": 1.1575000000000002, "type": "_origin", "_k": 0, "y": -3.425166865496446, "x": 1.6166666666666645}, "24": {"z": 1.5000000000000002, "qx": -0.0, "qy": -0.0, "qz": -0.04761904761904745, "_k": 9, "y": -3.425166865496446, "x": -4.5238095238095282}, "13": {"z": 1.5000000000000002, "qx": -0.0, "qy": -0.0, "qz": -0.047619047619047637, "_k": 1, "y": -3.425166865496446, "x": 0.71428571428571241}, "33": {"z": 0.13000000000000012, "type": "support", "_k": 1, "y": -3.425166865496446, "x": -1.716666666666669}, "23": {"z": 1.5000000000000002, "qx": -0.0, "qy": -0.0, "qz": -0.047619047619047651, "_k": 8, "y": -3.425166865496446, "x": -4.0476190476190519}}, "max_int_key": 35, "attributes": {"gkey_node": {"5.000,-3.425,1.500": 4, "-1.617,-3.425,0.130": 3, "1.667,-3.425,1.500": 11, "-4.524,-3.425,1.500": 24, "-5.000,-3.425,1.500": 25, "-2.143,-3.425,1.500": 19, "1.717,-3.425,1.158": 28, "-1.190,-3.425,1.500": 17, "-4.048,-3.425,1.500": 23, "-1.717,-3.425,0.130": 33, "-3.571,-3.425,1.226": 0, "-3.571,-3.425,1.500": 22, "-3.571,-3.425,0.130": 1, "-1.617,-3.425,1.158": 2, "-1.667,-3.425,1.500": 18, "3.095,-3.425,1.226": 26, "4.048,-3.425,0.130": 31, "-1.717,-3.425,1.158": 32, "3.095,-3.425,0.130": 27, "3.095,-3.425,1.500": 8, "2.619,-3.425,1.500": 9, "0.714,-3.425,1.500": 13, "-0.238,-3.425,1.500": 15, "4.524,-3.425,1.500": 5, "1.617,-3.425,0.130": 35, "-3.095,-3.425,1.500": 21, "4.048,-3.425,1.226": 30, "-0.714,-3.425,1.500": 16, "0.238,-3.425,1.500": 14, "2.143,-3.425,1.500": 10, "4.048,-3.425,1.500": 6, "3.571,-3.425,1.500": 7, "-2.619,-3.425,1.500": 20, "1.617,-3.425,1.158": 34, "1.717,-3.425,0.130": 29, "1.190,-3.425,1.500": 12}, "name": "Network", "_aux_length": 0.33000000000000002, "_trails": {"0": [0, 1], "30": [30, 31], "2": [2, 3], "32": [32, 33], "34": [34, 35], "14": [14, 13, 12, 11, 10, 9, 8, 7, 6, 5, 4], "15": [15, 16, 17, 18, 19, 20, 21, 22, 23, 24, 25], "26": [26, 27], "28": [28, 29]}, "tol": "3f", "_auxiliary_trails": {}, "_aux_vector": {"dtype": "compas.geometry/Vector", "value": [-0.0, -0.0, -1.0]}}, "edge_attributes": {"force": 0.0, "type": null, "length": 0.0}, "edge": {"16": {"17": {"length": -0.47619047619047705, "type": "trail"}}, "26": {"27": {"length": -1.0960000000000001, "type": "trail"}}, "15": {"16": {"length": -0.47619047619047628, "type": "trail"}}, "18": {"19": {"length": -0.4761904761904765, "type": "trail"}}, "35": {}, "25": {},