{"compas": "1.7.1", "datatype": "compas_cem.diagrams/TopologyDiagram", "data": {"adjacency": {"16": {"15": null, "17": null}, "36": {"35": null}, "26": {"27": null, "25": null}, "15": {"14": null, "16": null}, "18": {"19": null, "17": null}, "35": {"36": null, "7": null}, "25": {"26": null, "24": null}, "28": {"27": null, "29": null}, "38": {"37": null}, "40": {"39": null}, "10": {"9": null, "11": null}, "30": {"29": null}, "20": {"21": null, "19": null, "2": null}, "17": {"18": null, "16": null}, "37": {"38": null, "22": null, "2": null}, "27": {"28": null, "26": null, "0": null}, "12": {"13": null, "33": null, "11": null}, "32": {"31": null}, "22": {"37": null, "21": null, "23": null}, "19": {"20": null, "18": null}, "39": {"40": null, "14": null, "33": null}, "29": {"28": null, "30": null}, "11": {"12": null, "10": null}, "5": {"4": null, "6": null}, "4": {"5": null}, "7": {"6": null, "35": null, "8": null}, "6": {"7": null, "5": null}, "1": {"0": null}, "0": {"27": null, "1": null}, "3": {"2": null}, "2": {"37": null, "20": null, "3": null}, "21": {"20": null, "22": null}, "31": {"32": null, "9": null}, "9": {"31": null, "8": null, "10": null}, "8": {"7": null, "9": null}, "14": {"13": null, "15": null, "39": null}, "34": {"33": null}, "24": {"23": null, "25": null}, "13": {"12": null, "14": null}, "33": {"12": null, "39": null, "34": null}, "23": {"22": null, "24": null}}, "node_attributes": {"z": 0.0, "qx": 0.0, "rx": 0.0, "qy": 0.0, "ry": 0.0, "qz": 0.0, "type": null, "rz": 0.0, "_k": null, "y": 0.0, "x": 0.0}, "node": {"16": {"z": 1.5000000000000002, "qx": -0.0, "qy": -0.0, "qz": -0.038461538461538512, "type": "_origin", "_k": 0, "y": -3.425166865496446, "x": 0.38461538461538297}, "36": {"z": 0.13000000000000012, "type": "support", "_k": 1, "y": -3.425166865496446, "x": 3.846153846153844}, "26": {"z": 1.5000000000000002, "qx": -0.0, "qy": -0.0, "qz": -0.038461538461538415, "_k": 9, "y": -3.425166865496446, "x": -3.461538461538459}, "15": {"z": 1.5000000000000002, "qx": -0.0, "qy": -0.0, "qz": -0.038461538461538464, "_k": 1, "y": -3.425166865496446, "x": 0.76923076923076805}, "18": {"z": 1.5000000000000002, "qx": -0.0, "qy": -0.0, "qz": -0.038461538461538367, "_k": 1, "y": -3.425166865496446, "x": -0.3846153846153853}, "35": {"z": 1.2260000000000002, "type": "_origin", "_k": 0, "y": -3.425166865496446, "x": 3.846153846153844}, "25": {"z": 1.5000000000000002, "qx": -0.0, "qy": -0.0, "qz": -0.038461538461538415, "_k": 8, "y": -3.425166865496446, "x": -3.0769230769230758}, "28": {"z": 1.5000000000000002, "qx": -0.0, "qy": -0.0, "qz": -0.038461538461538422, "_k": 11, "y": -3.425166865496446, "x": -4.2307692307692255}, "38": {"z": 0.13000000000000012, "type": "support", "_k": 1, "y": -3.425166865496446, "x": -1.5884615384615379}, "40": {"z": 0.13000000000000012, "type": "support", "_k": 1, "y": -3.425166865496446, "x": 1.4884615384615361}, "10": {"z": 1.5000000000000002, "qx": -0.0, "qy": -0.0, "qz": -0.038461538461538464, "_k": 6, "y": -3.425166865496446, "x": 2.6923076923076894}, "30": {"z": 1.5000000000000002, "qx": -0.0, "qy": -0.0, "qz": -0.01923076923076943, "type": "support", "_k": 13, "y": -3.425166865496446, "x": -5.0000000000000009}, "20": {"z": 1.5000000000000002, "qx": -0.0, "qy": -0.0, "qz": -0.038461538461538422, "_k": 3, "y": -3.425166865496446, "x": -1.1538461538461526}, "17": {"z": 1.5000000000000002, "qx": -0.0, "qy": -0.0, "qz": -0.038461538461538422, "type": "_origin", "_k": 0, "y": -3.425166865496446, "x": -2.1316282072803005e-15}, "37": {"z": 1.1575000000000002, "type": "_origin", "_k": 0, "y": -3.425166865496446, "x": -1.5884615384615379}, "27": {"z": 1.5000000000000002, "qx": -0.0, "qy": -0.0, "qz": -0.038461538461538325, "_k": 10, "y": -3.425166865496446, "x": -3.846153846153844}, "12": {"z": 1.5000000000000002, "qx": -0.0, "qy": -0.0, "qz": -0.038461538461538436, "_k": 4, "y": -3.425166865496446, "x": 1.9230769230769205}, "32": {"z": 0.13000000000000012, "type": "support", "_k": 1, "y": -3.425166865496446, "x": 3.076923076923074}, "22": {"z": 1.5000000000000002, "qx": -0.0, "qy": -0.0, "qz": -0.038461538461538464, "_k": 5, "y": -3.425166865496446, "x": -1.9230769230769227}, "19": {"z": 1.5000000000000002, "qx": -0.0, "qy": -0.0, "qz": -0.038461538461538367, "_k": 2, "y": -3.425166865496446, "x": -0.76923076923076938}, "39": {"z": 1.1575000000000002, "type": "_origin", "_k": 0, "y": -3.425166865496446, "x": 1.4884615384615361}, "29": {"z": 1.5000000000000002, "qx": -0.0, "qy": -0.0, "qz": -0.038461538461538769, "_k": 12, "y": -3.425166865496446, "x": -4.6153846153846123}, "11": {"z": 1.5000000000000002, "qx": -0.0, "qy": -0.0, "qz": -0.03846153846153845, "_k": 5, "y": -3.425166865496446, "x": 2.3076923076923048}, "5": {"z": 1.5000000000000002, "qx": -0.0, "qy": -0.0, "qz": -0.038461538461538464, "_k": 11, "y": -3.425166865496446, "x": 4.6153846153846132}, "4": {"z": 1.5000000000000002, "qx": -0.0, "qy": -0.0, "qz": -0.019230769230769208, "type": "support", "_k": 12, "y": -3.425166865496446, "x": 4.9999999999999973}, "7": {"z": 1.5000000000000002, "qx": -0.0, "qy": -0.0, "qz": -0.038461538461538464, "_k": 9, "y": -3.425166865496446, "x": 3.846153846153844}, "6": {"z": 1.5000000000000002, "qx": -0.0, "qy": -0.0, "qz": -0.038461538461538464, "_k": 10, "y": -3.425166865496446, "x": 4.2307692307692282}, "1": {"z": 0.13000000000000012, "type": "support", "_k": 1, "y": -3.425166865496446, "x": -3.846153846153844}, "0": {"z": 1.2260000000000002, "type": "_origin", "_k": 0, "y": -3.425166865496446, "x": -3.846153846153844}, "3": {"z": 0.13000000000000012, "type": "support", "_k": 1, "y": -3.425166865496446, "x": -1.4884615384615378}, "2": {"z": 1.1575000000000002, "type": "_origin", "_k": 0, "y": -3.425166865496446, "x": -1.4884615384615378}, "21": {"z": 1.5000000000000002, "qx": -0.0, "qy": -0.0, "qz": -0.038461538461538505, "_k": 4, "y": -3.425166865496446, "x": -1.5384615384615379}, "31": {"z": 1.2260000000000002, "type": "_origin", "_k": 0, "y": -3.425166865496446, "x": 3.076923076923074}, "9": {"z": 1.5000000000000002, "qx": -0.0, "qy": -0.0, "qz": -0.038461538461538484, "_k": 7, "y": -3.425166865496446, "x": 3.076923076923074}, "8": {"z": 1.5000000000000002, "qx": -0.0, "qy": -0.0, "qz": -0.038461538461538505, "_k": 8, "y": -3.425166865496446, "x": 3.461538461538459}, "14": {"z": 1.5000000000000002, "qx": -0.0, "qy": -0.0, "qz": -0.038461538461538408, "_k": 2, "y": -3.425166865496446, "x": 1.1538461538461522}, "34": {"z": 0.13000000000000012, "type": "support", "_k": 1, "y": -3.425166865496446, "x": 1.5884615384615361}, "24": {"z": 1.5000000000000002, "qx": -0.0, "qy": -0.0, "qz": -0.038461538461538436, "_k": 7, "y": -3.425166865496446, "x": -2.6923076923076907}, "13": {"z": 1.5000000000000002, "qx": -0.0, "qy": -0.0, "qz": -0.038461538461538415, "_k": 3, "y": -3.425166865496446, "x": 1.5384615384615361}, "33": {"z": 1.1575000000000002, "type": "_origin", "_k": 0, "y": -3.425166865496446, "x": 1.5884615384615361}, "23": {"z": 1.5000000000000002, "qx": -0.0, "qy": -0.0, "qz": -0.038461538461538408, "_k": 6, "y": -3.425166865496446, "x": -2.307692307692307}}, "max_int_key": 40, "attributes": {"gkey_node": {"3.077,-3.425,1.500": 9, "-1.588,-3.425,0.130": 38, "5.000,-3.425,1.500": 4, "0.769,-3.425,1.500": 15, "-3.846,-3.425,1.226": 0, "-1.488,-3.425,1.158": 2, "-1.538,-3.425,1.500": 21, "3.846,-3.425,0.130": 36, "-0.385,-3.425,1.500": 18, "-4.615,-3.425,1.500": 29, "-5.000,-3.425,1.500": 30, "-3.846,-3.425,0.130": 1, "1.488,-3.425,1.158": 39, "-3.462,-3.425,1.500": 26, "-1.923,-3.425,1.500": 22, "1.588,-3.425,0.130": 34, "0.385,-3.425,1.500": 16, "1.538,-3.425,1.500": 13, "-1.488,-3.425,0.130": 3, "-0.769,-3.425,1.500": 19, "4.615,-3.425,1.500": 5, "3.077,-3.425,0.130": 32, "3.846,-3.425,1.226": 35, "3.077,-3.425,1.226": 31, "3.846,-3.425,1.500": 7, "0.000,-3.425,1.500": 17, "-1.588,-3.425,1.158": 37, "1.588,-3.425,1.158": 33, "-2.308,-3.425,1.500": 23, "-4.231,-3.425,1.500": 28, "-3.077,-3.425,1.500": 25,