{"compas": "1.7.1", "datatype": "compas_cem.diagrams/TopologyDiagram", "data": {"adjacency": {"16": {"15": null, "17": null}, "26": {"25": null}, "15": {"14": null, "16": null, "2": null}, "18": {"19": null, "17": null}, "25": {"31": null, "26": null, "9": null}, "28": {"27": null}, "10": {"9": null, "11": null}, "30": {"29": null}, "20": {"21": null, "19": null, "0": null}, "17": {"18": null, "29": null, "16": null}, "27": {"28": null, "6": null}, "12": {"13": null, "11": null}, "32": {"31": null}, "22": {"21": null}, "19": {"20": null, "18": null}, "29": {"30": null, "17": null, "2": null}, "11": {"31": null, "12": null, "10": null}, "5": {"4": null, "6": null}, "4": {"5": null}, "7": {"6": null, "8": null}, "6": {"7": null, "27": null, "5": null}, "1": {"0": null}, "0": {"20": null, "1": null}, "3": {"2": null}, "2": {"15": null, "29": null, "3": null}, "21": {"20": null, "22": null}, "31": {"32": null, "11": null, "25": null}, "9": {"25": null, "8": null, "10": null}, "8": {"7": null, "23": null, "9": null}, "14": {"13": null, "15": null}, "24": {"23": null}, "13": {"12": null, "14": null}, "23": {"8": null, "24": null}}, "node_attributes": {"z": 0.0, "qx": 0.0, "rx": 0.0, "qy": 0.0, "ry": 0.0, "qz": 0.0, "type": null, "rz": 0.0, "_k": null, "y": 0.0, "x": 0.0}, "node": {"16": {"z": 1.5000000000000002, "qx": -0.0, "qy": -0.0, "qz": -0.055555555555555594, "_k": 3, "y": -3.425166865496446, "x": -1.666666666666669}, "26": {"z": 0.13000000000000012, "type": "support", "_k": 1, "y": -3.425166865496446, "x": 1.7166666666666646}, "15": {"z": 1.5000000000000002, "qx": -0.0, "qy": -0.0, "qz": -0.055555555555555483, "_k": 2, "y": -3.425166865496446, "x": -1.1111111111111145}, "18": {"z": 1.5000000000000002, "qx": -0.0, "qy": -0.0, "qz": -0.055555555555555539, "_k": 5, "y": -3.425166865496446, "x": -2.7777777777777817}, "25": {"z": 1.1575000000000002, "type": "_origin", "_k": 0, "y": -3.425166865496446, "x": 1.7166666666666646}, "28": {"z": 0.13000000000000012, "type": "support", "_k": 1, "y": -3.425166865496446, "x": 3.8888888888888866}, "10": {"z": 1.5000000000000002, "qx": -0.0, "qy": -0.0, "qz": -0.055555555555555594, "_k": 2, "y": -3.425166865496446, "x": 1.6666666666666645}, "30": {"z": 0.13000000000000012, "type": "support", "_k": 1, "y": -3.425166865496446, "x": -1.716666666666669}, "20": {"z": 1.5000000000000002, "qx": -0.0, "qy": -0.0, "qz": -0.055555555555555608, "_k": 7, "y": -3.425166865496446, "x": -3.8888888888888924}, "17": {"z": 1.5000000000000002, "qx": -0.0, "qy": -0.0, "qz": -0.055555555555555636, "_k": 4, "y": -3.425166865496446, "x": -2.2222222222222263}, "27": {"z": 1.2260000000000002, "type": "_origin", "_k": 0, "y": -3.425166865496446, "x": 3.8888888888888866}, "12": {"z": 1.5000000000000002, "qx": -0.0, "qy": -0.0, "qz": -0.055555555555555525, "type": "_origin", "_k": 0, "y": -3.425166865496446, "x": 0.55555555555555236}, "32": {"z": 0.13000000000000012, "type": "support", "_k": 1, "y": -3.425166865496446, "x": 1.6166666666666645}, "22": {"z": 1.5000000000000002, "qx": -0.0, "qy": -0.0, "qz": -0.027777777777777592, "type": "support", "_k": 9, "y": -3.425166865496446, "x": -5.0000000000000009}, "19": {"z": 1.5000000000000002, "qx": -0.0, "qy": -0.0, "qz": -0.055555555555555539, "_k": 6, "y": -3.425166865496446, "x": -3.333333333333337}, "29": {"z": 1.1575000000000002, "type": "_origin", "_k": 0, "y": -3.425166865496446, "x": -1.716666666666669}, "11": {"z": 1.5000000000000002, "qx": -0.0, "qy": -0.0, "qz": -0.055555555555555608, "_k": 1, "y": -3.425166865496446, "x": 1.1111111111111083}, "5": {"z": 1.5000000000000002, "qx": -0.0, "qy": -0.0, "qz": -0.055555555555555539, "_k": 7, "y": -3.425166865496446, "x": 4.444444444444442}, "4": {"z": 1.5000000000000002, "qx": -0.0, "qy": -0.0, "qz": -0.027777777777777769, "type": "support", "_k": 8, "y": -3.425166865496446, "x": 4.9999999999999973}, "7": {"z": 1.5000000000000002, "qx": -0.0, "qy": -0.0, "qz": -0.055555555555555539, "_k": 5, "y": -3.425166865496446, "x": 3.3333333333333308}, "6": {"z": 1.5000000000000002, "qx": -0.0, "qy": -0.0, "qz": -0.055555555555555559, "_k": 6, "y": -3.425166865496446, "x": 3.8888888888888866}, "1": {"z": 0.13000000000000012, "type": "support", "_k": 1, "y": -3.425166865496446, "x": -3.8888888888888924}, "0": {"z": 1.2260000000000002, "type": "_origin", "_k": 0, "y": -3.425166865496446, "x": -3.8888888888888924}, "3": {"z": 0.13000000000000012, "type": "support", "_k": 1, "y": -3.425166865496446, "x": -1.6166666666666689}, "2": {"z": 1.1575000000000002, "type": "_origin", "_k": 0, "y": -3.425166865496446, "x": -1.6166666666666689}, "21": {"z": 1.5000000000000002, "qx": -0.0, "qy": -0.0, "qz": -0.055555555555555428, "_k": 8, "y": -3.425166865496446, "x": -4.4444444444444491}, "31": {"z": 1.1575000000000002, "type": "_origin", "_k": 0, "y": -3.425166865496446, "x": 1.6166666666666645}, "9": {"z": 1.5000000000000002, "qx": -0.0, "qy": -0.0, "qz": -0.055555555555555566, "_k": 3, "y": -3.425166865496446, "x": 2.2222222222222201}, "8": {"z": 1.5000000000000002, "qx": -0.0, "qy": -0.0, "qz": -0.055555555555555539, "_k": 4, "y": -3.425166865496446, "x": 2.7777777777777759}, "14": {"z": 1.5000000000000002, "qx": -0.0, "qy": -0.0, "qz": -0.055555555555555622, "_k": 1, "y": -3.425166865496446, "x": -0.55555555555555924}, "24": {"z": 0.13000000000000012, "type": "support", "_k": 1, "y": -3.425166865496446, "x": 2.7777777777777759}, "13": {"z": 1.5000000000000002, "qx": -0.0, "qy": -0.0, "qz": -0.05555555555555558, "type": "_origin", "_k": 0, "y": -3.425166865496446, "x": -2.1316282072803005e-15}, "23": {"z": 1.2260000000000002, "type": "_origin", "_k": 0, "y": -3.425166865496446, "x": 2.7777777777777759}}, "max_int_key": 32, "attributes": {"gkey_node": {"5.000,-3.425,1.500": 4, "-1.617,-3.425,0.130": 3, "-1.111,-3.425,1.500": 15, "1.667,-3.425,1.500": 10, "3.889,-3.425,0.130": 28, "-5.000,-3.425,1.500": 22, "-3.889,-3.425,1.226": 0, "1.717,-3.425,1.158": 25, "-1.717,-3.425,0.130": 30, "2.778,-3.425,1.500": 8, "-1.617,-3.425,1.158": 2, "-2.778,-3.425,1.500": 18, "-0.556,-3.425,1.500": 14, "-3.333,-3.425,1.500": 19, "-4.444,-3.425,1.500": 21, "0.556,-3.425,1.500": 12, "-1.667,-3.425,1.500": 16, "3.889,-3.425,1.226": 27, "-1.717,-3.425,1.158": 29, "0.000,-3.425,1.500": 13, "-3.889,-3.425,0.130": 1, "-3.889,-3.425,1.500": 20, "2.778,-3.425,0.130": 24, "4.444,-3.425,1.500": 5, "1.111,-3.425,1.500": 11, "1.617,-3.425,0.130": 32, "2.778,-3.425,1.226": 23, "2.222,-3.425,1.500": 9, "-2.222,-3.425,1.500": 17, "3.333,-3.425,1.500": 7, "1.717,-3.425,0.130": 26, "1.617,-3.425,1.158": 31, "3.889,-3.425,1.500": 6}, "name": "Network", "_aux_length": 0.33000000000000002, "_trails": {"0": [0, 1], "31": [31, 32], "2": [2, 3], "12": [12, 11, 10, 9, 8, 7, 6, 5, 4], "13": [13, 14, 15, 16, 17, 18, 19, 20, 21, 22], "23": [23, 24], "25": [25, 26], "27": [27, 28], "29": [29, 30]}, "tol": "3f", "_auxiliary_trails": {}, "_aux_vector": {"dtype": "compas.geometry/Vector", "value": [-0.0, -0.0, -1.0]}}, "edge_attributes": {"force": 0.0, "type": null, "length": 0.0}, "edge": {"16": {"17": {"length": -0.55555555555555736, "type": "trail"}}, "26": {}, "15": {"16": {"length": -0.55555555555555447, "type": "trail"}, "2": {"force": 1.9571000000000001, "type": "deviation"}}, "18": {"19": {"length": -0.55555555555555536, "type": "trail"}}, "25": {"31": {"force": 1.6619999999999999, "type": "deviation"}, "26": {"length": 1.0275000000000001, "type": "trail"}}, "28": {}, "10": {"11": {"length": -0.55555555555555625, "type": "trail"}}, "30": {}, "20": {"21": {"length": -0.55555555555555669, "type": "trail"}, "0": {"force": -4.5999999999999996, "type": "deviation"}}, "17": {"18": {"length": -0.55555555555555536, "type": "trail"}, "29": {"force": 1.75, "type": "deviation"}}, "27": {"28": {"length": -1.0960000000000001, "type": "trail"}}, "12": {"13": {"force": -20.0, "type": "deviation"}}, "32": {}, "22": {}, "19": {"20": {"length": -0.55555555555555536, "type": "trail"}},