{"compas": "1.7.1", "datatype": "compas_cem.diagrams/TopologyDiagram", "data": {"adjacency": {"16": {"15": null, "17": null}, "26": {"27": null, "20": null, "10": null}, "15": {"14": null, "0": null, "16": null}, "18": {"7": null, "19": null}, "25": {"24": null}, "10": {"26": null, "9": null, "11": null}, "20": {"21": null, "26": null, "8": null}, "17": {"16": null}, "27": {"26": null}, "12": {"13": null, "11": null}, "22": {"23": null, "5": null}, "19": {"18": null}, "11": {"12": null, "10": null, "2": null}, "5": {"4": null, "6": null, "22": null}, "4": {"5": null}, "7": {"6": null, "18": null, "8": null}, "6": {"7": null, "5": null}, "1": {"0": null}, "0": {"1": null, "15": null}, "3": {"2": null}, "2": {"3": null, "11": null, "24": null}, "21": {"20": null}, "9": {"8": null, "10": null}, "8": {"7": null, "20": null, "9": null}, "14": {"13": null, "15": null}, "24": {"25": null, "13": null, "2": null}, "13": {"12": null, "14": null, "24": null}, "23": {"22": null}}, "node_attributes": {"z": 0.0, "qx": 0.0, "rx": 0.0, "qy": 0.0, "ry": 0.0, "qz": 0.0, "type": null, "rz": 0.0, "_k": null, "y": 0.0, "x": 0.0}, "node": {"16": {"z": 1.5000000000000002, "qx": -0.0, "qy": -0.0, "qz": -0.076923076923077011, "_k": 5, "y": -3.425166865496446, "x": -4.2307692307692299}, "26": {"z": 1.1575000000000002, "type": "_origin", "_k": 0, "y": -3.425166865496446, "x": 1.1038461538461513}, "15": {"z": 1.5000000000000002, "qx": -0.0, "qy": -0.0, "qz": -0.076923076923076872, "_k": 4, "y": -3.425166865496446, "x": -3.4615384615384608}, "18": {"z": 1.2260000000000002, "type": "_origin", "_k": 0, "y": -3.425166865496446, "x": 2.6923076923076898}, "25": {"z": 0.13000000000000012, "type": "support", "_k": 1, "y": -3.425166865496446, "x": -1.2038461538461562}, "10": {"z": 1.5000000000000002, "qx": -0.0, "qy": -0.0, "qz": -0.076923076923076927, "type": "_origin", "_k": 0, "y": -3.425166865496446, "x": 0.38461538461538208}, "20": {"z": 1.1575000000000002, "type": "_origin", "_k": 0, "y": -3.425166865496446, "x": 1.2038461538461513}, "17": {"z": 1.5000000000000002, "qx": -0.0, "qy": -0.0, "qz": -0.038461538461538547, "type": "support", "_k": 6, "y": -3.425166865496446, "x": -5.0000000000000009}, "27": {"z": 0.13000000000000012, "type": "support", "_k": 1, "y": -3.425166865496446, "x": 1.1038461538461513}, "12": {"z": 1.5000000000000002, "qx": -0.0, "qy": -0.0, "qz": -0.076923076923076886, "_k": 1, "y": -3.425166865496446, "x": -1.1538461538461562}, "22": {"z": 1.2260000000000002, "type": "_origin", "_k": 0, "y": -3.425166865496446, "x": 4.2307692307692282}, "19": {"z": 0.13000000000000012, "type": "support", "_k": 1, "y": -3.425166865496446, "x": 2.6923076923076898}, "11": {"z": 1.5000000000000002, "qx": -0.0, "qy": -0.0, "qz": -0.076923076923076927, "type": "_origin", "_k": 0, "y": -3.425166865496446, "x": -0.38461538461538713}, "5": {"z": 1.5000000000000002, "qx": -0.0, "qy": -0.0, "qz": -0.076923076923076927, "_k": 5, "y": -3.425166865496446, "x": 4.2307692307692282}, "4": {"z": 1.5000000000000002, "qx": -0.0, "qy": -0.0, "qz": -0.038461538461538464, "type": "support", "_k": 6, "y": -3.425166865496446, "x": 4.9999999999999973}, "7": {"z": 1.5000000000000002, "qx": -0.0, "qy": -0.0, "qz": -0.076923076923076927, "_k": 3, "y": -3.425166865496446, "x": 2.6923076923076898}, "6": {"z": 1.5000000000000002, "qx": -0.0, "qy": -0.0, "qz": -0.076923076923076927, "_k": 4, "y": -3.425166865496446, "x": 3.461538461538459}, "1": {"z": 0.13000000000000012, "type": "support", "_k": 1, "y": -3.425166865496446, "x": -3.4615384615384608}, "0": {"z": 1.2260000000000002, "type": "_origin", "_k": 0, "y": -3.425166865496446, "x": -3.4615384615384608}, "3": {"z": 0.13000000000000012, "type": "support", "_k": 1, "y": -3.425166865496446, "x": -1.1038461538461561}, "2": {"z": 1.1575000000000002, "type": "_origin", "_k": 0, "y": -3.425166865496446, "x": -1.1038461538461561}, "21": {"z": 0.13000000000000012, "type": "support", "_k": 1, "y": -3.425166865496446, "x": 1.2038461538461513}, "9": {"z": 1.5000000000000002, "qx": -0.0, "qy": -0.0, "qz": -0.076923076923076927, "_k": 1, "y": -3.425166865496446, "x": 1.1538461538461513}, "8": {"z": 1.5000000000000002, "qx": -0.0, "qy": -0.0, "qz": -0.076923076923076927, "_k": 2, "y": -3.425166865496446, "x": 1.9230769230769205}, "14": {"z": 1.5000000000000002, "qx": -0.0, "qy": -0.0, "qz": -0.076923076923076816, "_k": 3, "y": -3.425166865496446, "x": -2.6923076923076925}, "24": {"z": 1.1575000000000002, "type": "_origin", "_k": 0, "y": -3.425166865496446, "x": -1.2038461538461562}, "13": {"z": 1.5000000000000002, "qx": -0.0, "qy": -0.0, "qz": -0.076923076923076816, "_k": 2, "y": -3.425166865496446, "x": -1.9230769230769247}, "23": {"z": 0.13000000000000012, "type": "support", "_k": 1, "y": -3.425166865496446, "x": 4.2307692307692282}}, "max_int_key": 27, "attributes": {"gkey_node": {"5.000,-3.425,1.500": 4, "4.231,-3.425,1.226": 22, "-0.385,-3.425,1.500": 11, "-5.000,-3.425,1.500": 17, "-1.104,-3.425,1.158": 2, "-3.462,-3.425,1.500": 15, "1.104,-3.425,0.130": 27, "-1.923,-3.425,1.500": 13, "-3.462,-3.425,1.226": 0, "0.385,-3.425,1.500": 10, "-1.204,-3.425,0.130": 25, "-1.204,-3.425,1.158": 24, "1.104,-3.425,1.158": 26, "-3.462,-3.425,0.130": 1, "2.692,-3.425,1.226": 18, "1.204,-3.425,0.130": 21, "-1.104,-3.425,0.130": 3, "2.692,-3.425,0.130": 19, "-4.231,-3.425,1.500": 16, "1.154,-3.425,1.500": 9, "3.462,-3.425,1.500": 6, "2.692,-3.425,1.500": 7, "1.204,-3.425,1.158": 20, "1.923,-3.425,1.500": 8, "-2.692,-3.425,1.500": 14, "4.231,-3.425,0.130": 23, "-1.154,-3.425,1.500": 12, "4.231,-3.425,1.500": 5}, "name": "Network", "_aux_length": 0.33000000000000002, "_trails": {"0": [0, 1], "2": [2, 3], "10": [10, 9, 8, 7, 6, 5, 4], "11": [11, 12, 13, 14, 15, 16, 17], "18": [18, 19], "20": [20, 21], "22": [22, 23], "24": [24, 25], "26": [26, 27]}, "tol": "3f", "_auxiliary_trails": {}, "_aux_vector": {"dtype": "compas.geometry/Vector", "value": [-0.0, -0.0, -1.0]}}, "edge_attributes": {"force": 0.0, "type": null, "length": 0.0}, "edge": {"16": {"17": {"length": -0.76923076923077094, "type": "trail"}}, "26": {"27": {"length": 1.0275000000000001, "type": "trail"}}, "15": {"0": {"force": -4.5999999999999996, "type": "deviation"}, "16": {"length": -0.76923076923076916, "type": "trail"}}, "18": {"19": {"length": -1.0960000000000001, "type": "trail"}}, "25": {}, "10": {"26": {"force": 1.9571000000000001, "type": "deviation"}, "11": {"force": -20.0, "type": "deviation"}}, "20": {"21": {"length": 1.0275000000000001, "type": "trail"}, "26": {"force": 1.6619999999999999, "type": "deviation"}}, "17": {}, "27": {}, "12": {"13": {"length": -0.7692307692307685, "type": "trail"}}, "22": {"23": {"length": -1.0960000000000001, "type": "trail"}}, "19": {}, "11": {"12": {"length": -0.76923076923076905, "type": "trail"}, "2": {"force": 1.9571000000000001, "type": "deviation"}}, "5": {"6": {"length": -0.76923076923076916, "type": "trail"}, "22": {"force": -1.1000000000000001, "type": "deviation"}}, "4": {"5": {"length": -0.76923076923076916, "type": "trail"}}, "7": {"18": {"force": -3.2999999999999998, "type": "deviation"}, "8": {"length": -0.76923076923076938, "type": "trail"}}, "6": {"7": {"length": -0.76923076923076916, "type": "trail"}}, "1": {}, "0": {"1": {"length": -1.0960000000000001, "type": "trail"}}, "3": {}, "2": {"3": {"length": 1.0275000000000001, "type": "trail"}, "24": {"force": 1.6619999999999999, "type": "deviation"}}, "21": {}, "9": {"10": {"length": -0.76923076923076916, "type": "trail"}}, "8": {"20": {"force": 1.75, "type": "deviation"}, "9": {"length": -0.76923076923076916, "type": "trail"}}, "14": {"15": {"length": -0.76923076923076827, "type": "trail"}}, "24": {"25": {"length": 1.0275000000000001, "type": "trail"}}, "13": {"14": {"length": -0.76923076923076783, "type": "trail"}, "24": {"force": 1.75, "type": "deviation"}}, "23": {}}}}