{"compas": "1.7.1", "datatype": "compas_cem.diagrams/TopologyDiagram", "data": {"adjacency": {"16": {"41": null, "15": null, "17": null}, "36": {"35": null}, "26": {"27": null, "25": null}, "15": {"14": null, "16": null}, "18": {"19": null, "17": null}, "35": {"36": null, "12": null, "41": null}, "25": {"26": null, "24": null}, "28": {"27": null, "29": null}, "38": {"37": null}, "40": {"39": null}, "10": {"33": null, "9": null, "11": null}, "30": {"31": null, "29": null}, "20": {"21": null, "19": null, "2": null}, "17": {"18": null, "16": null}, "37": {"7": null, "38": null}, "27": {"28": null, "26": null}, "42": {"41": null}, "12": {"13": null, "35": null, "11": null}, "32": {"31": null}, "22": {"21": null, "23": null}, "19": {"20": null, "18": null}, "39": {"24": null, "40": null, "2": null}, "29": {"28": null, "30": null, "0": null}, "41": {"42": null, "35": null, "16": null}, "11": {"12": null, "10": null}, "5": {"4": null, "6": null}, "4": {"5": null}, "7": {"37": null, "6": null, "8": null}, "6": {"7": null, "5": null}, "1": {"0": null}, "0": {"1": null, "29": null}, "3": {"2": null}, "2": {"20": null, "39": null, "3": null}, "21": {"20": null, "22": null}, "31": {"30": null, "32": null}, "9": {"8": null, "10": null}, "8": {"7": null, "9": null}, "14": {"13": null, "15": null}, "34": {"33": null}, "24": {"23": null, "39": null, "25": null}, "13": {"12": null, "14": null}, "33": {"10": null, "34": null}, "23": {"22": null, "24": null}}, "node_attributes": {"z": 0.0, "qx": 0.0, "rx": 0.0, "qy": 0.0, "ry": 0.0, "qz": 0.0, "type": null, "rz": 0.0, "_k": null, "y": 0.0, "x": 0.0}, "node": {"16": {"z": 1.5000000000000002, "qx": -0.0, "qy": -0.0, "qz": -0.035714285714285726, "_k": 1, "y": -3.425166865496446, "x": 0.7142857142857133}, "36": {"z": 0.13000000000000012, "type": "support", "_k": 1, "y": -3.425166865496446, "x": 1.4785714285714273}, "26": {"z": 1.5000000000000002, "qx": -0.0, "qy": -0.0, "qz": -0.035714285714285698, "_k": 8, "y": -3.425166865496446, "x": -2.8571428571428563}, "15": {"z": 1.5000000000000002, "qx": -0.0, "qy": -0.0, "qz": -0.035714285714285698, "_k": 2, "y": -3.425166865496446, "x": 1.0714285714285701}, "18": {"z": 1.5000000000000002, "qx": -0.0, "qy": -0.0, "qz": -0.035714285714285678, "type": "_origin", "_k": 0, "y": -3.425166865496446, "x": -2.1316282072803005e-15}, "35": {"z": 1.1575000000000002, "type": "_origin", "_k": 0, "y": -3.425166865496446, "x": 1.4785714285714273}, "25": {"z": 1.5000000000000002, "qx": -0.0, "qy": -0.0, "qz": -0.035714285714285678, "_k": 7, "y": -3.425166865496446, "x": -2.4999999999999991}, "28": {"z": 1.5000000000000002, "qx": -0.0, "qy": -0.0, "qz": -0.035714285714285657, "_k": 10, "y": -3.425166865496446, "x": -3.5714285714285721}, "38": {"z": 0.13000000000000012, "type": "support", "_k": 1, "y": -3.425166865496446, "x": 3.9285714285714262}, "40": {"z": 0.13000000000000012, "type": "support", "_k": 1, "y": -3.425166865496446, "x": -1.4785714285714284}, "10": {"z": 1.5000000000000002, "qx": -0.0, "qy": -0.0, "qz": -0.035714285714285678, "_k": 7, "y": -3.425166865496446, "x": 2.857142857142855}, "30": {"z": 1.5000000000000002, "qx": -0.0, "qy": -0.0, "qz": -0.035714285714285768, "_k": 12, "y": -3.425166865496446, "x": -4.2857142857142838}, "20": {"z": 1.5000000000000002, "qx": -0.0, "qy": -0.0, "qz": -0.035714285714285636, "_k": 2, "y": -3.425166865496446, "x": -0.71428571428571463}, "17": {"z": 1.5000000000000002, "qx": -0.0, "qy": -0.0, "qz": -0.035714285714285768, "type": "_origin", "_k": 0, "y": -3.425166865496446, "x": 0.35714285714285554}, "37": {"z": 1.2260000000000002, "type": "_origin", "_k": 0, "y": -3.425166865496446, "x": 3.9285714285714262}, "27": {"z": 1.5000000000000002, "qx": -0.0, "qy": -0.0, "qz": -0.035714285714285789, "_k": 9, "y": -3.425166865496446, "x": -3.2142857142857131}, "42": {"z": 0.13000000000000012, "type": "support", "_k": 1, "y": -3.425166865496446, "x": 1.3785714285714272}, "12": {"z": 1.5000000000000002, "qx": -0.0, "qy": -0.0, "qz": -0.035714285714285664, "_k": 5, "y": -3.425166865496446, "x": 2.142857142857141}, "32": {"z": 1.5000000000000002, "qx": -0.0, "qy": -0.0, "qz": -0.017857142857142971, "type": "support", "_k": 14, "y": -3.425166865496446, "x": -5.0000000000000009}, "22": {"z": 1.5000000000000002, "qx": -0.0, "qy": -0.0, "qz": -0.035714285714285754, "_k": 4, "y": -3.425166865496446, "x": -1.4285714285714284}, "19": {"z": 1.5000000000000002, "qx": -0.0, "qy": -0.0, "qz": -0.035714285714285629, "_k": 1, "y": -3.425166865496446, "x": -0.35714285714285798}, "39": {"z": 1.1575000000000002, "type": "_origin", "_k": 0, "y": -3.425166865496446, "x": -1.4785714285714284}, "29": {"z": 1.5000000000000002, "qx": -0.0, "qy": -0.0, "qz": -0.035714285714285587, "_k": 11, "y": -3.425166865496446, "x": -3.9285714285714262}, "41": {"z": 1.1575000000000002, "type": "_origin", "_k": 0, "y": -3.425166865496446, "x": 1.3785714285714272}, "11": {"z": 1.5000000000000002, "qx": -0.0, "qy": -0.0, "qz": -0.035714285714285698, "_k": 6, "y": -3.425166865496446, "x": 2.4999999999999982}, "5": {"z": 1.5000000000000002, "qx": -0.0, "qy": -0.0, "qz": -0.035714285714285726, "_k": 12, "y": -3.425166865496446, "x": 4.6428571428571406}, "4": {"z": 1.5000000000000002, "qx": -0.0, "qy": -0.0, "qz": -0.017857142857142839, "type": "support", "_k": 13, "y": -3.425166865496446, "x": 4.9999999999999973}, "7": {"z": 1.5000000000000002, "qx": -0.0, "qy": -0.0, "qz": -0.035714285714285657, "_k": 10, "y": -3.425166865496446, "x": 3.9285714285714262}, "6": {"z": 1.5000000000000002, "qx": -0.0, "qy": -0.0, "qz": -0.035714285714285726, "_k": 11, "y": -3.425166865496446, "x": 4.2857142857142829}, "1": {"z": 0.13000000000000012, "type": "support", "_k": 1, "y": -3.425166865496446, "x": -3.9285714285714262}, "0": {"z": 1.2260000000000002, "type": "_origin", "_k": 0, "y": -3.425166865496446, "x": -3.9285714285714262}, "3": {"z": 0.13000000000000012, "type": "support", "_k": 1, "y": -3.425166865496446, "x": -1.3785714285714283}, "2": {"z": 1.1575000000000002, "type": "_origin", "_k": 0, "y": -3.425166865496446, "x": -1.3785714285714283}, "21": {"z": 1.5000000000000002, "qx": -0.0, "qy": -0.0, "qz": -0.035714285714285685, "_k": 3, "y": -3.425166865496446, "x": -1.0714285714285707}, "31": {"z": 1.5000000000000002, "qx": -0.0, "qy": -0.0, "qz": -0.035714285714285851, "_k": 13, "y": -3.425166865496446, "x": -4.6428571428571415}, "9": {"z": 1.5000000000000002, "qx": -0.0, "qy": -0.0, "qz": -0.03571428571428574, "_k": 8, "y": -3.425166865496446, "x": 3.2142857142857117}, "8": {"z": 1.5000000000000002, "qx": -0.0, "qy": -0.0, "qz": -0.035714285714285726, "_k": 9, "y": -3.425166865496446, "x": 3.5714285714285698}, "14": {"z": 1.5000000000000002, "qx": -0.0, "qy": -0.0, "qz": -0.03571428571428574, "_k": 3, "y": -3.425166865496446, "x": 1.4285714285714273}, "34": {"z": 0.13000000000000012, "type": "support", "_k": 1, "y": -3.425166865496446, "x": 2.857142857142855}, "24": {"z": 1.5000000000000002, "qx": -0.0, "qy": -0.0, "qz": -0.035714285714285671, "_k": 6, "y": -3.425166865496446, "x": -2.1428571428571428}, "13": {"z": 1.5000000000000002, "qx": -0.0, "qy": -0.0, "qz": -0.035714285714285685, "_k": 4, "y": -3.425166865496446, "x": 1.7857142857142849}, "33": {"z": 1.2260000000000002, "type": "_origin", "_k": 0, "y": -3.425166865496446, "x": 2.857142857142855}, "23": {"z": 1.5000000000000002, "qx": -0.0, "qy": -0.0, "qz": -0.035714285714285726, "_k": 5, "y": -3.425166865496446, "x": -1.7857142857142858}}, "max_int_key": 42, "attributes": {"gkey_node": {"0.357,-3.425,1.500": 17, "5.000,-3.425,1.500": 4, "1.379,-3.425,1.158": 41, "-2.500,-3.425,1.500": 25, "2.500,-3.425,1.500": 11, "-1.429,-3.425,1.500": 22, "-1.379,-3.425,1.158": 2, "-5.000,-3.425,1.500": 32, "2.857,-3.425,1.226": 33, "-1.786,-3.425,1.500": 23, "-2.143,-3.425,1.500": 24, "-1.379,-3.425,0.130": 3, "-4.643,-3.425,1.500": 31, "1.786,-3.425,1.500": 13, "3.929,-3.425,1.500": 7, "4.286,-3.425,1.500": 6, "3.214,-3.425,1.500": 9, "2.857,-3.425,0.130": 34,