{"compas": "1.7.1", "datatype": "compas_cem.diagrams/TopologyDiagram", "data": {"adjacency": {"16": {"0": null, "8": null, "17": null}, "15": {"21": null, "14": null}, "18": {"11": null, "10": null, "17": null, "2": null}, "10": {"9": null, "11": null, "18": null}, "20": {"21": null, "19": null, "14": null, "6": null}, "17": {"1": null, "9": null, "16": null, "18": null}, "12": {"4": null, "13": null, "19": null, "11": null}, "19": {"12": null, "20": null, "13": null, "5": null}, "11": {"12": null, "18": null, "10": null, "3": null}, "5": {"4": null, "19": null, "6": null}, "4": {"12": null, "3": null, "5": null}, "7": {"21": null, "6": null}, "6": {"7": null, "20": null, "5": null}, "1": {"0": null, "17": null, "2": null}, "0": {"1": null, "16": null}, "3": {"4": null, "11": null, "2": null}, "2": {"1": null, "18": null, "3": null}, "21": {"7": null, "20": null, "15": null}, "9": {"17": null, "8": null, "10": null}, "8": {"9": null, "16": null}, "14": {"13": null, "20": null, "15": null}, "13": {"12": null, "19": null, "14": null}}, "node_attributes": {"z": 0.0, "qx": 0.0, "rx": 0.0, "qy": 0.0, "ry": 0.0, "qz": 0.0, "type": null, "rz": 0.0, "_k": null, "y": 0.0, "x": 0.0}, "node": {"16": {"z": 2.9410000000000016, "type": "support", "_k": 2, "y": -3.4251668654964456, "x": -5.0000000000000009}, "15": {"z": 1.5000000000000002, "qx": -0.0, "qy": -0.0, "qz": -0.071428571428571536, "type": "support", "_k": 3, "y": -3.425166865496446, "x": 4.9999999999999973}, "18": {"z": 1.7602863928748032, "type": "_origin", "_k": 0, "y": -3.4251668654964451, "x": -2.1428571428571459}, "10": {"z": 1.5000000000000002, "qx": -0.0, "qy": -0.0, "qz": -0.14285714285714282, "_k": 1, "y": -3.425166865496446, "x": -2.142857142857145}, "20": {"_k": 1, "z": 2.2304392923798337, "y": -3.4251668654964447, "x": 3.5714285714285667}, "17": {"_k": 1, "z": 2.2304392923798324, "y": -3.4251668654964456, "x": -3.571428571428573}, "12": {"z": 1.5000000000000002, "qx": -0.0, "qy": -0.0, "qz": -0.14285714285714285, "type": "_origin", "_k": 0, "y": -3.425166865496446, "x": 0.71428571428571286}, "19": {"z": 1.7602863928748049, "type": "_origin", "_k": 0, "y": -3.4251668654964447, "x": 2.142857142857141}, "11": {"z": 1.5000000000000002, "qx": -0.0, "qy": -0.0, "qz": -0.14285714285714288, "type": "_origin", "_k": 0, "y": -3.425166865496446, "x": -0.71428571428571608}, "5": {"_k": 1, "z": 2.9510000000000005, "y": -3.425166865496446, "x": 2.1428571428571406}, "4": {"z": 2.9510000000000005, "type": "_origin", "_k": 0, "y": -3.425166865496446, "x": 0.7142857142857133}, "7": {"z": 2.9510000000000014, "type": "support", "_k": 3, "y": -3.425166865496446, "x": 4.9999999999999964}, "6": {"_k": 2, "z": 2.9510000000000005, "y": -3.425166865496446, "x": 3.5714285714285676}, "1": {"_k": 2, "z": 2.9510000000000005, "y": -3.425166865496446, "x": -3.571428571428573}, "0": {"z": 2.9510000000000014, "type": "support", "_k": 3, "y": -3.425166865496446, "x": -5.0000000000000009}, "3": {"z": 2.9510000000000005, "type": "_origin", "_k": 0, "y": -3.425166865496446, "x": -0.71428571428571663}, "2": {"_k": 1, "z": 2.9510000000000005, "y": -3.425166865496446, "x": -2.142857142857145}, "21": {"z": 2.9409999999999963, "type": "support", "_k": 2, "y": -3.4251668654964447, "x": 4.9999999999999867}, "9": {"z": 1.5000000000000002, "qx": -0.0, "qy": -0.0, "qz": -0.14285714285714279, "_k": 2, "y": -3.425166865496446, "x": -3.5714285714285725}, "8": {"z": 1.5000000000000002, "qx": -0.0, "qy": -0.0, "qz": -0.071428571428571425, "type": "support", "_k": 3, "y": -3.425166865496446, "x": -5.0000000000000009}, "14": {"z": 1.5000000000000002, "qx": -0.0, "qy": -0.0, "qz": -0.14285714285714282, "_k": 2, "y": -3.425166865496446, "x": 3.5714285714285667}, "13": {"z": 1.5000000000000002, "qx": -0.0, "qy": -0.0, "qz": -0.14285714285714268, "_k": 1, "y": -3.425166865496446, "x": 2.142857142857141}}, "max_int_key": 21, "attributes": {"gkey_node": {"5.000,-3.425,1.500": 15, "-5.000,-3.425,1.500": 8, "-2.143,-3.425,1.500": 10, "-3.571,-3.425,2.951": 1, "-5.000,-3.425,2.951": 0, "-3.571,-3.425,1.500": 9, "-3.571,-3.425,2.230": 17, "-0.714,-3.425,2.951": 3, "2.143,-3.425,1.760": 19, "5.000,-3.425,2.951": 7, "5.000,-3.425,2.941": 21, "-2.143,-3.425,2.951": 2, "0.714,-3.425,1.500": 12, "3.571,-3.425,2.230": 20, "0.714,-3.425,2.951": 4, "-5.000,-3.425,2.941": 16, "-0.714,-3.425,1.500": 11, "2.143,-3.425,1.500": 13, "2.143,-3.425,2.951": 5, "3.571,-3.425,2.951": 6, "3.571,-3.425,1.500": 14, "-2.143,-3.425,1.760": 18}, "name": "Network", "_aux_length": 0.33000000000000002, "_trails": {"3": [3, 2, 1, 0], "4": [4, 5, 6, 7], "11": [11, 10, 9, 8], "12": [12, 13, 14, 15], "18": [18, 17, 16], "19": [19, 20, 21]}, "tol": "3f", "_auxiliary_trails": {}, "_aux_vector": {"dtype": "compas.geometry/Vector", "value": [-0.0, -0.0, -1.0]}}, "edge_attributes": {"force": 0.0, "type": null, "length": 0.0}, "edge": {"16": {"0": {"force": 1.3999999999999999, "type": "deviation"}, "17": {"length": 1.5955290175187309, "type": "trail"}}, "15": {"21": {"force": 1.3999999999999999, "type": "deviation"}}, "18": {"11": {"force": 10.800000000000001, "type": "deviation"}, "2": {"force": 1.3999999999999999, "type": "deviation"}}, "10": {"18": {"force": 1.3999999999999999, "type": "deviation"}, "11": {"length": 1.4285714285714288, "type": "trail"}}, "20": {"21": {"length": 1.5955290175187207, "type": "trail"}, "6": {"force": 1.3999999999999999, "type": "deviation"}}, "17": {"1": {"force": 1.3999999999999999, "type": "deviation"}, "18": {"length": 1.5039481624855273, "type": "trail"}}, "12": {"4": {"force": 1.3999999999999999, "type": "deviation"}, "13": {"length": 1.4285714285714282, "type": "trail"}, "19": {"force": 10.800000000000001, "type": "deviation"}}, "19": {"20": {"length": 1.5039481624855258, "type": "trail"}, "5": {"force": 1.3999999999999999, "type": "deviation"}}, "11": {"12": {"force": 36.57, "type": "deviation"}, "3": {"force": 1.3999999999999999, "type": "deviation"}}, "5": {"6": {"length": -1.428571428571427, "type": "trail"}}, "4": {"5": {"length": -1.4285714285714273, "type": "trail"}}, "7": {}, "6": {"7": {"length": -1.4285714285714288, "type": "trail"}}, "1": {"2": {"length": -1.4285714285714279, "type": "trail"}}, "0": {"1": {"length": -1.4285714285714279, "type": "trail"}}, "3": {"4": {"force": -33.399999999999999, "type": "deviation"}}, "2": {"3": {"length": -1.4285714285714284, "type": "trail"}}, "21": {"7": {"force": 1.3999999999999999, "type": "deviation"}}, "9": {"10": {"length": 1.4285714285714275, "type": "trail"}, "17": {"force": 1.3999999999999999, "type": "deviation"}}, "8": {"9": {"length": 1.4285714285714284, "type": "trail"}, "16": {"force": 1.3999999999999999, "type": "deviation"}}, "14": {"20": {"force": 1.3999999999999999, "type": "deviation"}, "15": {"length": 1.4285714285714306, "type": "trail"}}, "13": {"19": {"force": 1.3999999999999999, "type": "deviation"}, "14": {"length": 1.4285714285714257, "type": "trail"}}}}}