{"compas": "1.7.1", "datatype": "compas_cem.diagrams/TopologyDiagram", "data": {"adjacency": {"16": {"30": null, "15": null, "17": null}, "36": {"37": null, "10": null, "35": null, "24": null}, "26": {"25": null, "27": null, "38": null}, "15": {"14": null, "29": null, "16": null}, "18": {"32": null, "19": null, "17": null}, "35": {"36": null, "23": null, "9": null, "34": null}, "25": {"37": null, "26": null, "24": null}, "28": {"14": null, "0": null, "29": null}, "38": {"37": null, "26": null, "12": null, "39": null}, "10": {"36": null, "9": null, "11": null}, "30": {"31": null, "2": null, "29": null, "16": null}, "20": {"21": null, "33": null, "19": null, "6": null}, "17": {"31": null, "18": null, "16": null}, "37": {"36": null, "25": null, "11": null, "38": null}, "27": {"26": null, "39": null}, "12": {"13": null, "11": null, "38": null}, "32": {"31": null, "4": null, "33": null, "18": null}, "22": {"21": null, "23": null, "34": null}, "19": {"20": null, "33": null, "18": null}, "39": {"13": null, "27": null, "38": null}, "29": {"28": null, "30": null, "15": null, "1": null}, "11": {"37": null, "12": null, "10": null}, "5": {"4": null, "33": null, "6": null}, "4": {"32": null, "3": null, "5": null}, "7": {"21": null, "6": null, "8": null}, "6": {"7": null, "20": null, "5": null}, "1": {"0": null, "29": null, "2": null}, "0": {"28": null, "1": null}, "3": {"31": null, "4": null, "2": null}, "2": {"30": null, "1": null, "3": null}, "21": {"7": null, "20": null, "22": null, "34": null}, "31": {"30": null, "32": null, "17": null, "3": null}, "9": {"10": null, "35": null, "8": null}, "8": {"7": null, "9": null, "34": null}, "14": {"28": null, "15": null}, "34": {"21": null, "22": null, "35": null, "8": null}, "24": {"36": null, "23": null, "25": null}, "13": {"12": null, "39": null}, "33": {"20": null, "32": null, "19": null, "5": null}, "23": {"22": null, "35": null, "24": null}}, "node_attributes": {"z": 0.0, "qx": 0.0, "rx": 0.0, "qy": 0.0, "ry": 0.0, "qz": 0.0, "type": null, "rz": 0.0, "_k": null, "y": 0.0, "x": 0.0}, "node": {"16": {"z": 1.5000000000000002, "qx": -0.0, "qy": -0.0, "qz": -0.076923076923076927, "_k": 4, "y": -3.425166865496446, "x": -3.4615384615384626}, "36": {"_k": 2, "z": 1.9129285851100217, "y": -3.4251668654964447, "x": 2.692307692307689}, "26": {"z": 1.5000000000000002, "qx": -0.0, "qy": -0.0, "qz": -0.076923076923077011, "_k": 5, "y": -3.425166865496446, "x": 4.2307692307692273}, "15": {"z": 1.5000000000000002, "qx": -0.0, "qy": -0.0, "qz": -0.076923076923076927, "_k": 5, "y": -3.425166865496446, "x": -4.2307692307692317}, "18": {"z": 1.5000000000000002, "qx": -0.0, "qy": -0.0, "qz": -0.076923076923076927, "_k": 2, "y": -3.425166865496446, "x": -1.9230769230769242}, "35": {"_k": 1, "z": 1.7094829623447851, "y": -3.4251668654964447, "x": 1.923076923076922}, "25": {"z": 1.5000000000000002, "qx": -0.0, "qy": -0.0, "qz": -0.076923076923076927, "_k": 4, "y": -3.425166865496446, "x": 3.4615384615384572}, "28": {"z": 2.9410000000000012, "type": "support", "_k": 5, "y": -3.4251668654964456, "x": -5.0000000000000009}, "38": {"_k": 4, "z": 2.5313740711674342, "y": -3.4251668654964447, "x": 4.2307692307692264}, "10": {"_k": 3, "z": 2.9510000000000005, "y": -3.425166865496446, "x": 2.6923076923076881}, "30": {"_k": 3, "z": 2.186210103612213, "y": -3.4251668654964456, "x": -3.4615384615384626}, "20": {"z": 1.5000000000000002, "qx": -0.0, "qy": -0.0, "qz": -0.076923076923076927, "type": "_origin", "_k": 0, "y": -3.425166865496446, "x": -0.38461538461538564}, "17": {"z": 1.5000000000000002, "qx": -0.0, "qy": -0.0, "qz": -0.076923076923076927, "_k": 3, "y": -3.425166865496446, "x": -2.6923076923076934}, "37": {"_k": 3, "z": 2.186210103612213, "y": -3.4251668654964447, "x": 3.4615384615384568}, "27": {"z": 1.5000000000000002, "qx": -0.0, "qy": -0.0, "qz": -0.038461538461538505, "type": "support", "_k": 6, "y": -3.425166865496446, "x": 4.9999999999999973}, "12": {"_k": 5, "z": 2.9510000000000005, "y": -3.425166865496446, "x": 4.2307692307692264}, "32": {"_k": 1, "z": 1.7094829623447831, "y": -3.4251668654964451, "x": -1.9230769230769242}, "22": {"z": 1.5000000000000002, "qx": -0.0, "qy": -0.0, "qz": -0.076923076923076927, "_k": 1, "y": -3.425166865496446, "x": 1.1538461538461524}, "19": {"z": 1.5000000000000002, "qx": -0.0, "qy": -0.0, "qz": -0.076923076923076927, "_k": 1, "y": -3.425166865496446, "x": -1.1538461538461551}, "39": {"z": 2.9409999999999958, "type": "support", "_k": 5, "y": -3.4251668654964447, "x": 4.9999999999999867}, "29": {"_k": 4, "z": 2.5313740711674324, "y": -3.4251668654964456, "x": -4.2307692307692317}, "11": {"_k": 4, "z": 2.9510000000000005, "y": -3.425166865496446, "x": 3.4615384615384572}, "5": {"_k": 1, "z": 2.9510000000000001, "y": -3.425166865496446, "x": -1.1538461538461551}, "4": {"_k": 2, "z": 2.9510000000000005, "y": -3.425166865496446, "x": -1.9230769230769242}, "7": {"z": 2.9510000000000005, "type": "_origin", "_k": 0, "y": -3.425166865496446, "x": 0.3846153846153828}, "6": {"z": 2.9510000000000005, "type": "_origin", "_k": 0, "y": -3.425166865496446, "x": -0.38461538461538503}, "1": {"_k": 5, "z": 2.9510000000000005, "y": -3.425166865496446, "x": -4.2307692307692317}, "0": {"z": 2.9510000000000005, "type": "support", "_k": 6, "y": -3.425166865496446, "x": -5.0000000000000009}, "3": {"_k": 3, "z": 2.9510000000000005, "y": -3.425166865496446, "x": -2.6923076923076934}, "2": {"_k": 4, "z": 2.9510000000000005, "y": -3.425166865496446, "x": -3.4615384615384626}, "21": {"z": 1.5000000000000002, "qx": -0.0, "qy": -0.0, "qz": -0.076923076923076913, "type": "_origin", "_k": 0, "y": -3.425166865496446, "x": 0.38461538461538347}, "31": {"_k": 2, "z": 1.9129285851100211, "y": -3.4251668654964451, "x": -2.6923076923076934}, "9": {"_k": 2, "z": 2.9510000000000005, "y": -3.425166865496446, "x": 1.923076923076922}, "8": {"_k": 1, "z": 2.9510000000000005, "y": -3.425166865496446, "x": 1.1538461538461526}, "14": {"z": 1.5000000000000002, "qx": -0.0, "qy": -0.0, "qz": -0.038461538461538464, "type": "support", "_k": 6, "y": -3.425166865496446, "x": -5.0000000000000009}, "34": {"z": 1.5750750857594673, "type": "_origin", "_k": 0, "y": -3.4251668654964447, "x": 1.1538461538461526}, "24": {"z": 1.5000000000000002, "qx": -0.0, "qy": -0.0, "qz": -0.076923076923076775, "_k": 3, "y": -3.425166865496446, "x": 2.692307692307689}, "13": {"z": 2.9510000000000005, "type": "support", "_k": 6, "y": -3.425166865496446, "x": 4.9999999999999964}, "33": {"z": 1.5750750857594673, "type": "_origin", "_k": 0, "y": -3.4251668654964451, "x": -1.1538461538461546}, "23": {"z": 1.5000000000000002, "qx": -0.0, "qy": -0.0, "qz": -0.07692307692307683, "_k": 2, "y": -3.425166865496446, "x": 1.9230769230769218}}, "max_int_key": 39, "attributes": {"gkey_node": {"5.000,-3.425,1.500": 27, "2.692,-3.425,2.951": 10, "-3.462,-3.425,2.186": 30, "-0.385,-3.425,1.500": 20, "3.462,-3.425,2.951": 11, "-5.000,-3.425,1.500": 14, "-5.000,-3.425,2.951": 0, "-3.462,-3.425,1.500": 16, "-1.923,-3.425,1.500": 18, "4.231,-3.425,2.951": 12, "0.385,-3.425,1.500": 21, "2.692,-3.425,1.913": 36, "-4.231,-3.425,2.531": 29, "1.154,-3.425,2.951": 8, "-2.692,-3.425,1.913": 31, "1.923,-3.425,1.709": 35, "5.000,-3.425,2.951": 13, "5.000,-3.425,2.941": 39, "-4.231,-3.425,2.951": 1, "1.923,-3.425,2.951": 9, "-1.154,-3.425,2.951": 5, "-0.385,-3.425,2.951": 6, "-2.692,-3.425,2.951": 3, "4.231,-3.425,2.531": 38, "-1.923,-3.425,1.709": 32, "-1.154,-3.425,1.575": 33, "3.462,-3.425,2.186": 37, "-4.231,-3.425,1.500": 15, "1.154,-3.425,1.500": 22, "3.462,-3.425,1.500": 25, "2.692,-3.425,1.500": 24, "1.923,-3.425,1.500": 23, "-5.000,-3.425,2.941": 28, "-2.692,-3.425,1.500": 17, "-1.154,-3.425,1.500": 19, "-3.462,-3.425,2.951": 2, "-1.923,-3.425,2.951": 4, "4.231,-3.425,1.500": 26, "1.154,-3.425,1.575": 34, "0.385,-3.425,2.951": 7}, "name": "Network", "_aux_length": 0.33000000000000002, "_trails": {"33": [33, 32, 31, 30, 29, 28], "34": [34, 35, 36, 37, 38, 39], "6": [6, 5, 4, 3, 2, 1, 0],