{"compas": "1.7.1", "datatype": "compas_cem.diagrams/TopologyDiagram", "data": {"adjacency": {"16": {"15": null, "17": null, "24": null}, "26": {"27": null, "18": null, "8": null, "25": null}, "15": {"5": null, "14": null, "16": null, "24": null}, "18": {"26": null, "19": null, "17": null}, "25": {"7": null, "26": null, "17": null, "24": null}, "10": {"20": null, "11": null}, "20": {"21": null, "0": null, "10": null}, "17": {"18": null, "16": null, "25": null}, "27": {"26": null, "19": null, "9": null}, "12": {"13": null, "22": null, "11": null}, "22": {"12": null, "21": null, "23": null, "2": null}, "19": {"27": null, "18": null}, "11": {"12": null, "21": null, "10": null}, "5": {"4": null, "6": null, "15": null}, "4": {"14": null, "3": null, "5": null}, "7": {"6": null, "8": null, "25": null}, "6": {"5": null, "7": null, "24": null}, "1": {"21": null, "0": null, "2": null}, "0": {"20": null, "1": null}, "3": {"4": null, "23": null, "2": null}, "2": {"1": null, "22": null, "3": null}, "21": {"20": null, "22": null, "1": null, "11": null}, "9": {"27": null, "8": null}, "8": {"7": null, "26": null, "9": null}, "14": {"4": null, "13": null, "15": null, "23": null}, "24": {"6": null, "15": null, "16": null, "25": null}, "13": {"12": null, "14": null, "23": null}, "23": {"13": null, "14": null, "22": null, "3": null}}, "node_attributes": {"z": 0.0, "qx": 0.0, "rx": 0.0, "qy": 0.0, "ry": 0.0, "qz": 0.0, "type": null, "rz": 0.0, "_k": null, "y": 0.0, "x": 0.0}, "node": {"16": {"z": 1.5000000000000002, "qx": -0.0, "qy": -0.0, "qz": -0.1111111111111111, "_k": 1, "y": -3.425166865496446, "x": 1.6666666666666698}, "26": {"_k": 2, "z": 2.3690039094347517, "y": -3.4251668654964456, "x": 3.8888888888888875}, "15": {"z": 1.5000000000000002, "qx": -0.0, "qy": -0.0, "qz": -0.11111111111111134, "type": "_origin", "_k": 0, "y": -3.425166865496446, "x": 0.55555555555555469}, "18": {"z": 1.5000000000000002, "qx": -0.0, "qy": -0.0, "qz": -0.11111111111111102, "_k": 3, "y": -3.425166865496446, "x": 3.8888888888888884}, "25": {"_k": 1, "z": 1.9395072784417142, "y": -3.4251668654964456, "x": 2.7777777777777768}, "10": {"z": 1.5000000000000002, "qx": -0.0, "qy": -0.0, "qz": -0.055555555555555559, "type": "support", "_k": 4, "y": -3.425166865496446, "x": -5.0000000000000009}, "20": {"z": 2.9410000000000003, "type": "support", "_k": 3, "y": -3.4251668654964456, "x": -5.0000000000000018}, "17": {"z": 1.5000000000000002, "qx": -0.0, "qy": -0.0, "qz": -0.11111111111111094, "_k": 2, "y": -3.425166865496446, "x": 2.7777777777777768}, "27": {"z": 2.9409999999999967, "type": "support", "_k": 3, "y": -3.4251668654964456, "x": 4.9999999999999911}, "12": {"z": 1.5000000000000002, "qx": -0.0, "qy": -0.0, "qz": -0.11111111111111113, "_k": 2, "y": -3.425166865496446, "x": -2.7777777777777795}, "22": {"_k": 1, "z": 1.939507278441714, "y": -3.4251668654964456, "x": -2.7777777777777795}, "19": {"z": 1.5000000000000002, "qx": -0.0, "qy": -0.0, "qz": -0.055555555555555448, "type": "support", "_k": 4, "y": -3.425166865496446, "x": 4.9999999999999973}, "11": {"z": 1.5000000000000002, "qx": -0.0, "qy": -0.0, "qz": -0.11111111111111108, "_k": 3, "y": -3.425166865496446, "x": -3.8888888888888897}, "5": {"z": 2.9510000000000005, "type": "_origin", "_k": 0, "y": -3.425166865496446, "x": 0.55555555555555514}, "4": {"z": 2.9510000000000005, "type": "_origin", "_k": 0, "y": -3.425166865496446, "x": -0.55555555555555602}, "7": {"_k": 2, "z": 2.9510000000000005, "y": -3.425166865496446, "x": 2.7777777777777768}, "6": {"_k": 1, "z": 2.9510000000000005, "y": -3.425166865496446, "x": 1.6666666666666679}, "1": {"_k": 3, "z": 2.9510000000000005, "y": -3.425166865496446, "x": -3.8888888888888902}, "0": {"z": 2.9510000000000005, "type": "support", "_k": 4, "y": -3.425166865496446, "x": -5.0000000000000018}, "3": {"_k": 1, "z": 2.9510000000000005, "y": -3.425166865496446, "x": -1.6666666666666679}, "2": {"_k": 2, "z": 2.9510000000000005, "y": -3.425166865496446, "x": -2.777777777777779}, "21": {"_k": 2, "z": 2.3690039094347521, "y": -3.4251668654964456, "x": -3.8888888888888902}, "9": {"z": 2.9510000000000005, "type": "support", "_k": 4, "y": -3.425166865496446, "x": 4.9999999999999982}, "8": {"_k": 3, "z": 2.9510000000000005, "y": -3.425166865496446, "x": 3.888888888888888}, "14": {"z": 1.5000000000000002, "qx": -0.0, "qy": -0.0, "qz": -0.1111111111111111, "type": "_origin", "_k": 0, "y": -3.425166865496446, "x": -0.55555555555555702}, "24": {"z": 1.65744034937623, "type": "_origin", "_k": 0, "y": -3.4251668654964456, "x": 1.6666666666666701}, "13": {"z": 1.5000000000000002, "qx": -0.0, "qy": -0.0, "qz": -0.11111111111111113, "_k": 1, "y": -3.425166865496446, "x": -1.6666666666666674}, "23": {"z": 1.6574403493762295, "type": "_origin", "_k": 0, "y": -3.4251668654964456, "x": -1.6666666666666674}}, "max_int_key": 27, "attributes": {"gkey_node": {"5.000,-3.425,1.500": 19, "1.667,-3.425,1.500": 16, "0.556,-3.425,2.951": 5, "1.667,-3.425,1.657": 24, "-5.000,-3.425,1.500": 10, "-5.000,-3.425,2.951": 0, "-2.778,-3.425,2.951": 2, "2.778,-3.425,2.951": 7, "2.778,-3.425,1.500": 17, "-3.889,-3.425,2.951": 1, "1.667,-3.425,2.951": 6, "-3.889,-3.425,2.369": 21, "-2.778,-3.425,1.500": 12, "-1.667,-3.425,2.951": 3, "-0.556,-3.425,1.500": 14, "0.556,-3.425,1.500": 15, "3.889,-3.425,2.369": 26, "-1.667,-3.425,1.500": 13, "3.889,-3.425,2.951": 8, "5.000,-3.425,2.951": 9, "5.000,-3.425,2.941": 27, "2.778,-3.425,1.940": 25, "-3.889,-3.425,1.500": 11, "-2.778,-3.425,1.940": 22, "-5.000,-3.425,2.941": 20, "-1.667,-3.425,1.657": 23, "-0.556,-3.425,2.951": 4, "3.889,-3.425,1.500": 18}, "name": "Network", "_aux_length": 0.33000000000000002, "_trails": {"4": [4, 3, 2, 1, 0], "5": [5, 6, 7, 8, 9], "14": [14, 13, 12, 11, 10], "15": [15, 16, 17, 18, 19], "23": [23, 22, 21, 20], "24": [24, 25, 26, 27]}, "tol": "3f", "_auxiliary_trails": {}, "_aux_vector": {"dtype": "compas.geometry/Vector", "value": [-0.0, -0.0, -1.0]}}, "edge_attributes": {"force": 0.0, "type": null, "length": 0.0}, "edge": {"16": {"17": {"length": 1.1111111111111069, "type": "trail"}, "24": {"force": 1.3999999999999999, "type": "deviation"}}, "26": {"27": {"length": 1.2496989352866055, "type": "trail"}, "8": {"force": 1.3999999999999999, "type": "deviation"}}, "15": {"5": {"force": 1.3999999999999999, "type": "deviation"}, "16": {"length": 1.1111111111111152, "type": "trail"}, "24": {"force": 10.800000000000001, "type": "deviation"}}, "18": {"26": {"force": 1.3999999999999999, "type": "deviation"}, "19": {"length": 1.1111111111111089, "type": "trail"}}, "25": {"7": {"force": 1.3999999999999999, "type": "deviation"}, "26": {"length": 1.1912326629457977, "type": "trail"}}, "10": {"20": {"force": 1.3999999999999999, "type": "deviation"}, "11": {"length": 1.1111111111111112, "type": "trail"}}, "20": {"21": {"length": 1.2496989352866139, "type": "trail"}, "0": {"force": 1.3999999999999999, "type": "deviation"}}, "17": {"18": {"length": 1.1111111111111116, "type": "trail"}, "25": {"force": 1.3999999999999999, "type": "deviation"}}, "27": {"9": {"force": 1.3999999999999999, "type": "deviation"}}, "12": {"13": {"length": 1.111111111111112, "type": "trail"}, "22": {"force": 1.3999999999999999, "type": "deviation"}}, "22": {"23": {"length": 1.1463549422875112, "type": "trail"}, "2": {"force": 1.3999999999999999, "type": "deviation"}}, "19": {"27": {"force": 1.3999999999999999, "type": "deviation"}}, "11": {"12": {"length": 1.1111111111111103, "type": "trail"}, "21": {"force": 1.3999999999999999, "type": "deviation"}}, "5": {"6": {"length": -1.1111111111111127, "type": "trail"}}, "4": {"5": {"force": -33.399999999999999, "type": "deviation"}}, "7": {"8": {"length": -1.1111111111111112, "type": "trail"}}, "6": {"7": {"length": -1.1111111111111089, "type": "trail"}}, "1": {"2": {"length": -1.1111111111111112, "type": "trail"}}, "0": {"1": {"length": -1.1111111111111116, "type": "trail"}}, "3": {"4": {"length": -1.1111111111111118, "type": "trail"}},