{"compas": "1.7.1", "datatype": "compas_cem.diagrams/TopologyDiagram", "data": {"adjacency": {"46": {"44": null}, "16": {"15": null, "17": null}, "36": {"37": null, "35": null}, "26": {"27": null, "25": null}, "45": {"37": null, "47": null, "15": null}, "15": {"45": null, "14": null, "16": null}, "18": {"19": null, "17": null}, "35": {"36": null, "34": null}, "25": {"26": null, "24": null}, "28": {"44": null, "27": null, "29": null}, "38": {"37": null, "39": null}, "40": {"41": null, "39": null}, "10": {"9": null, "11": null}, "30": {"31": null, "29": null}, "20": {"21": null, "19": null}, "47": {"45": null}, "17": {"18": null, "16": null}, "37": {"36": null, "45": null, "38": null}, "27": {"28": null, "26": null}, "42": {"41": null, "43": null}, "12": {"13": null, "11": null}, "32": {"31": null, "33": null}, "22": {"23": null}, "19": {"20": null, "18": null}, "39": {"40": null, "38": null}, "29": {"28": null, "30": null}, "41": {"40": null, "42": null}, "11": {"12": null, "10": null}, "5": {"4": null, "6": null}, "4": {"3": null, "5": null}, "7": {"6": null, "8": null}, "6": {"44": null, "7": null, "5": null}, "1": {"0": null, "2": null}, "0": {"1": null}, "3": {"4": null, "2": null}, "2": {"1": null, "3": null}, "21": {"20": null}, "31": {"30": null, "32": null}, "9": {"8": null, "10": null}, "8": {"7": null, "9": null}, "44": {"28": null, "46": null, "6": null}, "14": {"13": null, "15": null}, "34": {"33": null, "35": null}, "24": {"23": null, "25": null}, "43": {"42": null}, "13": {"12": null, "14": null}, "33": {"32": null, "34": null}, "23": {"22": null, "24": null}}, "node_attributes": {"z": 0.0, "qx": 0.0, "rx": 0.0, "qy": 0.0, "ry": 0.0, "qz": 0.0, "type": null, "rz": 0.0, "_k": null, "y": 0.0, "x": 0.0}, "node": {"46": {"z": -0.059999999999999776, "type": "support", "_k": 1, "y": -2.925166865496446, "x": 3.7699999999999974}, "16": {"z": 1.5000000000000002, "qx": -0.0, "qy": -0.0, "qz": -0.0476190476190477, "_k": 5, "y": -3.425166865496446, "x": -2.6190476190476217}, "36": {"z": 1.5000000000000002, "qx": -0.0, "qy": -0.0, "qz": -0.047619047619047644, "_k": 3, "y": -2.425166865496446, "x": -1.666666666666669}, "26": {"z": 1.5000000000000002, "qx": -0.0, "qy": -0.0, "qz": -0.047619047619047658, "_k": 6, "y": -2.425166865496446, "x": 3.0952380952380927}, "45": {"z": 0.27000000000000024, "type": "_origin", "_k": 0, "y": -2.925166865496446, "x": -3.7700000000000014}, "15": {"z": 1.5000000000000002, "qx": -0.0, "qy": -0.0, "qz": -0.047619047619047644, "_k": 4, "y": -3.425166865496446, "x": -2.1428571428571455}, "18": {"z": 1.5000000000000002, "qx": -0.0, "qy": -0.0, "qz": -0.04761904761904763, "_k": 7, "y": -3.425166865496446, "x": -3.5714285714285752}, "35": {"z": 1.5000000000000002, "qx": -0.0, "qy": -0.0, "qz": -0.047619047619047672, "_k": 2, "y": -2.425166865496446, "x": -1.1904761904761927}, "25": {"z": 1.5000000000000002, "qx": -0.0, "qy": -0.0, "qz": -0.047619047619047658, "_k": 7, "y": -2.425166865496446, "x": 3.5714285714285698}, "28": {"z": 1.5000000000000002, "qx": -0.0, "qy": -0.0, "qz": -0.047619047619047616, "_k": 4, "y": -2.425166865496446, "x": 2.142857142857141}, "38": {"z": 1.5000000000000002, "qx": -0.0, "qy": -0.0, "qz": -0.0476190476190477, "_k": 5, "y": -2.425166865496446, "x": -2.6190476190476217}, "40": {"z": 1.5000000000000002, "qx": -0.0, "qy": -0.0, "qz": -0.04761904761904763, "_k": 7, "y": -2.425166865496446, "x": -3.5714285714285752}, "10": {"z": 1.5000000000000002, "qx": -0.0, "qy": -0.0, "qz": -0.047619047619047589, "type": "_origin", "_k": 0, "y": -3.425166865496446, "x": 0.23809523809523603}, "30": {"z": 1.5000000000000002, "qx": -0.0, "qy": -0.0, "qz": -0.047619047619047609, "_k": 2, "y": -2.425166865496446, "x": 1.1904761904761887}, "20": {"z": 1.5000000000000002, "qx": -0.0, "qy": -0.0, "qz": -0.04761904761904745, "_k": 9, "y": -3.425166865496446, "x": -4.5238095238095282}, "47": {"z": -0.059999999999999776, "type": "support", "_k": 1, "y": -2.925166865496446, "x": -3.7700000000000014}, "17": {"z": 1.5000000000000002, "qx": -0.0, "qy": -0.0, "qz": -0.047619047619047672, "_k": 6, "y": -3.425166865496446, "x": -3.0952380952380993}, "37": {"z": 1.5000000000000002, "qx": -0.0, "qy": -0.0, "qz": -0.047619047619047644, "_k": 4, "y": -2.425166865496446, "x": -2.1428571428571455}, "27": {"z": 1.5000000000000002, "qx": -0.0, "qy": -0.0, "qz": -0.047619047619047589, "_k": 5, "y": -2.425166865496446, "x": 2.6190476190476168}, "42": {"z": 1.5000000000000002, "qx": -0.0, "qy": -0.0, "qz": -0.04761904761904745, "_k": 9, "y": -2.425166865496446, "x": -4.5238095238095282}, "12": {"z": 1.5000000000000002, "qx": -0.0, "qy": -0.0, "qz": -0.047619047619047672, "_k": 1, "y": -3.425166865496446, "x": -0.71428571428571563}, "32": {"z": 1.5000000000000002, "qx": -0.0, "qy": -0.0, "qz": -0.047619047619047589, "type": "_origin", "_k": 0, "y": -2.425166865496446, "x": 0.23809523809523603}, "22": {"z": 1.5000000000000002, "qx": -0.0, "qy": -0.0, "qz": -0.023809523809523815, "type": "support", "_k": 10, "y": -2.425166865496446, "x": 4.9999999999999973}, "19": {"z": 1.5000000000000002, "qx": -0.0, "qy": -0.0, "qz": -0.047619047619047651, "_k": 8, "y": -3.425166865496446, "x": -4.0476190476190519}, "39": {"z": 1.5000000000000002, "qx": -0.0, "qy": -0.0, "qz": -0.047619047619047672, "_k": 6, "y": -2.425166865496446, "x": -3.0952380952380993}, "29": {"z": 1.5000000000000002, "qx": -0.0, "qy": -0.0, "qz": -0.047619047619047616, "_k": 3, "y": -2.425166865496446, "x": 1.6666666666666645}, "41": {"z": 1.5000000000000002, "qx": -0.0, "qy": -0.0, "qz": -0.047619047619047651, "_k": 8, "y": -2.425166865496446, "x": -4.0476190476190519}, "11": {"z": 1.5000000000000002, "qx": -0.0, "qy": -0.0, "qz": -0.047619047619047589, "type": "_origin", "_k": 0, "y": -3.425166865496446, "x": -0.23809523809523936}, "5": {"z": 1.5000000000000002, "qx": -0.0, "qy": -0.0, "qz": -0.047619047619047589, "_k": 5, "y": -3.425166865496446, "x": 2.6190476190476168}, "4": {"z": 1.5000000000000002, "qx": -0.0, "qy": -0.0, "qz": -0.047619047619047658, "_k": 6, "y": -3.425166865496446, "x": 3.0952380952380927}, "7": {"z": 1.5000000000000002, "qx": -0.0, "qy": -0.0, "qz": -0.047619047619047616, "_k": 3, "y": -3.425166865496446, "x": 1.6666666666666645}, "6": {"z": 1.5000000000000002, "qx": -0.0, "qy": -0.0, "qz": -0.047619047619047616, "_k": 4, "y": -3.425166865496446, "x": 2.142857142857141}, "1": {"z": 1.5000000000000002, "qx": -0.0, "qy": -0.0, "qz": -0.047619047619047589, "_k": 9, "y": -3.425166865496446, "x": 4.5238095238095211}, "0": {"z": 1.5000000000000002, "qx": -0.0, "qy": -0.0, "qz": -0.023809523809523815, "type": "support", "_k": 10, "y": -3.425166865496446, "x": 4.9999999999999973}, "3": {"z": 1.5000000000000002, "qx": -0.0, "qy": -0.0, "qz": -0.047619047619047658, "_k": 7, "y": -3.425166865496446, "x": 3.5714285714285698}, "2": {"z": 1.5000000000000002, "qx": -0.0, "qy": -0.0, "qz": -0.047619047619047561, "_k": 8, "y": -3.425166865496446, "x": 4.0476190476190457}, "21": {"z": 1.5000000000000002, "qx": -0.0, "qy": -0.0, "qz": -0.023809523809523638, "type": "support", "_k": 10, "y": -3.425166865496446, "x": -5.0000000000000009}, "31": {"z": 1.5000000000000002, "qx": -0.0, "qy": -0.0, "qz": -0.047619047619047637, "_k": 1, "y": -2.425166865496446, "x": 0.71428571428571241}, "9": {"z": 1.5000000000000002, "qx": -0.0, "qy": -0.0, "qz": -0.047619047619047637, "_k": 1, "y": -3.425166865496446, "x": 0.71428571428571241}, "8": {"z": 1.5000000000000002, "qx": -0.0, "qy": -0.0, "qz": -0.047619047619047609, "_k": 2, "y": -3.425166865496446, "x": 1.1904761904761887}, "44": {"z": 0.27000000000000024, "type": "_origin", "_k": 0, "y": -2.925166865496446, "x": 3.7699999999999974}, "14": {"z": 1.5000000000000002, "qx": -0.0, "qy": -0.0, "qz": -0.047619047619047644, "_k": 3, "y": -3.425166865496446, "x": -1.666666666666669}, "34": {"z": 1.5000000000000002, "qx": -0.0, "qy": -0.0, "qz": -0.047619047619047672, "_k": 1, "y": -2.425166865496446, "x": -0.71428571428571563},