{"compas": "1.7.1", "datatype": "compas_cem.diagrams/FormDiagram", "data": {"adjacency": {"14": {"12": null}, "12": {"7": null, "1": null, "14": null}, "5": {"4": null, "11": null}, "4": {"5": null, "13": null, "3": null, "10": null}, "7": {"12": null, "6": null, "1": null, "8": null}, "6": {"7": null, "0": null}, "1": {"12": null, "7": null, "0": null, "2": null}, "0": {"6": null, "1": null}, "3": {"4": null, "9": null, "2": null}, "2": {"1": null, "8": null, "3": null}, "10": {"4": null, "13": null, "9": null, "11": null}, "13": {"4": null, "15": null, "10": null}, "15": {"13": null}, "11": {"10": null, "5": null}, "9": {"3": null, "8": null, "10": null}, "8": {"7": null, "9": null, "2": null}}, "node_attributes": {"z": 0.0, "qx": 0.0, "rx": 0.0, "qy": 0.0, "ry": 0.0, "qz": 0.0, "type": null, "rz": 0.0, "_k": null, "y": 0.0, "x": 0.0}, "node": {"14": {"z": -0.0076397949855469549, "rx": 0.20331440701859116, "ry": -0.0, "type": "support", "rz": -0.31646529899741216, "_k": 1, "y": -2.925166865496446, "x": 3.9483708054598128}, "12": {"z": 0.27000000000000024, "type": "_origin", "_k": 0, "y": -2.925166865496446, "x": 3.7699999999999974}, "5": {"z": 1.383209357268576, "qx": -0.0, "rx": 13.001657203509296, "qy": -0.0, "ry": 0.23196881886010431, "qz": -0.099999999999999964, "type": "support", "rz": 0.65823264949870597, "_k": 2, "y": -3.4609489919016903, "x": -4.9977559592157696}, "4": {"z": 1.4689969053491654, "qx": -0.0, "qy": -0.0, "qz": -0.1999999999999999, "_k": 1, "y": -3.4406684128218634, "x": -2.9996996049788569}, "7": {"z": 1.4689969053491652, "qx": -0.0, "qy": -0.0, "qz": -0.20000000000000001, "_k": 1, "y": -2.4096653181710286, "x": 2.9996996049788525}, "6": {"z": 1.3832093572685755, "qx": -0.0, "rx": -13.001657203509296, "qy": -0.0, "ry": -0.23196881886010431, "qz": -0.10000000000000001, "type": "support", "rz": 0.65823264949870608, "_k": 2, "y": -2.3893847390912017, "x": 4.9977559592157661}, "1": {"z": 1.4689969053491652, "qx": -0.0, "qy": -0.0, "qz": -0.20000000000000001, "_k": 1, "y": -3.4406684128218634, "x": 2.9996996049788525}, "0": {"z": 1.3832093572685755, "qx": -0.0, "rx": -13.001657203509296, "qy": -0.0, "ry": 0.23196881886010431, "qz": -0.10000000000000001, "type": "support", "rz": 0.65823264949870608, "_k": 2, "y": -3.4609489919016903, "x": 4.9977559592157661}, "3": {"z": 1.5000000000000002, "qx": -0.0, "qy": -0.0, "qz": -0.19999999999999998, "type": "_origin", "_k": 0, "y": -3.425166865496446, "x": -1.0000000000000029}, "2": {"z": 1.5000000000000002, "qx": -0.0, "qy": -0.0, "qz": -0.20000000000000001, "type": "_origin", "_k": 0, "y": -3.425166865496446, "x": 0.99999999999999756}, "10": {"z": 1.4689969053491654, "qx": -0.0, "qy": -0.0, "qz": -0.1999999999999999, "_k": 1, "y": -2.4096653181710286, "x": -2.9996996049788569}, "13": {"z": 0.27000000000000024, "type": "_origin", "_k": 0, "y": -2.925166865496446, "x": -3.7700000000000014}, "15": {"z": -0.0076397949855470104, "rx": -0.20331440701859105, "ry": -0.0, "type": "support", "rz": -0.31646529899741227, "_k": 1, "y": -2.925166865496446, "x": -3.9483708054598168}, "11": {"z": 1.383209357268576, "qx": -0.0, "rx": 13.001657203509296, "qy": -0.0, "ry": -0.23196881886010431, "qz": -0.099999999999999964, "type": "support", "rz": 0.65823264949870597, "_k": 2, "y": -2.3893847390912017, "x": -4.9977559592157696}, "9": {"z": 1.5000000000000002, "qx": -0.0, "qy": -0.0, "qz": -0.19999999999999998, "type": "_origin", "_k": 0, "y": -2.425166865496446, "x": -1.0000000000000029}, "8": {"z": 1.5000000000000002, "qx": -0.0, "qy": -0.0, "qz": -0.20000000000000001, "type": "_origin", "_k": 0, "y": -2.425166865496446, "x": 0.99999999999999756}}, "max_int_key": 15, "attributes": {"gkey_node": {"5.000,-3.425,1.500": 0, "3.000,-2.425,1.500": 7, "4.998,-2.389,1.383": 6, "-3.948,-2.925,-0.008": 15, "3.000,-3.441,1.469": 1, "-4.998,-2.389,1.383": 11, "-5.000,-3.425,1.500": 5, "-3.000,-2.425,1.500": 10, "-3.000,-3.441,1.469": 4, "5.000,-2.425,1.500": 6, "3.000,-2.410,1.469": 7, "-5.000,-2.425,1.500": 11, "-3.770,-2.925,0.270": 13, "4.998,-3.461,1.383": 0, "-1.000,-3.425,1.500": 3, "1.000,-3.425,1.500": 2, "3.000,-3.425,1.500": 1, "3.770,-2.925,0.270": 12, "-4.998,-3.461,1.383": 5, "-3.000,-2.410,1.469": 10, "-1.000,-2.425,1.500": 9, "3.770,-2.925,-0.060": 14, "-3.770,-2.925,-0.060": 15, "3.948,-2.925,-0.008": 14, "1.000,-2.425,1.500": 8, "-3.000,-3.425,1.500": 4}, "name": "Network", "tol": "3f"}, "edge_attributes": {"force": 0.0, "type": null, "length": 0.0}, "edge": {"14": {}, "12": {"14": {"force": 0.37614762204597657, "length": 0.33000000000000002, "type": "trail"}}, "5": {"11": {"force": -0.10000000000000001, "type": "deviation", "length": 1.0715642528104885}}, "4": {"13": {"force": 0.20000000000000001, "type": "deviation", "length": 1.5154861011904746}, "10": {"force": -0.10000000000000001, "type": "deviation", "length": 1.0310030946508348}, "5": {"force": -13.014304802703942, "length": 1.9999999999999989, "type": "trail"}}, "7": {"12": {"force": 0.20000000000000001, "type": "deviation", "length": 1.5154861011904748}, "8": {"force": -12.901937838944969, "length": 1.9999999999999998, "type": "trail"}}, "6": {"7": {"force": -13.014304802703942, "length": 1.9999999999999998, "type": "trail"}}, "1": {"12": {"force": 0.20000000000000001, "type": "deviation", "length": 1.5154861011904748}, "7": {"force": -0.10000000000000001, "type": "deviation", "length": 1.0310030946508348}, "2": {"force": -12.901937838944969, "length": 1.9999999999999998, "type": "trail"}}, "0": {"6": {"force": -0.10000000000000001, "type": "deviation", "length": 1.0715642528104885}, "1": {"force": -13.014304802703942, "length": 1.9999999999999998, "type": "trail"}}, "3": {"4": {"force": -12.901937838944969, "length": 1.9999999999999989, "type": "trail"}, "9": {"force": -0.10000000000000001, "type": "deviation", "length": 1.0}}, "2": {"8": {"force": -0.10000000000000001, "type": "deviation", "length": 1.0}, "3": {"force": -12.9, "type": "deviation", "length": 2.0000000000000004}}, "10": {"13": {"force": 0.20000000000000001, "type": "deviation", "length": 1.5154861011904746}, "11": {"force": -13.014304802703942, "length": 1.9999999999999989, "type": "trail"}}, "13": {"15": {"force": 0.37614762204597657, "length": 0.33000000000000002, "type": "trail"}}, "15": {}, "11": {}, "9": {"10": {"force": -12.901937838944969, "length": 1.9999999999999989, "type": "trail"}}, "8": {"9": {"force": -12.9, "type": "deviation", "length": 2.0000000000000004}}}}}