{"compas": "1.7.1", "datatype": "compas_cem.diagrams/FormDiagram", "data": {"adjacency": {"5": {"4": null, "6": null, "8": null}, "4": {"5": null}, "7": {"6": null}, "6": {"7": null, "9": null, "5": null}, "1": {"0": null, "8": null, "2": null}, "0": {"1": null}, "3": {"2": null}, "2": {"1": null, "9": null, "3": null}, "10": {"8": null}, "11": {"9": null}, "9": {"6": null, "11": null, "2": null}, "8": {"1": null, "10": null, "5": null}}, "node_attributes": {"z": 0.0, "qx": 0.0, "rx": 0.0, "qy": 0.0, "ry": 0.0, "qz": 0.0, "type": null, "rz": 0.0, "_k": null, "y": 0.0, "x": 0.0}, "node": {"5": {"z": 1.5000000000000002, "qx": -0.0, "qy": -0.0, "qz": -0.33333333333333326, "type": "_origin", "_k": 0, "y": -2.425166865496446, "x": 1.6666666666666645}, "4": {"z": 1.3898177686840927, "qx": -0.0, "rx": -13.069122411264075, "qy": -0.0, "ry": 0.040203425815548623, "qz": -0.16666666666666666, "type": "support", "rz": 0.5989004275062495, "_k": 1, "y": -2.435415262461774, "x": 4.9981627205999422}, "7": {"z": 1.3898177686840927, "qx": -0.0, "rx": 13.069122411264075, "qy": -0.0, "ry": 0.040203425815548602, "qz": -0.16666666666666671, "type": "support", "rz": 0.59890042750624961, "_k": 1, "y": -2.435415262461774, "x": -4.9981627205999457}, "6": {"z": 1.5000000000000002, "qx": -0.0, "qy": -0.0, "qz": -0.33333333333333331, "type": "_origin", "_k": 0, "y": -2.425166865496446, "x": -1.6666666666666672}, "1": {"z": 1.5000000000000002, "qx": -0.0, "qy": -0.0, "qz": -0.33333333333333326, "type": "_origin", "_k": 0, "y": -3.425166865496446, "x": 1.6666666666666645}, "0": {"z": 1.3898177686840927, "qx": -0.0, "rx": -13.069122411264075, "qy": -0.0, "ry": -0.040203425815548623, "qz": -0.16666666666666666, "type": "support", "rz": 0.5989004275062495, "_k": 1, "y": -3.414918468531118, "x": 4.9981627205999422}, "3": {"z": 1.3898177686840927, "qx": -0.0, "rx": 13.069122411264075, "qy": -0.0, "ry": -0.040203425815548602, "qz": -0.16666666666666671, "type": "support", "rz": 0.59890042750624961, "_k": 1, "y": -3.414918468531118, "x": -4.9981627205999457}, "2": {"z": 1.5000000000000002, "qx": -0.0, "qy": -0.0, "qz": -0.33333333333333331, "type": "_origin", "_k": 0, "y": -3.425166865496446, "x": -1.6666666666666672}, "10": {"z": 0.10341389343842242, "rx": 0.33824482252814891, "ry": -0.0, "type": "support", "rz": -0.19780085501249922, "_k": 1, "y": -2.925166865496446, "x": 4.054866756748928}, "11": {"z": 0.10341389343842255, "rx": -0.33824482252814908, "ry": -0.0, "type": "support", "rz": -0.19780085501249911, "_k": 1, "y": -2.925166865496446, "x": -4.0548667567489325}, "9": {"z": 0.27000000000000024, "type": "_origin", "_k": 0, "y": -2.925166865496446, "x": -3.7700000000000014}, "8": {"z": 0.27000000000000024, "type": "_origin", "_k": 0, "y": -2.925166865496446, "x": 3.7699999999999974}}, "max_int_key": 11, "attributes": {"gkey_node": {"4.998,-3.415,1.390": 0, "3.770,-2.925,-0.060": 10, "4.998,-2.435,1.390": 4, "1.667,-3.425,1.500": 1, "4.055,-2.925,0.103": 10, "-4.998,-3.415,1.390": 3, "3.770,-2.925,0.270": 8, "-3.770,-2.925,0.270": 9, "1.667,-2.425,1.500": 5, "5.000,-3.425,1.500": 0, "-3.770,-2.925,-0.060": 11, "-4.055,-2.925,0.103": 11, "-4.998,-2.435,1.390": 7, "-1.667,-3.425,1.500": 2, "-1.667,-2.425,1.500": 6, "-5.000,-3.425,1.500": 3, "-5.000,-2.425,1.500": 7, "5.000,-2.425,1.500": 4}, "name": "Network", "tol": "3f"}, "edge_attributes": {"force": 0.0, "type": null, "length": 0.0}, "edge": {"5": {"6": {"force": -12.9, "type": "deviation", "length": 3.3333333333333317}, "8": {"force": 0.20000000000000001, "type": "deviation", "length": 2.4873502188294894}}, "4": {"5": {"force": -13.076329872715117, "length": 3.3333333333333339, "type": "trail"}}, "7": {}, "6": {"7": {"force": -13.076329872715117, "length": 3.3333333333333348, "type": "trail"}, "9": {"force": 0.20000000000000001, "type": "deviation", "length": 2.4873502188294907}}, "1": {"8": {"force": 0.20000000000000001, "type": "deviation", "length": 2.4873502188294894}, "2": {"force": -12.9, "type": "deviation", "length": 3.3333333333333317}}, "0": {"1": {"force": -13.076329872715117, "length": 3.3333333333333339, "type": "trail"}}, "3": {}, "2": {"9": {"force": 0.20000000000000001, "type": "deviation", "length": 2.4873502188294907}, "3": {"force": -13.076329872715117, "length": 3.3333333333333348, "type": "trail"}}, "10": {}, "11": {}, "9": {"11": {"force": 0.39183509058119687, "length": 0.33000000000000002, "type": "trail"}}, "8": {"10": {"force": 0.39183509058119675, "length": 0.32999999999999968, "type": "trail"}}}}}