{"compas": "1.7.1", "datatype": "compas_cem.diagrams/TopologyDiagram", "data": {"adjacency": {"14": {"13": null, "15": null}, "17": {"16": null}, "12": {"13": null, "11": null}, "5": {"4": null, "6": null}, "4": {"3": null, "5": null}, "7": {"6": null, "8": null}, "6": {"7": null, "5": null}, "1": {"0": null}, "0": {"1": null, "9": null}, "3": {"4": null, "2": null}, "2": {"3": null}, "10": {"9": null, "11": null, "18": null}, "13": {"12": null, "14": null}, "15": {"14": null, "16": null}, "11": {"12": null, "10": null}, "9": {"0": null, "8": null, "10": null}, "8": {"7": null, "9": null}, "18": {"19": null, "10": null}, "19": {"18": null}, "16": {"15": null, "17": null}}, "node_attributes": {"z": 0.0, "qx": 0.0, "rx": 0.0, "qy": 0.0, "ry": 0.0, "qz": 0.0, "type": null, "rz": 0.0, "_k": null, "y": 0.0, "x": 0.0}, "node": {"14": {"z": 1.5000000000000002, "qx": -0.0, "qy": -0.0, "qz": -0.06666666666666668, "_k": 4, "y": -3.425166865496446, "x": -3.0000000000000013}, "17": {"z": 1.5000000000000002, "qx": -0.0, "qy": -0.0, "qz": -0.033333333333333395, "type": "support", "_k": 7, "y": -3.425166865496446, "x": -5.0000000000000009}, "12": {"z": 1.5000000000000002, "qx": -0.0, "qy": -0.0, "qz": -0.066666666666666569, "_k": 2, "y": -3.425166865496446, "x": -1.6666666666666672}, "5": {"z": 1.5000000000000002, "qx": -0.0, "qy": -0.0, "qz": -0.066666666666666707, "_k": 4, "y": -3.425166865496446, "x": 2.9999999999999973}, "4": {"z": 1.5000000000000002, "qx": -0.0, "qy": -0.0, "qz": -0.066666666666666749, "_k": 5, "y": -3.425166865496446, "x": 3.6666666666666647}, "7": {"z": 1.5000000000000002, "qx": -0.0, "qy": -0.0, "qz": -0.066666666666666666, "_k": 2, "y": -3.425166865496446, "x": 1.6666666666666645}, "6": {"z": 1.5000000000000002, "qx": -0.0, "qy": -0.0, "qz": -0.066666666666666652, "_k": 3, "y": -3.425166865496446, "x": 2.3333333333333308}, "1": {"z": 0.13000000000000012, "type": "support", "_k": 1, "y": -3.425166865496446, "x": 0.33333333333333187}, "0": {"z": 1.3630000000000002, "type": "_origin", "_k": 0, "y": -3.425166865496446, "x": 0.33333333333333187}, "3": {"z": 1.5000000000000002, "qx": -0.0, "qy": -0.0, "qz": -0.066666666666666638, "_k": 6, "y": -3.425166865496446, "x": 4.3333333333333321}, "2": {"z": 1.5000000000000002, "qx": -0.0, "qy": -0.0, "qz": -0.033333333333333263, "type": "support", "_k": 7, "y": -3.425166865496446, "x": 4.9999999999999973}, "10": {"z": 1.5000000000000002, "qx": -0.0, "qy": -0.0, "qz": -0.066666666666666707, "type": "_origin", "_k": 0, "y": -3.425166865496446, "x": -0.3333333333333352}, "13": {"z": 1.5000000000000002, "qx": -0.0, "qy": -0.0, "qz": -0.066666666666666707, "_k": 3, "y": -3.425166865496446, "x": -2.3333333333333335}, "15": {"z": 1.5000000000000002, "qx": -0.0, "qy": -0.0, "qz": -0.066666666666666596, "_k": 5, "y": -3.425166865496446, "x": -3.666666666666667}, "11": {"z": 1.5000000000000002, "qx": -0.0, "qy": -0.0, "qz": -0.066666666666666596, "_k": 1, "y": -3.425166865496446, "x": -1.0000000000000022}, "9": {"z": 1.5000000000000002, "qx": -0.0, "qy": -0.0, "qz": -0.066666666666666638, "type": "_origin", "_k": 0, "y": -3.425166865496446, "x": 0.33333333333333187}, "8": {"z": 1.5000000000000002, "qx": -0.0, "qy": -0.0, "qz": -0.066666666666666624, "_k": 1, "y": -3.425166865496446, "x": 0.99999999999999756}, "18": {"z": 1.3630000000000002, "type": "_origin", "_k": 0, "y": -3.425166865496446, "x": -0.3333333333333352}, "19": {"z": 0.13000000000000012, "type": "support", "_k": 1, "y": -3.425166865496446, "x": -0.3333333333333352}, "16": {"z": 1.5000000000000002, "qx": -0.0, "qy": -0.0, "qz": -0.066666666666666707, "_k": 6, "y": -3.425166865496446, "x": -4.333333333333333}}, "max_int_key": 19, "attributes": {"gkey_node": {"0.333,-3.425,1.500": 9, "-4.333,-3.425,1.500": 16, "-1.000,-3.425,1.500": 11, "1.000,-3.425,1.500": 8, "1.667,-3.425,1.500": 7, "-0.333,-3.425,0.130": 19, "-0.333,-3.425,1.363": 18, "-2.333,-3.425,1.500": 13, "5.000,-3.425,1.500": 2, "-3.000,-3.425,1.500": 14, "4.333,-3.425,1.500": 3, "3.000,-3.425,1.500": 5, "-3.667,-3.425,1.500": 15, "0.333,-3.425,1.363": 0, "3.667,-3.425,1.500": 4, "-0.333,-3.425,1.500": 10, "0.333,-3.425,0.130": 1, "-5.000,-3.425,1.500": 17, "2.333,-3.425,1.500": 6, "-1.667,-3.425,1.500": 12}, "name": "Network", "_aux_length": 0.33000000000000002, "_trails": {"0": [0, 1], "9": [9, 8, 7, 6, 5, 4, 3, 2], "10": [10, 11, 12, 13, 14, 15, 16, 17], "18": [18, 19]}, "tol": "3f", "_auxiliary_trails": {}, "_aux_vector": {"dtype": "compas.geometry/Vector", "value": [-0.0, -0.0, -1.0]}}, "edge_attributes": {"force": 0.0, "type": null, "length": 0.0}, "edge": {"14": {"15": {"length": -0.66666666666666563, "type": "trail"}}, "17": {}, "12": {"13": {"length": -0.6666666666666663, "type": "trail"}}, "5": {"6": {"length": -0.66666666666666652, "type": "trail"}}, "4": {"5": {"length": -0.66666666666666741, "type": "trail"}}, "7": {"8": {"length": -0.66666666666666696, "type": "trail"}}, "6": {"7": {"length": -0.6666666666666663, "type": "trail"}}, "1": {}, "0": {"1": {"length": -1.2330000000000001, "type": "trail"}}, "3": {"4": {"length": -0.66666666666666741, "type": "trail"}}, "2": {"3": {"length": -0.66666666666666519, "type": "trail"}}, "10": {"18": {"force": -0.10000000000000001, "type": "deviation"}, "11": {"length": -0.66666666666666696, "type": "trail"}}, "13": {"14": {"length": -0.66666666666666785, "type": "trail"}}, "15": {"16": {"length": -0.66666666666666607, "type": "trail"}}, "11": {"12": {"length": -0.66666666666666496, "type": "trail"}}, "9": {"0": {"force": -0.10000000000000001, "type": "deviation"}, "10": {"force": -12.9, "type": "deviation"}}, "8": {"9": {"length": -0.66666666666666563, "type": "trail"}}, "18": {"19": {"length": -1.2330000000000001, "type": "trail"}}, "19": {}, "16": {"17": {"length": -0.66666666666666785, "type": "trail"}}}}}