{"compas": "1.7.1", "datatype": "compas_cem.diagrams/TopologyDiagram", "data": {"adjacency": {"16": {"15": null, "17": null}, "36": {"37": null, "35": null}, "26": {"27": null, "25": null}, "15": {"14": null, "16": null}, "18": {"19": null, "17": null}, "35": {"36": null, "34": null}, "25": {"26": null, "24": null}, "28": {"27": null, "29": null}, "38": {"20": null, "39": null}, "10": {"9": null, "11": null}, "30": {"31": null, "29": null}, "20": {"21": null, "19": null, "38": null}, "17": {"18": null, "16": null}, "37": {"36": null}, "27": {"28": null, "26": null}, "12": {"13": null, "11": null}, "32": {"31": null, "33": null}, "22": {"21": null, "23": null}, "19": {"20": null, "0": null, "18": null}, "39": {"38": null}, "29": {"28": null, "30": null}, "11": {"12": null, "10": null}, "5": {"4": null, "6": null}, "4": {"3": null, "5": null}, "7": {"6": null, "8": null}, "6": {"7": null, "5": null}, "1": {"0": null}, "0": {"19": null, "1": null}, "3": {"4": null, "2": null}, "2": {"3": null}, "21": {"20": null, "22": null}, "31": {"30": null, "32": null}, "9": {"8": null, "10": null}, "8": {"7": null, "9": null}, "14": {"13": null, "15": null}, "34": {"33": null, "35": null}, "24": {"23": null, "25": null}, "13": {"12": null, "14": null}, "33": {"32": null, "34": null}, "23": {"22": null, "24": null}}, "node_attributes": {"z": 0.0, "qx": 0.0, "rx": 0.0, "qy": 0.0, "ry": 0.0, "qz": 0.0, "type": null, "rz": 0.0, "_k": null, "y": 0.0, "x": 0.0}, "node": {"16": {"z": 1.5000000000000002, "qx": -0.0, "qy": -0.0, "qz": -0.057142857142857176, "_k": 3, "y": -3.425166865496446, "x": 0.99999999999999623}, "36": {"z": 1.5000000000000002, "qx": -0.0, "qy": -0.0, "qz": -0.05714285714285712, "_k": 16, "y": -3.425166865496446, "x": -4.7142857142857162}, "26": {"z": 1.5000000000000002, "qx": -0.0, "qy": -0.0, "qz": -0.05714285714285712, "_k": 6, "y": -3.425166865496446, "x": -1.8571428571428588}, "15": {"z": 1.5000000000000002, "qx": -0.0, "qy": -0.0, "qz": -0.057142857142857148, "_k": 4, "y": -3.425166865496446, "x": 1.2857142857142823}, "18": {"z": 1.5000000000000002, "qx": -0.0, "qy": -0.0, "qz": -0.05714285714285712, "_k": 1, "y": -3.425166865496446, "x": 0.42857142857142583}, "35": {"z": 1.5000000000000002, "qx": -0.0, "qy": -0.0, "qz": -0.05714285714285712, "_k": 15, "y": -3.425166865496446, "x": -4.4285714285714297}, "25": {"z": 1.5000000000000002, "qx": -0.0, "qy": -0.0, "qz": -0.057142857142857023, "_k": 5, "y": -3.425166865496446, "x": -1.5714285714285743}, "28": {"z": 1.5000000000000002, "qx": -0.0, "qy": -0.0, "qz": -0.05714285714285712, "_k": 8, "y": -3.425166865496446, "x": -2.4285714285714306}, "38": {"z": 1.3630000000000002, "type": "_origin", "_k": 0, "y": -3.425166865496446, "x": -0.14285714285714537}, "10": {"z": 1.5000000000000002, "qx": -0.0, "qy": -0.0, "qz": -0.05714285714285712, "_k": 9, "y": -3.425166865496446, "x": 2.7142857142857117}, "30": {"z": 1.5000000000000002, "qx": -0.0, "qy": -0.0, "qz": -0.057142857142857301, "_k": 10, "y": -3.425166865496446, "x": -3.0000000000000031}, "20": {"z": 1.5000000000000002, "qx": -0.0, "qy": -0.0, "qz": -0.02857142857142856, "type": "_origin", "_k": 0, "y": -3.425166865496446, "x": -0.14285714285714537}, "17": {"z": 1.5000000000000002, "qx": -0.0, "qy": -0.0, "qz": -0.057142857142857037, "_k": 2, "y": -3.425166865496446, "x": 0.71428571428571053}, "37": {"z": 1.5000000000000002, "qx": -0.0, "qy": -0.0, "qz": -0.02857142857142847, "type": "support", "_k": 17, "y": -3.425166865496446, "x": -5.0000000000000009}, "27": {"z": 1.5000000000000002, "qx": -0.0, "qy": -0.0, "qz": -0.057142857142857183, "_k": 7, "y": -3.425166865496446, "x": -2.1428571428571455}, "12": {"z": 1.5000000000000002, "qx": -0.0, "qy": -0.0, "qz": -0.057142857142857231, "_k": 7, "y": -3.425166865496446, "x": 2.1428571428571392}, "32": {"z": 1.5000000000000002, "qx": -0.0, "qy": -0.0, "qz": -0.05714285714285712, "_k": 12, "y": -3.425166865496446, "x": -3.5714285714285738}, "22": {"z": 1.5000000000000002, "qx": -0.0, "qy": -0.0, "qz": -0.057142857142857204, "_k": 2, "y": -3.425166865496446, "x": -0.71428571428571741}, "19": {"z": 1.5000000000000002, "qx": -0.0, "qy": -0.0, "qz": -0.02857142857142865, "type": "_origin", "_k": 0, "y": -3.425166865496446, "x": 0.14285714285713932}, "39": {"z": 0.13000000000000012, "type": "support", "_k": 1, "y": -3.425166865496446, "x": -0.14285714285714537}, "29": {"z": 1.5000000000000002, "qx": -0.0, "qy": -0.0, "qz": -0.057142857142857259, "_k": 9, "y": -3.425166865496446, "x": -2.7142857142857166}, "11": {"z": 1.5000000000000002, "qx": -0.0, "qy": -0.0, "qz": -0.057142857142857252, "_k": 8, "y": -3.425166865496446, "x": 2.4285714285714262}, "5": {"z": 1.5000000000000002, "qx": -0.0, "qy": -0.0, "qz": -0.05714285714285712, "_k": 14, "y": -3.425166865496446, "x": 4.1428571428571406}, "4": {"z": 1.5000000000000002, "qx": -0.0, "qy": -0.0, "qz": -0.05714285714285712, "_k": 15, "y": -3.425166865496446, "x": 4.4285714285714262}, "7": {"z": 1.5000000000000002, "qx": -0.0, "qy": -0.0, "qz": -0.057142857142857204, "_k": 12, "y": -3.425166865496446, "x": 3.5714285714285698}, "6": {"z": 1.5000000000000002, "qx": -0.0, "qy": -0.0, "qz": -0.057142857142857072, "_k": 13, "y": -3.425166865496446, "x": 3.857142857142855}, "1": {"z": 0.13000000000000012, "type": "support", "_k": 1, "y": -3.425166865496446, "x": 0.14285714285713932}, "0": {"z": 1.3630000000000002, "type": "_origin", "_k": 0, "y": -3.425166865496446, "x": 0.14285714285713932}, "3": {"z": 1.5000000000000002, "qx": -0.0, "qy": -0.0, "qz": -0.05714285714285712, "_k": 16, "y": -3.425166865496446, "x": 4.7142857142857117}, "2": {"z": 1.5000000000000002, "qx": -0.0, "qy": -0.0, "qz": -0.02857142857142856, "type": "support", "_k": 17, "y": -3.425166865496446, "x": 4.9999999999999973}, "21": {"z": 1.5000000000000002, "qx": -0.0, "qy": -0.0, "qz": -0.05714285714285721, "_k": 1, "y": -3.425166865496446, "x": -0.42857142857143093}, "31": {"z": 1.5000000000000002, "qx": -0.0, "qy": -0.0, "qz": -0.057142857142857079, "_k": 11, "y": -3.425166865496446, "x": -3.2857142857142896}, "9": {"z": 1.5000000000000002, "qx": -0.0, "qy": -0.0, "qz": -0.05714285714285712, "_k": 10, "y": -3.425166865496446, "x": 2.9999999999999973}, "8": {"z": 1.5000000000000002, "qx": -0.0, "qy": -0.0, "qz": -0.057142857142857245, "_k": 11, "y": -3.425166865496446, "x": 3.2857142857142829}, "14": {"z": 1.5000000000000002, "qx": -0.0, "qy": -0.0, "qz": -0.057142857142857162, "_k": 5, "y": -3.425166865496446, "x": 1.5714285714285676}, "34": {"z": 1.5000000000000002, "qx": -0.0, "qy": -0.0, "qz": -0.057142857142856898, "_k": 14, "y": -3.425166865496446, "x": -4.142857142857145}, "24": {"z": 1.5000000000000002, "qx": -0.0, "qy": -0.0, "qz": -0.057142857142857141, "_k": 4, "y": -3.425166865496446, "x": -1.2857142857142885}, "13": {"z": 1.5000000000000002, "qx": -0.0, "qy": -0.0, "qz": -0.057142857142857162, "_k": 6, "y": -3.425166865496446, "x": 1.8571428571428539}, "33": {"z": 1.5000000000000002, "qx": -0.0, "qy": -0.0, "qz": -0.05714285714285712, "_k": 13, "y": -3.425166865496446, "x": -3.8571428571428608}, "23": {"z": 1.5000000000000002, "qx": -0.0, "qy": -0.0, "qz": -0.057142857142857106, "_k": 3, "y": -3.425166865496446, "x": -1.0000000000000029}}, "max_int_key": 39, "attributes": {"gkey_node": {"5.000,-3.425,1.500": 2, "0.143,-3.425,1.500": 19, "3.286,-3.425,1.500": 8, "-5.000,-3.425,1.500": 37, "-0.143,-3.425,1.363": 38, "0.429,-3.425,1.500": 18, "-2.143,-3.425,1.500": 27, "2.429,-3.425,1.500": 11, "-2.429,-3.425,1.500": 28, "2.714,-3.425,1.500": 10, "-3.571,-3.425,1.500": 32, "3.857,-3.425,1.500": 6, "-4.143,-3.425,1.500": 34, "4.143,-3.425,1.500": 5, "1.286,-3.425,1.500": 15, "-4.714,-3.425,1.500": 36, "1.857,-3.425,1.500": 13, "-1.000,-3.425,1.500": 23, "-3.286,-3.425,1.500": 31, "0.143,-3.425,1.363": 0, "-1.857,-3.425,1.500": 26, "-4.429,-3.425,1.500": 35, "-1.286,-3.425,1.500": 24, "1.000,-3.425,1.500": 16, "0.714,-3.425,1.500": 17, "0.143,-3.425,0.130": 1, "3.000,-3.425,1.500": 9,