{"compas": "1.7.1", "datatype": "compas_cem.diagrams/TopologyDiagram", "data": {"adjacency": {"12": {"13": null, "7": null}, "5": {"4": null, "6": null}, "4": {"3": null, "5": null}, "7": {"12": null, "6": null, "8": null}, "6": {"7": null, "0": null, "5": null}, "1": {"0": null}, "0": {"6": null, "1": null}, "3": {"4": null, "2": null}, "2": {"3": null}, "10": {"9": null, "11": null}, "13": {"12": null}, "11": {"10": null}, "9": {"8": null, "10": null}, "8": {"7": null, "9": null}}, "node_attributes": {"z": 0.0, "qx": 0.0, "rx": 0.0, "qy": 0.0, "ry": 0.0, "qz": 0.0, "type": null, "rz": 0.0, "_k": null, "y": 0.0, "x": 0.0}, "node": {"12": {"z": 1.3630000000000002, "type": "_origin", "_k": 0, "y": -3.425166865496446, "x": -0.55555555555555747}, "5": {"z": 1.5000000000000002, "qx": -0.0, "qy": -0.0, "qz": -0.22222222222222221, "_k": 1, "y": -3.425166865496446, "x": 1.6666666666666645}, "4": {"z": 1.5000000000000002, "qx": -0.0, "qy": -0.0, "qz": -0.22222222222222221, "_k": 2, "y": -3.425166865496446, "x": 2.7777777777777755}, "7": {"z": 1.5000000000000002, "qx": -0.0, "qy": -0.0, "qz": -0.11111111111111116, "type": "_origin", "_k": 0, "y": -3.425166865496446, "x": -0.55555555555555747}, "6": {"z": 1.5000000000000002, "qx": -0.0, "qy": -0.0, "qz": -0.11111111111111112, "type": "_origin", "_k": 0, "y": -3.425166865496446, "x": 0.55555555555555325}, "1": {"z": 0.13000000000000012, "type": "support", "_k": 1, "y": -3.425166865496446, "x": 0.55555555555555325}, "0": {"z": 1.3630000000000002, "type": "_origin", "_k": 0, "y": -3.425166865496446, "x": 0.55555555555555325}, "3": {"z": 1.5000000000000002, "qx": -0.0, "qy": -0.0, "qz": -0.22222222222222218, "_k": 3, "y": -3.425166865496446, "x": 3.8888888888888866}, "2": {"z": 1.5000000000000002, "qx": -0.0, "qy": -0.0, "qz": -0.11111111111111108, "type": "support", "_k": 4, "y": -3.425166865496446, "x": 4.9999999999999973}, "10": {"z": 1.5000000000000002, "qx": -0.0, "qy": -0.0, "qz": -0.22222222222222204, "_k": 3, "y": -3.425166865496446, "x": -3.8888888888888924}, "13": {"z": 0.13000000000000012, "type": "support", "_k": 1, "y": -3.425166865496446, "x": -0.55555555555555747}, "11": {"z": 1.5000000000000002, "qx": -0.0, "qy": -0.0, "qz": -0.11111111111111086, "type": "support", "_k": 4, "y": -3.425166865496446, "x": -5.0000000000000009}, "9": {"z": 1.5000000000000002, "qx": -0.0, "qy": -0.0, "qz": -0.22222222222222238, "_k": 2, "y": -3.425166865496446, "x": -2.7777777777777803}, "8": {"z": 1.5000000000000002, "qx": -0.0, "qy": -0.0, "qz": -0.22222222222222232, "_k": 1, "y": -3.425166865496446, "x": -1.666666666666669}}, "max_int_key": 13, "attributes": {"gkey_node": {"-0.556,-3.425,1.363": 12, "0.556,-3.425,1.500": 6, "-3.889,-3.425,1.500": 10, "1.667,-3.425,1.500": 5, "-0.556,-3.425,0.130": 13, "-0.556,-3.425,1.500": 7, "0.556,-3.425,0.130": 1, "-2.778,-3.425,1.500": 9, "2.778,-3.425,1.500": 4, "5.000,-3.425,1.500": 2, "0.556,-3.425,1.363": 0, "-1.667,-3.425,1.500": 8, "-5.000,-3.425,1.500": 11, "3.889,-3.425,1.500": 3}, "name": "Network", "_aux_length": 0.33000000000000002, "_trails": {"0": [0, 1], "7": [7, 8, 9, 10, 11], "12": [12, 13], "6": [6, 5, 4, 3, 2]}, "tol": "3f", "_auxiliary_trails": {}, "_aux_vector": {"dtype": "compas.geometry/Vector", "value": [-0.0, -0.0, -1.0]}}, "edge_attributes": {"force": 0.0, "type": null, "length": 0.0}, "edge": {"12": {"13": {"length": -1.2330000000000001, "type": "trail"}}, "5": {"6": {"length": -1.1111111111111112, "type": "trail"}}, "4": {"5": {"length": -1.1111111111111109, "type": "trail"}}, "7": {"12": {"force": -0.10000000000000001, "type": "deviation"}, "8": {"length": -1.1111111111111116, "type": "trail"}}, "6": {"7": {"force": -12.9, "type": "deviation"}, "0": {"force": -0.10000000000000001, "type": "deviation"}}, "1": {}, "0": {"1": {"length": -1.2330000000000001, "type": "trail"}}, "3": {"4": {"length": -1.1111111111111112, "type": "trail"}}, "2": {"3": {"length": -1.1111111111111107, "type": "trail"}}, "10": {"11": {"length": -1.1111111111111085, "type": "trail"}}, "13": {}, "11": {}, "9": {"10": {"length": -1.111111111111112, "type": "trail"}}, "8": {"9": {"length": -1.1111111111111114, "type": "trail"}}}}}