{"compas": "1.7.1", "datatype": "compas_cem.diagrams/TopologyDiagram", "data": {"adjacency": {"16": {"30": null, "15": null, "17": null}, "26": {"27": null, "25": null}, "15": {"14": null, "0": null, "16": null}, "18": {"19": null, "17": null}, "25": {"26": null, "24": null}, "28": {"27": null, "29": null}, "10": {"9": null, "11": null}, "30": {"31": null, "16": null}, "20": {"21": null, "19": null}, "17": {"18": null, "16": null}, "27": {"28": null, "26": null}, "12": {"13": null, "11": null}, "22": {"21": null, "23": null}, "19": {"20": null, "18": null}, "29": {"28": null}, "11": {"12": null, "10": null}, "5": {"4": null, "6": null}, "4": {"3": null, "5": null}, "7": {"6": null, "8": null}, "6": {"7": null, "5": null}, "1": {"0": null}, "0": {"1": null, "15": null}, "3": {"4": null, "2": null}, "2": {"3": null}, "21": {"20": null, "22": null}, "31": {"30": null}, "9": {"8": null, "10": null}, "8": {"7": null, "9": null}, "14": {"13": null, "15": null}, "24": {"23": null, "25": null}, "13": {"12": null, "14": null}, "23": {"22": null, "24": null}}, "node_attributes": {"z": 0.0, "qx": 0.0, "rx": 0.0, "qy": 0.0, "ry": 0.0, "qz": 0.0, "type": null, "rz": 0.0, "_k": null, "y": 0.0, "x": 0.0}, "node": {"16": {"z": 1.5000000000000002, "qx": -0.0, "qy": -0.0, "qz": -0.037037037037037028, "type": "_origin", "_k": 0, "y": -3.425166865496446, "x": -0.18518518518518723}, "26": {"z": 1.5000000000000002, "qx": -0.0, "qy": -0.0, "qz": -0.074074074074074236, "_k": 10, "y": -3.425166865496446, "x": -3.8888888888888853}, "15": {"z": 1.5000000000000002, "qx": -0.0, "qy": -0.0, "qz": -0.037037037037037028, "type": "_origin", "_k": 0, "y": -3.425166865496446, "x": 0.18518518518518298}, "18": {"z": 1.5000000000000002, "qx": -0.0, "qy": -0.0, "qz": -0.074074074074073959, "_k": 2, "y": -3.425166865496446, "x": -0.92592592592592771}, "25": {"z": 1.5000000000000002, "qx": -0.0, "qy": -0.0, "qz": -0.074074074074073876, "_k": 9, "y": -3.425166865496446, "x": -3.5185185185185146}, "28": {"z": 1.5000000000000002, "qx": -0.0, "qy": -0.0, "qz": -0.074074074074074403, "_k": 12, "y": -3.425166865496446, "x": -4.6296296296296253}, "10": {"z": 1.5000000000000002, "qx": -0.0, "qy": -0.0, "qz": -0.07407407407407407, "_k": 5, "y": -3.425166865496446, "x": 2.037037037037035}, "30": {"z": 1.3630000000000002, "type": "_origin", "_k": 0, "y": -3.425166865496446, "x": -0.18518518518518723}, "20": {"z": 1.5000000000000002, "qx": -0.0, "qy": -0.0, "qz": -0.074074074074073987, "_k": 4, "y": -3.425166865496446, "x": -1.6666666666666672}, "17": {"z": 1.5000000000000002, "qx": -0.0, "qy": -0.0, "qz": -0.074074074074074056, "_k": 1, "y": -3.425166865496446, "x": -0.55555555555555747}, "27": {"z": 1.5000000000000002, "qx": -0.0, "qy": -0.0, "qz": -0.074074074074074014, "_k": 11, "y": -3.425166865496446, "x": -4.2592592592592569}, "12": {"z": 1.5000000000000002, "qx": -0.0, "qy": -0.0, "qz": -0.074074074074074112, "_k": 3, "y": -3.425166865496446, "x": 1.2962962962962943}, "22": {"z": 1.5000000000000002, "qx": -0.0, "qy": -0.0, "qz": -0.074074074074073917, "_k": 6, "y": -3.425166865496446, "x": -2.4074074074074074}, "19": {"z": 1.5000000000000002, "qx": -0.0, "qy": -0.0, "qz": -0.074074074074073959, "_k": 3, "y": -3.425166865496446, "x": -1.2962962962962969}, "29": {"z": 1.5000000000000002, "qx": -0.0, "qy": -0.0, "qz": -0.037037037037037555, "type": "support", "_k": 13, "y": -3.425166865496446, "x": -5.0000000000000009}, "11": {"z": 1.5000000000000002, "qx": -0.0, "qy": -0.0, "qz": -0.07407407407407407, "_k": 4, "y": -3.425166865496446, "x": 1.6666666666666645}, "5": {"z": 1.5000000000000002, "qx": -0.0, "qy": -0.0, "qz": -0.074074074074074056, "_k": 10, "y": -3.425166865496446, "x": 3.8888888888888866}, "4": {"z": 1.5000000000000002, "qx": -0.0, "qy": -0.0, "qz": -0.074074074074074056, "_k": 11, "y": -3.425166865496446, "x": 4.2592592592592569}, "7": {"z": 1.5000000000000002, "qx": -0.0, "qy": -0.0, "qz": -0.074074074074074098, "_k": 8, "y": -3.425166865496446, "x": 3.1481481481481461}, "6": {"z": 1.5000000000000002, "qx": -0.0, "qy": -0.0, "qz": -0.074074074074074056, "_k": 9, "y": -3.425166865496446, "x": 3.5185185185185164}, "1": {"z": 0.13000000000000012, "type": "support", "_k": 1, "y": -3.425166865496446, "x": 0.18518518518518298}, "0": {"z": 1.3630000000000002, "type": "_origin", "_k": 0, "y": -3.425166865496446, "x": 0.18518518518518298}, "3": {"z": 1.5000000000000002, "qx": -0.0, "qy": -0.0, "qz": -0.074074074074074056, "_k": 12, "y": -3.425166865496446, "x": 4.6296296296296271}, "2": {"z": 1.5000000000000002, "qx": -0.0, "qy": -0.0, "qz": -0.037037037037037028, "type": "support", "_k": 13, "y": -3.425166865496446, "x": 4.9999999999999973}, "21": {"z": 1.5000000000000002, "qx": -0.0, "qy": -0.0, "qz": -0.074074074074074028, "_k": 5, "y": -3.425166865496446, "x": -2.0370370370370368}, "31": {"z": 0.13000000000000012, "type": "support", "_k": 1, "y": -3.425166865496446, "x": -0.18518518518518723}, "9": {"z": 1.5000000000000002, "qx": -0.0, "qy": -0.0, "qz": -0.074074074074074056, "_k": 6, "y": -3.425166865496446, "x": 2.4074074074074052}, "8": {"z": 1.5000000000000002, "qx": -0.0, "qy": -0.0, "qz": -0.074074074074074098, "_k": 7, "y": -3.425166865496446, "x": 2.7777777777777755}, "14": {"z": 1.5000000000000002, "qx": -0.0, "qy": -0.0, "qz": -0.074074074074074056, "_k": 1, "y": -3.425166865496446, "x": 0.55555555555555325}, "24": {"z": 1.5000000000000002, "qx": -0.0, "qy": -0.0, "qz": -0.074074074074073876, "_k": 8, "y": -3.425166865496446, "x": -3.1481481481481466}, "13": {"z": 1.5000000000000002, "qx": -0.0, "qy": -0.0, "qz": -0.074074074074074112, "_k": 2, "y": -3.425166865496446, "x": 0.92592592592592349}, "23": {"z": 1.5000000000000002, "qx": -0.0, "qy": -0.0, "qz": -0.074074074074073917, "_k": 7, "y": -3.425166865496446, "x": -2.7777777777777759}}, "max_int_key": 31, "attributes": {"gkey_node": {"5.000,-3.425,1.500": 2, "2.037,-3.425,1.500": 10, "3.889,-3.425,1.500": 5, "3.148,-3.425,1.500": 7, "1.667,-3.425,1.500": 11, "4.259,-3.425,1.500": 4, "-4.630,-3.425,1.500": 28, "-5.000,-3.425,1.500": 29, "3.519,-3.425,1.500": 6, "-0.926,-3.425,1.500": 18, "2.778,-3.425,1.500": 8, "-0.185,-3.425,1.500": 16, "-2.778,-3.425,1.500": 23, "-0.556,-3.425,1.500": 17, "0.556,-3.425,1.500": 14, "2.407,-3.425,1.500": 9, "-3.148,-3.425,1.500": 24, "-1.296,-3.425,1.500": 19, "-1.667,-3.425,1.500": 20, "1.296,-3.425,1.500": 12, "0.926,-3.425,1.500": 13, "-3.519,-3.425,1.500": 25, "0.185,-3.425,1.500": 15, "-2.037,-3.425,1.500": 21, "0.185,-3.425,1.363": 0, "0.185,-3.425,0.130": 1, "-3.889,-3.425,1.500": 26, "-4.259,-3.425,1.500": 27, "-2.407,-3.425,1.500": 22, "-0.185,-3.425,0.130": 31, "4.630,-3.425,1.500": 3, "-0.185,-3.425,1.363": 30}, "name": "Network", "_aux_length": 0.33000000000000002, "_trails": {"0": [0, 1], "15": [15, 14, 13, 12, 11, 10, 9, 8, 7, 6, 5, 4, 3, 2], "16": [16, 17, 18, 19, 20, 21, 22, 23, 24, 25, 26, 27, 28, 29], "30": [30, 31]}, "tol": "3f", "_auxiliary_trails": {}, "_aux_vector": {"dtype": "compas.geometry/Vector", "value": [-0.0, -0.0, -1.0]}}, "edge_attributes": {"force": 0.0, "type": null, "length": 0.0}, "edge": {"16": {"30": {"force": -0.10000000000000001, "type": "deviation"}, "17": {"length": -0.37037037037037024, "type": "trail"}}, "26": {"27": {"length": -0.37037037037037157, "type": "trail"}}, "15": {"0": {"force": -0.10000000000000001, "type": "deviation"}, "16": {"force": -12.9, "type": "deviation"}}, "18": {"19": {"length": -0.37037037037036924, "type": "trail"}}, "25": {"26": {"length": -0.37037037037037068, "type": "trail"}}, "28": {"29": {"length": -0.37037037037037557, "type": "trail"}}, "10": {"11": {"length": -0.37037037037037046, "type": "trail"}}, "30": {"31": {"length": -1.2330000000000001, "type": "trail"}}, "20": {"21": {"length": -0.37037037037036957, "type": "trail"}}, "17": {"18": {"length": -0.37037037037037024, "type": "trail"}}, "27": {"28": {"length": -0.37037037037036846, "type": "trail"}}, "12": {"13": {"length": -0.37037037037037079,