{"compas": "1.7.1", "datatype": "compas_cem.diagrams/TopologyDiagram", "data": {"adjacency": {"16": {"15": null, "17": null}, "15": {"14": null, "16": null}, "18": {"19": null, "17": null}, "25": {"24": null}, "10": {"9": null, "11": null}, "20": {"21": null, "19": null}, "17": {"18": null, "16": null}, "12": {"13": null, "0": null, "11": null}, "22": {"21": null, "23": null}, "19": {"20": null, "18": null}, "11": {"12": null, "10": null}, "5": {"4": null, "6": null}, "4": {"3": null, "5": null}, "7": {"6": null, "8": null}, "6": {"7": null, "5": null}, "1": {"0": null}, "0": {"12": null, "1": null}, "3": {"4": null, "2": null}, "2": {"3": null}, "21": {"20": null, "22": null}, "9": {"8": null, "10": null}, "8": {"7": null, "9": null}, "14": {"13": null, "15": null}, "24": {"13": null, "25": null}, "13": {"12": null, "14": null, "24": null}, "23": {"22": null}}, "node_attributes": {"z": 0.0, "qx": 0.0, "rx": 0.0, "qy": 0.0, "ry": 0.0, "qz": 0.0, "type": null, "rz": 0.0, "_k": null, "y": 0.0, "x": 0.0}, "node": {"16": {"z": 1.5000000000000002, "qx": -0.0, "qy": -0.0, "qz": -0.047619047619047644, "_k": 3, "y": -3.425166865496446, "x": -1.666666666666669}, "15": {"z": 1.5000000000000002, "qx": -0.0, "qy": -0.0, "qz": -0.047619047619047672, "_k": 2, "y": -3.425166865496446, "x": -1.1904761904761927}, "18": {"z": 1.5000000000000002, "qx": -0.0, "qy": -0.0, "qz": -0.0476190476190477, "_k": 5, "y": -3.425166865496446, "x": -2.6190476190476217}, "25": {"z": 0.13000000000000012, "type": "support", "_k": 1, "y": -3.425166865496446, "x": -0.23809523809523936}, "10": {"z": 1.5000000000000002, "qx": -0.0, "qy": -0.0, "qz": -0.047619047619047609, "_k": 2, "y": -3.425166865496446, "x": 1.1904761904761887}, "20": {"z": 1.5000000000000002, "qx": -0.0, "qy": -0.0, "qz": -0.04761904761904763, "_k": 7, "y": -3.425166865496446, "x": -3.5714285714285752}, "17": {"z": 1.5000000000000002, "qx": -0.0, "qy": -0.0, "qz": -0.047619047619047644, "_k": 4, "y": -3.425166865496446, "x": -2.1428571428571455}, "12": {"z": 1.5000000000000002, "qx": -0.0, "qy": -0.0, "qz": -0.047619047619047589, "type": "_origin", "_k": 0, "y": -3.425166865496446, "x": 0.23809523809523603}, "22": {"z": 1.5000000000000002, "qx": -0.0, "qy": -0.0, "qz": -0.04761904761904745, "_k": 9, "y": -3.425166865496446, "x": -4.5238095238095282}, "19": {"z": 1.5000000000000002, "qx": -0.0, "qy": -0.0, "qz": -0.047619047619047672, "_k": 6, "y": -3.425166865496446, "x": -3.0952380952380993}, "11": {"z": 1.5000000000000002, "qx": -0.0, "qy": -0.0, "qz": -0.047619047619047637, "_k": 1, "y": -3.425166865496446, "x": 0.71428571428571241}, "5": {"z": 1.5000000000000002, "qx": -0.0, "qy": -0.0, "qz": -0.047619047619047658, "_k": 7, "y": -3.425166865496446, "x": 3.5714285714285698}, "4": {"z": 1.5000000000000002, "qx": -0.0, "qy": -0.0, "qz": -0.047619047619047561, "_k": 8, "y": -3.425166865496446, "x": 4.0476190476190457}, "7": {"z": 1.5000000000000002, "qx": -0.0, "qy": -0.0, "qz": -0.047619047619047589, "_k": 5, "y": -3.425166865496446, "x": 2.6190476190476168}, "6": {"z": 1.5000000000000002, "qx": -0.0, "qy": -0.0, "qz": -0.047619047619047658, "_k": 6, "y": -3.425166865496446, "x": 3.0952380952380927}, "1": {"z": 0.13000000000000012, "type": "support", "_k": 1, "y": -3.425166865496446, "x": 0.23809523809523603}, "0": {"z": 1.3630000000000002, "type": "_origin", "_k": 0, "y": -3.425166865496446, "x": 0.23809523809523603}, "3": {"z": 1.5000000000000002, "qx": -0.0, "qy": -0.0, "qz": -0.047619047619047589, "_k": 9, "y": -3.425166865496446, "x": 4.5238095238095211}, "2": {"z": 1.5000000000000002, "qx": -0.0, "qy": -0.0, "qz": -0.023809523809523815, "type": "support", "_k": 10, "y": -3.425166865496446, "x": 4.9999999999999973}, "21": {"z": 1.5000000000000002, "qx": -0.0, "qy": -0.0, "qz": -0.047619047619047651, "_k": 8, "y": -3.425166865496446, "x": -4.0476190476190519}, "9": {"z": 1.5000000000000002, "qx": -0.0, "qy": -0.0, "qz": -0.047619047619047616, "_k": 3, "y": -3.425166865496446, "x": 1.6666666666666645}, "8": {"z": 1.5000000000000002, "qx": -0.0, "qy": -0.0, "qz": -0.047619047619047616, "_k": 4, "y": -3.425166865496446, "x": 2.142857142857141}, "14": {"z": 1.5000000000000002, "qx": -0.0, "qy": -0.0, "qz": -0.047619047619047672, "_k": 1, "y": -3.425166865496446, "x": -0.71428571428571563}, "24": {"z": 1.3630000000000002, "type": "_origin", "_k": 0, "y": -3.425166865496446, "x": -0.23809523809523936}, "13": {"z": 1.5000000000000002, "qx": -0.0, "qy": -0.0, "qz": -0.047619047619047589, "type": "_origin", "_k": 0, "y": -3.425166865496446, "x": -0.23809523809523936}, "23": {"z": 1.5000000000000002, "qx": -0.0, "qy": -0.0, "qz": -0.023809523809523638, "type": "support", "_k": 10, "y": -3.425166865496446, "x": -5.0000000000000009}}, "max_int_key": 25, "attributes": {"gkey_node": {"5.000,-3.425,1.500": 2, "1.667,-3.425,1.500": 9, "-4.524,-3.425,1.500": 22, "-5.000,-3.425,1.500": 23, "-2.143,-3.425,1.500": 17, "-1.190,-3.425,1.500": 15, "-4.048,-3.425,1.500": 21, "-3.571,-3.425,1.500": 20, "0.238,-3.425,1.363": 0, "-1.667,-3.425,1.500": 16, "3.095,-3.425,1.500": 6, "2.619,-3.425,1.500": 7, "0.714,-3.425,1.500": 11, "-0.238,-3.425,1.500": 13, "4.524,-3.425,1.500": 3, "-3.095,-3.425,1.500": 19, "0.238,-3.425,0.130": 1, "-0.238,-3.425,0.130": 25, "-0.714,-3.425,1.500": 14, "0.238,-3.425,1.500": 12, "-0.238,-3.425,1.363": 24, "2.143,-3.425,1.500": 8, "4.048,-3.425,1.500": 4, "3.571,-3.425,1.500": 5, "-2.619,-3.425,1.500": 18, "1.190,-3.425,1.500": 10}, "name": "Network", "_aux_length": 0.33000000000000002, "_trails": {"0": [0, 1], "24": [24, 25], "12": [12, 11, 10, 9, 8, 7, 6, 5, 4, 3, 2], "13": [13, 14, 15, 16, 17, 18, 19, 20, 21, 22, 23]}, "tol": "3f", "_auxiliary_trails": {}, "_aux_vector": {"dtype": "compas.geometry/Vector", "value": [-0.0, -0.0, -1.0]}}, "edge_attributes": {"force": 0.0, "type": null, "length": 0.0}, "edge": {"16": {"17": {"length": -0.4761904761904765, "type": "trail"}}, "15": {"16": {"length": -0.47619047619047628, "type": "trail"}}, "18": {"19": {"length": -0.47619047619047761, "type": "trail"}}, "25": {}, "10": {"11": {"length": -0.47619047619047628, "type": "trail"}}, "20": {"21": {"length": -0.47619047619047672, "type": "trail"}}, "17": {"18": {"length": -0.47619047619047628, "type": "trail"}}, "12": {"13": {"force": -12.9, "type": "deviation"}, "0": {"force": -0.10000000000000001, "type": "deviation"}}, "22": {"23": {"length": -0.47619047619047272, "type": "trail"}}, "19": {"20": {"length": -0.47619047619047583, "type": "trail"}}, "11": {"12": {"length": -0.47619047619047639, "type": "trail"}}, "5": {"6": {"length": -0.47619047619047716, "type": "trail"}}, "4": {"5": {"length": -0.47619047619047583, "type": "trail"}}, "7": {"8": {"length": -0.47619047619047583, "type": "trail"}}, "6": {"7": {"length": -0.47619047619047583, "type": "trail"}}, "1": {}, "0": {"1": {"length": -1.2330000000000001, "type": "trail"}}, "3": {"4": {"length": -0.47619047619047539, "type": "trail"}}, "2": {"3": {"length": -0.47619047619047628, "type": "trail"}}, "21": {"22": {"length": -0.47619047619047628, "type": "trail"}}, "9": {"10": {"length": -0.47619047619047583, "type": "trail"}}, "8": {"9": {"length": -0.4761904761904765, "type": "trail"}}, "14": {"15": {"length": -0.47619047619047705, "type": "trail"}}, "24": {"25": {"length": -1.2330000000000001, "type": "trail"}}, "13": {"14": {"length": -0.47619047619047628, "type": "trail"}, "24": {"force": -0.10000000000000001, "type": "deviation"}}, "23": {}}}}