{"compas": "1.7.1", "datatype": "compas_cem.diagrams/FormDiagram", "data": {"adjacency": {"5": {"4": null}, "4": {"6": null, "3": null, "5": null}, "7": {"6": null}, "6": {"4": null, "7": null}, "1": {"0": null}, "0": {"1": null, "3": null}, "3": {"4": null, "0": null, "2": null}, "2": {"3": null}}, "node_attributes": {"z": 0.0, "qx": 0.0, "rx": 0.0, "qy": 0.0, "ry": 0.0, "qz": 0.0, "type": null, "rz": 0.0, "_k": null, "y": 0.0, "x": 0.0}, "node": {"5": {"z": 1.4397170096113485, "qx": -0.0, "rx": 12.9, "qy": -0.0, "ry": -0.0, "qz": -0.33333333333333343, "type": "support", "rz": 0.56666666666666687, "_k": 1, "y": -3.425166865496446, "x": -4.9994548495821247}, "4": {"z": 1.5000000000000002, "qx": -0.0, "qy": -0.0, "qz": -0.33333333333333343, "type": "_origin", "_k": 0, "y": -3.425166865496446, "x": -1.6666666666666672}, "7": {"z": 0.13000000000000012, "rx": -0.0, "ry": -0.0, "type": "support", "rz": 0.10000000000000001, "_k": 1, "y": -3.425166865496446, "x": -1.6666666666666672}, "6": {"z": 1.3630000000000002, "type": "_origin", "_k": 0, "y": -3.425166865496446, "x": -1.6666666666666672}, "1": {"z": 0.13000000000000012, "rx": -0.0, "ry": -0.0, "type": "support", "rz": 0.10000000000000001, "_k": 1, "y": -3.425166865496446, "x": 1.6666666666666645}, "0": {"z": 1.3630000000000002, "type": "_origin", "_k": 0, "y": -3.425166865496446, "x": 1.6666666666666645}, "3": {"z": 1.5000000000000002, "qx": -0.0, "qy": -0.0, "qz": -0.33333333333333331, "type": "_origin", "_k": 0, "y": -3.425166865496446, "x": 1.6666666666666645}, "2": {"z": 1.4397170096113485, "qx": -0.0, "rx": -12.9, "qy": -0.0, "ry": -0.0, "qz": -0.33333333333333331, "type": "support", "rz": 0.56666666666666665, "_k": 1, "y": -3.425166865496446, "x": 4.9994548495821212}}, "max_int_key": 7, "attributes": {"gkey_node": {"4.999,-3.425,1.440": 2, "1.667,-3.425,0.130": 1, "1.667,-3.425,1.500": 3, "-4.999,-3.425,1.440": 5, "5.000,-3.425,1.500": 2, "-1.667,-3.425,0.130": 7, "-1.667,-3.425,1.500": 4, "1.667,-3.425,1.363": 0, "-5.000,-3.425,1.500": 5, "-1.667,-3.425,1.363": 6}, "name": "Network", "tol": "3f"}, "edge_attributes": {"force": 0.0, "type": null, "length": 0.0}, "edge": {"5": {}, "4": {"6": {"force": -0.10000000000000001, "type": "deviation", "length": 0.13700000000000001}, "5": {"force": -12.902110077210024, "length": 3.3333333333333339, "type": "trail"}}, "7": {}, "6": {"7": {"force": -0.10000000000000001, "length": 1.2330000000000001, "type": "trail"}}, "1": {}, "0": {"1": {"force": -0.10000000000000001, "length": 1.2330000000000001, "type": "trail"}}, "3": {"4": {"force": -12.9, "type": "deviation", "length": 3.3333333333333317}, "0": {"force": -0.10000000000000001, "type": "deviation", "length": 0.13700000000000001}}, "2": {"3": {"force": -12.902110077210024, "length": 3.3333333333333335, "type": "trail"}}}}}