{"data": {"node": {"21": {"qy": -0.0, "z": 1.5000000000000002, "x": -2.1316282072803005e-15, "qz": -0.050000000000000003, "y": -2.425166865496446, "_k": 6, "qx": -0.0}, "10": {"qy": -0.0, "z": 1.5000000000000002, "x": -2.8571428571428585, "qz": -0.050000000000000003, "y": -3.425166865496446, "_k": 10, "qx": -0.0}, "14": {"qx": -0.0, "qy": -0.0, "z": 1.5000000000000002, "x": 4.9999999999999973, "qz": -0.050000000000000003, "y": -2.425166865496446, "_k": 13, "type": "support"}, "13": {"qx": -0.0, "qy": -0.0, "z": 1.5000000000000002, "x": -5.0000000000000009, "qz": -0.050000000000000003, "y": -3.425166865496446, "_k": 13, "type": "support"}, "31": {"qx": -0.0, "qy": -0.0, "z": 1.5000000000000002, "x": -5.0000000000000009, "qz": -0.050000000000000003, "y": -2.425166865496446, "_k": 1, "type": "support"}, "3": {"qy": -0.0, "z": 1.5000000000000002, "x": 2.1428571428571401, "qz": -0.050000000000000003, "y": -3.425166865496446, "_k": 3, "qx": -0.0}, "1": {"qy": -0.0, "z": 1.5000000000000002, "x": 3.5714285714285685, "qz": -0.050000000000000003, "y": -3.425166865496446, "_k": 1, "qx": -0.0}, "9": {"qy": -0.0, "z": 1.5000000000000002, "x": -2.1428571428571446, "qz": -0.050000000000000003, "y": -3.425166865496446, "_k": 9, "qx": -0.0}, "30": {"z": 1.0000000000000002, "x": -1.6666666666666692, "y": -2.925166865496446, "_k": 0, "type": "_origin"}, "22": {"qy": -0.0, "z": 1.5000000000000002, "x": -0.71428571428571586, "qz": -0.050000000000000003, "y": -2.425166865496446, "_k": 5, "qx": -0.0}, "20": {"qy": -0.0, "z": 1.5000000000000002, "x": 0.71428571428571208, "qz": -0.050000000000000003, "y": -2.425166865496446, "_k": 7, "qx": -0.0}, "23": {"qy": -0.0, "z": 1.5000000000000002, "x": -1.4285714285714306, "qz": -0.050000000000000003, "y": -2.425166865496446, "_k": 4, "qx": -0.0}, "24": {"qy": -0.0, "z": 1.5000000000000002, "x": -2.1428571428571446, "qz": -0.050000000000000003, "y": -2.425166865496446, "_k": 3, "qx": -0.0}, "16": {"qy": -0.0, "z": 1.5000000000000002, "x": 3.5714285714285685, "qz": -0.050000000000000003, "y": -2.425166865496446, "_k": 11, "qx": -0.0}, "29": {"qx": -0.0, "qy": -0.0, "z": 1.5000000000000002, "x": 4.9999999999999973, "qz": -0.050000000000000003, "y": -3.425166865496446, "_k": 1, "type": "support"}, "7": {"qy": -0.0, "z": 1.5000000000000002, "x": -0.71428571428571586, "qz": -0.050000000000000003, "y": -3.425166865496446, "_k": 7, "qx": -0.0}, "18": {"qy": -0.0, "z": 1.5000000000000002, "x": 2.1428571428571401, "qz": -0.050000000000000003, "y": -2.425166865496446, "_k": 9, "qx": -0.0}, "17": {"qy": -0.0, "z": 1.5000000000000002, "x": 2.8571428571428545, "qz": -0.050000000000000003, "y": -2.425166865496446, "_k": 10, "qx": -0.0}, "25": {"qy": -0.0, "z": 1.5000000000000002, "x": -2.8571428571428585, "qz": -0.050000000000000003, "y": -2.425166865496446, "_k": 2, "qx": -0.0}, "6": {"qy": -0.0, "z": 1.5000000000000002, "x": -2.1316282072803005e-15, "qz": -0.050000000000000003, "y": -3.425166865496446, "_k": 6, "qx": -0.0}, "28": {"z": 1.0000000000000002, "x": 1.6666666666666647, "y": -2.925166865496446, "_k": 0, "type": "_origin"}, "19": {"qy": -0.0, "z": 1.5000000000000002, "x": 1.4285714285714262, "qz": -0.050000000000000003, "y": -2.425166865496446, "_k": 8, "qx": -0.0}, "4": {"qy": -0.0, "z": 1.5000000000000002, "x": 1.4285714285714262, "qz": -0.050000000000000003, "y": -3.425166865496446, "_k": 4, "qx": -0.0}, "12": {"qy": -0.0, "z": 1.5000000000000002, "x": -4.2857142857142865, "qz": -0.050000000000000003, "y": -3.425166865496446, "_k": 12, "qx": -0.0}, "2": {"qy": -0.0, "z": 1.5000000000000002, "x": 2.8571428571428545, "qz": -0.050000000000000003, "y": -3.425166865496446, "_k": 2, "qx": -0.0}, "27": {"type": "_origin", "qy": -0.0, "z": 1.5000000000000002, "x": -4.2857142857142865, "qz": -0.050000000000000003, "y": -2.425166865496446, "_k": 0, "qx": -0.0}, "5": {"qy": -0.0, "z": 1.5000000000000002, "x": 0.71428571428571208, "qz": -0.050000000000000003, "y": -3.425166865496446, "_k": 5, "qx": -0.0}, "0": {"type": "_origin", "qy": -0.0, "z": 1.5000000000000002, "x": 4.2857142857142829, "qz": -0.050000000000000003, "y": -3.425166865496446, "_k": 0, "qx": -0.0}, "8": {"qy": -0.0, "z": 1.5000000000000002, "x": -1.4285714285714306, "qz": -0.050000000000000003, "y": -3.425166865496446, "_k": 8, "qx": -0.0}, "11": {"qy": -0.0, "z": 1.5000000000000002, "x": -3.5714285714285725, "qz": -0.050000000000000003, "y": -3.425166865496446, "_k": 11, "qx": -0.0}, "26": {"qy": -0.0, "z": 1.5000000000000002, "x": -3.5714285714285725, "qz": -0.050000000000000003, "y": -2.425166865496446, "_k": 1, "qx": -0.0}, "15": {"qy": -0.0, "z": 1.5000000000000002, "x": 4.2857142857142829, "qz": -0.050000000000000003, "y": -2.425166865496446, "_k": 12, "qx": -0.0}}, "adjacency": {"21": {"20": null, "28": null, "30": null, "6": null, "22": null}, "10": {"11": null, "9": null, "25": null}, "14": {"29": null, "15": null, "28": null}, "13": {"30": null, "12": null, "31": null}, "31": {"30": null, "13": null, "27": null}, "3": {"2": null, "18": null, "4": null}, "1": {"2": null, "0": null, "16": null}, "9": {"10": null, "8": null, "24": null}, "30": {"31": null, "28": null, "13": null, "21": null, "6": null}, "22": {"23": null, "21": null, "7": null}, "20": {"19": null, "21": null, "5": null}, "23": {"22": null, "8": null, "24": null}, "24": {"23": null, "9": null, "25": null}, "16": {"1": null, "15": null, "17": null}, "29": {"14": null, "0": null, "28": null}, "7": {"6": null, "22": null, "8": null}, "18": {"3": null, "19": null, "17": null}, "17": {"2": null, "18": null, "16": null}, "25": {"10": null, "24": null, "26": null}, "6": {"28": null, "7": null, "5": null, "30": null, "21": null}, "28": {"14": null, "30": null, "21": null, "6": null, "29": null}, "19": {"20": null, "18": null, "4": null}, "4": {"3": null, "19": null, "5": null}, "12": {"13": null, "11": null, "27": null}, "2": {"1": null, "3": null, "17": null}, "27": {"26": null, "12": null, "31": null}, "5": {"6": null, "20": null, "4": null}, "0": {"1": null, "29": null, "15": null}, "8": {"23": null, "9": null, "7": null}, "11": {"10": null, "26": null, "12": null}, "26": {"11": null, "27": null, "25": null}, "15": {"14": null, "0": null, "16": null}}, "max_int_key": 31, "edge": {"21": {"22": {"length": -0.71428571428571375, "type": "trail"}}, "10": {"11": {"length": -0.71428571428571397, "type": "trail"}, "25": {"force": -0.10000000000000001, "type": "deviation"}}, "14": {"15": {"length": -0.71428571428571441, "type": "trail"}}, "13": {"30": {"force": 3.7999999999999998, "type": "deviation"}, "31": {"force": -0.10000000000000001, "type": "deviation"}}, "31": {}, "3": {"18": {"force": -0.10000000000000001, "type": "deviation"}, "4": {"length": -0.71428571428571397, "type": "trail"}}, "1": {"2": {"length": -0.71428571428571397, "type": "trail"}, "16": {"force": -0.10000000000000001, "type": "deviation"}}, "9": {"10": {"length": -0.71428571428571397, "type": "trail"}, "24": {"force": -0.10000000000000001, "type": "deviation"}}, "30": {"6": {"force": -0.90000000000000002, "type": "deviation"}, "21": {"force": -0.90000000000000002, "type": "deviation"}, "28": {"force": 3.7999999999999998, "type": "deviation"}, "31": {"length": 3.4075080500434773, "type": "trail"}}, "22": {"23": {"length": -0.71428571428571475, "type": "trail"}}, "20": {"21": {"length": -0.71428571428571419, "type": "trail"}}, "23": {"24": {"length": -0.71428571428571397, "type": "trail"}}, "24": {"25": {"length": -0.71428571428571397, "type": "trail"}}, "16": {"17": {"length": -0.71428571428571397, "type": "trail"}}, "29": {"14": {"force": -0.10000000000000001, "type": "deviation"}, "0": {"force": -12.6, "type": "deviation"}}, "7": {"22": {"force": -0.10000000000000001, "type": "deviation"}, "8": {"length": -0.71428571428571475, "type": "trail"}}, "18": {"19": {"length": -0.71428571428571397, "type": "trail"}}, "17": {"18": {"length": -0.71428571428571441, "type": "trail"}}, "25": {"26": {"length": -0.71428571428571397, "type": "trail"}},