{"data": {"node": {"21": {"qy": -0.0, "z": 1.5000000000000002, "x": -2.5000000000000013, "qz": -0.050000000000000003, "y": -2.425166865496446, "_k": 2, "qx": -0.0}, "10": {"qy": -0.0, "z": 1.5000000000000002, "x": -4.166666666666667, "qz": -0.050000000000000003, "y": -3.425166865496446, "_k": 10, "qx": -0.0}, "14": {"qy": -0.0, "z": 1.5000000000000002, "x": 3.3333333333333308, "qz": -0.050000000000000003, "y": -2.425166865496446, "_k": 9, "qx": -0.0}, "13": {"qy": -0.0, "z": 1.5000000000000002, "x": 4.1666666666666643, "qz": -0.050000000000000003, "y": -2.425166865496446, "_k": 10, "qx": -0.0}, "3": {"qy": -0.0, "z": 1.5000000000000002, "x": 1.6666666666666645, "qz": -0.050000000000000003, "y": -3.425166865496446, "_k": 3, "qx": -0.0}, "1": {"qy": -0.0, "z": 1.5000000000000002, "x": 3.3333333333333308, "qz": -0.050000000000000003, "y": -3.425166865496446, "_k": 1, "qx": -0.0}, "9": {"qy": -0.0, "z": 1.5000000000000002, "x": -3.3333333333333353, "qz": -0.050000000000000003, "y": -3.425166865496446, "_k": 9, "qx": -0.0}, "22": {"qy": -0.0, "z": 1.5000000000000002, "x": -3.3333333333333353, "qz": -0.050000000000000003, "y": -2.425166865496446, "_k": 1, "qx": -0.0}, "20": {"qy": -0.0, "z": 1.5000000000000002, "x": -1.6666666666666676, "qz": -0.050000000000000003, "y": -2.425166865496446, "_k": 3, "qx": -0.0}, "23": {"type": "_origin", "qy": -0.0, "z": 1.5000000000000002, "x": -4.166666666666667, "qz": -0.050000000000000003, "y": -2.425166865496446, "_k": 0, "qx": -0.0}, "24": {"z": 1.0000000000000002, "x": 1.6666666666666647, "y": -2.925166865496446, "_k": 0, "type": "_origin"}, "16": {"qy": -0.0, "z": 1.5000000000000002, "x": 1.6666666666666645, "qz": -0.050000000000000003, "y": -2.425166865496446, "_k": 7, "qx": -0.0}, "7": {"qy": -0.0, "z": 1.5000000000000002, "x": -1.6666666666666676, "qz": -0.050000000000000003, "y": -3.425166865496446, "_k": 7, "qx": -0.0}, "18": {"qy": -0.0, "z": 1.5000000000000002, "x": -2.1316282072803005e-15, "qz": -0.050000000000000003, "y": -2.425166865496446, "_k": 5, "qx": -0.0}, "17": {"qy": -0.0, "z": 1.5000000000000002, "x": 0.83333333333333115, "qz": -0.050000000000000003, "y": -2.425166865496446, "_k": 6, "qx": -0.0}, "25": {"qx": -0.0, "qy": -0.0, "z": 1.5000000000000002, "x": 4.9999999999999973, "qz": -0.050000000000000003, "y": -3.425166865496446, "_k": 1, "type": "support"}, "6": {"qy": -0.0, "z": 1.5000000000000002, "x": -0.83333333333333492, "qz": -0.050000000000000003, "y": -3.425166865496446, "_k": 6, "qx": -0.0}, "19": {"qy": -0.0, "z": 1.5000000000000002, "x": -0.83333333333333492, "qz": -0.050000000000000003, "y": -2.425166865496446, "_k": 4, "qx": -0.0}, "4": {"qy": -0.0, "z": 1.5000000000000002, "x": 0.83333333333333115, "qz": -0.050000000000000003, "y": -3.425166865496446, "_k": 4, "qx": -0.0}, "12": {"qx": -0.0, "qy": -0.0, "z": 1.5000000000000002, "x": 4.9999999999999973, "qz": -0.050000000000000003, "y": -2.425166865496446, "_k": 11, "type": "support"}, "2": {"qy": -0.0, "z": 1.5000000000000002, "x": 2.4999999999999978, "qz": -0.050000000000000003, "y": -3.425166865496446, "_k": 2, "qx": -0.0}, "27": {"qx": -0.0, "qy": -0.0, "z": 1.5000000000000002, "x": -5.0000000000000009, "qz": -0.050000000000000003, "y": -2.425166865496446, "_k": 1, "type": "support"}, "5": {"qy": -0.0, "z": 1.5000000000000002, "x": -2.1316282072803005e-15, "qz": -0.050000000000000003, "y": -3.425166865496446, "_k": 5, "qx": -0.0}, "0": {"type": "_origin", "qy": -0.0, "z": 1.5000000000000002, "x": 4.1666666666666643, "qz": -0.050000000000000003, "y": -3.425166865496446, "_k": 0, "qx": -0.0}, "8": {"qy": -0.0, "z": 1.5000000000000002, "x": -2.5000000000000013, "qz": -0.050000000000000003, "y": -3.425166865496446, "_k": 8, "qx": -0.0}, "11": {"qx": -0.0, "qy": -0.0, "z": 1.5000000000000002, "x": -5.0000000000000009, "qz": -0.050000000000000003, "y": -3.425166865496446, "_k": 11, "type": "support"}, "26": {"z": 1.0000000000000002, "x": -1.6666666666666692, "y": -2.925166865496446, "_k": 0, "type": "_origin"}, "15": {"qy": -0.0, "z": 1.5000000000000002, "x": 2.4999999999999978, "qz": -0.050000000000000003, "y": -2.425166865496446, "_k": 8, "qx": -0.0}}, "adjacency": {"21": {"22": null, "8": null, "20": null}, "10": {"23": null, "11": null, "9": null}, "14": {"1": null, "13": null, "15": null}, "13": {"14": null, "0": null, "12": null}, "3": {"2": null, "16": null, "4": null}, "1": {"2": null, "14": null, "0": null}, "9": {"10": null, "22": null, "8": null}, "22": {"23": null, "9": null, "21": null}, "20": {"19": null, "21": null, "7": null}, "23": {"10": null, "22": null, "27": null}, "24": {"12": null, "25": null, "5": null, "18": null, "26": null}, "16": {"3": null, "15": null, "17": null}, "7": {"6": null, "8": null, "20": null}, "18": {"19": null, "5": null, "17": null, "24": null, "26": null}, "17": {"18": null, "16": null, "4": null}, "25": {"0": null, "24": null, "12": null}, "6": {"19": null, "7": null, "5": null}, "19": {"6": null, "20": null, "18": null}, "4": {"3": null, "17": null, "5": null}, "12": {"13": null, "24": null, "25": null}, "2": {"1": null, "3": null, "15": null}, "27": {"23": null, "11": null, "26": null}, "5": {"18": null, "4": null, "24": null, "26": null, "6": null}, "0": {"1": null, "13": null, "25": null}, "8": {"9": null, "7": null, "21": null}, "11": {"10": null, "27": null, "26": null}, "26": {"27": null, "5": null, "18": null, "11": null, "24": null}, "15": {"2": null, "14": null, "16": null}}, "max_int_key": 27, "edge": {"21": {"22": {"length": -0.83333333333333393, "type": "trail"}}, "10": {"23": {"force": -0.10000000000000001, "type": "deviation"}, "11": {"length": -0.83333333333333393, "type": "trail"}}, "14": {"15": {"length": -0.83333333333333304, "type": "trail"}}, "13": {"14": {"length": -0.83333333333333348, "type": "trail"}}, "3": {"16": {"force": -0.10000000000000001, "type": "deviation"}, "4": {"length": -0.83333333333333337, "type": "trail"}}, "1": {"2": {"length": -0.83333333333333304, "type": "trail"}, "14": {"force": -0.10000000000000001, "type": "deviation"}}, "9": {"10": {"length": -0.83333333333333171, "type": "trail"}, "22": {"force": -0.10000000000000001, "type": "deviation"}}, "22": {"23": {"length": -0.83333333333333171, "type": "trail"}}, "20": {"21": {"length": -0.8333333333333337, "type": "trail"}}, "23": {"27": {"force": -12.6, "type": "deviation"}}, "24": {"25": {"length": 3.4075080500434782, "type": "trail"}, "12": {"force": 3.7999999999999998, "type": "deviation"}, "18": {"force": -0.90000000000000002, "type": "deviation"}}, "16": {"17": {"length": -0.83333333333333337, "type": "trail"}}, "7": {"8": {"length": -0.8333333333333337, "type": "trail"}, "20": {"force": -0.10000000000000001, "type": "deviation"}}, "18": {"19": {"length": -0.83333333333333282, "type": "trail"}}, "17": {"18": {"length": -0.83333333333333326, "type": "trail"}}, "25": {"0": {"force": -12.6, "type": "deviation"}, "12": {"force": -0.10000000000000001, "type": "deviation"}}, "6": {"19": {"force": -0.10000000000000001, "type": "deviation"}, "7": {"length": -0.8333333333333327, "type": "trail"}}, "19": {"20": {"length": -0.8333333333333327, "type": "trail"}}, "4": {"17": {"force": -0.10000000000000001, "type": "deviation"}, "5": {"length": -0.83333333333333326, "type": "trail"}}, "12": {"13": {"length": -0.83333333333333304, "type": "trail"}}, "2": {"3": {"length": -0.83333333333333326, "type": "trail"}, "15": {"force": -0.10000000000000001, "type": "deviation"}}, "27": {}, "5": {"6": {"length": -0.83333333333333282, "type": "trail"}, "24": {"force": -0.90000000000000002, "type": "deviation"}, "18": {"force": -0.10000000000000001, "type": "deviation"}}, "0": {"1": {"length": -0.83333333333333348, "type": "trail"}, "13": {"force": -0.10000000000000001, "type": "deviation"}}, "8": {"9": {"length": -0.83333333333333393, "type": "trail"}, "21": {"force": -0.10000000000000001, "type": "deviation"}}, "11": {"27": {"force": -0.10000000000000001, "type": "deviation"}, "26": {"force": 3.7999999999999998,