{"compas": "1.7.1", "datatype": "compas_cem.diagrams/TopologyDiagram", "data": {"adjacency": {"5": {"4": null, "6": null}, "4": {"3": null, "5": null}, "7": {"6": null, "8": null}, "6": {"7": null, "5": null}, "1": {"0": null, "2": null}, "0": {"1": null}, "3": {"4": null, "2": null}, "2": {"1": null, "3": null}, "10": {"9": null, "11": null}, "11": {"10": null}, "9": {"8": null, "10": null}, "8": {"7": null, "9": null}}, "node_attributes": {"z": 0.0, "qx": 0.0, "rx": 0.0, "qy": 0.0, "ry": 0.0, "qz": 0.0, "type": null, "rz": 0.0, "_k": null, "y": 0.0, "x": 0.0}, "node": {"5": {"z": 1.3948349019471593, "qx": -0.0, "qy": -0.0, "qz": -0.27280833809788912, "type": "_origin", "_k": 0, "y": -3.4251668654964469, "x": -0.45468056454347655}, "4": {"z": 1.4018426604412202, "qx": -0.0, "qy": -0.0, "qz": -0.27280833953366979, "_k": 1, "y": -3.4251668654964469, "x": -1.364014687293982}, "7": {"z": 1.4018426604412204, "qx": -0.0, "qy": -0.0, "qz": -0.27280833953367001, "_k": 1, "y": -3.4251668654964469, "x": 1.3640146872939756}, "6": {"z": 1.3948349019471593, "qx": -0.0, "qy": -0.0, "qz": -0.2728083380978894, "type": "_origin", "_k": 0, "y": -3.4251668654964469, "x": 0.45468056454346839}, "1": {"z": 1.464987480060745, "qx": -0.0, "qy": -0.0, "qz": -0.27280835781259827, "_k": 4, "y": -3.4251668654964469, "x": -4.0913130644596496}, "0": {"z": 1.5000000000000007, "qx": -0.0, "qy": -0.0, "qz": -0.13640418258220588, "type": "support", "_k": 5, "y": -3.4251668654964469, "x": -5.0000000000000009}, "3": {"z": 1.4158881894104691, "qx": -0.0, "qy": -0.0, "qz": -0.2728083440191359, "_k": 2, "y": -3.4251668654964469, "x": -2.2732673494395668}, "2": {"z": 1.4369062073438008, "qx": -0.0, "qy": -0.0, "qz": -0.27280834845070578, "_k": 3, "y": -3.4251668654964469, "x": -3.1823855776063681}, "10": {"z": 1.4649874800607454, "qx": -0.0, "qy": -0.0, "qz": -0.27280835781259805, "_k": 4, "y": -3.4251668654964469, "x": 4.0913130644596389}, "11": {"z": 1.5000000000000011, "qx": -0.0, "qy": -0.0, "qz": -0.13640418258220588, "type": "support", "_k": 5, "y": -3.4251668654964469, "x": 4.9999999999999902}, "9": {"z": 1.4369062073438013, "qx": -0.0, "qy": -0.0, "qz": -0.27280834845070523, "_k": 3, "y": -3.4251668654964469, "x": 3.1823855776063588}, "8": {"z": 1.4158881894104693, "qx": -0.0, "qy": -0.0, "qz": -0.27280834401913545, "_k": 2, "y": -3.4251668654964469, "x": 2.2732673494395597}}, "max_int_key": 11, "attributes": {"gkey_node": {"0.455,-3.425,1.395": 6, "-0.455,-3.425,1.395": 5, "2.273,-3.425,1.416": 8, "-2.273,-3.425,1.416": 3, "1.364,-3.425,1.402": 7, "3.182,-3.425,1.437": 9, "-3.182,-3.425,1.437": 2, "4.091,-3.425,1.465": 10, "-1.364,-3.425,1.402": 4, "5.000,-3.425,1.500": 11, "-5.000,-3.425,1.500": 0, "-4.091,-3.425,1.465": 1}, "name": "Network", "_aux_length": 0.33000000000000002, "_trails": {"5": [5, 4, 3, 2, 1, 0], "6": [6, 7, 8, 9, 10, 11]}, "tol": "3f", "_auxiliary_trails": {}, "_aux_vector": {"dtype": "compas.geometry/Vector", "value": [-0.0, -0.0, -1.0]}}, "edge_attributes": {"force": 0.0, "type": null, "length": 0.0}, "edge": {"5": {"6": {"force": 13.199999999999999, "length": 0.909361129086945, "type": "deviation"}}, "4": {"5": {"length": 0.90936112489898213, "type": "trail"}}, "7": {"8": {"length": 0.90936113865881552, "type": "trail"}}, "6": {"7": {"length": 0.90936112489898391, "type": "trail"}}, "1": {"2": {"length": 0.90936116820261559, "type": "trail"}}, "0": {"1": {"length": 0.90936121721470575, "type": "trail"}}, "3": {"4": {"length": 0.90936113865881618, "type": "trail"}}, "2": {"3": {"length": 0.90936115480208968, "type": "trail"}}, "10": {"11": {"length": 0.90936121721470575, "type": "trail"}}, "11": {}, "9": {"10": {"length": 0.90936116820261426, "type": "trail"}}, "8": {"9": {"length": 0.90936115480208746, "type": "trail"}}}}}