{"compas": "1.7.1", "datatype": "compas_cem.diagrams/TopologyDiagram", "data": {"adjacency": {"16": {"15": null, "17": null}, "26": {"27": null, "25": null}, "15": {"14": null, "16": null}, "18": {"19": null, "17": null}, "25": {"26": null, "24": null}, "28": {"27": null, "29": null}, "10": {"9": null, "11": null}, "20": {"21": null, "19": null}, "17": {"18": null, "16": null}, "27": {"28": null, "26": null}, "12": {"13": null, "11": null}, "22": {"21": null, "23": null}, "19": {"20": null, "18": null}, "29": {"28": null}, "11": {"12": null, "10": null}, "5": {"4": null, "6": null}, "4": {"3": null, "5": null}, "7": {"6": null, "8": null}, "6": {"7": null, "5": null}, "1": {"0": null, "2": null}, "0": {"1": null}, "3": {"4": null, "2": null}, "2": {"1": null, "3": null}, "21": {"20": null, "22": null}, "9": {"8": null, "10": null}, "8": {"7": null, "9": null}, "14": {"13": null, "15": null}, "24": {"23": null, "25": null}, "13": {"12": null, "14": null}, "23": {"22": null, "24": null}}, "node_attributes": {"z": 0.0, "qx": 0.0, "rx": 0.0, "qy": 0.0, "ry": 0.0, "qz": 0.0, "type": null, "rz": 0.0, "_k": null, "y": 0.0, "x": 0.0}, "node": {"16": {"z": 1.3950645478419803, "qx": -0.0, "qy": -0.0, "qz": -0.10347925717432233, "_k": 1, "y": -3.4251668654964469, "x": 0.51739486025572212}, "26": {"z": 1.4606689064876441, "qx": -0.0, "qy": -0.0, "qz": -0.10347925503654277, "_k": 11, "y": -3.4251668654964469, "x": 3.9659579981903148}, "15": {"z": 1.3940889684430167, "qx": -0.0, "qy": -0.0, "qz": -0.10347924450208976, "type": "_origin", "_k": 0, "y": -3.4251668654964469, "x": 0.17246539012360768}, "18": {"z": 1.4001488507065178, "qx": -0.0, "qy": -0.0, "qz": -0.10347924085540515, "_k": 3, "y": -3.4251668654964469, "x": 1.2072370653821136}, "25": {"z": 1.4495916030327136, "qx": -0.0, "qy": -0.0, "qz": -0.10347924774014988, "_k": 10, "y": -3.4251668654964469, "x": 3.6212050517642926}, "28": {"z": 1.4859165527463309, "qx": -0.0, "qy": -0.0, "qz": -0.10347924724540285, "_k": 13, "y": -3.4251668654964469, "x": 4.6553567651371077}, "10": {"z": 1.40416038115815, "qx": -0.0, "qy": -0.0, "qz": -0.10347925266583213, "_k": 4, "y": -3.4251668654964469, "x": -1.5521445594680001}, "20": {"z": 1.409219460526947, "qx": -0.0, "qy": -0.0, "qz": -0.10347924858649896, "_k": 5, "y": -3.4251668654964469, "x": 1.8970383194741713}, "17": {"z": 1.3971127260979033, "qx": -0.0, "qy": -0.0, "qz": -0.10347924728916758, "_k": 2, "y": -3.4251668654964469, "x": 0.86231964395264682}, "27": {"z": 1.4728060601026787, "qx": -0.0, "qy": -0.0, "qz": -0.1034792427199204, "_k": 12, "y": -3.4251668654964469, "x": 4.3106752323292206}, "12": {"z": 1.397112726097903, "qx": -0.0, "qy": -0.0, "qz": -0.10347924728916749, "_k": 2, "y": -3.4251668654964469, "x": -0.86231964395265426}, "22": {"z": 1.4223374634761627, "qx": -0.0, "qy": -0.0, "qz": -0.10347924952926536, "_k": 7, "y": -3.4251668654964469, "x": 2.5867744926391971}, "19": {"z": 1.4041603811581502, "qx": -0.0, "qy": -0.0, "qz": -0.10347925266583183, "_k": 4, "y": -3.4251668654964469, "x": 1.5521445594679908}, "29": {"z": 1.5000000000000011, "qx": -0.0, "qy": -0.0, "qz": -0.051739630009541279, "type": "support", "_k": 14, "y": -3.4251668654964469, "x": 4.9999999999999902}, "11": {"z": 1.4001488507065174, "qx": -0.0, "qy": -0.0, "qz": -0.10347924085540544, "_k": 3, "y": -3.4251668654964469, "x": -1.2072370653821205}, "5": {"z": 1.4395118829467211, "qx": -0.0, "qy": -0.0, "qz": -0.10347924003822195, "_k": 9, "y": -3.4251668654964469, "x": -3.2764215723216781}, "4": {"z": 1.4495916030327134, "qx": -0.0, "qy": -0.0, "qz": -0.10347924774015022, "_k": 10, "y": -3.4251668654964469, "x": -3.6212050517643064}, "7": {"z": 1.4223374634761625, "qx": -0.0, "qy": -0.0, "qz": -0.1034792495292657, "_k": 7, "y": -3.4251668654964469, "x": -2.5867744926392069}, "6": {"z": 1.4304064479831409, "qx": -0.0, "qy": -0.0, "qz": -0.10347925119164458, "_k": 8, "y": -3.4251668654964469, "x": -2.9316109629233988}, "1": {"z": 1.4859165527463309, "qx": -0.0, "qy": -0.0, "qz": -0.10347924724540231, "_k": 13, "y": -3.4251668654964469, "x": -4.6553567651371219}, "0": {"z": 1.5000000000000007, "qx": -0.0, "qy": -0.0, "qz": -0.051739630009540752, "type": "support", "_k": 14, "y": -3.4251668654964469, "x": -5.0000000000000009}, "3": {"z": 1.4606689064876439, "qx": -0.0, "qy": -0.0, "qz": -0.10347925503654284, "_k": 11, "y": -3.4251668654964469, "x": -3.9659579981903286}, "2": {"z": 1.4728060601026784, "qx": -0.0, "qy": -0.0, "qz": -0.10347924271992048, "_k": 12, "y": -3.4251668654964469, "x": -4.3106752323292348}, "21": {"z": 1.4152909748616533, "qx": -0.0, "qy": -0.0, "qz": -0.10347923938439722, "_k": 6, "y": -3.4251668654964469, "x": 2.2419156742043413}, "9": {"z": 1.4092194605269466, "qx": -0.0, "qy": -0.0, "qz": -0.10347924858649898, "_k": 5, "y": -3.4251668654964469, "x": -1.8970383194741802}, "8": {"z": 1.4152909748616533, "qx": -0.0, "qy": -0.0, "qz": -0.10347923938439738, "_k": 6, "y": -3.4251668654964469, "x": -2.2419156742043507}, "14": {"z": 1.3940889684430167, "qx": -0.0, "qy": -0.0, "qz": -0.10347924450208998, "type": "_origin", "_k": 0, "y": -3.4251668654964469, "x": -0.17246539012361364}, "24": {"z": 1.4395118829467211, "qx": -0.0, "qy": -0.0, "qz": -0.10347924003822162, "_k": 9, "y": -3.4251668654964469, "x": 3.2764215723216665}, "13": {"z": 1.3950645478419803, "qx": -0.0, "qy": -0.0, "qz": -0.10347925717432258, "_k": 1, "y": -3.4251668654964469, "x": -0.51739486025572956}, "23": {"z": 1.4304064479831409, "qx": -0.0, "qy": -0.0, "qz": -0.10347925119164431, "_k": 8, "y": -3.4251668654964469, "x": 2.9316109629233873}}, "max_int_key": 29, "attributes": {"gkey_node": {"5.000,-3.425,1.500": 29, "2.932,-3.425,1.430": 23, "1.897,-3.425,1.409": 20, "-4.655,-3.425,1.486": 1, "-1.207,-3.425,1.400": 11, "4.311,-3.425,1.473": 27, "-5.000,-3.425,1.500": 0, "-1.552,-3.425,1.404": 10, "-4.311,-3.425,1.473": 2, "-3.621,-3.425,1.450": 4, "0.172,-3.425,1.394": 15, "-0.517,-3.425,1.395": 13, "3.276,-3.425,1.440": 24, "4.655,-3.425,1.486": 28, "0.862,-3.425,1.397": 17, "-2.932,-3.425,1.430": 6, "0.517,-3.425,1.395": 16, "-3.966,-3.425,1.461": 3, "2.587,-3.425,1.422": 22, "-1.897,-3.425,1.409": 9, "-3.276,-3.425,1.440": 5, "1.207,-3.425,1.400": 18, "-0.862,-3.425,1.397": 12, "3.966,-3.425,1.461": 26, "1.552,-3.425,1.404": 19, "3.621,-3.425,1.450": 25, "2.242,-3.425,1.415": 21, "-2.587,-3.425,1.422": 7, "-0.172,-3.425,1.394": 14, "-2.242,-3.425,1.415": 8}, "name": "Network", "_aux_length": 0.33000000000000002, "_trails": {"14": [14, 13, 12, 11, 10, 9, 8, 7, 6, 5, 4, 3, 2, 1, 0], "15": [15, 16, 17, 18, 19, 20, 21, 22, 23, 24, 25, 26, 27, 28, 29]}, "tol": "3f", "_auxiliary_trails": {}, "_aux_vector": {"dtype": "compas.geometry/Vector", "value": [-0.0, -0.0, -1.0]}}, "edge_attributes": {"force": 0.0, "type": null, "length": 0.0}, "edge": {"16": {"17": {"length": 0.34493086472877182, "type": "trail"}}, "26": {"27": {"length": 0.34493083656039242, "type": "trail"}}, "15": {"16": {"length": 0.34493084976671035, "type": "trail"}}, "18": {"19": {"length": 0.34493082183702251, "type": "trail"}}, "25": {"26": {"length": 0.34493086368322606, "type": "trail"}}, "28": {"29": {"length": 0.34493086673027523, "type": "trail"}}, "10": {"11": {"length": 0.34493082183702495, "type": "trail"}}, "20": {"21": {"length": 0.3449307946414702, "type": "trail"}}, "17": {"18": {"length": 0.34493078386567855, "type": "trail"}}, "27": {"28": {"length": 0.34493078157241036, "type": "trail"}}, "12": {"13": {"length": 0.34493086472877182, "type": "trail"}}, "22": {"23": {"length": 0.3449308622739245, "type": "trail"}}, "19": {"20": {"length": 0.34493086260185624, "type": "trail"}}, "29": {}, "11": {"12": {"length": 0.34493078386567799, "type": "trail"}}, "5": {"6": {"length": 0.34493081233703765, "type": "trail"}}, "4": {"5": {"length": 0.34493078791777526, "type": "trail"}}, "7": {"8": {"length": 0.34493080125451181, "type": "trail"}}, "6": {"7": {"length": 0.34493086227392628, "type": "trail"}},