{"compas": "1.7.1", "datatype": "compas_cem.diagrams/TopologyDiagram", "data": {"adjacency": {"1": {"0": null, "2": null}, "0": {"1": null}, "3": {"2": null}, "2": {"1": null, "3": null}}, "node_attributes": {"z": 0.0, "qx": 0.0, "rx": 0.0, "qy": 0.0, "ry": 0.0, "qz": 0.0, "type": null, "rz": 0.0, "_k": null, "y": 0.0, "x": 0.0}, "node": {"1": {"z": 1.4057530440098311, "qx": -0.0, "qy": -0.0, "qz": -1.0002664214620671, "type": "_origin", "_k": 0, "y": -3.4251668654964469, "x": -1.6671105252836127}, "0": {"z": 1.5000000000000007, "qx": -0.0, "qy": -0.0, "qz": -0.50013326387698476, "type": "support", "_k": 1, "y": -3.4251668654964469, "x": -5.0000000000000009}, "3": {"z": 1.5000000000000011, "qx": -0.0, "qy": -0.0, "qz": -0.50013326387698465, "type": "support", "_k": 1, "y": -3.4251668654964469, "x": 4.9999999999999902}, "2": {"z": 1.4057530440098311, "qx": -0.0, "qy": -0.0, "qz": -1.0002664214620671, "type": "_origin", "_k": 0, "y": -3.4251668654964469, "x": 1.6671105252836029}}, "max_int_key": 3, "attributes": {"gkey_node": {"5.000,-3.425,1.500": 3, "-5.000,-3.425,1.500": 0, "-1.667,-3.425,1.406": 1, "1.667,-3.425,1.406": 2}, "name": "Network", "_aux_length": 0.33000000000000002, "_trails": {"1": [1, 0], "2": [2, 3]}, "tol": "3f", "_auxiliary_trails": {}, "_aux_vector": {"dtype": "compas.geometry/Vector", "value": [-0.0, -0.0, -1.0]}}, "edge_attributes": {"force": 0.0, "type": null, "length": 0.0}, "edge": {"1": {"2": {"force": 13.199999999999999, "length": 3.3342210505672156, "type": "deviation"}}, "0": {"1": {"length": 3.3342217591798984, "type": "trail"}}, "3": {}, "2": {"3": {"length": 3.3342217591798975, "type": "trail"}}}}}