{"compas": "1.7.1", "datatype": "compas_cem.diagrams/TopologyDiagram", "data": {"adjacency": {"16": {"15": null, "17": null}, "26": {"27": null, "25": null}, "15": {"14": null, "16": null}, "18": {"19": null, "17": null}, "25": {"26": null, "24": null}, "10": {"9": null, "11": null}, "20": {"21": null, "19": null}, "17": {"18": null, "16": null}, "27": {"26": null}, "12": {"13": null, "11": null}, "22": {"21": null, "23": null}, "19": {"20": null, "18": null}, "11": {"12": null, "10": null}, "5": {"4": null, "6": null}, "4": {"3": null, "5": null}, "7": {"6": null, "8": null}, "6": {"7": null, "5": null}, "1": {"0": null, "2": null}, "0": {"1": null}, "3": {"4": null, "2": null}, "2": {"1": null, "3": null}, "21": {"20": null, "22": null}, "9": {"8": null, "10": null}, "8": {"7": null, "9": null}, "14": {"13": null, "15": null}, "24": {"23": null, "25": null}, "13": {"12": null, "14": null}, "23": {"22": null, "24": null}}, "node_attributes": {"z": 0.0, "qx": 0.0, "rx": 0.0, "qy": 0.0, "ry": 0.0, "qz": 0.0, "type": null, "rz": 0.0, "_k": null, "y": 0.0, "x": 0.0}, "node": {"16": {"z": 1.3975687062809028, "qx": -0.0, "qy": -0.0, "qz": -0.11114438618734272, "_k": 2, "y": -3.4251668654964469, "x": 0.92619411564733323}, "26": {"z": 1.4848994907548749, "qx": -0.0, "qy": -0.0, "qz": -0.11114437758994201, "_k": 12, "y": -3.4251668654964469, "x": 4.6298265719589429}, "15": {"z": 1.3952636416421995, "qx": -0.0, "qy": -0.0, "qz": -0.11114437296820912, "_k": 1, "y": -3.4251668654964469, "x": 0.55572000883962513}, "18": {"z": 1.4057530440098311, "qx": -0.0, "qy": -0.0, "qz": -0.11114436324100052, "_k": 4, "y": -3.4251668654964469, "x": 1.6671105252836016}, "25": {"z": 1.4709486532149996, "qx": -0.0, "qy": -0.0, "qz": -0.1111443609407375, "_k": 11, "y": -3.4251668654964469, "x": 4.2596081122333267}, "10": {"z": 1.4010779300355405, "qx": -0.0, "qy": -0.0, "qz": -0.11114437930321899, "_k": 3, "y": -3.4251668654964469, "x": -1.2966587923393138}, "20": {"z": 1.4185596483648322, "qx": -0.0, "qy": -0.0, "qz": -0.11114436567894474, "_k": 6, "y": -3.4251668654964469, "x": 2.4079613316651378}, "17": {"z": 1.4010779300355407, "qx": -0.0, "qy": -0.0, "qz": -0.11114437930321877, "_k": 3, "y": -3.4251668654964469, "x": 1.2966587923393038}, "27": {"z": 1.5000000000000011, "qx": -0.0, "qy": -0.0, "qz": -0.055572194707967565, "type": "support", "_k": 13, "y": -3.4251668654964469, "x": 4.9999999999999902}, "12": {"z": 1.3952636416421993, "qx": -0.0, "qy": -0.0, "qz": -0.11114437296820925, "_k": 1, "y": -3.4251668654964469, "x": -0.55572000883963324}, "22": {"z": 1.4359984923133233, "qx": -0.0, "qy": -0.0, "qz": -0.11114438380875671, "_k": 8, "y": -3.4251668654964469, "x": 3.1487176936784858}, "19": {"z": 1.4115803460606928, "qx": -0.0, "qy": -0.0, "qz": -0.11114435754223385, "_k": 5, "y": -3.4251668654964469, "x": 2.0375458833898619}, "11": {"z": 1.3975687062809024, "qx": -0.0, "qy": -0.0, "qz": -0.11114438618734301, "_k": 2, "y": -3.4251668654964469, "x": -0.92619411564734289}, "5": {"z": 1.4359984923133231, "qx": -0.0, "qy": -0.0, "qz": -0.11114438380875716, "_k": 8, "y": -3.4251668654964469, "x": -3.1487176936784991}, "4": {"z": 1.4464977598846078, "qx": -0.0, "qy": -0.0, "qz": -0.1111443695447149, "_k": 9, "y": -3.4251668654964469, "x": -3.5190501538013055}, "7": {"z": 1.4185596483648319, "qx": -0.0, "qy": -0.0, "qz": -0.11114436567894495, "_k": 6, "y": -3.4251668654964469, "x": -2.4079613316651503}, "6": {"z": 1.4266907248329368, "qx": -0.0, "qy": -0.0, "qz": -0.1111443810834523, "_k": 7, "y": -3.4251668654964469, "x": -2.7783533372123657}, "1": {"z": 1.4848994907548747, "qx": -0.0, "qy": -0.0, "qz": -0.11114437758994121, "_k": 12, "y": -3.4251668654964469, "x": -4.6298265719589615}, "0": {"z": 1.5000000000000007, "qx": -0.0, "qy": -0.0, "qz": -0.055572194707966358, "type": "support", "_k": 13, "y": -3.4251668654964469, "x": -5.0000000000000009}, "3": {"z": 1.4581479385429477, "qx": -0.0, "qy": -0.0, "qz": -0.11114435827371309, "_k": 10, "y": -3.4251668654964469, "x": -3.8893481337478186}, "2": {"z": 1.4709486532149993, "qx": -0.0, "qy": -0.0, "qz": -0.11114436094073786, "_k": 11, "y": -3.4251668654964469, "x": -4.2596081122333427}, "21": {"z": 1.4266907248329368, "qx": -0.0, "qy": -0.0, "qz": -0.11114438108345216, "_k": 7, "y": -3.4251668654964469, "x": 2.7783533372123541}, "9": {"z": 1.4057530440098311, "qx": -0.0, "qy": -0.0, "qz": -0.11114436324100055, "_k": 4, "y": -3.4251668654964469, "x": -1.6671105252836127}, "8": {"z": 1.4115803460606924, "qx": -0.0, "qy": -0.0, "qz": -0.11114435754223406, "_k": 5, "y": -3.4251668654964469, "x": -2.0375458833898721}, "14": {"z": 1.3941110901532561, "qx": -0.0, "qy": -0.0, "qz": -0.11114435917325165, "type": "_origin", "_k": 0, "y": -3.4251668654964469, "x": 0.1852405928747215}, "24": {"z": 1.4581479385429479, "qx": -0.0, "qy": -0.0, "qz": -0.11114435827371287, "_k": 10, "y": -3.4251668654964469, "x": 3.8893481337478022}, "13": {"z": 1.3941110901532561, "qx": -0.0, "qy": -0.0, "qz": -0.11114435917325154, "type": "_origin", "_k": 0, "y": -3.4251668654964469, "x": -0.18524059287473038}, "23": {"z": 1.446497759884608, "qx": -0.0, "qy": -0.0, "qz": -0.11114436954471445, "_k": 9, "y": -3.4251668654964469, "x": 3.5190501538012908}}, "max_int_key": 27, "attributes": {"gkey_node": {"5.000,-3.425,1.500": 27, "-0.926,-3.425,1.398": 11, "0.926,-3.425,1.398": 16, "0.185,-3.425,1.394": 14, "-5.000,-3.425,1.500": 0, "-2.038,-3.425,1.412": 8, "-3.149,-3.425,1.436": 5, "-4.630,-3.425,1.485": 1, "-0.556,-3.425,1.395": 12, "-1.667,-3.425,1.406": 9, "-3.519,-3.425,1.446": 4, "-0.185,-3.425,1.394": 13, "3.889,-3.425,1.458": 24, "1.297,-3.425,1.401": 17, "-2.778,-3.425,1.427": 6, "4.630,-3.425,1.485": 26, "-2.408,-3.425,1.419": 7, "3.519,-3.425,1.446": 23, "2.038,-3.425,1.412": 19, "2.778,-3.425,1.427": 21, "1.667,-3.425,1.406": 18, "-3.889,-3.425,1.458": 3, "3.149,-3.425,1.436": 22, "-1.297,-3.425,1.401": 10, "2.408,-3.425,1.419": 20, "0.556,-3.425,1.395": 15, "4.260,-3.425,1.471": 25, "-4.260,-3.425,1.471": 2}, "name": "Network", "_aux_length": 0.33000000000000002, "_trails": {"14": [14, 15, 16, 17, 18, 19, 20, 21, 22, 23, 24, 25, 26, 27], "13": [13, 12, 11, 10, 9, 8, 7, 6, 5, 4, 3, 2, 1, 0]}, "tol": "3f", "_auxiliary_trails": {}, "_aux_vector": {"dtype": "compas.geometry/Vector", "value": [-0.0, -0.0, -1.0]}}, "edge_attributes": {"force": 0.0, "type": null, "length": 0.0}, "edge": {"16": {"17": {"length": 0.37048129686644965, "type": "trail"}}, "26": {"27": {"length": 0.37048129805311708, "type": "trail"}}, "15": {"16": {"length": 0.37048127771583506, "type": "trail"}}, "18": {"19": {"length": 0.37048118978499467, "type": "trail"}}, "25": {"26": {"length": 0.3704812192131629, "type": "trail"}}, "10": {"11": {"length": 0.37048129686644998, "type": "trail"}}, "20": {"21": {"length": 0.37048124402973392, "type": "trail"}}, "17": {"18": {"length": 0.37048123182167531, "type": "trail"}}, "27": {}, "12": {"13": {"length": 0.37048120873889162, "type": "trail"}}, "22": {"23": {"length": 0.37048126219843081, "type": "trail"}}, "19": {"20": {"length": 0.37048119382989764, "type": "trail"}}, "11": {"12": {"length": 0.37048127771583661, "type": "trail"}}, "5": {"6": {"length": 0.37048129652661554, "type": "trail"}}, "4": {"5": {"length": 0.37048126219843219, "type": "trail"}}, "7": {"8": {"length": 0.37048119382989986, "type": "trail"}}, "6": {"7": {"length": 0.37048124402973304, "type": "trail"}}, "1": {"2": {"length": 0.37048121921316557, "type": "trail"}}, "0": {"1": {"length": 0.37048129805310909, "type": "trail"}}, "3": {"4": {"length": 0.37048120143300056, "type": "trail"}}, "2": {"3": {"length": 0.37048118705842004, "type": "trail"}}, "21": {"22": {"length": 0.37048129652661377, "type": "trail"}}, "9": {"10": {"length": 0.37048123182167642, "type": "trail"}}, "8": {"9": {"length": 0.37048118978499378, "type": "trail"}}, "14": {"15": {"length": 0.3704812087388924, "type": "trail"}}, "24": {"25": {"length": 0.37048118705842048, "type": "trail"}},