{"compas": "1.7.1", "datatype": "compas_cem.diagrams/TopologyDiagram", "data": {"adjacency": {"16": {"15": null, "17": null}, "36": {"37": null, "35": null}, "26": {"27": null, "25": null}, "15": {"14": null, "16": null}, "18": {"19": null, "17": null}, "35": {"36": null, "34": null}, "25": {"26": null, "24": null}, "28": {"27": null, "29": null}, "38": {"37": null, "39": null}, "40": {"41": null, "39": null}, "10": {"9": null, "11": null}, "30": {"31": null, "29": null}, "20": {"21": null, "19": null}, "17": {"18": null, "16": null}, "37": {"36": null, "38": null}, "27": {"28": null, "26": null}, "12": {"13": null, "11": null}, "32": {"31": null, "33": null}, "22": {"21": null, "23": null}, "19": {"20": null, "18": null}, "39": {"40": null, "38": null}, "29": {"28": null, "30": null}, "41": {"40": null}, "11": {"12": null, "10": null}, "5": {"4": null, "6": null}, "4": {"3": null, "5": null}, "7": {"6": null, "8": null}, "6": {"7": null, "5": null}, "1": {"0": null, "2": null}, "0": {"1": null}, "3": {"4": null, "2": null}, "2": {"1": null, "3": null}, "21": {"20": null, "22": null}, "31": {"30": null, "32": null}, "9": {"8": null, "10": null}, "8": {"7": null, "9": null}, "14": {"13": null, "15": null}, "34": {"33": null, "35": null}, "24": {"23": null, "25": null}, "13": {"12": null, "14": null}, "33": {"32": null, "34": null}, "23": {"22": null, "24": null}}, "node_attributes": {"z": 0.0, "qx": 0.0, "rx": 0.0, "qy": 0.0, "ry": 0.0, "qz": 0.0, "type": null, "rz": 0.0, "_k": null, "y": 0.0, "x": 0.0}, "node": {"16": {"z": 1.3990551416420662, "qx": -0.0, "qy": -0.0, "qz": -0.073192654233128984, "_k": 4, "y": -3.4251668654964469, "x": -1.0978741996245172}, "36": {"z": 1.4545816912065486, "qx": -0.0, "qy": -0.0, "qz": -0.073192657334889374, "_k": 15, "y": -3.4251668654964469, "x": 3.780973203560845}, "26": {"z": 1.4015738283410957, "qx": -0.0, "qy": -0.0, "qz": -0.073192655297105294, "_k": 5, "y": -3.4251668654964469, "x": 1.3418367184519648}, "15": {"z": 1.4015738283410952, "qx": -0.0, "qy": -0.0, "qz": -0.073192655297104975, "_k": 5, "y": -3.4251668654964469, "x": -1.3418367184519711}, "18": {"z": 1.3955452865303142, "qx": -0.0, "qy": -0.0, "qz": -0.073192647098476921, "_k": 2, "y": -3.4251668654964469, "x": -0.6099360726900307}, "35": {"z": 1.4470296069527691, "qx": -0.0, "qy": -0.0, "qz": -0.073192654017675621, "_k": 14, "y": -3.4251668654964469, "x": 3.537114591399146}, "25": {"z": 1.3990551416420665, "qx": -0.0, "qy": -0.0, "qz": -0.073192654233128943, "_k": 4, "y": -3.4251668654964469, "x": 1.0978741996245109}, "28": {"z": 1.4081706515900254, "qx": -0.0, "qy": -0.0, "qz": -0.073192647183736609, "_k": 7, "y": -3.4251668654964469, "x": 1.8297428838153826}, "38": {"z": 1.47127709711587, "qx": -0.0, "qy": -0.0, "qz": -0.073192647655984988, "_k": 17, "y": -3.4251668654964469, "x": 4.268638273713707}, "40": {"z": 1.489935187932085, "qx": -0.0, "qy": -0.0, "qz": -0.073192654291841602, "_k": 19, "y": -3.4251668654964469, "x": 4.7562321625727755}, "10": {"z": 1.4217694085923227, "qx": -0.0, "qy": -0.0, "qz": -0.073192656172097359, "_k": 10, "y": -3.4251668654964469, "x": -2.5615420330695615}, "30": {"z": 1.4167330295039167, "qx": -0.0, "qy": -0.0, "qz": -0.073192654012847261, "_k": 9, "y": -3.4251668654964469, "x": 2.3176184997723053}, "20": {"z": 1.3940015607098752, "qx": -0.0, "qy": -0.0, "qz": -0.073192654659743131, "type": "_origin", "_k": 0, "y": -3.4251668654964469, "x": -0.121987759741158}, "17": {"z": 1.3970544551494262, "qx": -0.0, "qy": -0.0, "qz": -0.07319264969265829, "_k": 3, "y": -3.4251668654964469, "x": -0.85390689474713866}, "37": {"z": 1.4626840129125227, "qx": -0.0, "qy": -0.0, "qz": -0.073192653067273586, "_k": 16, "y": -3.4251668654964469, "x": 4.0248141532430344}, "27": {"z": 1.4046265263830326, "qx": -0.0, "qy": -0.0, "qz": -0.073192651140594728, "_k": 6, "y": -3.4251668654964469, "x": 1.5857931348286622}, "12": {"z": 1.4122061666707308, "qx": -0.0, "qy": -0.0, "qz": -0.073192649086473258, "_k": 8, "y": -3.4251668654964469, "x": -2.0736849953973029}, "32": {"z": 1.4273477734387656, "qx": -0.0, "qy": -0.0, "qz": -0.073192652027094601, "_k": 11, "y": -3.4251668654964469, "x": 2.8054537710271155}, "22": {"z": 1.3945276514428429, "qx": -0.0, "qy": -0.0, "qz": -0.073192650371409568, "_k": 1, "y": -3.4251668654964469, "x": 0.36596270411158049}, "19": {"z": 1.3945276514428429, "qx": -0.0, "qy": -0.0, "qz": -0.073192650371409457, "_k": 1, "y": -3.4251668654964469, "x": -0.36596270411158716}, "39": {"z": 1.4803608537466473, "qx": -0.0, "qy": -0.0, "qz": -0.073192648066855298, "_k": 18, "y": -3.4251668654964469, "x": 4.5124445987371846}, "29": {"z": 1.4122061666707313, "qx": -0.0, "qy": -0.0, "qz": -0.073192649086473521, "_k": 8, "y": -3.4251668654964469, "x": 2.0736849953972971}, "41": {"z": 1.5000000000000011, "qx": -0.0, "qy": -0.0, "qz": -0.036596329428411643, "type": "support", "_k": 20, "y": -3.4251668654964469, "x": 4.9999999999999902}, "11": {"z": 1.4167330295039162, "qx": -0.0, "qy": -0.0, "qz": -0.07319265401284733, "_k": 9, "y": -3.4251668654964469, "x": -2.317618499772311}, "5": {"z": 1.4545816912065481, "qx": -0.0, "qy": -0.0, "qz": -0.073192657334889319, "_k": 15, "y": -3.4251668654964469, "x": -3.7809732035608521}, "4": {"z": 1.4626840129125223, "qx": -0.0, "qy": -0.0, "qz": -0.073192653067273586, "_k": 16, "y": -3.4251668654964469, "x": -4.0248141532430397}, "7": {"z": 1.4399779387456173, "qx": -0.0, "qy": -0.0, "qz": -0.073192648544139663, "_k": 13, "y": -3.4251668654964469, "x": -3.2932410185309209}, "6": {"z": 1.4470296069527684, "qx": -0.0, "qy": -0.0, "qz": -0.073192654017675815, "_k": 14, "y": -3.4251668654964469, "x": -3.5371145913991517}, "1": {"z": 1.4899351879320843, "qx": -0.0, "qy": -0.0, "qz": -0.073192654291842268, "_k": 19, "y": -3.4251668654964469, "x": -4.7562321625727817}, "0": {"z": 1.5000000000000007, "qx": -0.0, "qy": -0.0, "qz": -0.036596329428412309, "type": "support", "_k": 20, "y": -3.4251668654964469, "x": -5.0000000000000009}, "3": {"z": 1.4712770971158693, "qx": -0.0, "qy": -0.0, "qz": -0.073192647655985127, "_k": 17, "y": -3.4251668654964469, "x": -4.2686382737137141}, "2": {"z": 1.4803608537466466, "qx": -0.0, "qy": -0.0, "qz": -0.073192648066855173, "_k": 18, "y": -3.4251668654964469, "x": -4.5124445987371908}, "21": {"z": 1.3940015607098752, "qx": -0.0, "qy": -0.0, "qz": -0.073192654659743145, "type": "_origin", "_k": 0, "y": -3.4251668654964469, "x": 0.12198775974115131}, "31": {"z": 1.4217694085923229, "qx": -0.0, "qy": -0.0, "qz": -0.073192656172097234, "_k": 10, "y": -3.4251668654964469, "x": 2.5615420330695553}, "9": {"z": 1.4273477734387654, "qx": -0.0, "qy": -0.0, "qz": -0.073192652027094615, "_k": 11, "y": -3.4251668654964469, "x": -2.8054537710271221}, "8": {"z": 1.4334173047289034, "qx": -0.0, "qy": -0.0, "qz": -0.073192647363322788, "_k": 12, "y": -3.4251668654964469, "x": -3.0493537556862709}, "14": {"z": 1.4046265263830322, "qx": -0.0, "qy": -0.0, "qz": -0.073192651140594922, "_k": 6, "y": -3.4251668654964469, "x": -1.5857931348286662}, "34": {"z": 1.4399779387456175, "qx": -0.0, "qy": -0.0, "qz": -0.073192648544139732, "_k": 13, "y": -3.4251668654964469, "x": 3.2932410185309151}, "24": {"z": 1.3970544551494264, "qx": -0.0, "qy": -0.0, "qz": -0.073192649692658263, "_k": 3, "y": -3.4251668654964469, "x": 0.85390689474713266}, "13": {"z": 1.4081706515900252, "qx": -0.0, "qy": -0.0, "qz": -0.073192647183736859, "_k": 7, "y": -3.4251668654964469, "x": -1.8297428838153902}, "33": {"z": 1.4334173047289036, "qx": -0.0, "qy": -0.0, "qz": -0.073192647363322927, "_k": 12, "y": -3.4251668654964469, "x": 3.0493537556862647}, "23": {"z": 1.3955452865303142, "qx": -0.0, "qy": -0.0, "qz": -0.073192647098477018, "_k": 2, "y": -3.4251668654964469, "x": 0.6099360726900247}}, "max_int_key": 41, "attributes": {"gkey_node": {"-2.562,-3.425,1.422": 10, "5.000,-3.425,1.500": 41, "1.586,-3.425,1.405": 27, "-4.512,-3.425,1.480": 2, "-0.610,-3.425,1.396": 18, "3.781,-3.425,1.455": 36,