{"compas": "1.7.1", "datatype": "compas_cem.diagrams/TopologyDiagram", "data": {"adjacency": {"5": {"4": null, "6": null}, "4": {"3": null, "5": null}, "7": {"6": null}, "6": {"7": null, "5": null}, "1": {"0": null, "2": null}, "0": {"1": null}, "3": {"4": null, "2": null}, "2": {"1": null, "3": null}}, "node_attributes": {"z": 0.0, "qx": 0.0, "rx": 0.0, "qy": 0.0, "ry": 0.0, "qz": 0.0, "type": null, "rz": 0.0, "_k": null, "y": 0.0, "x": 0.0}, "node": {"5": {"z": 1.4134140148510885, "qx": -0.0, "qy": -0.0, "qz": -0.42869737452751688, "_k": 1, "y": -3.4251668654964469, "x": 2.1433818377508072}, "4": {"z": 1.3960888222889525, "qx": -0.0, "qy": -0.0, "qz": -0.42869737346236958, "type": "_origin", "_k": 0, "y": -3.4251668654964469, "x": 0.71449562219860407}, "7": {"z": 1.5000000000000011, "qx": -0.0, "qy": -0.0, "qz": -0.21434869008079621, "type": "support", "_k": 3, "y": -3.4251668654964469, "x": 4.9999999999999902}, "6": {"z": 1.4480562199382769, "qx": -0.0, "qy": -0.0, "qz": -0.42869737780552614, "_k": 2, "y": -3.4251668654964469, "x": 3.5719531221062946}, "1": {"z": 1.4480562199382767, "qx": -0.0, "qy": -0.0, "qz": -0.42869737780552619, "_k": 2, "y": -3.4251668654964469, "x": -3.5719531221063057}, "0": {"z": 1.5000000000000007, "qx": -0.0, "qy": -0.0, "qz": -0.21434869008079618, "type": "support", "_k": 3, "y": -3.4251668654964469, "x": -5.0000000000000009}, "3": {"z": 1.3960888222889523, "qx": -0.0, "qy": -0.0, "qz": -0.4286973734623698, "type": "_origin", "_k": 0, "y": -3.4251668654964469, "x": -0.71449562219861296}, "2": {"z": 1.4134140148510885, "qx": -0.0, "qy": -0.0, "qz": -0.42869737452751716, "_k": 1, "y": -3.4251668654964469, "x": -2.1433818377508174}}, "max_int_key": 7, "attributes": {"gkey_node": {"2.143,-3.425,1.413": 5, "-0.714,-3.425,1.396": 3, "0.714,-3.425,1.396": 4, "5.000,-3.425,1.500": 7, "-2.143,-3.425,1.413": 2, "-5.000,-3.425,1.500": 0, "-3.572,-3.425,1.448": 1, "3.572,-3.425,1.448": 6}, "name": "Network", "_aux_length": 0.33000000000000002, "_trails": {"3": [3, 2, 1, 0], "4": [4, 5, 6, 7]}, "tol": "3f", "_auxiliary_trails": {}, "_aux_vector": {"dtype": "compas.geometry/Vector", "value": [-0.0, -0.0, -1.0]}}, "edge_attributes": {"force": 0.0, "type": null, "length": 0.0}, "edge": {"5": {"6": {"length": 1.4289912514981993, "type": "trail"}}, "4": {"5": {"length": 1.4289912453519131, "type": "trail"}}, "7": {}, "6": {"7": {"length": 1.4289912672053082, "type": "trail"}}, "1": {"2": {"length": 1.4289912514982002, "type": "trail"}}, "0": {"1": {"length": 1.4289912672053078, "type": "trail"}}, "3": {"4": {"force": 13.199999999999999, "length": 1.428991244397217, "type": "deviation"}}, "2": {"3": {"length": 1.4289912453519145, "type": "trail"}}}}}