{"compas": "1.7.1", "datatype": "compas_cem.diagrams/TopologyDiagram", "data": {"adjacency": {"16": {"15": null, "17": null}, "36": {"37": null, "35": null}, "26": {"27": null, "25": null}, "15": {"14": null, "16": null}, "18": {"19": null, "17": null}, "35": {"36": null, "34": null}, "25": {"26": null, "24": null}, "28": {"27": null, "29": null}, "38": {"37": null, "39": null}, "10": {"9": null, "11": null}, "30": {"31": null, "29": null}, "20": {"21": null, "19": null}, "17": {"18": null, "16": null}, "37": {"36": null, "38": null}, "27": {"28": null, "26": null}, "12": {"13": null, "11": null}, "32": {"31": null, "33": null}, "22": {"21": null, "23": null}, "19": {"20": null, "18": null}, "39": {"38": null}, "29": {"28": null, "30": null}, "11": {"12": null, "10": null}, "5": {"4": null, "6": null}, "4": {"3": null, "5": null}, "7": {"6": null, "8": null}, "6": {"7": null, "5": null}, "1": {"0": null, "2": null}, "0": {"1": null}, "3": {"4": null, "2": null}, "2": {"1": null, "3": null}, "21": {"20": null, "22": null}, "31": {"30": null, "32": null}, "9": {"8": null, "10": null}, "8": {"7": null, "9": null}, "14": {"13": null, "15": null}, "34": {"33": null, "35": null}, "24": {"23": null, "25": null}, "13": {"12": null, "14": null}, "33": {"32": null, "34": null}, "23": {"22": null, "24": null}}, "node_attributes": {"z": 0.0, "qx": 0.0, "rx": 0.0, "qy": 0.0, "ry": 0.0, "qz": 0.0, "type": null, "rz": 0.0, "_k": null, "y": 0.0, "x": 0.0}, "node": {"16": {"z": 1.3973577629068825, "qx": -0.0, "qy": -0.0, "qz": -0.076946120812235105, "_k": 3, "y": -3.4251668654964469, "x": -0.89769633291943185}, "36": {"z": 1.4699127916814865, "qx": -0.0, "qy": -0.0, "qz": -0.076946120401676588, "_k": 16, "y": -3.4251668654964469, "x": 4.2311283721798585}, "26": {"z": 1.4057530440098314, "qx": -0.0, "qy": -0.0, "qz": -0.076946118688722462, "_k": 6, "y": -3.4251668654964469, "x": 1.6671105252836076}, "15": {"z": 1.3995975289068778, "qx": -0.0, "qy": -0.0, "qz": -0.076946119851507677, "_k": 4, "y": -3.4251668654964469, "x": -1.1541736230119195}, "18": {"z": 1.3945926467418328, "qx": -0.0, "qy": -0.0, "qz": -0.076946117565552696, "_k": 1, "y": -3.4251668654964469, "x": -0.38472994381833225}, "35": {"z": 1.4609597874043403, "qx": -0.0, "qy": -0.0, "qz": -0.076946124120235673, "_k": 15, "y": -3.4251668654964469, "x": 3.974797597933688}, "25": {"z": 1.4024078971645604, "qx": -0.0, "qy": -0.0, "qz": -0.076946117169249595, "_k": 5, "y": -3.4251668654964469, "x": 1.4106452884489751}, "28": {"z": 1.414111858957581, "qx": -0.0, "qy": -0.0, "qz": -0.076946119785257241, "_k": 8, "y": -3.4251668654964469, "x": 2.1800162128425113}, "38": {"z": 1.489437151947526, "qx": -0.0, "qy": -0.0, "qz": -0.076946120996608205, "_k": 18, "y": -3.4251668654964469, "x": 4.743730510753827}, "10": {"z": 1.4191517449068329, "qx": -0.0, "qy": -0.0, "qz": -0.076946116887414651, "_k": 9, "y": -3.4251668654964469, "x": -2.436453752136484}, "30": {"z": 1.4247262070902584, "qx": -0.0, "qy": -0.0, "qz": -0.076946119394218512, "_k": 10, "y": -3.4251668654964469, "x": 2.6928802200602791}, "20": {"z": 1.3940123932921875, "qx": -0.0, "qy": -0.0, "qz": -0.076946120193398235, "type": "_origin", "_k": 0, "y": -3.4251668654964469, "x": 0.12824353444667025}, "17": {"z": 1.3957077739657651, "qx": -0.0, "qy": -0.0, "qz": -0.076946118074611838, "_k": 2, "y": -3.4251668654964469, "x": -0.64121457106526103}, "37": {"z": 1.479408046431129, "qx": -0.0, "qy": -0.0, "qz": -0.076946116645368517, "_k": 17, "y": -3.4251668654964469, "x": 4.4874396090272093}, "27": {"z": 1.4096329332809256, "qx": -0.0, "qy": -0.0, "qz": -0.076946121694304745, "_k": 7, "y": -3.4251668654964469, "x": 1.9235682508396588}, "12": {"z": 1.4096329332809252, "qx": -0.0, "qy": -0.0, "qz": -0.076946121694304787, "_k": 7, "y": -3.4251668654964469, "x": -1.923568250839665}, "32": {"z": 1.4375520585616191, "qx": -0.0, "qy": -0.0, "qz": -0.07694611997861843, "_k": 12, "y": -3.4251668654964469, "x": 3.2056936446725515}, "22": {"z": 1.3957077739657651, "qx": -0.0, "qy": -0.0, "qz": -0.076946118074611838, "_k": 2, "y": -3.4251668654964469, "x": 0.64121457106525503}, "19": {"z": 1.3940123932921875, "qx": -0.0, "qy": -0.0, "qz": -0.076946120193398221, "type": "_origin", "_k": 0, "y": -3.4251668654964469, "x": -0.12824353444667552}, "39": {"z": 1.5000000000000011, "qx": -0.0, "qy": -0.0, "qz": -0.03847306278089975, "type": "support", "_k": 19, "y": -3.4251668654964469, "x": 4.9999999999999902}, "29": {"z": 1.4191517449068329, "qx": -0.0, "qy": -0.0, "qz": -0.076946116887414484, "_k": 9, "y": -3.4251668654964469, "x": 2.4364537521364769}, "11": {"z": 1.4141118589575803, "qx": -0.0, "qy": -0.0, "qz": -0.07694611978525738, "_k": 8, "y": -3.4251668654964469, "x": -2.1800162128425158}, "5": {"z": 1.4526230004242937, "qx": -0.0, "qy": -0.0, "qz": -0.07694612017172156, "_k": 14, "y": -3.4251668654964469, "x": -3.7184460410890754}, "4": {"z": 1.4609597874043396, "qx": -0.0, "qy": -0.0, "qz": -0.076946124120235618, "_k": 15, "y": -3.4251668654964469, "x": -3.9747975979336951}, "7": {"z": 1.4375520585616188, "qx": -0.0, "qy": -0.0, "qz": -0.076946119978618416, "_k": 12, "y": -3.4251668654964469, "x": -3.2056936446725564}, "6": {"z": 1.4448203960542547, "qx": -0.0, "qy": -0.0, "qz": -0.076946116715953763, "_k": 13, "y": -3.4251668654964469, "x": -3.4620776967619444}, "1": {"z": 1.4894371519475251, "qx": -0.0, "qy": -0.0, "qz": -0.076946120996609274, "_k": 18, "y": -3.4251668654964469, "x": -4.7437305107538323}, "0": {"z": 1.5000000000000007, "qx": -0.0, "qy": -0.0, "qz": -0.038473062780900555, "type": "support", "_k": 19, "y": -3.4251668654964469, "x": -5.0000000000000009}, "3": {"z": 1.4699127916814858, "qx": -0.0, "qy": -0.0, "qz": -0.076946120401676074, "_k": 16, "y": -3.4251668654964469, "x": -4.2311283721798638}, "2": {"z": 1.4794080464311281, "qx": -0.0, "qy": -0.0, "qz": -0.07694611664536849, "_k": 17, "y": -3.4251668654964469, "x": -4.4874396090272128}, "21": {"z": 1.3945926467418328, "qx": -0.0, "qy": -0.0, "qz": -0.076946117565552585, "_k": 1, "y": -3.4251668654964469, "x": 0.38472994381832704}, "31": {"z": 1.4308351852697032, "qx": -0.0, "qy": -0.0, "qz": -0.07694612281112459, "_k": 11, "y": -3.4251668654964469, "x": 2.9492945351208197}, "9": {"z": 1.4247262070902582, "qx": -0.0, "qy": -0.0, "qz": -0.076946119394218332, "_k": 10, "y": -3.4251668654964469, "x": -2.6928802200602844}, "8": {"z": 1.4308351852697028, "qx": -0.0, "qy": -0.0, "qz": -0.07694612281112452, "_k": 11, "y": -3.4251668654964469, "x": -2.9492945351208255}, "14": {"z": 1.4024078971645602, "qx": -0.0, "qy": -0.0, "qz": -0.076946117169249387, "_k": 5, "y": -3.4251668654964469, "x": -1.41064528844898}, "34": {"z": 1.4526230004242942, "qx": -0.0, "qy": -0.0, "qz": -0.076946120171721352, "_k": 14, "y": -3.4251668654964469, "x": 3.7184460410890696}, "24": {"z": 1.3995975289068778, "qx": -0.0, "qy": -0.0, "qz": -0.076946119851507719, "_k": 4, "y": -3.4251668654964469, "x": 1.154173623011914}, "13": {"z": 1.4057530440098311, "qx": -0.0, "qy": -0.0, "qz": -0.07694611868872267, "_k": 6, "y": -3.4251668654964469, "x": -1.6671105252836118}, "33": {"z": 1.4448203960542556, "qx": -0.0, "qy": -0.0, "qz": -0.076946116715953639, "_k": 13, "y": -3.4251668654964469, "x": 3.4620776967619387}, "23": {"z": 1.397357762906883, "qx": -0.0, "qy": -0.0, "qz": -0.076946120812235175, "_k": 3, "y": -3.4251668654964469, "x": 0.89769633291942663}}, "max_int_key": 39, "attributes": {"gkey_node": {"5.000,-3.425,1.500": 39, "-4.744,-3.425,1.489": 1, "-4.231,-3.425,1.470": 3, "-1.154,-3.425,1.400": 15, "-3.975,-3.425,1.461": 4, "0.898,-3.425,1.397": 23, "-5.000,-3.425,1.500": 0, "-2.693,-3.425,1.425": 9, "-0.385,-3.425,1.395": 18, "3.718,-3.425,1.453": 34, "2.436,-3.425,1.419": 29, "-0.128,-3.425,1.394": 19, "-1.924,-3.425,1.410": 12, "0.385,-3.425,1.395": 21, "-1.667,-3.425,1.406": 13, "3.462,-3.425,1.445": 33, "1.411,-3.425,1.402": 25, "-2.949,-3.425,1.431": 8, "-3.206,-3.425,1.438": 7, "-4.487,-3.425,1.479": 2,