{"compas": "1.7.1", "datatype": "compas_cem.diagrams/TopologyDiagram", "data": {"adjacency": {"14": {"13": null, "15": null}, "12": {"13": null, "11": null}, "5": {"4": null, "6": null}, "4": {"3": null, "5": null}, "7": {"6": null, "8": null}, "6": {"7": null, "5": null}, "1": {"0": null, "2": null}, "0": {"1": null}, "3": {"4": null, "2": null}, "2": {"1": null, "3": null}, "10": {"9": null, "11": null}, "13": {"12": null, "14": null}, "15": {"14": null}, "11": {"12": null, "10": null}, "9": {"8": null, "10": null}, "8": {"7": null, "9": null}}, "node_attributes": {"z": 0.0, "qx": 0.0, "rx": 0.0, "qy": 0.0, "ry": 0.0, "qz": 0.0, "type": null, "rz": 0.0, "_k": null, "y": 0.0, "x": 0.0}, "node": {"14": {"z": 1.4736418932021347, "qx": -0.0, "qy": -0.0, "qz": -0.20005968637159968, "_k": 6, "y": -3.4251668654964469, "x": 4.3336554363723732}, "12": {"z": 1.4321501762783699, "qx": -0.0, "qy": -0.0, "qz": -0.20005968511689071, "_k": 4, "y": -3.4251668654964469, "x": 3.000575095217346}, "5": {"z": 1.4057530440098311, "qx": -0.0, "qy": -0.0, "qz": -0.20005967914078832, "_k": 2, "y": -3.4251668654964469, "x": -1.6671105252836127}, "4": {"z": 1.4170428042048469, "qx": -0.0, "qy": -0.0, "qz": -0.20005969315161745, "_k": 3, "y": -3.4251668654964469, "x": -2.3338805882276499}, "7": {"z": 1.3944149929245935, "qx": -0.0, "qy": -0.0, "qz": -0.20005968708098287, "type": "_origin", "_k": 0, "y": -3.4251668654964469, "x": -0.33343282195322965}, "6": {"z": 1.3982102204894047, "qx": -0.0, "qy": -0.0, "qz": -0.20005967434309999, "_k": 1, "y": -3.4251668654964469, "x": -1.0002876255743345}, "1": {"z": 1.4736418932021342, "qx": -0.0, "qy": -0.0, "qz": -0.20005968637159943, "_k": 6, "y": -3.4251668654964469, "x": -4.3336554363723856}, "0": {"z": 1.5000000000000007, "qx": -0.0, "qy": -0.0, "qz": -0.10002985111243545, "type": "support", "_k": 7, "y": -3.4251668654964469, "x": -5.0000000000000009}, "3": {"z": 1.4321501762783699, "qx": -0.0, "qy": -0.0, "qz": -0.20005968511689126, "_k": 4, "y": -3.4251668654964469, "x": -3.000575095217358}, "2": {"z": 1.4510246272541876, "qx": -0.0, "qy": -0.0, "qz": -0.2000596725171416, "_k": 5, "y": -3.4251668654964469, "x": -3.6671735194451061}, "10": {"z": 1.4057530440098311, "qx": -0.0, "qy": -0.0, "qz": -0.20005967914078843, "_k": 2, "y": -3.4251668654964469, "x": 1.6671105252836029}, "13": {"z": 1.451024627254188, "qx": -0.0, "qy": -0.0, "qz": -0.20005967251714152, "_k": 5, "y": -3.4251668654964469, "x": 3.6671735194450936}, "15": {"z": 1.5000000000000011, "qx": -0.0, "qy": -0.0, "qz": -0.10002985111243573, "type": "support", "_k": 7, "y": -3.4251668654964469, "x": 4.9999999999999902}, "11": {"z": 1.4170428042048471, "qx": -0.0, "qy": -0.0, "qz": -0.20005969315161715, "_k": 3, "y": -3.4251668654964469, "x": 2.333880588227641}, "9": {"z": 1.3982102204894049, "qx": -0.0, "qy": -0.0, "qz": -0.20005967434310007, "_k": 1, "y": -3.4251668654964469, "x": 1.0002876255743252}, "8": {"z": 1.3944149929245935, "qx": -0.0, "qy": -0.0, "qz": -0.20005968708098304, "type": "_origin", "_k": 0, "y": -3.4251668654964469, "x": 0.33343282195321927}}, "max_int_key": 15, "attributes": {"gkey_node": {"-0.333,-3.425,1.394": 7, "-1.667,-3.425,1.406": 5, "3.667,-3.425,1.451": 13, "-3.001,-3.425,1.432": 3, "-3.667,-3.425,1.451": 2, "1.000,-3.425,1.398": 9, "2.334,-3.425,1.417": 11, "0.333,-3.425,1.394": 8, "-1.000,-3.425,1.398": 6, "5.000,-3.425,1.500": 15, "-4.334,-3.425,1.474": 1, "1.667,-3.425,1.406": 10, "-2.334,-3.425,1.417": 4, "4.334,-3.425,1.474": 14, "-5.000,-3.425,1.500": 0, "3.001,-3.425,1.432": 12}, "name": "Network", "_aux_length": 0.33000000000000002, "_trails": {"7": [7, 6, 5, 4, 3, 2, 1, 0], "8": [8, 9, 10, 11, 12, 13, 14, 15]}, "tol": "3f", "_auxiliary_trails": {}, "_aux_vector": {"dtype": "compas.geometry/Vector", "value": [-0.0, -0.0, -1.0]}}, "edge_attributes": {"force": 0.0, "type": null, "length": 0.0}, "edge": {"14": {"15": {"length": 0.66686567408290487, "type": "trail"}}, "12": {"13": {"length": 0.66686558171985055, "type": "trail"}}, "5": {"6": {"length": 0.66686555898722977, "type": "trail"}}, "4": {"5": {"length": 0.66686563528469234, "type": "trail"}}, "7": {"8": {"force": 13.199999999999999, "length": 0.66686564390644887, "type": "deviation"}}, "6": {"7": {"length": 0.66686560330010347, "type": "trail"}}, "1": {"2": {"length": 0.66686556839442623, "type": "trail"}}, "0": {"1": {"length": 0.66686567408290309, "type": "trail"}}, "3": {"4": {"length": 0.66686565239275719, "type": "trail"}}, "2": {"3": {"length": 0.666865581719851, "type": "trail"}}, "10": {"11": {"length": 0.66686563528469323, "type": "trail"}}, "13": {"14": {"length": 0.66686556839442623, "type": "trail"}}, "15": {}, "11": {"12": {"length": 0.66686565239275408, "type": "trail"}}, "9": {"10": {"length": 0.66686555898722932, "type": "trail"}}, "8": {"9": {"length": 0.66686560330010458, "type": "trail"}}}}}