{"compas": "1.7.1", "datatype": "compas_cem.diagrams/TopologyDiagram", "data": {"adjacency": {"14": {"13": null, "15": null, "10": null}, "17": {"16": null}, "12": {"13": null}, "5": {"4": null, "6": null, "8": null}, "4": {"0": null, "3": null, "5": null}, "7": {"6": null}, "6": {"7": null, "5": null}, "1": {"0": null}, "0": {"4": null, "1": null}, "3": {"4": null, "2": null}, "2": {"3": null}, "10": {"14": null, "11": null}, "13": {"12": null, "14": null}, "15": {"14": null, "18": null, "16": null}, "11": {"10": null}, "9": {"8": null}, "8": {"9": null, "5": null}, "18": {"19": null, "15": null}, "19": {"18": null}, "16": {"15": null, "17": null}}, "node_attributes": {"z": 0.0, "qx": 0.0, "rx": 0.0, "qy": 0.0, "ry": 0.0, "qz": 0.0, "type": null, "rz": 0.0, "_k": null, "y": 0.0, "x": 0.0}, "node": {"14": {"z": 1.5000000000000002, "qx": -0.0, "qy": -0.0, "qz": -0.20000000000000001, "type": "_origin", "_k": 0, "y": -2.425166865496446, "x": 0.99999999999999756}, "17": {"z": 1.5000000000000002, "qx": -0.0, "qy": -0.0, "qz": -0.099999999999999964, "type": "support", "_k": 2, "y": -2.425166865496446, "x": -5.0000000000000009}, "12": {"z": 1.5000000000000002, "qx": -0.0, "qy": -0.0, "qz": -0.10000000000000001, "type": "support", "_k": 2, "y": -2.425166865496446, "x": 4.9999999999999973}, "5": {"z": 1.5000000000000002, "qx": -0.0, "qy": -0.0, "qz": -0.19999999999999998, "type": "_origin", "_k": 0, "y": -3.425166865496446, "x": -1.0000000000000029}, "4": {"z": 1.5000000000000002, "qx": -0.0, "qy": -0.0, "qz": -0.20000000000000001, "type": "_origin", "_k": 0, "y": -3.425166865496446, "x": 0.99999999999999756}, "7": {"z": 1.5000000000000002, "qx": -0.0, "qy": -0.0, "qz": -0.099999999999999964, "type": "support", "_k": 2, "y": -3.425166865496446, "x": -5.0000000000000009}, "6": {"z": 1.5000000000000002, "qx": -0.0, "qy": -0.0, "qz": -0.1999999999999999, "_k": 1, "y": -3.425166865496446, "x": -3.0000000000000018}, "1": {"z": 0.13000000000000012, "type": "support", "_k": 1, "y": -3.425166865496446, "x": 0.99999999999999756}, "0": {"z": 1.3630000000000002, "type": "_origin", "_k": 0, "y": -3.425166865496446, "x": 0.99999999999999756}, "3": {"z": 1.5000000000000002, "qx": -0.0, "qy": -0.0, "qz": -0.20000000000000001, "_k": 1, "y": -3.425166865496446, "x": 2.9999999999999973}, "2": {"z": 1.5000000000000002, "qx": -0.0, "qy": -0.0, "qz": -0.10000000000000001, "type": "support", "_k": 2, "y": -3.425166865496446, "x": 4.9999999999999973}, "10": {"z": 1.3630000000000002, "type": "_origin", "_k": 0, "y": -2.425166865496446, "x": 0.99999999999999756}, "13": {"z": 1.5000000000000002, "qx": -0.0, "qy": -0.0, "qz": -0.20000000000000001, "_k": 1, "y": -2.425166865496446, "x": 2.9999999999999973}, "15": {"z": 1.5000000000000002, "qx": -0.0, "qy": -0.0, "qz": -0.19999999999999998, "type": "_origin", "_k": 0, "y": -2.425166865496446, "x": -1.0000000000000029}, "11": {"z": 0.13000000000000012, "type": "support", "_k": 1, "y": -2.425166865496446, "x": 0.99999999999999756}, "9": {"z": 0.13000000000000012, "type": "support", "_k": 1, "y": -3.425166865496446, "x": -1.0000000000000029}, "8": {"z": 1.3630000000000002, "type": "_origin", "_k": 0, "y": -3.425166865496446, "x": -1.0000000000000029}, "18": {"z": 1.3630000000000002, "type": "_origin", "_k": 0, "y": -2.425166865496446, "x": -1.0000000000000029}, "19": {"z": 0.13000000000000012, "type": "support", "_k": 1, "y": -2.425166865496446, "x": -1.0000000000000029}, "16": {"z": 1.5000000000000002, "qx": -0.0, "qy": -0.0, "qz": -0.1999999999999999, "_k": 1, "y": -2.425166865496446, "x": -3.0000000000000018}}, "max_int_key": 19, "attributes": {"gkey_node": {"5.000,-2.425,1.500": 12, "1.000,-2.425,0.130": 11, "-1.000,-3.425,1.500": 5, "1.000,-3.425,1.500": 4, "-1.000,-2.425,1.500": 15, "1.000,-2.425,1.500": 14, "1.000,-3.425,0.130": 1, "1.000,-2.425,1.363": 10, "-3.000,-3.425,1.500": 6, "5.000,-3.425,1.500": 2, "1.000,-3.425,1.363": 0, "3.000,-3.425,1.500": 3, "-1.000,-3.425,0.130": 9, "-3.000,-2.425,1.500": 16, "3.000,-2.425,1.500": 13, "-1.000,-3.425,1.363": 8, "-1.000,-2.425,1.363": 18, "-5.000,-3.425,1.500": 7, "-1.000,-2.425,0.130": 19, "-5.000,-2.425,1.500": 17}, "name": "Network", "_aux_length": 0.33000000000000002, "_trails": {"0": [0, 1], "4": [4, 3, 2], "5": [5, 6, 7], "8": [8, 9], "10": [10, 11], "14": [14, 13, 12], "15": [15, 16, 17], "18": [18, 19]}, "tol": "3f", "_auxiliary_trails": {}, "_aux_vector": {"dtype": "compas.geometry/Vector", "value": [-0.0, -0.0, -1.0]}}, "edge_attributes": {"force": 0.0, "type": null, "length": 0.0}, "edge": {"14": {"15": {"force": -12.9, "type": "deviation"}, "10": {"force": -0.10000000000000001, "type": "deviation"}}, "17": {}, "12": {"13": {"length": -2.0, "type": "trail"}}, "5": {"6": {"length": -1.9999999999999989, "type": "trail"}, "8": {"force": -0.10000000000000001, "type": "deviation"}}, "4": {"0": {"force": -0.10000000000000001, "type": "deviation"}, "5": {"force": -12.9, "type": "deviation"}}, "7": {}, "6": {"7": {"length": -1.9999999999999991, "type": "trail"}}, "1": {}, "0": {"1": {"length": -1.2330000000000001, "type": "trail"}}, "3": {"4": {"length": -1.9999999999999998, "type": "trail"}}, "2": {"3": {"length": -2.0, "type": "trail"}}, "10": {"11": {"length": -1.2330000000000001, "type": "trail"}}, "13": {"14": {"length": -1.9999999999999998, "type": "trail"}}, "15": {"18": {"force": -0.10000000000000001, "type": "deviation"}, "16": {"length": -1.9999999999999989, "type": "trail"}}, "11": {}, "9": {}, "8": {"9": {"length": -1.2330000000000001, "type": "trail"}}, "18": {"19": {"length": -1.2330000000000001, "type": "trail"}}, "19": {}, "16": {"17": {"length": -1.9999999999999991, "type": "trail"}}}}}