{"compas": "1.7.1", "datatype": "compas_cem.diagrams/TopologyDiagram", "data": {"adjacency": {"16": {"15": null, "17": null}, "15": {"14": null, "16": null}, "18": {"19": null, "22": null, "17": null}, "10": {"6": null, "11": null}, "20": {"21": null, "19": null}, "17": {"12": null, "18": null, "16": null}, "12": {"13": null, "17": null}, "22": {"23": null, "18": null}, "19": {"20": null, "18": null}, "11": {"10": null}, "5": {"4": null, "6": null, "0": null}, "4": {"3": null, "5": null}, "7": {"6": null, "8": null}, "6": {"7": null, "10": null, "5": null}, "1": {"0": null}, "0": {"1": null, "5": null}, "3": {"4": null, "2": null}, "2": {"3": null}, "21": {"20": null}, "9": {"8": null}, "8": {"7": null, "9": null}, "14": {"15": null}, "13": {"12": null}, "23": {"22": null}}, "node_attributes": {"z": 0.0, "qx": 0.0, "rx": 0.0, "qy": 0.0, "ry": 0.0, "qz": 0.0, "type": null, "rz": 0.0, "_k": null, "y": 0.0, "x": 0.0}, "node": {"16": {"z": 1.5000000000000002, "qx": -0.0, "qy": -0.0, "qz": -0.14285714285714288, "_k": 1, "y": -2.425166865496446, "x": 2.142857142857141}, "15": {"z": 1.5000000000000002, "qx": -0.0, "qy": -0.0, "qz": -0.14285714285714282, "_k": 2, "y": -2.425166865496446, "x": 3.5714285714285698}, "18": {"z": 1.5000000000000002, "qx": -0.0, "qy": -0.0, "qz": -0.14285714285714279, "type": "_origin", "_k": 0, "y": -2.425166865496446, "x": -0.71428571428571563}, "10": {"z": 1.3630000000000002, "type": "_origin", "_k": 0, "y": -3.425166865496446, "x": -0.71428571428571563}, "20": {"z": 1.5000000000000002, "qx": -0.0, "qy": -0.0, "qz": -0.14285714285714285, "_k": 2, "y": -2.425166865496446, "x": -3.5714285714285703}, "17": {"z": 1.5000000000000002, "qx": -0.0, "qy": -0.0, "qz": -0.14285714285714285, "type": "_origin", "_k": 0, "y": -2.425166865496446, "x": 0.71428571428571241}, "12": {"z": 1.3630000000000002, "type": "_origin", "_k": 0, "y": -2.425166865496446, "x": 0.71428571428571241}, "22": {"z": 1.3630000000000002, "type": "_origin", "_k": 0, "y": -2.425166865496446, "x": -0.71428571428571563}, "19": {"z": 1.5000000000000002, "qx": -0.0, "qy": -0.0, "qz": -0.14285714285714274, "_k": 1, "y": -2.425166865496446, "x": -2.1428571428571437}, "11": {"z": 0.13000000000000012, "type": "support", "_k": 1, "y": -3.425166865496446, "x": -0.71428571428571563}, "5": {"z": 1.5000000000000002, "qx": -0.0, "qy": -0.0, "qz": -0.14285714285714285, "type": "_origin", "_k": 0, "y": -3.425166865496446, "x": 0.71428571428571241}, "4": {"z": 1.5000000000000002, "qx": -0.0, "qy": -0.0, "qz": -0.14285714285714288, "_k": 1, "y": -3.425166865496446, "x": 2.142857142857141}, "7": {"z": 1.5000000000000002, "qx": -0.0, "qy": -0.0, "qz": -0.14285714285714274, "_k": 1, "y": -3.425166865496446, "x": -2.1428571428571437}, "6": {"z": 1.5000000000000002, "qx": -0.0, "qy": -0.0, "qz": -0.14285714285714279, "type": "_origin", "_k": 0, "y": -3.425166865496446, "x": -0.71428571428571563}, "1": {"z": 0.13000000000000012, "type": "support", "_k": 1, "y": -3.425166865496446, "x": 0.71428571428571241}, "0": {"z": 1.3630000000000002, "type": "_origin", "_k": 0, "y": -3.425166865496446, "x": 0.71428571428571241}, "3": {"z": 1.5000000000000002, "qx": -0.0, "qy": -0.0, "qz": -0.14285714285714282, "_k": 2, "y": -3.425166865496446, "x": 3.5714285714285698}, "2": {"z": 1.5000000000000002, "qx": -0.0, "qy": -0.0, "qz": -0.071428571428571383, "type": "support", "_k": 3, "y": -3.425166865496446, "x": 4.9999999999999973}, "21": {"z": 1.5000000000000002, "qx": -0.0, "qy": -0.0, "qz": -0.071428571428571536, "type": "support", "_k": 3, "y": -2.425166865496446, "x": -5.0000000000000009}, "9": {"z": 1.5000000000000002, "qx": -0.0, "qy": -0.0, "qz": -0.071428571428571536, "type": "support", "_k": 3, "y": -3.425166865496446, "x": -5.0000000000000009}, "8": {"z": 1.5000000000000002, "qx": -0.0, "qy": -0.0, "qz": -0.14285714285714285, "_k": 2, "y": -3.425166865496446, "x": -3.5714285714285703}, "14": {"z": 1.5000000000000002, "qx": -0.0, "qy": -0.0, "qz": -0.071428571428571383, "type": "support", "_k": 3, "y": -2.425166865496446, "x": 4.9999999999999973}, "13": {"z": 0.13000000000000012, "type": "support", "_k": 1, "y": -2.425166865496446, "x": 0.71428571428571241}, "23": {"z": 0.13000000000000012, "type": "support", "_k": 1, "y": -2.425166865496446, "x": -0.71428571428571563}}, "max_int_key": 23, "attributes": {"gkey_node": {"5.000,-3.425,1.500": 2, "-3.571,-2.425,1.500": 20, "-0.714,-3.425,1.363": 10, "-5.000,-3.425,1.500": 9, "-2.143,-3.425,1.500": 7, "2.143,-2.425,1.500": 16, "-3.571,-3.425,1.500": 8, "-0.714,-2.425,0.130": 23, "5.000,-2.425,1.500": 14, "0.714,-2.425,1.363": 12, "0.714,-2.425,1.500": 17, "-5.000,-2.425,1.500": 21, "-2.143,-2.425,1.500": 19, "0.714,-2.425,0.130": 13, "0.714,-3.425,0.130": 1, "-0.714,-2.425,1.500": 18, "3.571,-2.425,1.500": 15, "0.714,-3.425,1.500": 5, "-0.714,-3.425,0.130": 11, "-0.714,-2.425,1.363": 22, "-0.714,-3.425,1.500": 6, "0.714,-3.425,1.363": 0, "2.143,-3.425,1.500": 4, "3.571,-3.425,1.500": 3}, "name": "Network", "_aux_length": 0.33000000000000002, "_trails": {"0": [0, 1], "5": [5, 4, 3, 2], "6": [6, 7, 8, 9], "10": [10, 11], "12": [12, 13], "17": [17, 16, 15, 14], "18": [18, 19, 20, 21], "22": [22, 23]}, "tol": "3f", "_auxiliary_trails": {}, "_aux_vector": {"dtype": "compas.geometry/Vector", "value": [-0.0, -0.0, -1.0]}}, "edge_attributes": {"force": 0.0, "type": null, "length": 0.0}, "edge": {"16": {"17": {"length": -1.4285714285714286, "type": "trail"}}, "15": {"16": {"length": -1.4285714285714288, "type": "trail"}}, "18": {"19": {"length": -1.4285714285714279, "type": "trail"}, "22": {"force": -0.10000000000000001, "type": "deviation"}}, "10": {"11": {"length": -1.2330000000000001, "type": "trail"}}, "20": {"21": {"length": -1.4285714285714306, "type": "trail"}}, "17": {"12": {"force": -0.10000000000000001, "type": "deviation"}, "18": {"force": -12.9, "type": "deviation"}}, "12": {"13": {"length": -1.2330000000000001, "type": "trail"}}, "22": {"23": {"length": -1.2330000000000001, "type": "trail"}}, "19": {"20": {"length": -1.4285714285714266, "type": "trail"}}, "11": {}, "5": {"6": {"force": -12.9, "type": "deviation"}, "0": {"force": -0.10000000000000001, "type": "deviation"}}, "4": {"5": {"length": -1.4285714285714286, "type": "trail"}}, "7": {"8": {"length": -1.4285714285714266, "type": "trail"}}, "6": {"7": {"length": -1.4285714285714279, "type": "trail"}, "10": {"force": -0.10000000000000001, "type": "deviation"}}, "1": {}, "0": {"1": {"length": -1.2330000000000001, "type": "trail"}}, "3": {"4": {"length": -1.4285714285714288, "type": "trail"}}, "2": {"3": {"length": -1.4285714285714275, "type": "trail"}}, "21": {}, "9": {}, "8": {"9": {"length": -1.4285714285714306, "type": "trail"}}, "14": {"15": {"length": -1.4285714285714275, "type": "trail"}}, "13": {}, "23": {}}}}