{"compas": "1.7.1", "datatype": "compas_cem.diagrams/TopologyDiagram", "data": {"adjacency": {"14": {"12": null, "15": null}, "12": {"13": null, "14": null, "11": null}, "5": {"4": null}, "4": {"6": null, "3": null, "5": null}, "7": {"6": null}, "6": {"4": null, "7": null}, "1": {"0": null}, "0": {"1": null, "3": null}, "3": {"4": null, "0": null, "2": null}, "2": {"3": null}, "10": {"11": null}, "13": {"12": null}, "15": {"14": null}, "11": {"12": null, "8": null, "10": null}, "9": {"8": null}, "8": {"9": null, "11": null}}, "node_attributes": {"z": 0.0, "qx": 0.0, "rx": 0.0, "qy": 0.0, "ry": 0.0, "qz": 0.0, "type": null, "rz": 0.0, "_k": null, "y": 0.0, "x": 0.0}, "node": {"14": {"z": 1.3630000000000002, "type": "_origin", "_k": 0, "y": -2.425166865496446, "x": -1.6666666666666672}, "12": {"z": 1.5000000000000002, "qx": -0.0, "qy": -0.0, "qz": -0.33333333333333331, "type": "_origin", "_k": 0, "y": -2.425166865496446, "x": -1.6666666666666672}, "5": {"z": 1.5000000000000002, "qx": -0.0, "qy": -0.0, "qz": -0.16666666666666671, "type": "support", "_k": 1, "y": -3.425166865496446, "x": -5.0000000000000009}, "4": {"z": 1.5000000000000002, "qx": -0.0, "qy": -0.0, "qz": -0.33333333333333331, "type": "_origin", "_k": 0, "y": -3.425166865496446, "x": -1.6666666666666672}, "7": {"z": 0.13000000000000012, "type": "support", "_k": 1, "y": -3.425166865496446, "x": -1.6666666666666672}, "6": {"z": 1.3630000000000002, "type": "_origin", "_k": 0, "y": -3.425166865496446, "x": -1.6666666666666672}, "1": {"z": 0.13000000000000012, "type": "support", "_k": 1, "y": -3.425166865496446, "x": 1.6666666666666645}, "0": {"z": 1.3630000000000002, "type": "_origin", "_k": 0, "y": -3.425166865496446, "x": 1.6666666666666645}, "3": {"z": 1.5000000000000002, "qx": -0.0, "qy": -0.0, "qz": -0.33333333333333326, "type": "_origin", "_k": 0, "y": -3.425166865496446, "x": 1.6666666666666645}, "2": {"z": 1.5000000000000002, "qx": -0.0, "qy": -0.0, "qz": -0.16666666666666666, "type": "support", "_k": 1, "y": -3.425166865496446, "x": 4.9999999999999973}, "10": {"z": 1.5000000000000002, "qx": -0.0, "qy": -0.0, "qz": -0.16666666666666666, "type": "support", "_k": 1, "y": -2.425166865496446, "x": 4.9999999999999973}, "13": {"z": 1.5000000000000002, "qx": -0.0, "qy": -0.0, "qz": -0.16666666666666671, "type": "support", "_k": 1, "y": -2.425166865496446, "x": -5.0000000000000009}, "15": {"z": 0.13000000000000012, "type": "support", "_k": 1, "y": -2.425166865496446, "x": -1.6666666666666672}, "11": {"z": 1.5000000000000002, "qx": -0.0, "qy": -0.0, "qz": -0.33333333333333326, "type": "_origin", "_k": 0, "y": -2.425166865496446, "x": 1.6666666666666645}, "9": {"z": 0.13000000000000012, "type": "support", "_k": 1, "y": -2.425166865496446, "x": 1.6666666666666645}, "8": {"z": 1.3630000000000002, "type": "_origin", "_k": 0, "y": -2.425166865496446, "x": 1.6666666666666645}}, "max_int_key": 15, "attributes": {"gkey_node": {"5.000,-2.425,1.500": 10, "1.667,-3.425,0.130": 1, "-5.000,-3.425,1.500": 5, "-1.667,-2.425,1.500": 12, "-1.667,-3.425,1.363": 6, "1.667,-3.425,1.500": 3, "1.667,-2.425,1.500": 11, "5.000,-3.425,1.500": 2, "-1.667,-3.425,0.130": 7, "1.667,-2.425,1.363": 8, "-1.667,-3.425,1.500": 4, "1.667,-3.425,1.363": 0, "1.667,-2.425,0.130": 9, "-1.667,-2.425,0.130": 15, "-1.667,-2.425,1.363": 14, "-5.000,-2.425,1.500": 13}, "name": "Network", "_aux_length": 0.33000000000000002, "_trails": {"0": [0, 1], "3": [3, 2], "4": [4, 5], "6": [6, 7], "8": [8, 9], "11": [11, 10], "12": [12, 13], "14": [14, 15]}, "tol": "3f", "_auxiliary_trails": {}, "_aux_vector": {"dtype": "compas.geometry/Vector", "value": [-0.0, -0.0, -1.0]}}, "edge_attributes": {"force": 0.0, "type": null, "length": 0.0}, "edge": {"14": {"15": {"length": -1.2330000000000001, "type": "trail"}}, "12": {"13": {"length": -3.3333333333333339, "type": "trail"}, "14": {"force": -0.10000000000000001, "type": "deviation"}}, "5": {}, "4": {"6": {"force": -0.10000000000000001, "type": "deviation"}, "5": {"length": -3.3333333333333339, "type": "trail"}}, "7": {}, "6": {"7": {"length": -1.2330000000000001, "type": "trail"}}, "1": {}, "0": {"1": {"length": -1.2330000000000001, "type": "trail"}}, "3": {"4": {"force": -12.9, "type": "deviation"}, "0": {"force": -0.10000000000000001, "type": "deviation"}}, "2": {"3": {"length": -3.333333333333333, "type": "trail"}}, "10": {"11": {"length": -3.333333333333333, "type": "trail"}}, "13": {}, "15": {}, "11": {"12": {"force": -12.9, "type": "deviation"}, "8": {"force": -0.10000000000000001, "type": "deviation"}}, "9": {}, "8": {"9": {"length": -1.2330000000000001, "type": "trail"}}}}}