{"compas": "1.7.1", "datatype": "compas_cem.diagrams/TopologyDiagram", "data": {"adjacency": {"46": {"45": null, "47": null}, "16": {"15": null, "17": null}, "36": {"37": null, "35": null}, "26": {"27": null, "38": null}, "45": {"44": null, "46": null}, "48": {"47": null, "49": null}, "15": {"14": null, "16": null}, "18": {"19": null, "17": null}, "35": {"36": null, "34": null}, "25": {"24": null}, "28": {"29": null}, "38": {"37": null, "26": null, "39": null}, "40": {"41": null, "39": null}, "50": {"51": null, "39": null}, "10": {"9": null, "11": null}, "30": {"31": null, "29": null}, "20": {"21": null, "19": null}, "47": {"48": null, "46": null}, "17": {"18": null, "16": null}, "37": {"36": null, "38": null}, "27": {"26": null}, "42": {"41": null, "43": null}, "12": {"13": null, "0": null, "11": null}, "32": {"31": null, "33": null}, "22": {"21": null, "23": null}, "49": {"48": null}, "19": {"20": null, "18": null}, "39": {"50": null, "40": null, "38": null}, "29": {"28": null, "30": null}, "51": {"50": null}, "41": {"40": null, "42": null}, "11": {"12": null, "10": null}, "5": {"4": null, "6": null}, "4": {"3": null, "5": null}, "7": {"6": null, "8": null}, "6": {"7": null, "5": null}, "1": {"0": null}, "0": {"12": null, "1": null}, "3": {"4": null, "2": null}, "2": {"3": null}, "21": {"20": null, "22": null}, "31": {"30": null, "32": null}, "9": {"8": null, "10": null}, "8": {"7": null, "9": null}, "44": {"45": null, "43": null}, "14": {"13": null, "15": null}, "34": {"33": null, "35": null}, "24": {"13": null, "25": null}, "43": {"44": null, "42": null}, "13": {"12": null, "14": null, "24": null}, "33": {"32": null, "34": null}, "23": {"22": null}}, "node_attributes": {"z": 0.0, "qx": 0.0, "rx": 0.0, "qy": 0.0, "ry": 0.0, "qz": 0.0, "type": null, "rz": 0.0, "_k": null, "y": 0.0, "x": 0.0}, "node": {"46": {"z": 1.5000000000000002, "qx": -0.0, "qy": -0.0, "qz": -0.04761904761904763, "_k": 7, "y": -2.425166865496446, "x": -3.5714285714285752}, "16": {"z": 1.5000000000000002, "qx": -0.0, "qy": -0.0, "qz": -0.047619047619047644, "_k": 3, "y": -3.425166865496446, "x": -1.666666666666669}, "36": {"z": 1.5000000000000002, "qx": -0.0, "qy": -0.0, "qz": -0.047619047619047609, "_k": 2, "y": -2.425166865496446, "x": 1.1904761904761887}, "26": {"z": 1.3630000000000002, "type": "_origin", "_k": 0, "y": -2.425166865496446, "x": 0.23809523809523603}, "45": {"z": 1.5000000000000002, "qx": -0.0, "qy": -0.0, "qz": -0.047619047619047672, "_k": 6, "y": -2.425166865496446, "x": -3.0952380952380993}, "48": {"z": 1.5000000000000002, "qx": -0.0, "qy": -0.0, "qz": -0.04761904761904745, "_k": 9, "y": -2.425166865496446, "x": -4.5238095238095282}, "15": {"z": 1.5000000000000002, "qx": -0.0, "qy": -0.0, "qz": -0.047619047619047672, "_k": 2, "y": -3.425166865496446, "x": -1.1904761904761927}, "18": {"z": 1.5000000000000002, "qx": -0.0, "qy": -0.0, "qz": -0.0476190476190477, "_k": 5, "y": -3.425166865496446, "x": -2.6190476190476217}, "35": {"z": 1.5000000000000002, "qx": -0.0, "qy": -0.0, "qz": -0.047619047619047616, "_k": 3, "y": -2.425166865496446, "x": 1.6666666666666645}, "25": {"z": 0.13000000000000012, "type": "support", "_k": 1, "y": -3.425166865496446, "x": -0.23809523809523936}, "28": {"z": 1.5000000000000002, "qx": -0.0, "qy": -0.0, "qz": -0.023809523809523815, "type": "support", "_k": 10, "y": -2.425166865496446, "x": 4.9999999999999973}, "38": {"z": 1.5000000000000002, "qx": -0.0, "qy": -0.0, "qz": -0.047619047619047589, "type": "_origin", "_k": 0, "y": -2.425166865496446, "x": 0.23809523809523603}, "40": {"z": 1.5000000000000002, "qx": -0.0, "qy": -0.0, "qz": -0.047619047619047672, "_k": 1, "y": -2.425166865496446, "x": -0.71428571428571563}, "50": {"z": 1.3630000000000002, "type": "_origin", "_k": 0, "y": -2.425166865496446, "x": -0.23809523809523936}, "10": {"z": 1.5000000000000002, "qx": -0.0, "qy": -0.0, "qz": -0.047619047619047609, "_k": 2, "y": -3.425166865496446, "x": 1.1904761904761887}, "30": {"z": 1.5000000000000002, "qx": -0.0, "qy": -0.0, "qz": -0.047619047619047561, "_k": 8, "y": -2.425166865496446, "x": 4.0476190476190457}, "20": {"z": 1.5000000000000002, "qx": -0.0, "qy": -0.0, "qz": -0.04761904761904763, "_k": 7, "y": -3.425166865496446, "x": -3.5714285714285752}, "47": {"z": 1.5000000000000002, "qx": -0.0, "qy": -0.0, "qz": -0.047619047619047651, "_k": 8, "y": -2.425166865496446, "x": -4.0476190476190519}, "17": {"z": 1.5000000000000002, "qx": -0.0, "qy": -0.0, "qz": -0.047619047619047644, "_k": 4, "y": -3.425166865496446, "x": -2.1428571428571455}, "37": {"z": 1.5000000000000002, "qx": -0.0, "qy": -0.0, "qz": -0.047619047619047637, "_k": 1, "y": -2.425166865496446, "x": 0.71428571428571241}, "27": {"z": 0.13000000000000012, "type": "support", "_k": 1, "y": -2.425166865496446, "x": 0.23809523809523603}, "42": {"z": 1.5000000000000002, "qx": -0.0, "qy": -0.0, "qz": -0.047619047619047644, "_k": 3, "y": -2.425166865496446, "x": -1.666666666666669}, "12": {"z": 1.5000000000000002, "qx": -0.0, "qy": -0.0, "qz": -0.047619047619047589, "type": "_origin", "_k": 0, "y": -3.425166865496446, "x": 0.23809523809523603}, "32": {"z": 1.5000000000000002, "qx": -0.0, "qy": -0.0, "qz": -0.047619047619047658, "_k": 6, "y": -2.425166865496446, "x": 3.0952380952380927}, "22": {"z": 1.5000000000000002, "qx": -0.0, "qy": -0.0, "qz": -0.04761904761904745, "_k": 9, "y": -3.425166865496446, "x": -4.5238095238095282}, "49": {"z": 1.5000000000000002, "qx": -0.0, "qy": -0.0, "qz": -0.023809523809523638, "type": "support", "_k": 10, "y": -2.425166865496446, "x": -5.0000000000000009}, "19": {"z": 1.5000000000000002, "qx": -0.0, "qy": -0.0, "qz": -0.047619047619047672, "_k": 6, "y": -3.425166865496446, "x": -3.0952380952380993}, "39": {"z": 1.5000000000000002, "qx": -0.0, "qy": -0.0, "qz": -0.047619047619047589, "type": "_origin", "_k": 0, "y": -2.425166865496446, "x": -0.23809523809523936}, "29": {"z": 1.5000000000000002, "qx": -0.0, "qy": -0.0, "qz": -0.047619047619047589, "_k": 9, "y": -2.425166865496446, "x": 4.5238095238095211}, "51": {"z": 0.13000000000000012, "type": "support", "_k": 1, "y": -2.425166865496446, "x": -0.23809523809523936}, "41": {"z": 1.5000000000000002, "qx": -0.0, "qy": -0.0, "qz": -0.047619047619047672, "_k": 2, "y": -2.425166865496446, "x": -1.1904761904761927}, "11": {"z": 1.5000000000000002, "qx": -0.0, "qy": -0.0, "qz": -0.047619047619047637, "_k": 1, "y": -3.425166865496446, "x": 0.71428571428571241}, "5": {"z": 1.5000000000000002, "qx": -0.0, "qy": -0.0, "qz": -0.047619047619047658, "_k": 7, "y": -3.425166865496446, "x": 3.5714285714285698}, "4": {"z": 1.5000000000000002, "qx": -0.0, "qy": -0.0, "qz": -0.047619047619047561, "_k": 8, "y": -3.425166865496446, "x": 4.0476190476190457}, "7": {"z": 1.5000000000000002, "qx": -0.0, "qy": -0.0, "qz": -0.047619047619047589, "_k": 5, "y": -3.425166865496446, "x": 2.6190476190476168}, "6": {"z": 1.5000000000000002, "qx": -0.0, "qy": -0.0, "qz": -0.047619047619047658, "_k": 6, "y": -3.425166865496446, "x": 3.0952380952380927}, "1": {"z": 0.13000000000000012, "type": "support", "_k": 1, "y": -3.425166865496446, "x": 0.23809523809523603}, "0": {"z": 1.3630000000000002, "type": "_origin", "_k": 0, "y": -3.425166865496446, "x": 0.23809523809523603}, "3": {"z": 1.5000000000000002, "qx": -0.0, "qy": -0.0, "qz": -0.047619047619047589, "_k": 9, "y": -3.425166865496446, "x": 4.5238095238095211}, "2": {"z": 1.5000000000000002, "qx": -0.0, "qy": -0.0, "qz": -0.023809523809523815, "type": "support", "_k": 10, "y": -3.425166865496446, "x": 4.9999999999999973}, "21": {"z": 1.5000000000000002, "qx": -0.0, "qy": -0.0, "qz": -0.047619047619047651, "_k": 8, "y": -3.425166865496446, "x": -4.0476190476190519}, "31": {"z": 1.5000000000000002, "qx": -0.0, "qy": -0.0, "qz": -0.047619047619047658, "_k": 7, "y": -2.425166865496446, "x": 3.5714285714285698}, "9": {"z": 1.5000000000000002, "qx": -0.0, "qy": -0.0, "qz": -0.047619047619047616, "_k": 3, "y": -3.425166865496446, "x": 1.6666666666666645}, "8": {"z": 1.5000000000000002,