{"compas": "1.7.1", "datatype": "compas_cem.diagrams/TopologyDiagram", "data": {"adjacency": {"5": {"4": null, "6": null, "1": null, "8": null}, "4": {"0": null, "8": null, "5": null}, "7": {"6": null, "9": null, "3": null}, "6": {"5": null, "7": null, "9": null, "2": null}, "1": {"5": null, "0": null, "8": null, "2": null}, "0": {"4": null, "1": null, "8": null}, "3": {"7": null, "9": null, "2": null}, "2": {"6": null, "1": null, "9": null, "3": null}, "10": {"8": null}, "11": {"9": null}, "9": {"7": null, "6": null, "3": null, "2": null, "11": null}, "8": {"5": null, "4": null, "1": null, "0": null, "10": null}}, "node_attributes": {"z": 0.0, "qx": 0.0, "rx": 0.0, "qy": 0.0, "ry": 0.0, "qz": 0.0, "type": null, "rz": 0.0, "_k": null, "y": 0.0, "x": 0.0}, "node": {"5": {"z": 1.5000000000000002, "qx": -0.0, "qy": -0.0, "qz": -1.6666666666666665, "type": "_origin", "_k": 0, "y": -2.425166865496446, "x": 1.6666666666666645}, "4": {"z": 1.5000000000000002, "qx": -0.0, "qy": -0.0, "qz": -1.6666666666666665, "type": "support", "_k": 1, "y": -2.425166865496446, "x": 4.9999999999999973}, "7": {"z": 1.5000000000000002, "qx": -0.0, "qy": -0.0, "qz": -1.666666666666667, "type": "support", "_k": 1, "y": -2.425166865496446, "x": -5.0000000000000009}, "6": {"z": 1.5000000000000002, "qx": -0.0, "qy": -0.0, "qz": -1.666666666666667, "type": "_origin", "_k": 0, "y": -2.425166865496446, "x": -1.6666666666666672}, "1": {"z": 1.5000000000000002, "qx": -0.0, "qy": -0.0, "qz": -1.6666666666666665, "type": "_origin", "_k": 0, "y": -3.425166865496446, "x": 1.6666666666666645}, "0": {"z": 1.5000000000000002, "qx": -0.0, "qy": -0.0, "qz": -1.6666666666666665, "type": "support", "_k": 1, "y": -3.425166865496446, "x": 4.9999999999999973}, "3": {"z": 1.5000000000000002, "qx": -0.0, "qy": -0.0, "qz": -1.666666666666667, "type": "support", "_k": 1, "y": -3.425166865496446, "x": -5.0000000000000009}, "2": {"z": 1.5000000000000002, "qx": -0.0, "qy": -0.0, "qz": -1.666666666666667, "type": "_origin", "_k": 0, "y": -3.425166865496446, "x": -1.6666666666666672}, "10": {"z": -0.059999999999999776, "type": "support", "_k": 1, "y": -2.925166865496446, "x": 3.7699999999999974}, "11": {"z": -0.059999999999999776, "type": "support", "_k": 1, "y": -2.925166865496446, "x": -3.7700000000000014}, "9": {"z": 0.27000000000000024, "type": "_origin", "_k": 0, "y": -2.925166865496446, "x": -3.7700000000000014}, "8": {"z": 0.27000000000000024, "type": "_origin", "_k": 0, "y": -2.925166865496446, "x": 3.7699999999999974}}, "max_int_key": 11, "attributes": {"gkey_node": {"3.770,-2.925,-0.060": 10, "1.667,-3.425,1.500": 1, "3.770,-2.925,0.270": 8, "-3.770,-2.925,0.270": 9, "1.667,-2.425,1.500": 5, "5.000,-3.425,1.500": 0, "-3.770,-2.925,-0.060": 11, "-1.667,-3.425,1.500": 2, "-1.667,-2.425,1.500": 6, "-5.000,-3.425,1.500": 3, "-5.000,-2.425,1.500": 7, "5.000,-2.425,1.500": 4}, "name": "Network", "_aux_length": 0.33000000000000002, "_trails": {"1": [1, 0], "2": [2, 3], "5": [5, 4], "6": [6, 7], "8": [8, 10], "9": [9, 11]}, "tol": "3f", "_auxiliary_trails": {"8": [8, 10], "9": [9, 11]}, "_aux_vector": {"dtype": "compas.geometry/Vector", "value": [-0.0, -0.0, -1.0]}}, "edge_attributes": {"force": 0.0, "type": null, "length": 0.0}, "edge": {"5": {"6": {"force": -12.9, "type": "deviation"}, "8": {"force": 0.20000000000000001, "type": "deviation"}}, "4": {"5": {"length": -3.333333333333333, "type": "trail"}}, "7": {}, "6": {"7": {"length": -3.3333333333333339, "type": "trail"}, "9": {"force": 0.20000000000000001, "type": "deviation"}}, "1": {"5": {"force": -0.10000000000000001, "type": "deviation"}, "8": {"force": 0.20000000000000001, "type": "deviation"}, "2": {"force": -12.9, "type": "deviation"}}, "0": {"4": {"force": -0.10000000000000001, "type": "deviation"}, "1": {"length": -3.333333333333333, "type": "trail"}}, "3": {"7": {"force": -0.10000000000000001, "type": "deviation"}}, "2": {"6": {"force": -0.10000000000000001, "type": "deviation"}, "9": {"force": 0.20000000000000001, "type": "deviation"}, "3": {"length": -3.3333333333333339, "type": "trail"}}, "10": {}, "11": {}, "9": {"7": {"force": -0.5, "type": "deviation"}, "3": {"force": -0.5, "type": "deviation"}, "11": {"length": 0.33000000000000002, "type": "trail"}}, "8": {"4": {"force": -0.5, "type": "deviation"}, "0": {"force": -0.5, "type": "deviation"}, "10": {"length": 0.33000000000000002, "type": "trail"}}}}}