{"compas": "1.7.1", "datatype": "compas_cem.diagrams/TopologyDiagram", "data": {"adjacency": {"16": {"32": null, "0": null, "17": null}, "26": {"27": null, "10": null, "25": null}, "15": {"31": null, "33": null, "14": null}, "18": {"19": null, "17": null, "2": null}, "35": {"33": null}, "25": {"26": null, "9": null, "24": null}, "28": {"12": null, "27": null, "29": null}, "10": {"26": null, "9": null, "11": null}, "30": {"31": null, "14": null, "29": null}, "20": {"4": null, "21": null, "32": null, "19": null}, "17": {"1": null, "18": null, "16": null}, "27": {"28": null, "26": null, "33": null, "11": null}, "12": {"28": null, "13": null, "11": null}, "32": {"34": null, "4": null, "0": null, "20": null, "16": null}, "22": {"21": null, "6": null, "23": null}, "19": {"20": null, "18": null, "3": null}, "29": {"28": null, "30": null, "13": null}, "11": {"12": null, "27": null, "33": null, "10": null}, "5": {"4": null, "21": null, "6": null}, "4": {"20": null, "32": null, "3": null, "5": null}, "7": {"6": null, "23": null, "8": null}, "6": {"7": null, "22": null, "5": null}, "1": {"0": null, "17": null, "2": null}, "0": {"32": null, "1": null, "16": null}, "3": {"4": null, "19": null, "2": null}, "2": {"1": null, "18": null, "3": null}, "21": {"20": null, "22": null, "5": null}, "31": {"30": null, "33": null, "15": null}, "9": {"25": null, "8": null, "10": null}, "8": {"7": null, "9": null, "24": null}, "14": {"30": null, "13": null, "15": null}, "34": {"32": null}, "24": {"23": null, "8": null, "25": null}, "13": {"12": null, "14": null, "29": null}, "33": {"27": null, "15": null, "35": null, "11": null, "31": null}, "23": {"7": null, "22": null, "24": null}}, "node_attributes": {"z": 0.0, "qx": 0.0, "rx": 0.0, "qy": 0.0, "ry": 0.0, "qz": 0.0, "type": null, "rz": 0.0, "_k": null, "y": 0.0, "x": 0.0}, "node": {"16": {"z": 1.5000000000000002, "qx": -0.0, "qy": -0.0, "qz": -0.33333333333333259, "type": "support", "_k": 7, "y": -2.425166865496446, "x": 4.9999999999999973}, "26": {"z": 1.5000000000000002, "qx": -0.0, "qy": -0.0, "qz": -0.66666666666666563, "_k": 2, "y": -2.425166865496446, "x": -1.6666666666666672}, "15": {"z": 1.5000000000000002, "qx": -0.0, "qy": -0.0, "qz": -0.33333333333333393, "type": "support", "_k": 7, "y": -3.425166865496446, "x": -5.0000000000000009}, "18": {"z": 1.5000000000000002, "qx": -0.0, "qy": -0.0, "qz": -0.66666666666666741, "_k": 5, "y": -2.425166865496446, "x": 3.6666666666666647}, "35": {"z": -0.059999999999999776, "type": "support", "_k": 1, "y": -2.925166865496446, "x": -3.7700000000000014}, "25": {"z": 1.5000000000000002, "qx": -0.0, "qy": -0.0, "qz": -0.66666666666666596, "_k": 1, "y": -2.425166865496446, "x": -1.0000000000000022}, "28": {"z": 1.5000000000000002, "qx": -0.0, "qy": -0.0, "qz": -0.66666666666666674, "_k": 4, "y": -2.425166865496446, "x": -3.0000000000000013}, "10": {"z": 1.5000000000000002, "qx": -0.0, "qy": -0.0, "qz": -0.66666666666666563, "_k": 2, "y": -3.425166865496446, "x": -1.6666666666666672}, "30": {"z": 1.5000000000000002, "qx": -0.0, "qy": -0.0, "qz": -0.66666666666666696, "_k": 6, "y": -2.425166865496446, "x": -4.333333333333333}, "20": {"z": 1.5000000000000002, "qx": -0.0, "qy": -0.0, "qz": -0.66666666666666641, "_k": 3, "y": -2.425166865496446, "x": 2.3333333333333308}, "17": {"z": 1.5000000000000002, "qx": -0.0, "qy": -0.0, "qz": -0.6666666666666663, "_k": 6, "y": -2.425166865496446, "x": 4.3333333333333321}, "27": {"z": 1.5000000000000002, "qx": -0.0, "qy": -0.0, "qz": -0.66666666666666707, "_k": 3, "y": -2.425166865496446, "x": -2.3333333333333335}, "12": {"z": 1.5000000000000002, "qx": -0.0, "qy": -0.0, "qz": -0.66666666666666674, "_k": 4, "y": -3.425166865496446, "x": -3.0000000000000013}, "32": {"z": 0.27000000000000024, "type": "_origin", "_k": 0, "y": -2.925166865496446, "x": 3.7699999999999974}, "22": {"z": 1.5000000000000002, "qx": -0.0, "qy": -0.0, "qz": -0.6666666666666663, "_k": 1, "y": -2.425166865496446, "x": 0.99999999999999756}, "19": {"z": 1.5000000000000002, "qx": -0.0, "qy": -0.0, "qz": -0.66666666666666696, "_k": 4, "y": -2.425166865496446, "x": 2.9999999999999973}, "29": {"z": 1.5000000000000002, "qx": -0.0, "qy": -0.0, "qz": -0.66666666666666585, "_k": 5, "y": -2.425166865496446, "x": -3.666666666666667}, "11": {"z": 1.5000000000000002, "qx": -0.0, "qy": -0.0, "qz": -0.66666666666666707, "_k": 3, "y": -3.425166865496446, "x": -2.3333333333333335}, "5": {"z": 1.5000000000000002, "qx": -0.0, "qy": -0.0, "qz": -0.66666666666666663, "_k": 2, "y": -3.425166865496446, "x": 1.6666666666666645}, "4": {"z": 1.5000000000000002, "qx": -0.0, "qy": -0.0, "qz": -0.66666666666666641, "_k": 3, "y": -3.425166865496446, "x": 2.3333333333333308}, "7": {"z": 1.5000000000000002, "qx": -0.0, "qy": -0.0, "qz": -0.33333333333333282, "type": "_origin", "_k": 0, "y": -3.425166865496446, "x": 0.33333333333333187}, "6": {"z": 1.5000000000000002, "qx": -0.0, "qy": -0.0, "qz": -0.6666666666666663, "_k": 1, "y": -3.425166865496446, "x": 0.99999999999999756}, "1": {"z": 1.5000000000000002, "qx": -0.0, "qy": -0.0, "qz": -0.6666666666666663, "_k": 6, "y": -3.425166865496446, "x": 4.3333333333333321}, "0": {"z": 1.5000000000000002, "qx": -0.0, "qy": -0.0, "qz": -0.33333333333333259, "type": "support", "_k": 7, "y": -3.425166865496446, "x": 4.9999999999999973}, "3": {"z": 1.5000000000000002, "qx": -0.0, "qy": -0.0, "qz": -0.66666666666666696, "_k": 4, "y": -3.425166865496446, "x": 2.9999999999999973}, "2": {"z": 1.5000000000000002, "qx": -0.0, "qy": -0.0, "qz": -0.66666666666666741, "_k": 5, "y": -3.425166865496446, "x": 3.6666666666666647}, "21": {"z": 1.5000000000000002, "qx": -0.0, "qy": -0.0, "qz": -0.66666666666666663, "_k": 2, "y": -2.425166865496446, "x": 1.6666666666666645}, "31": {"z": 1.5000000000000002, "qx": -0.0, "qy": -0.0, "qz": -0.33333333333333393, "type": "support", "_k": 7, "y": -2.425166865496446, "x": -5.0000000000000009}, "9": {"z": 1.5000000000000002, "qx": -0.0, "qy": -0.0, "qz": -0.66666666666666596, "_k": 1, "y": -3.425166865496446, "x": -1.0000000000000022}, "8": {"z": 1.5000000000000002, "qx": -0.0, "qy": -0.0, "qz": -0.33333333333333348, "type": "_origin", "_k": 0, "y": -3.425166865496446, "x": -0.3333333333333352}, "14": {"z": 1.5000000000000002, "qx": -0.0, "qy": -0.0, "qz": -0.66666666666666696, "_k": 6, "y": -3.425166865496446, "x": -4.333333333333333}, "34": {"z": -0.059999999999999776, "type": "support", "_k": 1, "y": -2.925166865496446, "x": 3.7699999999999974}, "24": {"z": 1.5000000000000002, "qx": -0.0, "qy": -0.0, "qz": -0.33333333333333348, "type": "_origin", "_k": 0, "y": -2.425166865496446, "x": -0.3333333333333352}, "13": {"z": 1.5000000000000002, "qx": -0.0, "qy": -0.0, "qz": -0.66666666666666585, "_k": 5, "y": -3.425166865496446, "x": -3.666666666666667}, "33": {"z": 0.27000000000000024, "type": "_origin", "_k": 0, "y": -2.925166865496446, "x": -3.7700000000000014}, "23": {"z": 1.5000000000000002, "qx": -0.0, "qy": -0.0, "qz": -0.33333333333333282, "type": "_origin", "_k": 0, "y": -2.425166865496446, "x": 0.33333333333333187}}, "max_int_key": 35, "attributes": {"gkey_node": {"5.000,-3.425,1.500": 0, "3.000,-2.425,1.500": 19, "3.667,-2.425,1.500": 18, "1.667,-3.425,1.500": 5, "-4.333,-2.425,1.500": 30, "-5.000,-3.425,1.500": 15, "0.333,-3.425,1.500": 7, "4.333,-2.425,1.500": 17, "-3.000,-2.425,1.500": 28, "-4.333,-3.425,1.500": 14, "5.000,-2.425,1.500": 16, "1.667,-2.425,1.500": 21, "-5.000,-2.425,1.500": 31, "-3.667,-3.425,1.500": 13, "-2.333,-2.425,1.500": 27, "-1.667,-3.425,1.500": 10, "-0.333,-2.425,1.500": 24, "-3.770,-2.925,0.270": 33, "4.333,-3.425,1.500": 1, "2.333,-2.425,1.500": 20, "-1.000,-3.425,1.500": 9, "-3.667,-2.425,1.500": 29, "-2.333,-3.425,1.500": 11, "1.000,-3.425,1.500": 6, "3.000,-3.425,1.500": 3, "3.770,-2.925,0.270": 32, "3.667,-3.425,1.500": 2, "-1.667,-2.425,1.500": 26, "-0.333,-3.425,1.500": 8, "-1.000,-2.425,1.500": 25, "2.333,-3.425,1.500": 4, "0.333,-2.425,1.500": 23, "3.770,-2.925,-0.060": 34, "-3.770,-2.925,-0.060": 35,