{"compas": "1.7.1", "datatype": "compas_cem.diagrams/TopologyDiagram", "data": {"adjacency": {"16": {"21": null, "6": null, "15": null, "17": null}, "15": {"14": null, "16": null, "5": null}, "18": {"19": null, "8": null, "17": null}, "10": {"20": null, "0": null, "11": null}, "20": {"22": null, "10": null, "13": null, "0": null, "3": null}, "17": {"7": null, "18": null, "16": null}, "12": {"13": null, "11": null, "2": null}, "22": {"20": null}, "19": {"21": null, "9": null, "18": null}, "11": {"12": null, "1": null, "10": null}, "5": {"4": null, "6": null, "15": null}, "4": {"14": null, "3": null, "5": null}, "7": {"6": null, "8": null, "17": null}, "6": {"7": null, "21": null, "16": null, "5": null}, "1": {"0": null, "11": null, "2": null}, "0": {"20": null, "1": null, "10": null}, "3": {"4": null, "20": null, "13": null, "2": null}, "2": {"12": null, "1": null, "3": null}, "21": {"19": null, "6": null, "23": null, "9": null, "16": null}, "9": {"21": null, "19": null, "8": null}, "8": {"7": null, "9": null, "18": null}, "14": {"4": null, "13": null, "15": null}, "13": {"12": null, "20": null, "14": null, "3": null}, "23": {"21": null}}, "node_attributes": {"z": 0.0, "qx": 0.0, "rx": 0.0, "qy": 0.0, "ry": 0.0, "qz": 0.0, "type": null, "rz": 0.0, "_k": null, "y": 0.0, "x": 0.0}, "node": {"16": {"z": 1.5000000000000002, "qx": -0.0, "qy": -0.0, "qz": -1.1111111111111116, "_k": 1, "y": -2.425166865496446, "x": -1.666666666666669}, "15": {"z": 1.5000000000000002, "qx": -0.0, "qy": -0.0, "qz": -0.5555555555555558, "type": "_origin", "_k": 0, "y": -2.425166865496446, "x": -0.55555555555555747}, "18": {"z": 1.5000000000000002, "qx": -0.0, "qy": -0.0, "qz": -1.1111111111111103, "_k": 3, "y": -2.425166865496446, "x": -3.8888888888888924}, "10": {"z": 1.5000000000000002, "qx": -0.0, "qy": -0.0, "qz": -0.55555555555555536, "type": "support", "_k": 4, "y": -2.425166865496446, "x": 4.9999999999999973}, "20": {"z": 0.27000000000000024, "type": "_origin", "_k": 0, "y": -2.925166865496446, "x": 3.7699999999999974}, "17": {"z": 1.5000000000000002, "qx": -0.0, "qy": -0.0, "qz": -1.1111111111111116, "_k": 2, "y": -2.425166865496446, "x": -2.7777777777777803}, "12": {"z": 1.5000000000000002, "qx": -0.0, "qy": -0.0, "qz": -1.1111111111111112, "_k": 2, "y": -2.425166865496446, "x": 2.7777777777777755}, "22": {"z": -0.059999999999999776, "type": "support", "_k": 1, "y": -2.925166865496446, "x": 3.7699999999999974}, "19": {"z": 1.5000000000000002, "qx": -0.0, "qy": -0.0, "qz": -0.55555555555555425, "type": "support", "_k": 4, "y": -2.425166865496446, "x": -5.0000000000000009}, "11": {"z": 1.5000000000000002, "qx": -0.0, "qy": -0.0, "qz": -1.1111111111111109, "_k": 3, "y": -2.425166865496446, "x": 3.8888888888888866}, "5": {"z": 1.5000000000000002, "qx": -0.0, "qy": -0.0, "qz": -0.5555555555555558, "type": "_origin", "_k": 0, "y": -3.425166865496446, "x": -0.55555555555555747}, "4": {"z": 1.5000000000000002, "qx": -0.0, "qy": -0.0, "qz": -0.55555555555555558, "type": "_origin", "_k": 0, "y": -3.425166865496446, "x": 0.55555555555555325}, "7": {"z": 1.5000000000000002, "qx": -0.0, "qy": -0.0, "qz": -1.1111111111111116, "_k": 2, "y": -3.425166865496446, "x": -2.7777777777777803}, "6": {"z": 1.5000000000000002, "qx": -0.0, "qy": -0.0, "qz": -1.1111111111111116, "_k": 1, "y": -3.425166865496446, "x": -1.666666666666669}, "1": {"z": 1.5000000000000002, "qx": -0.0, "qy": -0.0, "qz": -1.1111111111111109, "_k": 3, "y": -3.425166865496446, "x": 3.8888888888888866}, "0": {"z": 1.5000000000000002, "qx": -0.0, "qy": -0.0, "qz": -0.55555555555555536, "type": "support", "_k": 4, "y": -3.425166865496446, "x": 4.9999999999999973}, "3": {"z": 1.5000000000000002, "qx": -0.0, "qy": -0.0, "qz": -1.1111111111111112, "_k": 1, "y": -3.425166865496446, "x": 1.6666666666666645}, "2": {"z": 1.5000000000000002, "qx": -0.0, "qy": -0.0, "qz": -1.1111111111111112, "_k": 2, "y": -3.425166865496446, "x": 2.7777777777777755}, "21": {"z": 0.27000000000000024, "type": "_origin", "_k": 0, "y": -2.925166865496446, "x": -3.7700000000000014}, "9": {"z": 1.5000000000000002, "qx": -0.0, "qy": -0.0, "qz": -0.55555555555555425, "type": "support", "_k": 4, "y": -3.425166865496446, "x": -5.0000000000000009}, "8": {"z": 1.5000000000000002, "qx": -0.0, "qy": -0.0, "qz": -1.1111111111111103, "_k": 3, "y": -3.425166865496446, "x": -3.8888888888888924}, "14": {"z": 1.5000000000000002, "qx": -0.0, "qy": -0.0, "qz": -0.55555555555555558, "type": "_origin", "_k": 0, "y": -2.425166865496446, "x": 0.55555555555555325}, "13": {"z": 1.5000000000000002, "qx": -0.0, "qy": -0.0, "qz": -1.1111111111111112, "_k": 1, "y": -2.425166865496446, "x": 1.6666666666666645}, "23": {"z": -0.059999999999999776, "type": "support", "_k": 1, "y": -2.925166865496446, "x": -3.7700000000000014}}, "max_int_key": 23, "attributes": {"gkey_node": {"5.000,-3.425,1.500": 0, "1.667,-3.425,1.500": 3, "-2.778,-2.425,1.500": 17, "0.556,-2.425,1.500": 14, "-5.000,-3.425,1.500": 9, "-0.556,-2.425,1.500": 15, "2.778,-3.425,1.500": 2, "3.889,-2.425,1.500": 11, "5.000,-2.425,1.500": 10, "-2.778,-3.425,1.500": 7, "1.667,-2.425,1.500": 13, "-5.000,-2.425,1.500": 19, "-0.556,-3.425,1.500": 5, "0.556,-3.425,1.500": 4, "-1.667,-3.425,1.500": 6, "-3.770,-2.925,0.270": 21, "3.770,-2.925,0.270": 20, "-3.889,-3.425,1.500": 8, "-1.667,-2.425,1.500": 16, "3.770,-2.925,-0.060": 22, "-3.770,-2.925,-0.060": 23, "-3.889,-2.425,1.500": 18, "2.778,-2.425,1.500": 12, "3.889,-3.425,1.500": 1}, "name": "Network", "_aux_length": 0.33000000000000002, "_trails": {"4": [4, 3, 2, 1, 0], "5": [5, 6, 7, 8, 9], "14": [14, 13, 12, 11, 10], "15": [15, 16, 17, 18, 19], "20": [20, 22], "21": [21, 23]}, "tol": "3f", "_auxiliary_trails": {"21": [21, 23], "20": [20, 22]}, "_aux_vector": {"dtype": "compas.geometry/Vector", "value": [-0.0, -0.0, -1.0]}}, "edge_attributes": {"force": 0.0, "type": null, "length": 0.0}, "edge": {"16": {"21": {"force": 0.20000000000000001, "type": "deviation"}, "17": {"length": -1.1111111111111114, "type": "trail"}}, "15": {"16": {"length": -1.1111111111111116, "type": "trail"}}, "18": {"19": {"length": -1.1111111111111085, "type": "trail"}}, "10": {"11": {"length": -1.1111111111111107, "type": "trail"}}, "20": {"22": {"length": 0.33000000000000002, "type": "trail"}, "0": {"force": -0.5, "type": "deviation"}, "10": {"force": -0.5, "type": "deviation"}}, "17": {"18": {"length": -1.111111111111112, "type": "trail"}}, "12": {"13": {"length": -1.1111111111111109, "type": "trail"}}, "22": {}, "19": {}, "11": {"12": {"length": -1.1111111111111112, "type": "trail"}}, "5": {"6": {"length": -1.1111111111111116, "type": "trail"}, "15": {"force": -0.10000000000000001, "type": "deviation"}}, "4": {"14": {"force": -0.10000000000000001, "type": "deviation"}, "5": {"force": -12.9, "type": "deviation"}}, "7": {"8": {"length": -1.111111111111112, "type": "trail"}, "17": {"force": -0.10000000000000001, "type": "deviation"}}, "6": {"7": {"length": -1.1111111111111114, "type": "trail"}, "21": {"force": 0.20000000000000001, "type": "deviation"}, "16": {"force": -0.10000000000000001, "type": "deviation"}}, "1": {"11": {"force": -0.10000000000000001, "type": "deviation"}, "2": {"length": -1.1111111111111112, "type": "trail"}}, "0": {"1": {"length": -1.1111111111111107, "type": "trail"}, "10": {"force": -0.10000000000000001, "type": "deviation"}}, "3": {"4": {"length": -1.1111111111111112, "type": "trail"}, "20": {"force": 0.20000000000000001, "type": "deviation"}, "13": {"force": -0.10000000000000001, "type": "deviation"}}, "2": {"12": {"force": -0.10000000000000001, "type": "deviation"}, "3": {"length": -1.1111111111111109, "type": "trail"}}, "21": {"19": {"force": -0.5, "type": "deviation"}, "23": {"length": 0.33000000000000002, "type": "trail"}, "9": {"force": -0.5, "type": "deviation"}}, "9": {"19": {"force": -0.10000000000000001, "type": "deviation"}}, "8": {"9": {"length": -1.1111111111111085, "type": "trail"}, "18": {"force": -0.10000000000000001, "type": "deviation"}},