{"compas": "1.7.1", "datatype": "compas_cem.diagrams/FormDiagram", "data": {"adjacency": {"5": {"4": null, "6": null, "1": null, "8": null}, "4": {"0": null, "8": null, "5": null}, "7": {"6": null, "9": null, "3": null}, "6": {"5": null, "7": null, "9": null, "2": null}, "1": {"5": null, "0": null, "8": null, "2": null}, "0": {"4": null, "1": null, "8": null}, "3": {"7": null, "9": null, "2": null}, "2": {"6": null, "1": null, "9": null, "3": null}, "10": {"8": null}, "11": {"9": null}, "9": {"7": null, "6": null, "3": null, "2": null, "11": null}, "8": {"5": null, "4": null, "1": null, "0": null, "10": null}}, "node_attributes": {"z": 0.0, "qx": 0.0, "rx": 0.0, "qy": 0.0, "ry": 0.0, "qz": 0.0, "type": null, "rz": 0.0, "_k": null, "y": 0.0, "x": 0.0}, "node": {"5": {"z": 1.5000000000000002, "qx": -0.0, "qy": -0.0, "qz": -1.6666666666666665, "type": "_origin", "_k": 0, "y": -2.425166865496446, "x": 1.6666666666666645}, "4": {"z": 1.0537432915882388, "qx": -0.0, "rx": -13.463070868612121, "qy": -0.0, "ry": -0.32890934972039648, "qz": -1.6666666666666665, "type": "support", "rz": 3.1749295010543555, "_k": 1, "y": -2.4100529553777523, "x": 4.969958605177327}, "7": {"z": 1.0537432915882385, "qx": -0.0, "rx": 13.463070868612121, "qy": -0.0, "ry": -0.32890934972039654, "qz": -1.666666666666667, "type": "support", "rz": 3.1749295010543563, "_k": 1, "y": -2.4100529553777523, "x": -4.9699586051773306}, "6": {"z": 1.5000000000000002, "qx": -0.0, "qy": -0.0, "qz": -1.666666666666667, "type": "_origin", "_k": 0, "y": -2.425166865496446, "x": -1.6666666666666672}, "1": {"z": 1.5000000000000002, "qx": -0.0, "qy": -0.0, "qz": -1.6666666666666665, "type": "_origin", "_k": 0, "y": -3.425166865496446, "x": 1.6666666666666645}, "0": {"z": 1.0537432915882388, "qx": -0.0, "rx": -13.463070868612121, "qy": -0.0, "ry": 0.32890934972039648, "qz": -1.6666666666666665, "type": "support", "rz": 3.1749295010543555, "_k": 1, "y": -3.4402807756151397, "x": 4.969958605177327}, "3": {"z": 1.0537432915882385, "qx": -0.0, "rx": 13.463070868612121, "qy": -0.0, "ry": 0.32890934972039654, "qz": -1.666666666666667, "type": "support", "rz": 3.1749295010543563, "_k": 1, "y": -3.4402807756151397, "x": -4.9699586051773306}, "2": {"z": 1.5000000000000002, "qx": -0.0, "qy": -0.0, "qz": -1.666666666666667, "type": "_origin", "_k": 0, "y": -3.425166865496446, "x": -1.6666666666666672}, "10": {"z": 0.35936703152435073, "rx": 1.1261417372242413, "ry": -0.0, "type": "support", "rz": 0.31680766455795517, "_k": 1, "y": -2.925166865496446, "x": 4.0876689057438957}, "11": {"z": 0.35936703152435079, "rx": -1.1261417372242415, "ry": -0.0, "type": "support", "rz": 0.31680766455795528, "_k": 1, "y": -2.925166865496446, "x": -4.0876689057438993}, "9": {"z": 0.27000000000000024, "type": "_origin", "_k": 0, "y": -2.925166865496446, "x": -3.7700000000000014}, "8": {"z": 0.27000000000000024, "type": "_origin", "_k": 0, "y": -2.925166865496446, "x": 3.7699999999999974}}, "max_int_key": 11, "attributes": {"gkey_node": {"-4.970,-2.410,1.054": 7, "3.770,-2.925,-0.060": 10, "4.970,-3.440,1.054": 0, "1.667,-3.425,1.500": 1, "3.770,-2.925,0.270": 8, "-3.770,-2.925,0.270": 9, "1.667,-2.425,1.500": 5, "5.000,-3.425,1.500": 0, "-3.770,-2.925,-0.060": 11, "-4.970,-3.440,1.054": 3, "4.970,-2.410,1.054": 4, "-4.088,-2.925,0.359": 11, "-1.667,-3.425,1.500": 2, "-1.667,-2.425,1.500": 6, "4.088,-2.925,0.359": 10, "-5.000,-3.425,1.500": 3, "-5.000,-2.425,1.500": 7, "5.000,-2.425,1.500": 4}, "name": "Network", "tol": "3f"}, "edge_attributes": {"force": 0.0, "type": null, "length": 0.0}, "edge": {"5": {"6": {"force": -12.9, "type": "deviation", "length": 3.3333333333333317}, "8": {"force": 0.20000000000000001, "type": "deviation", "length": 2.4873502188294894}}, "4": {"5": {"force": -13.187977987353305, "length": 3.3333333333333326, "type": "trail"}}, "7": {}, "6": {"7": {"force": -13.187977987353305, "length": 3.3333333333333339, "type": "trail"}, "9": {"force": 0.20000000000000001, "type": "deviation", "length": 2.4873502188294907}}, "1": {"5": {"force": -0.10000000000000001, "type": "deviation", "length": 1.0}, "8": {"force": 0.20000000000000001, "type": "deviation", "length": 2.4873502188294894}, "2": {"force": -12.9, "type": "deviation", "length": 3.3333333333333317}}, "0": {"4": {"force": -0.10000000000000001, "type": "deviation", "length": 1.0302278202373873}, "1": {"force": -13.187977987353305, "length": 3.3333333333333326, "type": "trail"}}, "3": {"7": {"force": -0.10000000000000001, "type": "deviation", "length": 1.0302278202373873}}, "2": {"6": {"force": -0.10000000000000001, "type": "deviation", "length": 1.0}, "9": {"force": 0.20000000000000001, "type": "deviation", "length": 2.4873502188294907}, "3": {"force": -13.187977987353305, "length": 3.3333333333333339, "type": "trail"}}, "10": {}, "11": {}, "9": {"7": {"force": -0.5, "type": "deviation", "length": 1.5229893439044337}, "3": {"force": -0.5, "type": "deviation", "length": 1.5229893439044337}, "11": {"force": 1.1698556785523155, "length": 0.32999999999999968, "type": "trail"}}, "8": {"4": {"force": -0.5, "type": "deviation", "length": 1.5229893439044342}, "0": {"force": -0.5, "type": "deviation", "length": 1.5229893439044342}, "10": {"force": 1.1698556785523153, "length": 0.33000000000000007, "type": "trail"}}}}}