{"compas": "1.7.1", "datatype": "compas_cem.diagrams/TopologyDiagram", "data": {"adjacency": {"16": {"17": null, "24": null, "15": null, "2": null, "23": null}, "26": {"12": null, "27": null, "19": null, "25": null, "20": null}, "15": {"14": null, "22": null, "1": null, "23": null, "16": null}, "18": {"4": null, "19": null, "17": null, "25": null}, "25": {"26": null, "24": null, "19": null, "18": null, "11": null}, "10": {"24": null, "3": null, "2": null, "11": null, "9": null}, "20": {"26": null, "27": null, "19": null, "6": null, "21": null}, "17": {"24": null, "18": null, "16": null, "3": null}, "27": {"13": null, "20": null, "21": null, "26": null}, "12": {"26": null, "5": null, "6": null, "13": null, "11": null}, "22": {"14": null, "23": null, "8": null, "15": null}, "19": {"26": null, "5": null, "18": null, "25": null, "20": null}, "11": {"12": null, "5": null, "4": null, "25": null, "10": null}, "5": {"12": null, "4": null, "19": null, "6": null, "11": null}, "4": {"5": null, "18": null, "3": null, "11": null}, "7": {"13": null, "21": null, "6": null}, "6": {"12": null, "5": null, "7": null, "13": null, "20": null}, "1": {"15": null, "0": null, "2": null, "9": null, "8": null}, "0": {"14": null, "1": null, "8": null}, "3": {"4": null, "10": null, "17": null, "2": null}, "2": {"1": null, "10": null, "3": null, "9": null, "16": null}, "21": {"7": null, "20": null, "27": null}, "9": {"10": null, "1": null, "2": null, "23": null, "8": null}, "8": {"1": null, "0": null, "9": null, "22": null}, "14": {"15": null, "0": null, "22": null}, "24": {"17": null, "25": null, "10": null, "23": null, "16": null}, "13": {"12": null, "7": null, "6": null, "27": null}, "23": {"24": null, "15": null, "22": null, "9": null, "16": null}}, "node_attributes": {"z": 0.0, "qx": 0.0, "rx": 0.0, "qy": 0.0, "ry": 0.0, "qz": 0.0, "type": null, "rz": 0.0, "_k": null, "y": 0.0, "x": 0.0}, "node": {"16": {"z": 1.5000000000000002, "qx": -0.0, "qy": -0.0, "qz": -0.14285714285714282, "_k": 1, "y": -2.425166865496446, "x": -2.142857142857145}, "26": {"_k": 1, "z": 2.9510000000000014, "y": -2.425166865496446, "x": 2.1428571428571384}, "15": {"z": 1.5000000000000002, "qx": -0.0, "qy": -0.0, "qz": -0.14285714285714279, "_k": 2, "y": -2.425166865496446, "x": -3.5714285714285725}, "18": {"z": 1.5000000000000002, "qx": -0.0, "qy": -0.0, "qz": -0.14285714285714285, "type": "_origin", "_k": 0, "y": -2.425166865496446, "x": 0.71428571428571286}, "25": {"z": 2.9510000000000014, "type": "_origin", "_k": 0, "y": -2.425166865496446, "x": 0.71428571428571219}, "10": {"z": 2.9510000000000005, "type": "_origin", "_k": 0, "y": -3.425166865496446, "x": -0.71428571428571708}, "20": {"z": 1.5000000000000002, "qx": -0.0, "qy": -0.0, "qz": -0.14285714285714282, "_k": 2, "y": -2.425166865496446, "x": 3.5714285714285667}, "17": {"z": 1.5000000000000002, "qx": -0.0, "qy": -0.0, "qz": -0.14285714285714288, "type": "_origin", "_k": 0, "y": -2.425166865496446, "x": -0.71428571428571608}, "27": {"z": 2.9510000000000014, "type": "support", "_k": 2, "y": -2.425166865496446, "x": 3.5714285714285694}, "12": {"_k": 1, "z": 2.9510000000000014, "y": -3.425166865496446, "x": 2.1428571428571384}, "22": {"z": 2.951000000000001, "type": "support", "_k": 2, "y": -2.425166865496446, "x": -3.5714285714285725}, "19": {"z": 1.5000000000000002, "qx": -0.0, "qy": -0.0, "qz": -0.14285714285714268, "_k": 1, "y": -2.425166865496446, "x": 2.142857142857141}, "11": {"z": 2.9510000000000014, "type": "_origin", "_k": 0, "y": -3.425166865496446, "x": 0.71428571428571219}, "5": {"z": 1.5000000000000002, "qx": -0.0, "qy": -0.0, "qz": -0.14285714285714268, "_k": 1, "y": -3.425166865496446, "x": 2.142857142857141}, "4": {"z": 1.5000000000000002, "qx": -0.0, "qy": -0.0, "qz": -0.14285714285714285, "type": "_origin", "_k": 0, "y": -3.425166865496446, "x": 0.71428571428571286}, "7": {"z": 1.5000000000000002, "qx": -0.0, "qy": -0.0, "qz": -0.071428571428571536, "type": "support", "_k": 3, "y": -3.425166865496446, "x": 4.9999999999999973}, "6": {"z": 1.5000000000000002, "qx": -0.0, "qy": -0.0, "qz": -0.14285714285714282, "_k": 2, "y": -3.425166865496446, "x": 3.5714285714285667}, "1": {"z": 1.5000000000000002, "qx": -0.0, "qy": -0.0, "qz": -0.14285714285714279, "_k": 2, "y": -3.425166865496446, "x": -3.5714285714285725}, "0": {"z": 1.5000000000000002, "qx": -0.0, "qy": -0.0, "qz": -0.071428571428571425, "type": "support", "_k": 3, "y": -3.425166865496446, "x": -5.0000000000000009}, "3": {"z": 1.5000000000000002, "qx": -0.0, "qy": -0.0, "qz": -0.14285714285714288, "type": "_origin", "_k": 0, "y": -3.425166865496446, "x": -0.71428571428571608}, "2": {"z": 1.5000000000000002, "qx": -0.0, "qy": -0.0, "qz": -0.14285714285714282, "_k": 1, "y": -3.425166865496446, "x": -2.142857142857145}, "21": {"z": 1.5000000000000002, "qx": -0.0, "qy": -0.0, "qz": -0.071428571428571536, "type": "support", "_k": 3, "y": -2.425166865496446, "x": 4.9999999999999973}, "9": {"_k": 1, "z": 2.951000000000001, "y": -3.425166865496446, "x": -2.1428571428571446}, "8": {"z": 2.951000000000001, "type": "support", "_k": 2, "y": -3.425166865496446, "x": -3.5714285714285725}, "14": {"z": 1.5000000000000002, "qx": -0.0, "qy": -0.0, "qz": -0.071428571428571425, "type": "support", "_k": 3, "y": -2.425166865496446, "x": -5.0000000000000009}, "24": {"z": 2.9510000000000005, "type": "_origin", "_k": 0, "y": -2.425166865496446, "x": -0.71428571428571708}, "13": {"z": 2.9510000000000014, "type": "support", "_k": 2, "y": -3.425166865496446, "x": 3.5714285714285694}, "23": {"_k": 1, "z": 2.951000000000001, "y": -2.425166865496446, "x": -2.1428571428571446}}, "max_int_key": 27, "attributes": {"gkey_node": {"5.000,-3.425,1.500": 7, "-3.571,-2.425,1.500": 15, "-5.000,-3.425,1.500": 0, "-2.143,-2.425,2.951": 23, "-2.143,-3.425,1.500": 2, "-3.571,-3.425,2.951": 8, "2.143,-2.425,1.500": 19, "-3.571,-3.425,1.500": 1, "-0.714,-3.425,2.951": 10, "5.000,-2.425,1.500": 21, "-5.000,-2.425,1.500": 14, "0.714,-2.425,1.500": 18, "-2.143,-2.425,1.500": 16, "-0.714,-2.425,1.500": 17, "3.571,-2.425,1.500": 20, "-2.143,-3.425,2.951": 9, "-3.571,-2.425,2.951": 22, "0.714,-3.425,1.500": 4, "0.714,-3.425,2.951": 11, "-0.714,-2.425,2.951": 24, "0.714,-2.425,2.951": 25, "-0.714,-3.425,1.500": 3, "2.143,-2.425,2.951": 26, "2.143,-3.425,1.500": 5, "2.143,-3.425,2.951": 12, "3.571,-3.425,2.951": 13, "3.571,-3.425,1.500": 6, "3.571,-2.425,2.951": 27}, "name": "Network", "_aux_length": 0.33000000000000002, "_trails": {"3": [3, 2, 1, 0], "4": [4, 5, 6, 7], "10": [10, 9, 8], "11": [11, 12, 13], "17": [17, 16, 15, 14], "18": [18, 19, 20, 21], "24": [24, 23, 22], "25": [25, 26, 27]}, "tol": "3f", "_auxiliary_trails": {}, "_aux_vector": {"dtype": "compas.geometry/Vector", "value": [-0.0, -0.0, -1.0]}}, "edge_attributes": {"force": 0.0, "type": null, "length": 0.0}, "edge": {"16": {"23": {"force": -1.3999999999999999, "type": "deviation"}, "17": {"length": -1.4285714285714288, "type": "trail"}, "24": {"force": 2.2000000000000002, "type": "deviation"}}, "26": {"27": {"length": 1.428571428571431, "type": "trail"}}, "15": {"22": {"force": -10.0, "type": "deviation"}, "23": {"force": 2.2000000000000002, "type": "deviation"}, "16": {"length": -1.4285714285714275, "type": "trail"}}, "18": {"19": {"length": -1.4285714285714282, "type": "trail"}, "25": {"force": -1.3999999999999999, "type": "deviation"}}, "25": {"26": {"length": 1.4285714285714262, "type": "trail"}}, "10": {"11": {"force": 20.0, "type": "deviation"}, "24": {"force": -0.10000000000000001, "type": "deviation"}}, "20": {"21": {"length": -1.4285714285714306, "type": "trail"}, "26": {"force": 2.2000000000000002, "type": "deviation"}, "27": {"force": -10.0, "type": "deviation"}}, "17": {"18": {"force": -20.0, "type": "deviation"}, "24": {"force": -1.3999999999999999, "type": "deviation"}}, "27": {"21": {"force": -20.0, "type": "deviation"}}, "12": {"13": {"length": 1.428571428571431, "type": "trail"}, "26": {"force": -0.10000000000000001, "type": "deviation"}},