{"compas": "1.7.1", "datatype": "compas_cem.diagrams/TopologyDiagram", "data": {"adjacency": {"16": {"1": null, "0": null, "17": null}, "26": {"12": null, "27": null, "11": null, "25": null}, "15": {"14": null, "29": null}, "18": {"17": null, "19": null, "3": null, "2": null}, "25": {"10": null, "26": null, "11": null, "24": null}, "28": {"13": null, "27": null, "14": null, "29": null}, "10": {"25": null, "9": null, "11": null, "24": null}, "20": {"4": null, "21": null, "19": null, "5": null}, "17": {"1": null, "18": null, "16": null, "2": null}, "27": {"28": null, "12": null, "26": null, "13": null}, "12": {"13": null, "27": null, "26": null, "11": null}, "22": {"21": null, "7": null, "23": null, "6": null}, "19": {"4": null, "20": null, "18": null, "3": null}, "29": {"28": null, "14": null, "15": null}, "11": {"12": null, "26": null, "10": null, "25": null}, "5": {"4": null, "21": null, "6": null, "20": null}, "4": {"20": null, "19": null, "3": null, "5": null}, "7": {"6": null, "22": null, "8": null}, "6": {"7": null, "21": null, "22": null, "5": null}, "1": {"17": null, "0": null, "16": null, "2": null}, "0": {"1": null, "16": null}, "3": {"4": null, "19": null, "18": null, "2": null}, "2": {"1": null, "18": null, "3": null, "17": null}, "21": {"20": null, "6": null, "22": null, "5": null}, "9": {"24": null, "23": null, "8": null, "10": null}, "8": {"7": null, "23": null, "9": null}, "14": {"28": null, "13": null, "15": null, "29": null}, "24": {"23": null, "9": null, "10": null, "25": null}, "13": {"28": null, "12": null, "27": null, "14": null}, "23": {"22": null, "9": null, "8": null, "24": null}}, "node_attributes": {"z": 0.0, "qx": 0.0, "rx": 0.0, "qy": 0.0, "ry": 0.0, "qz": 0.0, "type": null, "rz": 0.0, "_k": null, "y": 0.0, "x": 0.0}, "node": {"16": {"z": 2.9510000000000005, "type": "support", "_k": 6, "y": -3.425166865496446, "x": -4.3333333333333339}, "26": {"_k": 3, "z": 2.9510000000000005, "y": -3.425166865496446, "x": 2.3333333333333304}, "15": {"z": 1.5000000000000002, "qx": -0.0, "qy": -0.0, "qz": -0.033333333333333305, "type": "support", "_k": 7, "y": -3.425166865496446, "x": 4.9999999999999973}, "18": {"_k": 4, "z": 2.951000000000001, "y": -3.425166865496446, "x": -3.0000000000000004}, "25": {"_k": 2, "z": 2.9510000000000005, "y": -3.425166865496446, "x": 1.6666666666666632}, "28": {"_k": 5, "z": 2.9510000000000005, "y": -3.425166865496446, "x": 3.6666666666666643}, "10": {"z": 1.5000000000000002, "qx": -0.0, "qy": -0.0, "qz": -0.066666666666666596, "_k": 2, "y": -3.425166865496446, "x": 1.6666666666666698}, "20": {"_k": 2, "z": 2.9510000000000005, "y": -3.425166865496446, "x": -1.6666666666666681}, "17": {"_k": 5, "z": 2.9510000000000005, "y": -3.425166865496446, "x": -3.666666666666667}, "27": {"_k": 4, "z": 2.951000000000001, "y": -3.425166865496446, "x": 2.9999999999999964}, "12": {"z": 1.5000000000000002, "qx": -0.0, "qy": -0.0, "qz": -0.066666666666666652, "_k": 4, "y": -3.425166865496446, "x": 2.9999999999999973}, "22": {"z": 2.9510000000000005, "type": "_origin", "_k": 0, "y": -3.425166865496446, "x": -0.33333333333333504}, "19": {"_k": 3, "z": 2.9510000000000005, "y": -3.425166865496446, "x": -2.3333333333333344}, "29": {"z": 2.951000000000001, "type": "support", "_k": 6, "y": -3.425166865496446, "x": 4.3333333333333304}, "11": {"z": 1.5000000000000002, "qx": -0.0, "qy": -0.0, "qz": -0.066666666666666374, "_k": 3, "y": -3.425166865496446, "x": 2.3333333333333304}, "5": {"z": 1.5000000000000002, "qx": -0.0, "qy": -0.0, "qz": -0.066666666666666652, "_k": 2, "y": -3.425166865496446, "x": -1.6666666666666674}, "4": {"z": 1.5000000000000002, "qx": -0.0, "qy": -0.0, "qz": -0.06666666666666668, "_k": 3, "y": -3.425166865496446, "x": -2.3333333333333348}, "7": {"z": 1.5000000000000002, "qx": -0.0, "qy": -0.0, "qz": -0.066666666666666666, "type": "_origin", "_k": 0, "y": -3.425166865496446, "x": -0.33333333333333548}, "6": {"z": 1.5000000000000002, "qx": -0.0, "qy": -0.0, "qz": -0.066666666666666596, "_k": 1, "y": -3.425166865496446, "x": -1.0000000000000018}, "1": {"z": 1.5000000000000002, "qx": -0.0, "qy": -0.0, "qz": -0.066666666666666652, "_k": 6, "y": -3.425166865496446, "x": -4.3333333333333339}, "0": {"z": 1.5000000000000002, "qx": -0.0, "qy": -0.0, "qz": -0.033333333333333347, "type": "support", "_k": 7, "y": -3.425166865496446, "x": -5.0000000000000009}, "3": {"z": 1.5000000000000002, "qx": -0.0, "qy": -0.0, "qz": -0.066666666666666652, "_k": 4, "y": -3.425166865496446, "x": -3.0000000000000009}, "2": {"z": 1.5000000000000002, "qx": -0.0, "qy": -0.0, "qz": -0.066666666666666652, "_k": 5, "y": -3.425166865496446, "x": -3.6666666666666679}, "21": {"_k": 1, "z": 2.9510000000000005, "y": -3.425166865496446, "x": -1.0000000000000004}, "9": {"z": 1.5000000000000002, "qx": -0.0, "qy": -0.0, "qz": -0.066666666666666916, "_k": 1, "y": -3.425166865496446, "x": 0.99999999999999845}, "8": {"z": 1.5000000000000002, "qx": -0.0, "qy": -0.0, "qz": -0.066666666666666693, "type": "_origin", "_k": 0, "y": -3.425166865496446, "x": 0.33333333333333148}, "14": {"z": 1.5000000000000002, "qx": -0.0, "qy": -0.0, "qz": -0.066666666666666707, "_k": 6, "y": -3.425166865496446, "x": 4.3333333333333313}, "24": {"_k": 1, "z": 2.9510000000000005, "y": -3.425166865496446, "x": 1.0000000000000029}, "13": {"z": 1.5000000000000002, "qx": -0.0, "qy": -0.0, "qz": -0.066666666666666707, "_k": 5, "y": -3.425166865496446, "x": 3.6666666666666634}, "23": {"z": 2.9510000000000005, "type": "_origin", "_k": 0, "y": -3.425166865496446, "x": 0.33333333333333148}}, "max_int_key": 29, "attributes": {"gkey_node": {"5.000,-3.425,1.500": 15, "3.667,-3.425,2.951": 28, "-3.000,-3.425,1.500": 3, "1.667,-3.425,1.500": 10, "1.000,-3.425,2.951": 24, "-5.000,-3.425,1.500": 0, "3.000,-3.425,2.951": 27, "-3.000,-3.425,2.951": 18, "0.333,-3.425,1.500": 8, "2.333,-3.425,2.951": 26, "-3.667,-3.425,2.951": 17, "-4.333,-3.425,1.500": 1, "1.667,-3.425,2.951": 25, "-4.333,-3.425,2.951": 16, "-3.667,-3.425,1.500": 2, "-1.667,-3.425,2.951": 20, "-1.667,-3.425,1.500": 5, "4.333,-3.425,1.500": 14, "-1.000,-3.425,1.500": 6, "0.333,-3.425,2.951": 23, "-2.333,-3.425,1.500": 4, "1.000,-3.425,1.500": 9, "3.000,-3.425,1.500": 12, "3.667,-3.425,1.500": 13, "-1.000,-3.425,2.951": 21, "-0.333,-3.425,1.500": 7, "-2.333,-3.425,2.951": 19, "-0.333,-3.425,2.951": 22, "2.333,-3.425,1.500": 11, "4.333,-3.425,2.951": 29}, "name": "Network", "_aux_length": 0.33000000000000002, "_trails": {"7": [7, 6, 5, 4, 3, 2, 1, 0], "8": [8, 9, 10, 11, 12, 13, 14, 15], "22": [22, 21, 20, 19, 18, 17, 16], "23": [23, 24, 25, 26, 27, 28, 29]}, "tol": "3f", "_auxiliary_trails": {}, "_aux_vector": {"dtype": "compas.geometry/Vector", "value": [-0.0, -0.0, -1.0]}}, "edge_attributes": {"force": 0.0, "type": null, "length": 0.0}, "edge": {"16": {"0": {"force": 5.0, "type": "deviation"}, "17": {"length": 0.66666666666666696, "type": "trail"}}, "26": {"27": {"length": 0.66666666666666607, "type": "trail"}}, "15": {}, "18": {"19": {"length": 0.66666666666666607, "type": "trail"}}, "25": {"26": {"length": 0.66666666666666718, "type": "trail"}}, "28": {"29": {"length": 0.66666666666666607, "type": "trail"}}, "10": {"25": {"force": -1.3999999999999999, "type": "deviation"}, "11": {"length": -0.66666666666666052, "type": "trail"}, "24": {"force": 2.2000000000000002, "type": "deviation"}}, "20": {"21": {"length": 0.66666666666666763, "type": "trail"}}, "17": {"18": {"length": 0.66666666666666652, "type": "trail"}}, "27": {"28": {"length": 0.66666666666666785, "type": "trail"}}, "12": {"13": {"length": -0.66666666666666607, "type": "trail"}, "27": {"force": -1.3999999999999999, "type": "deviation"}, "26": {"force": 2.2000000000000002, "type": "deviation"}}, "22": {"23": {"force": 20.0, "type": "deviation"}}, "19": {"20": {"length": 0.6666666666666663, "type": "trail"}}, "29": {"15": {"force": 5.0, "type": "deviation"}}, "11": {"12": {"length": -0.66666666666666696, "type": "trail"}, "26": {"force": -1.3999999999999999,