{"compas": "1.7.1", "datatype": "compas_cem.diagrams/TopologyDiagram", "data": {"adjacency": {"16": {"17": null, "15": null, "3": null, "2": null}, "15": {"14": null, "1": null, "16": null, "2": null}, "18": {"4": null, "19": null, "17": null, "5": null}, "25": {"12": null, "13": null, "24": null}, "10": {"22": null, "9": null, "23": null, "11": null}, "20": {"21": null, "7": null, "19": null, "8": null}, "17": {"4": null, "18": null, "16": null, "3": null}, "12": {"25": null, "13": null, "11": null, "24": null}, "22": {"21": null, "23": null, "9": null, "10": null}, "19": {"20": null, "6": null, "18": null, "5": null}, "11": {"12": null, "23": null, "10": null, "24": null}, "5": {"4": null, "19": null, "6": null, "18": null}, "4": {"5": null, "18": null, "17": null, "3": null}, "7": {"20": null, "6": null, "8": null}, "6": {"7": null, "19": null, "5": null}, "1": {"15": null, "0": null, "14": null, "2": null}, "0": {"14": null, "1": null}, "3": {"4": null, "16": null, "17": null, "2": null}, "2": {"1": null, "15": null, "3": null, "16": null}, "21": {"20": null, "22": null, "9": null, "8": null}, "9": {"21": null, "22": null, "8": null, "10": null}, "8": {"7": null, "21": null, "20": null, "9": null}, "14": {"15": null, "0": null, "1": null}, "24": {"12": null, "23": null, "11": null, "25": null}, "13": {"12": null, "25": null}, "23": {"10": null, "22": null, "11": null, "24": null}}, "node_attributes": {"z": 0.0, "qx": 0.0, "rx": 0.0, "qy": 0.0, "ry": 0.0, "qz": 0.0, "type": null, "rz": 0.0, "_k": null, "y": 0.0, "x": 0.0}, "node": {"16": {"_k": 3, "z": 2.9510000000000005, "y": -3.425166865496446, "x": -2.6923076923076934}, "15": {"_k": 4, "z": 2.9510000000000005, "y": -3.425166865496446, "x": -3.4615384615384626}, "18": {"_k": 1, "z": 2.9510000000000005, "y": -3.425166865496446, "x": -1.1538461538461553}, "25": {"z": 2.951000000000001, "type": "support", "_k": 5, "y": -3.425166865496446, "x": 4.2307692307692282}, "10": {"z": 1.5000000000000002, "qx": -0.0, "qy": -0.0, "qz": -0.076923076923076775, "_k": 3, "y": -3.425166865496446, "x": 2.692307692307689}, "20": {"z": 2.9510000000000005, "type": "_origin", "_k": 0, "y": -3.425166865496446, "x": 0.38461538461538358}, "17": {"_k": 2, "z": 2.9510000000000005, "y": -3.425166865496446, "x": -1.9230769230769245}, "12": {"z": 1.5000000000000002, "qx": -0.0, "qy": -0.0, "qz": -0.076923076923077011, "_k": 5, "y": -3.425166865496446, "x": 4.2307692307692273}, "22": {"_k": 2, "z": 2.9510000000000005, "y": -3.425166865496446, "x": 1.9230769230769194}, "19": {"z": 2.9510000000000005, "type": "_origin", "_k": 0, "y": -3.425166865496446, "x": -0.38461538461538614}, "11": {"z": 1.5000000000000002, "qx": -0.0, "qy": -0.0, "qz": -0.076923076923076927, "_k": 4, "y": -3.425166865496446, "x": 3.4615384615384572}, "5": {"z": 1.5000000000000002, "qx": -0.0, "qy": -0.0, "qz": -0.076923076923076927, "_k": 1, "y": -3.425166865496446, "x": -1.1538461538461551}, "4": {"z": 1.5000000000000002, "qx": -0.0, "qy": -0.0, "qz": -0.076923076923076927, "_k": 2, "y": -3.425166865496446, "x": -1.9230769230769242}, "7": {"z": 1.5000000000000002, "qx": -0.0, "qy": -0.0, "qz": -0.076923076923076913, "type": "_origin", "_k": 0, "y": -3.425166865496446, "x": 0.38461538461538347}, "6": {"z": 1.5000000000000002, "qx": -0.0, "qy": -0.0, "qz": -0.076923076923076927, "type": "_origin", "_k": 0, "y": -3.425166865496446, "x": -0.38461538461538564}, "1": {"z": 1.5000000000000002, "qx": -0.0, "qy": -0.0, "qz": -0.076923076923076927, "_k": 5, "y": -3.425166865496446, "x": -4.2307692307692317}, "0": {"z": 1.5000000000000002, "qx": -0.0, "qy": -0.0, "qz": -0.038461538461538464, "type": "support", "_k": 6, "y": -3.425166865496446, "x": -5.0000000000000009}, "3": {"z": 1.5000000000000002, "qx": -0.0, "qy": -0.0, "qz": -0.076923076923076927, "_k": 3, "y": -3.425166865496446, "x": -2.6923076923076934}, "2": {"z": 1.5000000000000002, "qx": -0.0, "qy": -0.0, "qz": -0.076923076923076927, "_k": 4, "y": -3.425166865496446, "x": -3.4615384615384626}, "21": {"_k": 1, "z": 2.9510000000000005, "y": -3.425166865496446, "x": 1.1538461538461529}, "9": {"z": 1.5000000000000002, "qx": -0.0, "qy": -0.0, "qz": -0.07692307692307683, "_k": 2, "y": -3.425166865496446, "x": 1.9230769230769218}, "8": {"z": 1.5000000000000002, "qx": -0.0, "qy": -0.0, "qz": -0.076923076923076927, "_k": 1, "y": -3.425166865496446, "x": 1.1538461538461524}, "14": {"z": 2.951000000000001, "type": "support", "_k": 5, "y": -3.425166865496446, "x": -4.2307692307692317}, "24": {"_k": 4, "z": 2.9510000000000005, "y": -3.425166865496446, "x": 3.4615384615384581}, "13": {"z": 1.5000000000000002, "qx": -0.0, "qy": -0.0, "qz": -0.038461538461538505, "type": "support", "_k": 6, "y": -3.425166865496446, "x": 4.9999999999999973}, "23": {"_k": 3, "z": 2.9510000000000005, "y": -3.425166865496446, "x": 2.6923076923076881}}, "max_int_key": 25, "attributes": {"gkey_node": {"5.000,-3.425,1.500": 13, "2.692,-3.425,2.951": 23, "-0.385,-3.425,1.500": 6, "3.462,-3.425,2.951": 24, "-5.000,-3.425,1.500": 0, "-3.462,-3.425,1.500": 2, "-1.923,-3.425,1.500": 4, "4.231,-3.425,2.951": 25, "0.385,-3.425,1.500": 7, "1.154,-3.425,2.951": 21, "-4.231,-3.425,2.951": 14, "1.923,-3.425,2.951": 22, "-1.154,-3.425,2.951": 18, "-0.385,-3.425,2.951": 19, "-2.692,-3.425,2.951": 16, "-4.231,-3.425,1.500": 1, "1.154,-3.425,1.500": 8, "3.462,-3.425,1.500": 11, "2.692,-3.425,1.500": 10, "1.923,-3.425,1.500": 9, "-2.692,-3.425,1.500": 3, "-1.154,-3.425,1.500": 5, "-3.462,-3.425,2.951": 15, "-1.923,-3.425,2.951": 17, "4.231,-3.425,1.500": 12, "0.385,-3.425,2.951": 20}, "name": "Network", "_aux_length": 0.33000000000000002, "_trails": {"7": [7, 8, 9, 10, 11, 12, 13], "20": [20, 21, 22, 23, 24, 25], "19": [19, 18, 17, 16, 15, 14], "6": [6, 5, 4, 3, 2, 1, 0]}, "tol": "3f", "_auxiliary_trails": {}, "_aux_vector": {"dtype": "compas.geometry/Vector", "value": [-0.0, -0.0, -1.0]}}, "edge_attributes": {"force": 0.0, "type": null, "length": 0.0}, "edge": {"16": {"17": {"length": 0.76923076923076894, "type": "trail"}}, "15": {"16": {"length": 0.76923076923076916, "type": "trail"}}, "18": {"19": {"length": 0.76923076923076916, "type": "trail"}}, "25": {"13": {"force": 5.0, "type": "deviation"}}, "10": {"22": {"force": 2.2000000000000002, "type": "deviation"}, "23": {"force": -1.3999999999999999, "type": "deviation"}, "11": {"length": -0.76923076923076827, "type": "trail"}}, "20": {"21": {"length": 0.76923076923076927, "type": "trail"}}, "17": {"18": {"length": 0.76923076923076916, "type": "trail"}}, "12": {"25": {"force": -10.0, "type": "deviation"}, "13": {"length": -0.76923076923077005, "type": "trail"}, "24": {"force": 2.2000000000000002, "type": "deviation"}}, "22": {"23": {"length": 0.76923076923076872, "type": "trail"}}, "19": {"20": {"force": 20.0, "type": "deviation"}}, "11": {"12": {"length": -0.76923076923077005, "type": "trail"}, "23": {"force": 2.2000000000000002, "type": "deviation"}, "24": {"force": -1.3999999999999999, "type": "deviation"}}, "5": {"19": {"force": 2.2000000000000002, "type": "deviation"}, "6": {"length": -0.76923076923076938, "type": "trail"}, "18": {"force": -1.3999999999999999, "type": "deviation"}}, "4": {"18": {"force": 2.2000000000000002, "type": "deviation"}, "17": {"force": -1.3999999999999999, "type": "deviation"}, "5": {"length": -0.76923076923076916, "type": "trail"}}, "7": {"20": {"force": -1.3999999999999999, "type": "deviation"}, "8": {"length": -0.76923076923076894, "type": "trail"}}, "6": {"7": {"force": -20.0, "type": "deviation"}, "19": {"force": -1.3999999999999999, "type": "deviation"}}, "1": {"14": {"force": -10.0, "type": "deviation"}, "15": {"force": 2.2000000000000002, "type": "deviation"}, "2": {"length": -0.76923076923076916, "type": "trail"}}, "0": {"1": {"length": -0.76923076923076916, "type": "trail"}}, "3": {"4": {"length": -0.76923076923076916, "type": "trail"}, "16": {"force": -1.3999999999999999, "type": "deviation"}, "17": {"force": 2.2000000000000002, "type": "deviation"}},