{"compas": "1.7.1", "datatype": "compas_cem.diagrams/TopologyDiagram", "data": {"adjacency": {"16": {"4": null, "15": null, "17": null, "3": null}, "15": {"2": null, "14": null, "16": null, "3": null}, "18": {"17": null, "5": null, "19": null, "7": null, "6": null}, "10": {"21": null, "22": null, "9": null, "11": null}, "20": {"21": null, "19": null, "9": null, "8": null}, "17": {"4": null, "18": null, "16": null, "5": null}, "12": {"23": null, "11": null}, "22": {"21": null, "23": null, "10": null, "11": null}, "19": {"7": null, "20": null, "18": null, "8": null}, "11": {"12": null, "22": null, "23": null, "10": null}, "5": {"4": null, "6": null, "18": null, "17": null}, "4": {"17": null, "5": null, "16": null, "3": null}, "7": {"19": null, "6": null, "18": null, "8": null}, "6": {"7": null, "18": null, "5": null}, "1": {"13": null, "14": null, "0": null, "2": null}, "0": {"13": null, "1": null}, "3": {"4": null, "15": null, "16": null, "2": null}, "2": {"14": null, "1": null, "15": null, "3": null}, "21": {"20": null, "22": null, "9": null, "10": null}, "9": {"21": null, "20": null, "8": null, "10": null}, "8": {"7": null, "19": null, "20": null, "9": null}, "14": {"13": null, "15": null, "1": null, "2": null}, "13": {"14": null, "1": null, "0": null}, "23": {"12": null, "22": null, "11": null}}, "node_attributes": {"z": 0.0, "qx": 0.0, "rx": 0.0, "qy": 0.0, "ry": 0.0, "qz": 0.0, "type": null, "rz": 0.0, "_k": null, "y": 0.0, "x": 0.0}, "node": {"16": {"_k": 1, "z": 2.9510000000000005, "y": -3.425166865496446, "x": -1.6666666666666685}, "15": {"_k": 2, "z": 2.9510000000000005, "y": -3.425166865496446, "x": -2.5000000000000018}, "18": {"z": 2.9510000000000005, "type": "_origin", "_k": 0, "y": -3.425166865496446, "x": -2.55351295663786e-15}, "10": {"z": 1.5000000000000002, "qx": -0.0, "qy": -0.0, "qz": -0.083333333333333481, "_k": 4, "y": -3.425166865496446, "x": 3.3333333333333366}, "20": {"_k": 2, "z": 2.9510000000000005, "y": -3.425166865496446, "x": 1.6666666666666643}, "17": {"z": 2.9510000000000005, "type": "_origin", "_k": 0, "y": -3.425166865496446, "x": -0.83333333333333437}, "12": {"z": 1.5000000000000002, "qx": -0.0, "qy": -0.0, "qz": -0.041666666666666519, "type": "support", "_k": 6, "y": -3.425166865496446, "x": 4.9999999999999973}, "22": {"_k": 4, "z": 2.9510000000000005, "y": -3.425166865496446, "x": 3.333333333333333}, "19": {"_k": 1, "z": 2.9510000000000005, "y": -3.425166865496446, "x": 0.83333333333333681}, "11": {"z": 1.5000000000000002, "qx": -0.0, "qy": -0.0, "qz": -0.083333333333333037, "_k": 5, "y": -3.425166865496446, "x": 4.166666666666667}, "5": {"z": 1.5000000000000002, "qx": -0.0, "qy": -0.0, "qz": -0.083333333333333398, "type": "_origin", "_k": 0, "y": -3.425166865496446, "x": -0.83333333333333559}, "4": {"z": 1.5000000000000002, "qx": -0.0, "qy": -0.0, "qz": -0.083333333333333287, "_k": 1, "y": -3.425166865496446, "x": -1.6666666666666674}, "7": {"z": 1.5000000000000002, "qx": -0.0, "qy": -0.0, "qz": -0.083333333333333481, "_k": 1, "y": -3.425166865496446, "x": 0.83333333333333059}, "6": {"z": 1.5000000000000002, "qx": -0.0, "qy": -0.0, "qz": -0.083333333333333315, "type": "_origin", "_k": 0, "y": -3.425166865496446, "x": 2.2204460492503131e-16}, "1": {"z": 1.5000000000000002, "qx": -0.0, "qy": -0.0, "qz": -0.083333333333333315, "_k": 4, "y": -3.425166865496446, "x": -4.1666666666666679}, "0": {"z": 1.5000000000000002, "qx": -0.0, "qy": -0.0, "qz": -0.041666666666666657, "type": "support", "_k": 5, "y": -3.425166865496446, "x": -5.0000000000000009}, "3": {"z": 1.5000000000000002, "qx": -0.0, "qy": -0.0, "qz": -0.08333333333333337, "_k": 2, "y": -3.425166865496446, "x": -2.5000000000000013}, "2": {"z": 1.5000000000000002, "qx": -0.0, "qy": -0.0, "qz": -0.083333333333333343, "_k": 3, "y": -3.425166865496446, "x": -3.3333333333333348}, "21": {"_k": 3, "z": 2.9510000000000005, "y": -3.425166865496446, "x": 2.5000000000000036}, "9": {"z": 1.5000000000000002, "qx": -0.0, "qy": -0.0, "qz": -0.083333333333333343, "_k": 3, "y": -3.425166865496446, "x": 2.4999999999999973}, "8": {"z": 1.5000000000000002, "qx": -0.0, "qy": -0.0, "qz": -0.083333333333333343, "_k": 2, "y": -3.425166865496446, "x": 1.6666666666666698}, "14": {"_k": 3, "z": 2.9510000000000005, "y": -3.425166865496446, "x": -3.3333333333333348}, "13": {"z": 2.9510000000000005, "type": "support", "_k": 4, "y": -3.425166865496446, "x": -4.1666666666666679}, "23": {"z": 2.951000000000001, "type": "support", "_k": 5, "y": -3.425166865496446, "x": 4.1666666666666643}}, "max_int_key": 23, "attributes": {"gkey_node": {"5.000,-3.425,1.500": 12, "-2.500,-3.425,1.500": 3, "1.667,-3.425,1.500": 8, "4.167,-3.425,1.500": 11, "2.500,-3.425,1.500": 9, "0.000,-3.425,2.951": 18, "-2.500,-3.425,2.951": 15, "-5.000,-3.425,1.500": 0, "-0.833,-3.425,2.951": 17, "-4.167,-3.425,2.951": 13, "0.833,-3.425,1.500": 7, "-4.167,-3.425,1.500": 1, "-3.333,-3.425,2.951": 14, "-0.833,-3.425,1.500": 5, "1.667,-3.425,2.951": 20, "4.167,-3.425,2.951": 23, "3.333,-3.425,2.951": 22, "-1.667,-3.425,2.951": 16, "-3.333,-3.425,1.500": 2, "-1.667,-3.425,1.500": 4, "0.833,-3.425,2.951": 19, "2.500,-3.425,2.951": 21, "0.000,-3.425,1.500": 6, "3.333,-3.425,1.500": 10}, "name": "Network", "_aux_length": 0.33000000000000002, "_trails": {"17": [17, 16, 15, 14, 13], "18": [18, 19, 20, 21, 22, 23], "5": [5, 4, 3, 2, 1, 0], "6": [6, 7, 8, 9, 10, 11, 12]}, "tol": "3f", "_auxiliary_trails": {}, "_aux_vector": {"dtype": "compas.geometry/Vector", "value": [-0.0, -0.0, -1.0]}}, "edge_attributes": {"force": 0.0, "type": null, "length": 0.0}, "edge": {"16": {"17": {"length": 0.83333333333333415, "type": "trail"}}, "15": {"16": {"length": 0.83333333333333326, "type": "trail"}}, "18": {"19": {"length": 0.83333333333333937, "type": "trail"}}, "10": {"21": {"force": 2.2000000000000002, "type": "deviation"}, "22": {"force": -1.3999999999999999, "type": "deviation"}, "11": {"length": -0.83333333333333037, "type": "trail"}}, "20": {"21": {"length": 0.83333333333333925, "type": "trail"}}, "17": {"18": {"force": 20.0, "type": "deviation"}}, "12": {}, "22": {"23": {"length": 0.83333333333333126, "type": "trail"}}, "19": {"20": {"length": 0.83333333333332749, "type": "trail"}}, "11": {"12": {"length": -0.83333333333333037, "type": "trail"}, "22": {"force": 2.2000000000000002, "type": "deviation"}, "23": {"force": -10.0, "type": "deviation"}}, "5": {"6": {"force": -20.0, "type": "deviation"}, "18": {"force": 2.2000000000000002, "type": "deviation"}, "17": {"force": -1.3999999999999999, "type": "deviation"}}, "4": {"5": {"length": -0.83333333333333182, "type": "trail"}, "16": {"force": -1.3999999999999999, "type": "deviation"}, "17": {"force": 2.2000000000000002, "type": "deviation"}}, "7": {"19": {"force": -1.3999999999999999, "type": "deviation"}, "18": {"force": 2.2000000000000002, "type": "deviation"}, "8": {"length": -0.83333333333333925, "type": "trail"}}, "6": {"7": {"length": -0.83333333333333037, "type": "trail"}, "18": {"force": -1.3999999999999999, "type": "deviation"}}, "1": {"13": {"force": -10.0, "type": "deviation"}, "14": {"force": 2.2000000000000002, "type": "deviation"}, "2": {"length": -0.83333333333333304, "type": "trail"}}, "0": {"1": {"length": -0.83333333333333304, "type": "trail"}}, "3": {"4": {"length": -0.83333333333333393, "type": "trail"}, "15": {"force": -1.3999999999999999, "type": "deviation"}, "16": {"force": 2.2000000000000002, "type": "deviation"}}, "2": {"14": {"force": -1.3999999999999999, "type": "deviation"}, "15": {"force": 2.2000000000000002, "type": "deviation"}, "3": {"length": -0.83333333333333348, "type": "trail"}}, "21": {"22": {"length": 0.83333333333332948, "type": "trail"}}, "9": {"21": {"force": -1.3999999999999999, "type": "deviation"}, "20": {"force": 2.2000000000000002, "type": "deviation"}, "10": {"length": -0.83333333333333925, "type": "trail"}}, "8": {"20": {"force": -1.3999999999999999, "type": "deviation"}, "19": {"force": 2.2000000000000002, "type": "deviation"},