{"compas": "1.7.1", "datatype": "compas_cem.diagrams/FormDiagram", "data": {"adjacency": {"12": {"13": null, "6": null, "11": null, "5": null}, "5": {"4": null, "12": null, "6": null, "11": null}, "4": {"5": null, "3": null, "11": null}, "7": {"13": null, "6": null}, "6": {"12": null, "7": null, "13": null, "5": null}, "1": {"9": null, "0": null, "8": null, "2": null}, "0": {"1": null, "8": null}, "3": {"4": null, "10": null, "2": null}, "2": {"1": null, "9": null, "3": null, "10": null}, "10": {"11": null, "9": null, "3": null, "2": null}, "13": {"12": null, "7": null, "6": null}, "11": {"4": null, "12": null, "10": null, "5": null}, "9": {"10": null, "1": null, "8": null, "2": null}, "8": {"1": null, "0": null, "9": null}}, "node_attributes": {"z": 0.0, "qx": 0.0, "rx": 0.0, "qy": 0.0, "ry": 0.0, "qz": 0.0, "type": null, "rz": 0.0, "_k": null, "y": 0.0, "x": 0.0}, "node": {"12": {"y": -3.425166865496446, "x": 2.1428571181023024, "z": 2.9512659475561165, "_k": 1}, "5": {"z": 1.3901223753929033, "qx": -0.0, "qy": -0.0, "qz": -0.14285714285714268, "_k": 1, "y": -3.425166865496446, "x": 2.1386252925258575}, "4": {"z": 1.5000000000000002, "qx": -0.0, "qy": -0.0, "qz": -0.14285714285714285, "type": "_origin", "_k": 0, "y": -3.425166865496446, "x": 0.71428571428571286}, "7": {"z": 0.53194744778680525, "qx": -0.0, "rx": -15.190102834948693, "qy": -0.0, "ry": -0.0, "qz": -0.071428571428571536, "type": "support", "rz": 5.9735670256998334, "_k": 3, "y": -3.425166865496446, "x": 4.7892637867621177}, "6": {"z": 1.2622321540888903, "qx": -0.0, "qy": -0.0, "qz": -0.14285714285714282, "_k": 2, "y": -3.425166865496446, "x": 3.5614606371196778}, "1": {"z": 1.2622321540888903, "qx": -0.0, "qy": -0.0, "qz": -0.14285714285714279, "_k": 2, "y": -3.425166865496446, "x": -3.5614606371196835}, "0": {"z": 0.53194744778680669, "qx": -0.0, "rx": 15.190102834948696, "qy": -0.0, "ry": -0.0, "qz": -0.071428571428571425, "type": "support", "rz": 5.9735670256998397, "_k": 3, "y": -3.425166865496446, "x": -4.7892637867621222}, "3": {"z": 1.5000000000000002, "qx": -0.0, "qy": -0.0, "qz": -0.14285714285714288, "type": "_origin", "_k": 0, "y": -3.425166865496446, "x": -0.71428571428571608}, "2": {"z": 1.3901223753929033, "qx": -0.0, "qy": -0.0, "qz": -0.14285714285714282, "_k": 1, "y": -3.425166865496446, "x": -2.1386252925258615}, "10": {"z": 2.9510000000000005, "type": "_origin", "_k": 0, "y": -3.425166865496446, "x": -0.71428571428571708}, "13": {"z": 2.9560356592551442, "rx": 15.190102834948693, "ry": -0.0, "type": "support", "rz": -5.4735670256998228, "_k": 2, "y": -3.425166865496446, "x": 3.5714205840991502}, "11": {"z": 2.9510000000000014, "type": "_origin", "_k": 0, "y": -3.425166865496446, "x": 0.71428571428571219}, "9": {"y": -3.425166865496446, "x": -2.1428571181023086, "z": 2.9512659475561134, "_k": 1}, "8": {"z": 2.9560356592551389, "rx": -15.190102834948696, "ry": -0.0, "type": "support", "rz": -5.4735670256998521, "_k": 2, "y": -3.425166865496446, "x": -3.5714205840991537}}, "max_int_key": 13, "attributes": {"gkey_node": {"5.000,-3.425,1.500": 7, "-5.000,-3.425,1.500": 0, "-3.571,-3.425,2.956": 8, "-2.143,-3.425,1.500": 2, "-3.571,-3.425,2.951": 8, "3.571,-3.425,2.956": 13, "4.789,-3.425,0.532": 7, "-3.571,-3.425,1.500": 1, "-0.714,-3.425,2.951": 10, "-2.139,-3.425,1.390": 2, "-3.561,-3.425,1.262": 1, "3.561,-3.425,1.262": 6, "2.139,-3.425,1.390": 5, "-2.143,-3.425,2.951": 9, "0.714,-3.425,1.500": 4, "0.714,-3.425,2.951": 11, "-4.789,-3.425,0.532": 0, "-0.714,-3.425,1.500": 3, "2.143,-3.425,1.500": 5, "3.571,-3.425,2.951": 13, "2.143,-3.425,2.951": 12, "3.571,-3.425,1.500": 6}, "name": "Network", "tol": "3f"}, "edge_attributes": {"force": 0.0, "type": null, "length": 0.0}, "edge": {"12": {"13": {"force": 17.493616154097019, "length": 1.4285714285714308, "type": "trail"}}, "5": {"12": {"force": -1.3999999999999999, "type": "deviation", "length": 1.5611493078031413}, "6": {"force": -18.790940734820083, "length": 1.4285714285714257, "type": "trail"}, "11": {"force": 1.8999999999999999, "type": "deviation", "length": 2.1130741097132426}}, "4": {"11": {"force": -1.3999999999999999, "type": "deviation", "length": 1.4510000000000012}, "5": {"force": -20.059421929937695, "length": 1.4285714285714284, "type": "trail"}}, "7": {}, "6": {"12": {"force": 1.8999999999999999, "type": "deviation", "length": 2.2057359541982282}, "7": {"force": -20.285612690016663, "length": 1.4285714285714308, "type": "trail"}, "13": {"force": -10.0, "type": "deviation", "length": 1.693832788281453}}, "1": {"9": {"force": 1.8999999999999999, "type": "deviation", "length": 2.2057359541982255}, "8": {"force": -10.0, "type": "deviation", "length": 1.6938327882814479}, "2": {"force": -18.790940734820083, "length": 1.4285714285714275, "type": "trail"}}, "0": {"1": {"force": -20.285612690016674, "length": 1.4285714285714288, "type": "trail"}}, "3": {"4": {"force": -20.0, "type": "deviation", "length": 1.4285714285714288}, "10": {"force": -1.3999999999999999, "type": "deviation", "length": 1.4510000000000003}}, "2": {"9": {"force": -1.3999999999999999, "type": "deviation", "length": 1.5611493078031382}, "3": {"force": -20.059421929937695, "length": 1.4285714285714288, "type": "trail"}, "10": {"force": 1.8999999999999999, "type": "deviation", "length": 2.1130741097132413}}, "10": {"11": {"force": 20.0, "type": "deviation", "length": 1.4285714285714293}}, "13": {"7": {"force": 5.0, "type": "deviation", "length": 2.7128114057656432}}, "11": {"12": {"force": 18.719285565618364, "length": 1.4285714285714262, "type": "trail"}}, "9": {"10": {"force": 18.719285565618364, "length": 1.4285714285714277, "type": "trail"}}, "8": {"0": {"force": 5.0, "type": "deviation", "length": 2.7128114057656374}, "9": {"force": 17.493616154097019, "length": 1.4285714285714282, "type": "trail"}}}}}