{"compas": "1.7.1", "datatype": "compas_cem.diagrams/TopologyDiagram", "data": {"adjacency": {"14": {"13": null}, "12": {"11": null}, "5": {"4": null, "6": null}, "4": {"3": null, "5": null}, "7": {"0": null, "8": null}, "6": {"5": null}, "1": {"0": null, "2": null}, "0": {"13": null, "7": null, "1": null, "15": null}, "3": {"4": null, "2": null}, "2": {"1": null, "3": null}, "10": {"9": null, "11": null}, "13": {"14": null, "0": null}, "15": {"0": null, "16": null}, "11": {"12": null, "10": null}, "9": {"8": null, "10": null}, "8": {"7": null, "9": null}, "16": {"15": null}}, "node_attributes": {"z": 0.0, "qx": 0.0, "rx": 0.0, "qy": 0.0, "ry": 0.0, "qz": 0.0, "type": null, "rz": 0.0, "_k": null, "y": 0.0, "x": 0.0}, "node": {"14": {"z": 0.029767897413034872, "type": "support", "_k": 2, "y": -3.425166865496446, "x": 3.5257364570430809}, "12": {"z": 1.5000000000000002, "qx": -0.0, "qy": -0.0, "qz": -0.041666666666666657, "type": "support", "_k": 5, "y": -3.425166865496446, "x": 4.9999999999999973}, "5": {"z": 1.5000000000000002, "qx": -0.0, "qy": -0.0, "qz": -0.083333333333333329, "_k": 4, "y": -3.425166865496446, "x": -4.166666666666667}, "4": {"z": 1.5000000000000002, "qx": -0.0, "qy": -0.0, "qz": -0.083333333333333287, "_k": 3, "y": -3.425166865496446, "x": -3.3333333333333344}, "7": {"z": 1.5000000000000002, "qx": -0.0, "qy": -0.0, "qz": -0.08333333333333337, "type": "_origin", "_k": 0, "y": -3.425166865496446, "x": 0.83333333333333182}, "6": {"z": 1.5000000000000002, "qx": -0.0, "qy": -0.0, "qz": -0.041666666666666699, "type": "support", "_k": 5, "y": -3.425166865496446, "x": -5.0000000000000009}, "1": {"z": 1.5000000000000002, "qx": -0.0, "qy": -0.0, "qz": -0.083333333333333301, "type": "_origin", "_k": 0, "y": -3.425166865496446, "x": -0.8333333333333347}, "0": {"z": 1.5000000000000002, "qx": -0.0, "qy": -0.0, "qz": -0.083333333333333343, "type": "_origin", "_k": 0, "y": -3.425166865496446, "x": -1.7763568394002505e-15}, "3": {"z": 1.5000000000000002, "qx": -0.0, "qy": -0.0, "qz": -0.083333333333333343, "_k": 2, "y": -3.425166865496446, "x": -2.5000000000000013}, "2": {"z": 1.5000000000000002, "qx": -0.0, "qy": -0.0, "qz": -0.083333333333333343, "_k": 1, "y": -3.425166865496446, "x": -1.6666666666666676}, "10": {"z": 1.5000000000000002, "qx": -0.0, "qy": -0.0, "qz": -0.083333333333333329, "_k": 3, "y": -3.425166865496446, "x": 3.3333333333333304}, "13": {"_k": 1, "z": 1.2059535794826071, "y": -3.425166865496446, "x": 0.70514729140861476}, "15": {"z": 1.2059535794826071, "type": "_origin", "_k": 0, "y": -3.425166865496446, "x": -0.70514729140861843}, "11": {"z": 1.5000000000000002, "qx": -0.0, "qy": -0.0, "qz": -0.083333333333333356, "_k": 4, "y": -3.425166865496446, "x": 4.1666666666666643}, "9": {"z": 1.5000000000000002, "qx": -0.0, "qy": -0.0, "qz": -0.083333333333333259, "_k": 2, "y": -3.425166865496446, "x": 2.4999999999999978}, "8": {"z": 1.5000000000000002, "qx": -0.0, "qy": -0.0, "qz": -0.083333333333333315, "_k": 1, "y": -3.425166865496446, "x": 1.6666666666666654}, "16": {"z": 0.029767897413034872, "type": "support", "_k": 1, "y": -3.425166865496446, "x": -3.5257364570430845}}, "max_int_key": 16, "attributes": {"gkey_node": {"0.000,-3.425,1.500": 0, "-0.705,-3.425,1.206": 15, "3.526,-3.425,0.030": 14, "1.667,-3.425,1.500": 8, "2.500,-3.425,1.500": 9, "-3.333,-3.425,1.500": 4, "-0.833,-3.425,1.500": 1, "4.167,-3.425,1.500": 11, "-4.167,-3.425,1.500": 5, "3.333,-3.425,1.500": 10, "5.000,-3.425,1.500": 12, "-3.526,-3.425,0.030": 16, "-1.667,-3.425,1.500": 2, "-2.500,-3.425,1.500": 3, "-5.000,-3.425,1.500": 6, "0.705,-3.425,1.206": 13, "0.833,-3.425,1.500": 7}, "name": "Network", "_aux_length": 0.33000000000000002, "_trails": {"7": [7, 8, 9, 10, 11, 12], "1": [1, 2, 3, 4, 5, 6], "0": [0, 13, 14], "15": [15, 16]}, "tol": "3f", "_auxiliary_trails": {}, "_aux_vector": {"dtype": "compas.geometry/Vector", "value": [-0.0, -0.0, -1.0]}}, "edge_attributes": {"force": 0.0, "type": null, "length": 0.0}, "edge": {"14": {}, "12": {}, "5": {"6": {"length": -0.83333333333333393, "type": "trail"}}, "4": {"5": {"length": -0.83333333333333259, "type": "trail"}}, "7": {"8": {"length": -0.83333333333333359, "type": "trail"}}, "6": {}, "1": {"2": {"length": -0.83333333333333293, "type": "trail"}}, "0": {"13": {"length": -0.76400000000000001, "type": "trail"}, "7": {"force": -19.0, "length": -0.83333333333333359, "type": "deviation"}, "1": {"force": -19.0, "length": -0.83333333333333293, "type": "deviation"}, "15": {"force": -0.32329999999999998, "type": "deviation"}}, "3": {"4": {"length": -0.83333333333333304, "type": "trail"}}, "2": {"3": {"length": -0.8333333333333337, "type": "trail"}}, "10": {"11": {"length": -0.83333333333333393, "type": "trail"}}, "13": {"14": {"length": -3.056, "type": "trail"}}, "15": {"16": {"length": -3.056, "type": "trail"}}, "11": {"12": {"length": -0.83333333333333304, "type": "trail"}}, "9": {"10": {"length": -0.83333333333333259, "type": "trail"}}, "8": {"9": {"length": -0.83333333333333237, "type": "trail"}}, "16": {}}}}