{"compas": "1.7.1", "datatype": "compas_cem.diagrams/TopologyDiagram", "data": {"adjacency": {"16": {"15": null, "17": null}, "36": {"35": null}, "26": {"27": null, "25": null}, "15": {"14": null, "16": null}, "18": {"17": null}, "35": {"36": null, "34": null}, "25": {"26": null, "24": null}, "28": {"27": null, "29": null}, "38": {"37": null}, "40": {"39": null}, "10": {"9": null, "11": null}, "30": {"31": null, "29": null}, "20": {"21": null, "19": null}, "17": {"18": null, "16": null}, "37": {"0": null, "38": null}, "27": {"28": null, "26": null}, "12": {"13": null, "11": null}, "32": {"31": null, "33": null}, "22": {"21": null, "23": null}, "19": {"20": null, "0": null}, "39": {"40": null, "0": null}, "29": {"28": null, "30": null}, "11": {"12": null, "10": null}, "5": {"4": null, "6": null}, "4": {"3": null, "5": null}, "7": {"6": null, "8": null}, "6": {"7": null, "5": null}, "1": {"0": null, "2": null}, "0": {"37": null, "19": null, "1": null, "39": null}, "3": {"4": null, "2": null}, "2": {"1": null, "3": null}, "21": {"20": null, "22": null}, "31": {"30": null, "32": null}, "9": {"8": null, "10": null}, "8": {"7": null, "9": null}, "14": {"13": null, "15": null}, "34": {"33": null, "35": null}, "24": {"23": null, "25": null}, "13": {"12": null, "14": null}, "33": {"32": null, "34": null}, "23": {"22": null, "24": null}}, "node_attributes": {"z": 0.0, "qx": 0.0, "rx": 0.0, "qy": 0.0, "ry": 0.0, "qz": 0.0, "type": null, "rz": 0.0, "_k": null, "y": 0.0, "x": 0.0}, "node": {"16": {"z": 1.5000000000000002, "qx": -0.0, "qy": -0.0, "qz": -0.027777777777777814, "_k": 15, "y": -3.425166865496446, "x": -4.4444444444444464}, "36": {"z": 1.5000000000000002, "qx": -0.0, "qy": -0.0, "qz": -0.01388888888888884, "type": "support", "_k": 17, "y": -3.425166865496446, "x": 4.9999999999999973}, "26": {"z": 1.5000000000000002, "qx": -0.0, "qy": -0.0, "qz": -0.02777777777777779, "_k": 7, "y": -3.425166865496446, "x": 2.222222222222221}, "15": {"z": 1.5000000000000002, "qx": -0.0, "qy": -0.0, "qz": -0.027777777777777769, "_k": 14, "y": -3.425166865496446, "x": -4.1666666666666687}, "18": {"z": 1.5000000000000002, "qx": -0.0, "qy": -0.0, "qz": -0.013888888888888796, "type": "support", "_k": 17, "y": -3.425166865496446, "x": -5.0000000000000009}, "35": {"z": 1.5000000000000002, "qx": -0.0, "qy": -0.0, "qz": -0.027777777777777679, "_k": 16, "y": -3.425166865496446, "x": 4.7222222222222205}, "25": {"z": 1.5000000000000002, "qx": -0.0, "qy": -0.0, "qz": -0.02777777777777778, "_k": 6, "y": -3.425166865496446, "x": 1.944444444444442}, "28": {"z": 1.5000000000000002, "qx": -0.0, "qy": -0.0, "qz": -0.027777777777777769, "_k": 9, "y": -3.425166865496446, "x": 2.7777777777777768}, "38": {"z": 0.029767897413034872, "type": "support", "_k": 2, "y": -3.425166865496446, "x": 3.5257364570430809}, "40": {"z": 0.029767897413034872, "type": "support", "_k": 1, "y": -3.425166865496446, "x": -3.5257364570430845}, "10": {"z": 1.5000000000000002, "qx": -0.0, "qy": -0.0, "qz": -0.02777777777777779, "_k": 9, "y": -3.425166865496446, "x": -2.7777777777777799}, "30": {"z": 1.5000000000000002, "qx": -0.0, "qy": -0.0, "qz": -0.027777777777777811, "_k": 11, "y": -3.425166865496446, "x": 3.3333333333333326}, "20": {"z": 1.5000000000000002, "qx": -0.0, "qy": -0.0, "qz": -0.02777777777777779, "_k": 1, "y": -3.425166865496446, "x": 0.55555555555555391}, "17": {"z": 1.5000000000000002, "qx": -0.0, "qy": -0.0, "qz": -0.027777777777777728, "_k": 16, "y": -3.425166865496446, "x": -4.722222222222225}, "37": {"_k": 1, "z": 1.2059535794826071, "y": -3.425166865496446, "x": 0.70514729140861476}, "27": {"z": 1.5000000000000002, "qx": -0.0, "qy": -0.0, "qz": -0.02777777777777779, "_k": 8, "y": -3.425166865496446, "x": 2.4999999999999978}, "12": {"z": 1.5000000000000002, "qx": -0.0, "qy": -0.0, "qz": -0.02777777777777779, "_k": 11, "y": -3.425166865496446, "x": -3.3333333333333353}, "32": {"z": 1.5000000000000002, "qx": -0.0, "qy": -0.0, "qz": -0.02777777777777779, "_k": 13, "y": -3.425166865496446, "x": 3.888888888888888}, "22": {"z": 1.5000000000000002, "qx": -0.0, "qy": -0.0, "qz": -0.027777777777777728, "_k": 3, "y": -3.425166865496446, "x": 1.1111111111111096}, "19": {"z": 1.5000000000000002, "qx": -0.0, "qy": -0.0, "qz": -0.027777777777777787, "type": "_origin", "_k": 0, "y": -3.425166865496446, "x": 0.27777777777777607}, "39": {"z": 1.2059535794826071, "type": "_origin", "_k": 0, "y": -3.425166865496446, "x": -0.70514729140861843}, "29": {"z": 1.5000000000000002, "qx": -0.0, "qy": -0.0, "qz": -0.02777777777777779, "_k": 10, "y": -3.425166865496446, "x": 3.0555555555555531}, "11": {"z": 1.5000000000000002, "qx": -0.0, "qy": -0.0, "qz": -0.027777777777777769, "_k": 10, "y": -3.425166865496446, "x": -3.0555555555555576}, "5": {"z": 1.5000000000000002, "qx": -0.0, "qy": -0.0, "qz": -0.02777777777777779, "_k": 4, "y": -3.425166865496446, "x": -1.3888888888888906}, "4": {"z": 1.5000000000000002, "qx": -0.0, "qy": -0.0, "qz": -0.027777777777777797, "_k": 3, "y": -3.425166865496446, "x": -1.1111111111111125}, "7": {"z": 1.5000000000000002, "qx": -0.0, "qy": -0.0, "qz": -0.02777777777777779, "_k": 6, "y": -3.425166865496446, "x": -1.9444444444444462}, "6": {"z": 1.5000000000000002, "qx": -0.0, "qy": -0.0, "qz": -0.02777777777777778, "_k": 5, "y": -3.425166865496446, "x": -1.6666666666666683}, "1": {"z": 1.5000000000000002, "qx": -0.0, "qy": -0.0, "qz": -0.027777777777777787, "type": "_origin", "_k": 0, "y": -3.425166865496446, "x": -0.27777777777777962}, "0": {"z": 1.5000000000000002, "qx": -0.0, "qy": -0.0, "qz": -0.027777777777777787, "type": "_origin", "_k": 0, "y": -3.425166865496446, "x": -1.7763568394002505e-15}, "3": {"z": 1.5000000000000002, "qx": -0.0, "qy": -0.0, "qz": -0.027777777777777752, "_k": 2, "y": -3.425166865496446, "x": -0.8333333333333347}, "2": {"z": 1.5000000000000002, "qx": -0.0, "qy": -0.0, "qz": -0.027777777777777755, "_k": 1, "y": -3.425166865496446, "x": -0.55555555555555747}, "21": {"z": 1.5000000000000002, "qx": -0.0, "qy": -0.0, "qz": -0.027777777777777783, "_k": 2, "y": -3.425166865496446, "x": 0.83333333333333182}, "31": {"z": 1.5000000000000002, "qx": -0.0, "qy": -0.0, "qz": -0.027777777777777769, "_k": 12, "y": -3.425166865496446, "x": 3.6111111111111094}, "9": {"z": 1.5000000000000002, "qx": -0.0, "qy": -0.0, "qz": -0.02777777777777779, "_k": 8, "y": -3.425166865496446, "x": -2.5000000000000018}, "8": {"z": 1.5000000000000002, "qx": -0.0, "qy": -0.0, "qz": -0.02777777777777778, "_k": 7, "y": -3.425166865496446, "x": -2.2222222222222241}, "14": {"z": 1.5000000000000002, "qx": -0.0, "qy": -0.0, "qz": -0.027777777777777769, "_k": 13, "y": -3.425166865496446, "x": -3.8888888888888911}, "34": {"z": 1.5000000000000002, "qx": -0.0, "qy": -0.0, "qz": -0.027777777777777769, "_k": 15, "y": -3.425166865496446, "x": 4.4444444444444438}, "24": {"z": 1.5000000000000002, "qx": -0.0, "qy": -0.0, "qz": -0.02777777777777778, "_k": 5, "y": -3.425166865496446, "x": 1.6666666666666654}, "13": {"z": 1.5000000000000002, "qx": -0.0, "qy": -0.0, "qz": -0.02777777777777779, "_k": 12, "y": -3.425166865496446, "x": -3.6111111111111134}, "33": {"z": 1.5000000000000002, "qx": -0.0, "qy": -0.0, "qz": -0.02777777777777779, "_k": 14, "y": -3.425166865496446, "x": 4.1666666666666652}, "23": {"z": 1.5000000000000002, "qx": -0.0, "qy": -0.0, "qz": -0.02777777777777779, "_k": 4, "y": -3.425166865496446, "x": 1.3888888888888864}}, "max_int_key": 40, "attributes": {"gkey_node": {"5.000,-3.425,1.500": 36, "-0.705,-3.425,1.206": 39, "-2.500,-3.425,1.500": 9, "-3.611,-3.425,1.500": 13, "-1.111,-3.425,1.500": 4, "1.667,-3.425,1.500": 24, "4.167,-3.425,1.500": 33, "2.500,-3.425,1.500": 27, "-5.000,-3.425,1.500": 18, "0.833,-3.425,1.500": 21, "4.722,-3.425,1.500": 35, "-3.526,-3.425,0.030": 40, "-4.167,-3.425,1.500": 15, "2.778,-3.425,1.500": 28, "-0.833,-3.425,1.500": 3, "0.278,-3.425,1.500": 19, "-2.778,-3.425,1.500": 10, "3.056,-3.425,1.500": 29, "-0.556,-3.425,1.500": 2, "-3.333,-3.425,1.500": 12,