{"compas": "1.7.1", "datatype": "compas_cem.diagrams/TopologyDiagram", "data": {"adjacency": {"5": {"4": null, "6": null}, "4": {"0": null, "5": null}, "7": {"0": null, "8": null}, "6": {"5": null}, "1": {"0": null, "2": null}, "0": {"4": null, "7": null, "1": null, "9": null}, "3": {"2": null}, "2": {"1": null, "3": null}, "10": {"9": null}, "9": {"0": null, "10": null}, "8": {"7": null}}, "node_attributes": {"z": 0.0, "qx": 0.0, "rx": 0.0, "qy": 0.0, "ry": 0.0, "qz": 0.0, "type": null, "rz": 0.0, "_k": null, "y": 0.0, "x": 0.0}, "node": {"5": {"z": 1.5000000000000002, "qx": -0.0, "qy": -0.0, "qz": -0.16666666666666663, "_k": 1, "y": -3.425166865496446, "x": 3.3333333333333304}, "4": {"z": 1.5000000000000002, "qx": -0.0, "qy": -0.0, "qz": -0.16666666666666663, "type": "_origin", "_k": 0, "y": -3.425166865496446, "x": 1.6666666666666654}, "7": {"_k": 1, "z": 1.2059535794826071, "y": -3.425166865496446, "x": 0.70514729140861476}, "6": {"z": 1.5000000000000002, "qx": -0.0, "qy": -0.0, "qz": -0.083333333333333356, "type": "support", "_k": 2, "y": -3.425166865496446, "x": 4.9999999999999973}, "1": {"z": 1.5000000000000002, "qx": -0.0, "qy": -0.0, "qz": -0.16666666666666663, "type": "_origin", "_k": 0, "y": -3.425166865496446, "x": -1.6666666666666676}, "0": {"z": 1.5000000000000002, "qx": -0.0, "qy": -0.0, "qz": -0.16666666666666669, "type": "_origin", "_k": 0, "y": -3.425166865496446, "x": -1.7763568394002505e-15}, "3": {"z": 1.5000000000000002, "qx": -0.0, "qy": -0.0, "qz": -0.083333333333333329, "type": "support", "_k": 2, "y": -3.425166865496446, "x": -5.0000000000000009}, "2": {"z": 1.5000000000000002, "qx": -0.0, "qy": -0.0, "qz": -0.16666666666666669, "_k": 1, "y": -3.425166865496446, "x": -3.3333333333333344}, "10": {"z": 0.029767897413034872, "type": "support", "_k": 1, "y": -3.425166865496446, "x": -3.5257364570430845}, "9": {"z": 1.2059535794826071, "type": "_origin", "_k": 0, "y": -3.425166865496446, "x": -0.70514729140861843}, "8": {"z": 0.029767897413034872, "type": "support", "_k": 2, "y": -3.425166865496446, "x": 3.5257364570430809}}, "max_int_key": 10, "attributes": {"gkey_node": {"-0.705,-3.425,1.206": 9, "3.526,-3.425,0.030": 8, "1.667,-3.425,1.500": 4, "-3.333,-3.425,1.500": 2, "-3.526,-3.425,0.030": 10, "5.000,-3.425,1.500": 6, "3.333,-3.425,1.500": 5, "-1.667,-3.425,1.500": 1, "-5.000,-3.425,1.500": 3, "0.705,-3.425,1.206": 7, "0.000,-3.425,1.500": 0}, "name": "Network", "_aux_length": 0.33000000000000002, "_trails": {"0": [0, 7, 8], "1": [1, 2, 3], "9": [9, 10], "4": [4, 5, 6]}, "tol": "3f", "_auxiliary_trails": {}, "_aux_vector": {"dtype": "compas.geometry/Vector", "value": [-0.0, -0.0, -1.0]}}, "edge_attributes": {"force": 0.0, "type": null, "length": 0.0}, "edge": {"5": {"6": {"length": -1.666666666666667, "type": "trail"}}, "4": {"5": {"length": -1.666666666666665, "type": "trail"}}, "7": {"8": {"length": -3.056, "type": "trail"}}, "6": {}, "1": {"2": {"length": -1.6666666666666667, "type": "trail"}}, "0": {"4": {"force": -19.0, "length": -1.6666666666666672, "type": "deviation"}, "7": {"length": -0.76400000000000001, "type": "trail"}, "1": {"force": -19.0, "length": -1.6666666666666659, "type": "deviation"}, "9": {"force": -0.32329999999999998, "type": "deviation"}}, "3": {}, "2": {"3": {"length": -1.6666666666666665, "type": "trail"}}, "10": {}, "9": {"10": {"length": -3.056, "type": "trail"}}, "8": {}}}}