{"compas": "1.7.1", "datatype": "compas_cem.diagrams/TopologyDiagram", "data": {"adjacency": {"14": {"13": null}, "12": {"11": null}, "5": {"4": null}, "4": {"3": null, "5": null}, "7": {"6": null, "8": null}, "6": {"7": null, "0": null}, "1": {"0": null, "2": null}, "0": {"13": null, "6": null, "1": null, "11": null}, "3": {"4": null, "2": null}, "2": {"1": null, "3": null}, "10": {"9": null}, "13": {"14": null, "0": null}, "11": {"12": null, "0": null}, "9": {"8": null, "10": null}, "8": {"7": null, "9": null}}, "node_attributes": {"z": 0.0, "qx": 0.0, "rx": 0.0, "qy": 0.0, "ry": 0.0, "qz": 0.0, "type": null, "rz": 0.0, "_k": null, "y": 0.0, "x": 0.0}, "node": {"14": {"z": 0.029767897413034872, "type": "support", "_k": 1, "y": -3.425166865496446, "x": -3.5257364570430845}, "12": {"z": 0.029767897413034872, "type": "support", "_k": 2, "y": -3.425166865496446, "x": 3.5257364570430809}, "5": {"z": 1.5000000000000002, "qx": -0.0, "qy": -0.0, "qz": -0.050000000000000003, "type": "support", "_k": 4, "y": -3.425166865496446, "x": -5.0000000000000009}, "4": {"z": 1.5000000000000002, "qx": -0.0, "qy": -0.0, "qz": -0.099999999999999964, "_k": 3, "y": -3.425166865496446, "x": -4.0000000000000009}, "7": {"z": 1.5000000000000002, "qx": -0.0, "qy": -0.0, "qz": -0.09999999999999995, "_k": 1, "y": -3.425166865496446, "x": 1.9999999999999973}, "6": {"z": 1.5000000000000002, "qx": -0.0, "qy": -0.0, "qz": -0.099999999999999964, "type": "_origin", "_k": 0, "y": -3.425166865496446, "x": 0.999999999999999}, "1": {"z": 1.5000000000000002, "qx": -0.0, "qy": -0.0, "qz": -0.099999999999999978, "type": "_origin", "_k": 0, "y": -3.425166865496446, "x": -1.0000000000000013}, "0": {"z": 1.5000000000000002, "qx": -0.0, "qy": -0.0, "qz": -0.10000000000000003, "type": "_origin", "_k": 0, "y": -3.425166865496446, "x": -1.7763568394002505e-15}, "3": {"z": 1.5000000000000002, "qx": -0.0, "qy": -0.0, "qz": -0.099999999999999978, "_k": 2, "y": -3.425166865496446, "x": -3.0000000000000018}, "2": {"z": 1.5000000000000002, "qx": -0.0, "qy": -0.0, "qz": -0.10000000000000003, "_k": 1, "y": -3.425166865496446, "x": -2.0000000000000013}, "10": {"z": 1.5000000000000002, "qx": -0.0, "qy": -0.0, "qz": -0.049999999999999982, "type": "support", "_k": 4, "y": -3.425166865496446, "x": 4.9999999999999973}, "13": {"z": 1.2059535794826071, "type": "_origin", "_k": 0, "y": -3.425166865496446, "x": -0.70514729140861843}, "11": {"_k": 1, "z": 1.2059535794826071, "y": -3.425166865496446, "x": 0.70514729140861476}, "9": {"z": 1.5000000000000002, "qx": -0.0, "qy": -0.0, "qz": -0.099999999999999978, "_k": 3, "y": -3.425166865496446, "x": 3.9999999999999978}, "8": {"z": 1.5000000000000002, "qx": -0.0, "qy": -0.0, "qz": -0.10000000000000003, "_k": 2, "y": -3.425166865496446, "x": 2.9999999999999978}}, "max_int_key": 14, "attributes": {"gkey_node": {"-0.705,-3.425,1.206": 13, "-4.000,-3.425,1.500": 4, "3.526,-3.425,0.030": 12, "-1.000,-3.425,1.500": 1, "1.000,-3.425,1.500": 6, "2.000,-3.425,1.500": 7, "-3.000,-3.425,1.500": 3, "5.000,-3.425,1.500": 10, "4.000,-3.425,1.500": 9, "3.000,-3.425,1.500": 8, "-3.526,-3.425,0.030": 14, "-2.000,-3.425,1.500": 2, "-5.000,-3.425,1.500": 5, "0.705,-3.425,1.206": 11, "0.000,-3.425,1.500": 0}, "name": "Network", "_aux_length": 0.33000000000000002, "_trails": {"0": [0, 11, 12], "1": [1, 2, 3, 4, 5], "13": [13, 14], "6": [6, 7, 8, 9, 10]}, "tol": "3f", "_auxiliary_trails": {}, "_aux_vector": {"dtype": "compas.geometry/Vector", "value": [-0.0, -0.0, -1.0]}}, "edge_attributes": {"force": 0.0, "type": null, "length": 0.0}, "edge": {"14": {}, "12": {}, "5": {}, "4": {"5": {"length": -1.0, "type": "trail"}}, "7": {"8": {"length": -1.0000000000000004, "type": "trail"}}, "6": {"7": {"length": -0.99999999999999833, "type": "trail"}}, "1": {"2": {"length": -1.0, "type": "trail"}}, "0": {"13": {"force": -0.32329999999999998, "type": "deviation"}, "6": {"force": -19.0, "length": -1.0000000000000009, "type": "deviation"}, "1": {"force": -19.0, "length": -0.99999999999999956, "type": "deviation"}, "11": {"length": -0.76400000000000001, "type": "trail"}}, "3": {"4": {"length": -0.99999999999999911, "type": "trail"}}, "2": {"3": {"length": -1.0000000000000004, "type": "trail"}}, "10": {}, "13": {"14": {"length": -3.056, "type": "trail"}}, "11": {"12": {"length": -3.056, "type": "trail"}}, "9": {"10": {"length": -0.99999999999999956, "type": "trail"}}, "8": {"9": {"length": -1.0, "type": "trail"}}}}}