{"compas": "1.7.1", "datatype": "compas_cem.diagrams/TopologyDiagram", "data": {"adjacency": {"16": {"15": null, "17": null}, "36": {"35": null}, "26": {"27": null, "25": null}, "15": {"14": null, "16": null}, "18": {"19": null, "0": null}, "35": {"36": null, "0": null}, "25": {"26": null, "24": null}, "28": {"27": null, "29": null}, "38": {"37": null}, "10": {"9": null, "11": null}, "30": {"31": null, "29": null}, "20": {"21": null, "19": null}, "17": {"16": null}, "37": {"0": null, "38": null}, "27": {"28": null, "26": null}, "12": {"13": null, "11": null}, "32": {"31": null, "33": null}, "22": {"21": null, "23": null}, "19": {"20": null, "18": null}, "29": {"28": null, "30": null}, "11": {"12": null, "10": null}, "5": {"4": null, "6": null}, "4": {"3": null, "5": null}, "7": {"6": null, "8": null}, "6": {"7": null, "5": null}, "1": {"0": null, "2": null}, "0": {"37": null, "1": null, "18": null, "35": null}, "3": {"4": null, "2": null}, "2": {"1": null, "3": null}, "21": {"20": null, "22": null}, "31": {"30": null, "32": null}, "9": {"8": null, "10": null}, "8": {"7": null, "9": null}, "14": {"13": null, "15": null}, "34": {"33": null}, "24": {"23": null, "25": null}, "13": {"12": null, "14": null}, "33": {"32": null, "34": null}, "23": {"22": null, "24": null}}, "node_attributes": {"z": 0.0, "qx": 0.0, "rx": 0.0, "qy": 0.0, "ry": 0.0, "qz": 0.0, "type": null, "rz": 0.0, "_k": null, "y": 0.0, "x": 0.0}, "node": {"16": {"z": 1.5000000000000002, "qx": -0.0, "qy": -0.0, "qz": -0.029411764705882339, "_k": 15, "y": -3.425166865496446, "x": -4.7058823529411775}, "36": {"z": 0.029767897413034872, "type": "support", "_k": 2, "y": -3.425166865496446, "x": 3.5257364570430809}, "26": {"z": 1.5000000000000002, "qx": -0.0, "qy": -0.0, "qz": -0.029411764705882339, "_k": 8, "y": -3.425166865496446, "x": 2.647058823529409}, "15": {"z": 1.5000000000000002, "qx": -0.0, "qy": -0.0, "qz": -0.029411764705882339, "_k": 14, "y": -3.425166865496446, "x": -4.4117647058823541}, "18": {"z": 1.5000000000000002, "qx": -0.0, "qy": -0.0, "qz": -0.029411764705882356, "type": "_origin", "_k": 0, "y": -3.425166865496446, "x": 0.29411764705882176}, "35": {"_k": 1, "z": 1.2059535794826071, "y": -3.425166865496446, "x": 0.70514729140861476}, "25": {"z": 1.5000000000000002, "qx": -0.0, "qy": -0.0, "qz": -0.029411764705882339, "_k": 7, "y": -3.425166865496446, "x": 2.3529411764705865}, "28": {"z": 1.5000000000000002, "qx": -0.0, "qy": -0.0, "qz": -0.02941176470588238, "_k": 10, "y": -3.425166865496446, "x": 3.2352941176470562}, "38": {"z": 0.029767897413034872, "type": "support", "_k": 1, "y": -3.425166865496446, "x": -3.5257364570430845}, "10": {"z": 1.5000000000000002, "qx": -0.0, "qy": -0.0, "qz": -0.029411764705882359, "_k": 9, "y": -3.425166865496446, "x": -2.9411764705882368}, "30": {"z": 1.5000000000000002, "qx": -0.0, "qy": -0.0, "qz": -0.029411764705882359, "_k": 12, "y": -3.425166865496446, "x": 3.823529411764703}, "20": {"z": 1.5000000000000002, "qx": -0.0, "qy": -0.0, "qz": -0.029411764705882353, "_k": 2, "y": -3.425166865496446, "x": 0.88235294117646779}, "17": {"z": 1.5000000000000002, "qx": -0.0, "qy": -0.0, "qz": -0.014705882352941169, "type": "support", "_k": 16, "y": -3.425166865496446, "x": -5.0000000000000009}, "37": {"z": 1.2059535794826071, "type": "_origin", "_k": 0, "y": -3.425166865496446, "x": -0.70514729140861843}, "27": {"z": 1.5000000000000002, "qx": -0.0, "qy": -0.0, "qz": -0.029411764705882359, "_k": 9, "y": -3.425166865496446, "x": 2.9411764705882333}, "12": {"z": 1.5000000000000002, "qx": -0.0, "qy": -0.0, "qz": -0.029411764705882359, "_k": 11, "y": -3.425166865496446, "x": -3.5294117647058836}, "32": {"z": 1.5000000000000002, "qx": -0.0, "qy": -0.0, "qz": -0.029411764705882339, "_k": 14, "y": -3.425166865496446, "x": 4.4117647058823506}, "22": {"z": 1.5000000000000002, "qx": -0.0, "qy": -0.0, "qz": -0.029411764705882359, "_k": 4, "y": -3.425166865496446, "x": 1.4705882352941146}, "19": {"z": 1.5000000000000002, "qx": -0.0, "qy": -0.0, "qz": -0.029411764705882304, "_k": 1, "y": -3.425166865496446, "x": 0.5882352941176453}, "29": {"z": 1.5000000000000002, "qx": -0.0, "qy": -0.0, "qz": -0.029411764705882339, "_k": 11, "y": -3.425166865496446, "x": 3.5294117647058809}, "11": {"z": 1.5000000000000002, "qx": -0.0, "qy": -0.0, "qz": -0.029411764705882339, "_k": 10, "y": -3.425166865496446, "x": -3.2352941176470602}, "5": {"z": 1.5000000000000002, "qx": -0.0, "qy": -0.0, "qz": -0.029411764705882349, "_k": 4, "y": -3.425166865496446, "x": -1.4705882352941195}, "4": {"z": 1.5000000000000002, "qx": -0.0, "qy": -0.0, "qz": -0.029411764705882359, "_k": 3, "y": -3.425166865496446, "x": -1.1764705882352959}, "7": {"z": 1.5000000000000002, "qx": -0.0, "qy": -0.0, "qz": -0.029411764705882359, "_k": 6, "y": -3.425166865496446, "x": -2.0588235294117663}, "6": {"z": 1.5000000000000002, "qx": -0.0, "qy": -0.0, "qz": -0.029411764705882339, "_k": 5, "y": -3.425166865496446, "x": -1.7647058823529429}, "1": {"z": 1.5000000000000002, "qx": -0.0, "qy": -0.0, "qz": -0.029411764705882356, "type": "_origin", "_k": 0, "y": -3.425166865496446, "x": -0.29411764705882532}, "0": {"z": 1.5000000000000002, "qx": -0.0, "qy": -0.0, "qz": -0.029411764705882356, "type": "_origin", "_k": 0, "y": -3.425166865496446, "x": -1.7763568394002505e-15}, "3": {"z": 1.5000000000000002, "qx": -0.0, "qy": -0.0, "qz": -0.029411764705882353, "_k": 2, "y": -3.425166865496446, "x": -0.88235294117647234}, "2": {"z": 1.5000000000000002, "qx": -0.0, "qy": -0.0, "qz": -0.029411764705882353, "_k": 1, "y": -3.425166865496446, "x": -0.58823529411764885}, "21": {"z": 1.5000000000000002, "qx": -0.0, "qy": -0.0, "qz": -0.029411764705882346, "_k": 3, "y": -3.425166865496446, "x": 1.1764705882352924}, "31": {"z": 1.5000000000000002, "qx": -0.0, "qy": -0.0, "qz": -0.02941176470588238, "_k": 13, "y": -3.425166865496446, "x": 4.1176470588235281}, "9": {"z": 1.5000000000000002, "qx": -0.0, "qy": -0.0, "qz": -0.029411764705882339, "_k": 8, "y": -3.425166865496446, "x": -2.647058823529413}, "8": {"z": 1.5000000000000002, "qx": -0.0, "qy": -0.0, "qz": -0.029411764705882339, "_k": 7, "y": -3.425166865496446, "x": -2.3529411764705901}, "14": {"z": 1.5000000000000002, "qx": -0.0, "qy": -0.0, "qz": -0.029411764705882339, "_k": 13, "y": -3.425166865496446, "x": -4.1176470588235308}, "34": {"z": 1.5000000000000002, "qx": -0.0, "qy": -0.0, "qz": -0.014705882352941124, "type": "support", "_k": 16, "y": -3.425166865496446, "x": 4.9999999999999973}, "24": {"z": 1.5000000000000002, "qx": -0.0, "qy": -0.0, "qz": -0.029411764705882353, "_k": 6, "y": -3.425166865496446, "x": 2.0588235294117623}, "13": {"z": 1.5000000000000002, "qx": -0.0, "qy": -0.0, "qz": -0.029411764705882359, "_k": 12, "y": -3.425166865496446, "x": -3.8235294117647074}, "33": {"z": 1.5000000000000002, "qx": -0.0, "qy": -0.0, "qz": -0.029411764705882339, "_k": 15, "y": -3.425166865496446, "x": 4.7058823529411749}, "23": {"z": 1.5000000000000002, "qx": -0.0, "qy": -0.0, "qz": -0.029411764705882384, "_k": 5, "y": -3.425166865496446, "x": 1.7647058823529396}}, "max_int_key": 38, "attributes": {"gkey_node": {"5.000,-3.425,1.500": 34, "-0.705,-3.425,1.206": 37, "-0.294,-3.425,1.500": 1, "3.824,-3.425,1.500": 30, "-2.941,-3.425,1.500": 10, "-4.706,-3.425,1.500": 16, "-5.000,-3.425,1.500": 17, "4.118,-3.425,1.500": 31, "-3.526,-3.425,0.030": 38, "2.941,-3.425,1.500": 27, "-2.353,-3.425,1.500": 8, "4.412,-3.425,1.500": 32, "2.647,-3.425,1.500": 26, "1.765,-3.425,1.500": 23, "-1.471,-3.425,1.500": 5, "-0.588,-3.425,1.500": 2, "0.705,-3.425,1.206": 35, "2.353,-3.425,1.500": 25, "3.526,-3.425,0.030": 36, "0.588,-3.425,1.500": 19, "-4.118,-3.425,1.500": 14, "-1.765,-3.425,1.500": 6, "4.706,-3.425,1.500": 33, "0.294,-3.425,1.500": 18, "0.000,-3.425,1.500": 0, "-1.176,-3.425,1.500": 4, "-4.412,-3.425,1.500": 15, "1.471,-3.425,1.500": 22, "-3.235,-3.425,1.500": 11, "1.176,-3.425,1.500": 21, "-2.059,-3.425,1.500": 7, "0.882,-3.425,1.500": 20, "-2.647,-3.425,1.500": 9,