{"compas": "1.7.1", "datatype": "compas_cem.diagrams/TopologyDiagram", "data": {"adjacency": {"16": {"15": null, "17": null}, "36": {"37": null, "35": null}, "26": {"27": null, "25": null}, "15": {"14": null, "16": null}, "18": {"19": null, "17": null}, "35": {"36": null, "34": null}, "25": {"26": null, "24": null}, "28": {"27": null, "29": null}, "38": {"37": null, "39": null}, "40": {"39": null}, "10": {"9": null, "11": null}, "30": {"31": null, "29": null}, "20": {"19": null}, "17": {"18": null, "16": null}, "37": {"36": null, "38": null}, "27": {"28": null, "26": null}, "42": {"41": null}, "12": {"13": null, "11": null}, "32": {"31": null, "33": null}, "22": {"21": null, "23": null}, "19": {"20": null, "18": null}, "39": {"40": null, "38": null}, "29": {"28": null, "30": null}, "41": {"0": null, "42": null}, "11": {"12": null, "10": null}, "5": {"4": null, "6": null}, "4": {"3": null, "5": null}, "7": {"6": null, "8": null}, "6": {"7": null, "5": null}, "1": {"0": null, "2": null}, "0": {"21": null, "41": null, "1": null, "43": null}, "3": {"4": null, "2": null}, "2": {"1": null, "3": null}, "21": {"22": null, "0": null}, "31": {"30": null, "32": null}, "9": {"8": null, "10": null}, "8": {"7": null, "9": null}, "44": {"43": null}, "14": {"13": null, "15": null}, "34": {"33": null, "35": null}, "24": {"23": null, "25": null}, "43": {"44": null, "0": null}, "13": {"12": null, "14": null}, "33": {"32": null, "34": null}, "23": {"22": null, "24": null}}, "node_attributes": {"z": 0.0, "qx": 0.0, "rx": 0.0, "qy": 0.0, "ry": 0.0, "qz": 0.0, "type": null, "rz": 0.0, "_k": null, "y": 0.0, "x": 0.0}, "node": {"16": {"z": 1.5000000000000002, "qx": -0.0, "qy": -0.0, "qz": -0.025000000000000001, "_k": 15, "y": -3.425166865496446, "x": -4.0000000000000018}, "36": {"z": 1.5000000000000002, "qx": -0.0, "qy": -0.0, "qz": -0.025000000000000022, "_k": 15, "y": -3.425166865496446, "x": 3.9999999999999987}, "26": {"z": 1.5000000000000002, "qx": -0.0, "qy": -0.0, "qz": -0.025000000000000022, "_k": 5, "y": -3.425166865496446, "x": 1.4999999999999969}, "15": {"z": 1.5000000000000002, "qx": -0.0, "qy": -0.0, "qz": -0.025000000000000022, "_k": 14, "y": -3.425166865496446, "x": -3.7500000000000018}, "18": {"z": 1.5000000000000002, "qx": -0.0, "qy": -0.0, "qz": -0.025000000000000046, "_k": 17, "y": -3.425166865496446, "x": -4.5000000000000018}, "35": {"z": 1.5000000000000002, "qx": -0.0, "qy": -0.0, "qz": -0.025000000000000001, "_k": 14, "y": -3.425166865496446, "x": 3.7499999999999978}, "25": {"z": 1.5000000000000002, "qx": -0.0, "qy": -0.0, "qz": -0.024999999999999897, "_k": 4, "y": -3.425166865496446, "x": 1.249999999999998}, "28": {"z": 1.5000000000000002, "qx": -0.0, "qy": -0.0, "qz": -0.024999999999999967, "_k": 7, "y": -3.425166865496446, "x": 1.9999999999999973}, "38": {"z": 1.5000000000000002, "qx": -0.0, "qy": -0.0, "qz": -0.025000000000000001, "_k": 17, "y": -3.425166865496446, "x": 4.4999999999999991}, "40": {"z": 1.5000000000000002, "qx": -0.0, "qy": -0.0, "qz": -0.012499999999999956, "type": "support", "_k": 19, "y": -3.425166865496446, "x": 4.9999999999999973}, "10": {"z": 1.5000000000000002, "qx": -0.0, "qy": -0.0, "qz": -0.025000000000000001, "_k": 9, "y": -3.425166865496446, "x": -2.5000000000000013}, "30": {"z": 1.5000000000000002, "qx": -0.0, "qy": -0.0, "qz": -0.024999999999999956, "_k": 9, "y": -3.425166865496446, "x": 2.4999999999999978}, "20": {"z": 1.5000000000000002, "qx": -0.0, "qy": -0.0, "qz": -0.012499999999999912, "type": "support", "_k": 19, "y": -3.425166865496446, "x": -5.0000000000000009}, "17": {"z": 1.5000000000000002, "qx": -0.0, "qy": -0.0, "qz": -0.025000000000000001, "_k": 16, "y": -3.425166865496446, "x": -4.2500000000000018}, "37": {"z": 1.5000000000000002, "qx": -0.0, "qy": -0.0, "qz": -0.025000000000000022, "_k": 16, "y": -3.425166865496446, "x": 4.2499999999999982}, "27": {"z": 1.5000000000000002, "qx": -0.0, "qy": -0.0, "qz": -0.025000000000000022, "_k": 6, "y": -3.425166865496446, "x": 1.7499999999999984}, "42": {"z": 0.029767897413034872, "type": "support", "_k": 2, "y": -3.425166865496446, "x": 3.5257364570430809}, "12": {"z": 1.5000000000000002, "qx": -0.0, "qy": -0.0, "qz": -0.025000000000000022, "_k": 11, "y": -3.425166865496446, "x": -3.0000000000000013}, "32": {"z": 1.5000000000000002, "qx": -0.0, "qy": -0.0, "qz": -0.025000000000000022, "_k": 11, "y": -3.425166865496446, "x": 2.9999999999999978}, "22": {"z": 1.5000000000000002, "qx": -0.0, "qy": -0.0, "qz": -0.02499999999999996, "_k": 1, "y": -3.425166865496446, "x": 0.49999999999999861}, "19": {"z": 1.5000000000000002, "qx": -0.0, "qy": -0.0, "qz": -0.02499999999999996, "_k": 18, "y": -3.425166865496446, "x": -4.7500000000000027}, "39": {"z": 1.5000000000000002, "qx": -0.0, "qy": -0.0, "qz": -0.024999999999999911, "_k": 18, "y": -3.425166865496446, "x": 4.7499999999999982}, "29": {"z": 1.5000000000000002, "qx": -0.0, "qy": -0.0, "qz": -0.025000000000000022, "_k": 8, "y": -3.425166865496446, "x": 2.2499999999999978}, "41": {"_k": 1, "z": 1.2059535794826071, "y": -3.425166865496446, "x": 0.70514729140861476}, "11": {"z": 1.5000000000000002, "qx": -0.0, "qy": -0.0, "qz": -0.025000000000000001, "_k": 10, "y": -3.425166865496446, "x": -2.7500000000000009}, "5": {"z": 1.5000000000000002, "qx": -0.0, "qy": -0.0, "qz": -0.025000000000000022, "_k": 4, "y": -3.425166865496446, "x": -1.2500000000000016}, "4": {"z": 1.5000000000000002, "qx": -0.0, "qy": -0.0, "qz": -0.024999999999999988, "_k": 3, "y": -3.425166865496446, "x": -1.0000000000000013}, "7": {"z": 1.5000000000000002, "qx": -0.0, "qy": -0.0, "qz": -0.024999999999999956, "_k": 6, "y": -3.425166865496446, "x": -1.7500000000000013}, "6": {"z": 1.5000000000000002, "qx": -0.0, "qy": -0.0, "qz": -0.024999999999999988, "_k": 5, "y": -3.425166865496446, "x": -1.5000000000000018}, "1": {"z": 1.5000000000000002, "qx": -0.0, "qy": -0.0, "qz": -0.024999999999999991, "type": "_origin", "_k": 0, "y": -3.425166865496446, "x": -0.25000000000000194}, "0": {"z": 1.5000000000000002, "qx": -0.0, "qy": -0.0, "qz": -0.025000000000000022, "type": "_origin", "_k": 0, "y": -3.425166865496446, "x": -1.7763568394002505e-15}, "3": {"z": 1.5000000000000002, "qx": -0.0, "qy": -0.0, "qz": -0.024999999999999988, "_k": 2, "y": -3.425166865496446, "x": -0.75000000000000178}, "2": {"z": 1.5000000000000002, "qx": -0.0, "qy": -0.0, "qz": -0.024999999999999994, "_k": 1, "y": -3.425166865496446, "x": -0.50000000000000155}, "21": {"z": 1.5000000000000002, "qx": -0.0, "qy": -0.0, "qz": -0.025000000000000022, "type": "_origin", "_k": 0, "y": -3.425166865496446, "x": 0.24999999999999842}, "31": {"z": 1.5000000000000002, "qx": -0.0, "qy": -0.0, "qz": -0.025000000000000001, "_k": 10, "y": -3.425166865496446, "x": 2.7499999999999969}, "9": {"z": 1.5000000000000002, "qx": -0.0, "qy": -0.0, "qz": -0.025000000000000022, "_k": 8, "y": -3.425166865496446, "x": -2.2500000000000009}, "8": {"z": 1.5000000000000002, "qx": -0.0, "qy": -0.0, "qz": -0.024999999999999981, "_k": 7, "y": -3.425166865496446, "x": -2.0000000000000009}, "44": {"z": 0.029767897413034872, "type": "support", "_k": 1, "y": -3.425166865496446, "x": -3.5257364570430845}, "14": {"z": 1.5000000000000002, "qx": -0.0, "qy": -0.0, "qz": -0.025000000000000022, "_k": 13, "y": -3.425166865496446, "x": -3.5000000000000013}, "34": {"z": 1.5000000000000002, "qx": -0.0, "qy": -0.0, "qz": -0.025000000000000022, "_k": 13, "y": -3.425166865496446, "x": 3.4999999999999987}, "24": {"z": 1.5000000000000002, "qx": -0.0, "qy": -0.0, "qz": -0.025000000000000022, "_k": 3, "y": -3.425166865496446, "x": 0.999999999999999}, "43": {"z": 1.2059535794826071, "type": "_origin", "_k": 0, "y": -3.425166865496446, "x": -0.70514729140861843}, "13": {"z": 1.5000000000000002, "qx": -0.0, "qy": -0.0, "qz": -0.025000000000000001, "_k": 12, "y": -3.425166865496446, "x": -3.2500000000000013}, "33": {"z": 1.5000000000000002, "qx": -0.0, "qy": -0.0, "qz": -0.025000000000000043, "_k": 12, "y": -3.425166865496446, "x": 3.2499999999999973},