{"compas": "1.7.1", "datatype": "compas_cem.diagrams/TopologyDiagram", "data": {"adjacency": {"16": {"33": null, "15": null}, "26": {"27": null, "9": null, "25": null}, "15": {"32": null, "14": null, "16": null}, "18": {"19": null, "1": null, "17": null}, "25": {"26": null, "8": null, "24": null}, "28": {"27": null, "29": null, "11": null}, "10": {"27": null, "9": null, "11": null}, "30": {"31": null, "13": null, "29": null}, "20": {"21": null, "19": null, "3": null}, "17": {"0": null, "18": null}, "27": {"28": null, "26": null, "10": null}, "12": {"13": null, "29": null, "11": null}, "32": {"31": null, "33": null, "15": null}, "22": {"21": null, "23": null, "5": null}, "19": {"20": null, "18": null, "2": null}, "29": {"28": null, "30": null, "12": null}, "11": {"28": null, "12": null, "10": null}, "5": {"4": null, "6": null, "22": null}, "4": {"21": null, "3": null, "5": null}, "7": {"6": null, "8": null, "24": null}, "6": {"7": null, "23": null, "5": null}, "1": {"0": null, "18": null, "2": null}, "0": {"1": null, "17": null}, "3": {"4": null, "20": null, "2": null}, "2": {"19": null, "1": null, "3": null}, "21": {"4": null, "20": null, "22": null}, "31": {"30": null, "32": null, "14": null}, "9": {"26": null, "8": null, "10": null}, "8": {"7": null, "9": null, "25": null}, "14": {"31": null, "13": null, "15": null}, "24": {"7": null, "23": null, "25": null}, "13": {"30": null, "12": null, "14": null}, "33": {"32": null, "16": null}, "23": {"6": null, "22": null, "24": null}}, "node_attributes": {"z": 0.0, "qx": 0.0, "rx": 0.0, "qy": 0.0, "ry": 0.0, "qz": 0.0, "type": null, "rz": 0.0, "_k": null, "y": 0.0, "x": 0.0}, "node": {"16": {"z": 2.9509999999999996, "type": "support", "_k": 8, "y": -3.425166865496446, "x": 4.9999999999999973}, "26": {"z": 1.5000000000000002, "qx": -0.0, "qy": -0.0, "qz": -0.062499999999999958, "_k": 1, "y": -3.425166865496446, "x": 0.62499999999999845}, "15": {"_k": 7, "z": 2.9509999999999996, "y": -3.425166865496446, "x": 4.3749999999999982}, "18": {"z": 1.5000000000000002, "qx": -0.0, "qy": -0.0, "qz": -0.0625, "_k": 6, "y": -3.425166865496446, "x": -4.3750000000000009}, "25": {"z": 1.5000000000000002, "qx": -0.0, "qy": -0.0, "qz": -0.062500000000000014, "type": "_origin", "_k": 0, "y": -3.425166865496446, "x": 2.2204460492503131e-16}, "28": {"z": 1.5000000000000002, "qx": -0.0, "qy": -0.0, "qz": -0.062499999999999903, "_k": 3, "y": -3.425166865496446, "x": 1.8749999999999987}, "10": {"_k": 2, "z": 2.9510000000000001, "y": -3.425166865496446, "x": 1.2499999999999991}, "30": {"z": 1.5000000000000002, "qx": -0.0, "qy": -0.0, "qz": -0.0625, "_k": 5, "y": -3.425166865496446, "x": 3.1249999999999973}, "20": {"z": 1.5000000000000002, "qx": -0.0, "qy": -0.0, "qz": -0.062499999999999979, "_k": 4, "y": -3.425166865496446, "x": -3.1250000000000013}, "17": {"z": 1.5000000000000002, "qx": -0.0, "qy": -0.0, "qz": -0.03125, "type": "support", "_k": 7, "y": -3.425166865496446, "x": -5.0000000000000009}, "27": {"z": 1.5000000000000002, "qx": -0.0, "qy": -0.0, "qz": -0.062500000000000014, "_k": 2, "y": -3.425166865496446, "x": 1.2499999999999993}, "12": {"_k": 4, "z": 2.9509999999999996, "y": -3.425166865496446, "x": 2.4999999999999973}, "32": {"z": 1.5000000000000002, "qx": -0.0, "qy": -0.0, "qz": -0.0625, "_k": 7, "y": -3.425166865496446, "x": 4.3749999999999973}, "22": {"z": 1.5000000000000002, "qx": -0.0, "qy": -0.0, "qz": -0.062499999999999979, "_k": 2, "y": -3.425166865496446, "x": -1.8750000000000013}, "19": {"z": 1.5000000000000002, "qx": -0.0, "qy": -0.0, "qz": -0.062499999999999979, "_k": 5, "y": -3.425166865496446, "x": -3.7500000000000009}, "29": {"z": 1.5000000000000002, "qx": -0.0, "qy": -0.0, "qz": -0.062499999999999931, "_k": 4, "y": -3.425166865496446, "x": 2.4999999999999973}, "11": {"_k": 3, "z": 2.9510000000000001, "y": -3.425166865496446, "x": 1.8749999999999978}, "5": {"_k": 2, "z": 2.9509999999999996, "y": -3.425166865496446, "x": -1.8750000000000013}, "4": {"_k": 3, "z": 2.9510000000000001, "y": -3.425166865496446, "x": -2.5000000000000013}, "7": {"z": 2.9509999999999996, "type": "_origin", "_k": 0, "y": -3.425166865496446, "x": -0.62500000000000167}, "6": {"_k": 1, "z": 2.9510000000000001, "y": -3.425166865496446, "x": -1.2500000000000016}, "1": {"_k": 6, "z": 2.9509999999999996, "y": -3.425166865496446, "x": -4.375}, "0": {"z": 2.9509999999999996, "type": "support", "_k": 7, "y": -3.425166865496446, "x": -5.0}, "3": {"_k": 4, "z": 2.9510000000000001, "y": -3.425166865496446, "x": -3.1250000000000009}, "2": {"_k": 5, "z": 2.9509999999999996, "y": -3.425166865496446, "x": -3.7500000000000009}, "21": {"z": 1.5000000000000002, "qx": -0.0, "qy": -0.0, "qz": -0.0625, "_k": 3, "y": -3.425166865496446, "x": -2.5000000000000013}, "31": {"z": 1.5000000000000002, "qx": -0.0, "qy": -0.0, "qz": -0.0625, "_k": 6, "y": -3.425166865496446, "x": 3.7499999999999973}, "9": {"_k": 1, "z": 2.9509999999999996, "y": -3.425166865496446, "x": 0.62499999999999845}, "8": {"z": 2.9510000000000001, "type": "_origin", "_k": 0, "y": -3.425166865496446, "x": -4.9960036108132044e-16}, "14": {"_k": 6, "z": 2.9509999999999996, "y": -3.425166865496446, "x": 3.7499999999999973}, "24": {"z": 1.5000000000000002, "qx": -0.0, "qy": -0.0, "qz": -0.062500000000000111, "type": "_origin", "_k": 0, "y": -3.425166865496446, "x": -0.62500000000000167}, "13": {"_k": 5, "z": 2.9509999999999996, "y": -3.425166865496446, "x": 3.1249999999999973}, "33": {"z": 1.5000000000000002, "qx": -0.0, "qy": -0.0, "qz": -0.03125, "type": "support", "_k": 8, "y": -3.425166865496446, "x": 4.9999999999999973}, "23": {"z": 1.5000000000000002, "qx": -0.0, "qy": -0.0, "qz": -0.062499999999999986, "_k": 1, "y": -3.425166865496446, "x": -1.2500000000000018}}, "max_int_key": 33, "attributes": {"gkey_node": {"-1.250,-3.425,1.500": 23, "5.000,-3.425,1.500": 33, "-2.500,-3.425,1.500": 21, "2.500,-3.425,1.500": 29, "0.000,-3.425,2.951": 8, "-2.500,-3.425,2.951": 4, "-5.000,-3.425,1.500": 17, "0.625,-3.425,1.500": 26, "-3.125,-3.425,1.500": 20, "-5.000,-3.425,2.951": 0, "-1.875,-3.425,1.500": 22, "1.875,-3.425,2.951": 11, "1.875,-3.425,1.500": 28, "-4.375,-3.425,1.500": 18, "-1.875,-3.425,2.951": 5, "3.750,-3.425,2.951": 14, "-0.625,-3.425,2.951": 7, "-4.375,-3.425,2.951": 1, "-1.250,-3.425,2.951": 6, "5.000,-3.425,2.951": 16, "3.125,-3.425,2.951": 13, "2.500,-3.425,2.951": 12, "1.250,-3.425,2.951": 10, "0.000,-3.425,1.500": 25, "-3.750,-3.425,2.951": 2, "-3.125,-3.425,2.951": 3, "3.750,-3.425,1.500": 31, "3.125,-3.425,1.500": 30, "4.375,-3.425,2.951": 15, "4.375,-3.425,1.500": 32, "0.625,-3.425,2.951": 9, "-0.625,-3.425,1.500": 24, "1.250,-3.425,1.500": 27, "-3.750,-3.425,1.500": 19}, "name": "Network", "_aux_length": 0.33000000000000002, "_trails": {"7": [7, 6, 5, 4, 3, 2, 1, 0], "8": [8, 9, 10, 11, 12, 13, 14, 15, 16], "24": [24, 23, 22, 21, 20, 19, 18, 17], "25": [25, 26, 27, 28, 29, 30, 31, 32, 33]}, "tol": "3f", "_auxiliary_trails": {}, "_aux_vector": {"dtype": "compas.geometry/Vector", "value": [-0.0, -0.0, -1.0]}}, "edge_attributes": {"force": 0.0, "type": null, "length": 0.0}, "edge": {"16": {"33": {"force": 1.2, "type": "deviation"}}, "26": {"27": {"length": -0.62500000000000089, "type": "trail"}, "9": {"force": 1.3, "type": "deviation"}}, "15": {"16": {"length": 0.62499999999999911, "type": "trail"}}, "18": {"19": {"length": -0.625, "type": "trail"}, "1": {"force": 8.6999999999999993, "type": "deviation"}}, "25": {"26": {"length": -0.62499999999999822, "type": "trail"}, "8": {"force": 1.3, "type": "deviation"}}, "28": {"29": {"length": -0.62499999999999867, "type": "trail"}, "11": {"force": 1.3, "type": "deviation"}}, "10": {"11": {"length": 0.62499999999999867, "type": "trail"}}, "30": {"31": {"length": -0.625, "type": "trail"}, "13": {"force": 1.3, "type": "deviation"}}, "20": {"21": {"length": -0.625, "type": "trail"}, "3": {"force": 1.3, "type": "deviation"}}, "17": {"18": {"length": -0.625, "type": "trail"}}, "27": {"28": {"length": -0.62499999999999933, "type": "trail"},