{"compas": "1.7.1", "datatype": "compas_cem.diagrams/TopologyDiagram", "data": {"adjacency": {"16": {"15": null, "17": null, "34": null}, "26": {"27": null, "8": null, "25": null}, "15": {"33": null, "14": null, "16": null}, "18": {"19": null, "0": null}, "35": {"17": null, "34": null}, "25": {"7": null, "26": null, "24": null}, "28": {"27": null, "29": null, "10": null}, "10": {"28": null, "9": null, "11": null}, "30": {"31": null, "12": null, "29": null}, "20": {"21": null, "19": null, "2": null}, "17": {"35": null, "16": null}, "27": {"28": null, "26": null, "9": null}, "12": {"30": null, "13": null, "11": null}, "32": {"31": null, "33": null, "14": null}, "22": {"4": null, "21": null, "23": null}, "19": {"20": null, "1": null, "18": null}, "29": {"28": null, "30": null, "11": null}, "11": {"12": null, "29": null, "10": null}, "5": {"4": null, "6": null, "23": null}, "4": {"22": null, "3": null, "5": null}, "7": {"6": null, "8": null, "25": null}, "6": {"5": null, "7": null, "24": null}, "1": {"19": null, "0": null, "2": null}, "0": {"1": null, "18": null}, "3": {"4": null, "21": null, "2": null}, "2": {"20": null, "1": null, "3": null}, "21": {"20": null, "22": null, "3": null}, "31": {"30": null, "13": null, "32": null}, "9": {"27": null, "8": null, "10": null}, "8": {"7": null, "26": null, "9": null}, "14": {"13": null, "32": null, "15": null}, "34": {"33": null, "35": null, "16": null}, "24": {"6": null, "23": null, "25": null}, "13": {"31": null, "12": null, "14": null}, "33": {"32": null, "15": null, "34": null}, "23": {"5": null, "22": null, "24": null}}, "node_attributes": {"z": 0.0, "qx": 0.0, "rx": 0.0, "qy": 0.0, "ry": 0.0, "qz": 0.0, "type": null, "rz": 0.0, "_k": null, "y": 0.0, "x": 0.0}, "node": {"16": {"_k": 7, "z": 2.9510000000000001, "y": -3.425166865496446, "x": 4.4117647058823497}, "26": {"z": 1.5000000000000002, "qx": -0.0, "qy": -0.0, "qz": -0.058823529411764684, "type": "_origin", "_k": 0, "y": -3.425166865496446, "x": -0.29411764705882504}, "15": {"_k": 6, "z": 2.9510000000000005, "y": -3.425166865496446, "x": 3.8235294117647043}, "18": {"z": 1.5000000000000002, "qx": -0.0, "qy": -0.0, "qz": -0.029411764705882384, "type": "support", "_k": 8, "y": -3.425166865496446, "x": -5.0000000000000009}, "35": {"z": 1.5000000000000002, "qx": -0.0, "qy": -0.0, "qz": -0.029411764705882339, "type": "support", "_k": 8, "y": -3.425166865496446, "x": 4.9999999999999973}, "25": {"z": 1.5000000000000002, "qx": -0.0, "qy": -0.0, "qz": -0.058823529411764705, "_k": 1, "y": -3.425166865496446, "x": -0.88235294117647178}, "28": {"z": 1.5000000000000002, "qx": -0.0, "qy": -0.0, "qz": -0.058823529411764719, "_k": 1, "y": -3.425166865496446, "x": 0.88235294117646945}, "10": {"_k": 1, "z": 2.9510000000000001, "y": -3.425166865496446, "x": 0.88235294117646912}, "30": {"z": 1.5000000000000002, "qx": -0.0, "qy": -0.0, "qz": -0.058823529411764712, "_k": 3, "y": -3.425166865496446, "x": 2.0588235294117627}, "20": {"z": 1.5000000000000002, "qx": -0.0, "qy": -0.0, "qz": -0.058823529411764636, "_k": 6, "y": -3.425166865496446, "x": -3.8235294117647065}, "17": {"z": 2.9510000000000001, "type": "support", "_k": 8, "y": -3.425166865496446, "x": 4.9999999999999973}, "27": {"z": 1.5000000000000002, "qx": -0.0, "qy": -0.0, "qz": -0.058823529411764733, "type": "_origin", "_k": 0, "y": -3.425166865496446, "x": 0.29411764705882182}, "12": {"_k": 3, "z": 2.9510000000000005, "y": -3.425166865496446, "x": 2.0588235294117627}, "32": {"z": 1.5000000000000002, "qx": -0.0, "qy": -0.0, "qz": -0.058823529411764768, "_k": 5, "y": -3.425166865496446, "x": 3.2352941176470571}, "22": {"z": 1.5000000000000002, "qx": -0.0, "qy": -0.0, "qz": -0.058823529411764719, "_k": 4, "y": -3.425166865496446, "x": -2.647058823529413}, "19": {"z": 1.5000000000000002, "qx": -0.0, "qy": -0.0, "qz": -0.058823529411764719, "_k": 7, "y": -3.425166865496446, "x": -4.4117647058823533}, "29": {"z": 1.5000000000000002, "qx": -0.0, "qy": -0.0, "qz": -0.058823529411764663, "_k": 2, "y": -3.425166865496446, "x": 1.4705882352941162}, "11": {"_k": 2, "z": 2.9510000000000001, "y": -3.425166865496446, "x": 1.4705882352941158}, "5": {"_k": 3, "z": 2.9510000000000005, "y": -3.425166865496446, "x": -2.0588235294117663}, "4": {"_k": 4, "z": 2.9510000000000005, "y": -3.425166865496446, "x": -2.6470588235294135}, "7": {"_k": 1, "z": 2.9510000000000001, "y": -3.425166865496446, "x": -0.88235294117647223}, "6": {"_k": 2, "z": 2.9510000000000001, "y": -3.425166865496446, "x": -1.4705882352941193}, "1": {"_k": 7, "z": 2.9510000000000001, "y": -3.425166865496446, "x": -4.411764705882355}, "0": {"z": 2.9510000000000001, "type": "support", "_k": 8, "y": -3.425166865496446, "x": -5.0000000000000018}, "3": {"_k": 5, "z": 2.9510000000000001, "y": -3.425166865496446, "x": -3.2352941176470607}, "2": {"_k": 6, "z": 2.9510000000000001, "y": -3.425166865496446, "x": -3.8235294117647074}, "21": {"z": 1.5000000000000002, "qx": -0.0, "qy": -0.0, "qz": -0.058823529411764677, "_k": 5, "y": -3.425166865496446, "x": -3.2352941176470607}, "31": {"z": 1.5000000000000002, "qx": -0.0, "qy": -0.0, "qz": -0.058823529411764719, "_k": 4, "y": -3.425166865496446, "x": 2.6470588235294104}, "9": {"z": 2.9510000000000001, "type": "_origin", "_k": 0, "y": -3.425166865496446, "x": 0.29411764705882182}, "8": {"z": 2.9510000000000005, "type": "_origin", "_k": 0, "y": -3.425166865496446, "x": -0.29411764705882493}, "14": {"_k": 5, "z": 2.9509999999999996, "y": -3.425166865496446, "x": 3.2352941176470571}, "34": {"z": 1.5000000000000002, "qx": -0.0, "qy": -0.0, "qz": -0.058823529411764587, "_k": 7, "y": -3.425166865496446, "x": 4.4117647058823506}, "24": {"z": 1.5000000000000002, "qx": -0.0, "qy": -0.0, "qz": -0.058823529411764726, "_k": 2, "y": -3.425166865496446, "x": -1.4705882352941191}, "13": {"_k": 4, "z": 2.9510000000000001, "y": -3.425166865496446, "x": 2.6470588235294095}, "33": {"z": 1.5000000000000002, "qx": -0.0, "qy": -0.0, "qz": -0.058823529411764677, "_k": 6, "y": -3.425166865496446, "x": 3.8235294117647056}, "23": {"z": 1.5000000000000002, "qx": -0.0, "qy": -0.0, "qz": -0.058823529411764698, "_k": 3, "y": -3.425166865496446, "x": -2.0588235294117663}}, "max_int_key": 35, "attributes": {"gkey_node": {"5.000,-3.425,1.500": 35, "-0.294,-3.425,1.500": 26, "3.824,-3.425,1.500": 33, "-2.647,-3.425,2.951": 4, "-5.000,-3.425,1.500": 18, "-5.000,-3.425,2.951": 0, "4.412,-3.425,1.500": 34, "-2.059,-3.425,2.951": 5, "2.647,-3.425,2.951": 13, "2.647,-3.425,1.500": 31, "-4.412,-3.425,2.951": 1, "0.882,-3.425,2.951": 10, "3.235,-3.425,2.951": 14, "-1.471,-3.425,1.500": 24, "4.412,-3.425,2.951": 16, "-3.824,-3.425,2.951": 2, "-1.471,-3.425,2.951": 6, "5.000,-3.425,2.951": 17, "-0.882,-3.425,2.951": 7, "0.294,-3.425,1.500": 27, "2.059,-3.425,2.951": 12, "-4.412,-3.425,1.500": 19, "1.471,-3.425,1.500": 29, "1.471,-3.425,2.951": 11, "-3.235,-3.425,1.500": 21, "-3.235,-3.425,2.951": 3, "-2.059,-3.425,1.500": 23, "-0.294,-3.425,2.951": 8, "0.294,-3.425,2.951": 9, "0.882,-3.425,1.500": 28, "3.824,-3.425,2.951": 15, "-2.647,-3.425,1.500": 22, "3.235,-3.425,1.500": 32, "-3.824,-3.425,1.500": 20, "-0.882,-3.425,1.500": 25, "2.059,-3.425,1.500": 30}, "name": "Network", "_aux_length": 0.33000000000000002, "_trails": {"8": [8, 7, 6, 5, 4, 3, 2, 1, 0], "9": [9, 10, 11, 12, 13, 14, 15, 16, 17], "26": [26, 25, 24, 23, 22, 21, 20, 19, 18], "27": [27, 28, 29, 30, 31, 32, 33, 34, 35]}, "tol": "3f", "_auxiliary_trails": {}, "_aux_vector": {"dtype": "compas.geometry/Vector", "value": [-0.0, -0.0, -1.0]}}, "edge_attributes": {"force": 0.0, "type": null, "length": 0.0}, "edge": {"16": {"17": {"length": 0.58823529411764763, "type": "trail"}}, "26": {"27": {"force": -77.849999999999994, "type": "deviation"}, "8": {"force": 1.3, "type": "deviation"}}, "15": {"16": {"length": 0.58823529411764541, "type": "trail"}}, "18": {"19": {"length": -0.58823529411764763, "type": "trail"}}, "35": {}, "25": {"7": {"force": 1.3, "type": "deviation"}, "26": {"length": -0.58823529411764675,