{"compas": "1.7.1", "datatype": "compas_cem.diagrams/FormDiagram", "data": {"adjacency": {"14": {"13": null, "6": null, "15": null}, "12": {"4": null, "13": null, "11": null}, "5": {"4": null, "13": null, "6": null}, "4": {"12": null, "3": null, "5": null}, "7": {"6": null, "15": null}, "6": {"7": null, "14": null, "5": null}, "1": {"0": null, "9": null, "2": null}, "0": {"1": null, "8": null}, "3": {"4": null, "11": null, "2": null}, "2": {"1": null, "3": null, "10": null}, "10": {"9": null, "11": null, "2": null}, "13": {"12": null, "14": null, "5": null}, "15": {"7": null, "14": null}, "11": {"12": null, "10": null, "3": null}, "9": {"1": null, "8": null, "10": null}, "8": {"0": null, "9": null}}, "node_attributes": {"z": 0.0, "qx": 0.0, "rx": 0.0, "qy": 0.0, "ry": 0.0, "qz": 0.0, "type": null, "rz": 0.0, "_k": null, "y": 0.0, "x": 0.0}, "node": {"14": {"z": 1.5636810989215706, "qx": -0.0, "qy": -0.0, "qz": -0.14285714285714282, "_k": 2, "y": -3.425166865496446, "x": 3.5706399638875377}, "12": {"z": 1.5000000000000002, "qx": -0.0, "qy": -0.0, "qz": -0.14285714285714285, "type": "_origin", "_k": 0, "y": -3.425166865496446, "x": 0.71428571428571286}, "5": {"y": -3.425166865496446, "x": 2.1418201474541547, "z": 3.0054221338158071, "_k": 1}, "4": {"z": 2.9510000000000014, "type": "_origin", "_k": 0, "y": -3.425166865496446, "x": 0.71428571428571308}, "7": {"z": 3.563700022935707, "rx": 34.032541253319224, "ry": -0.0, "type": "support", "rz": 12.499226530453228, "_k": 3, "y": -3.425166865496446, "x": 4.9222125059911113}, "6": {"y": -3.425166865496446, "x": 3.5662569064825593, "z": 3.114032658440554, "_k": 2}, "1": {"y": -3.425166865496446, "x": -3.5662569064825647, "z": 3.114032658440554, "_k": 2}, "0": {"z": 3.5637000229357065, "rx": -34.032541253319224, "ry": -0.0, "type": "support", "rz": 12.499226530453228, "_k": 3, "y": -3.425166865496446, "x": -4.9222125059911157}, "3": {"z": 2.9510000000000014, "type": "_origin", "_k": 0, "y": -3.425166865496446, "x": -0.71428571428571597}, "2": {"y": -3.425166865496446, "x": -2.1418201474541592, "z": 3.0054221338158071, "_k": 1}, "10": {"z": 1.5212315818687157, "qx": -0.0, "qy": -0.0, "qz": -0.14285714285714282, "_k": 1, "y": -3.425166865496446, "x": -2.1426993611198415}, "13": {"z": 1.5212315818687154, "qx": -0.0, "qy": -0.0, "qz": -0.14285714285714268, "_k": 1, "y": -3.425166865496446, "x": 2.1426993611198375}, "15": {"z": 1.7613205283507487, "qx": -0.0, "rx": -77.782541253319209, "qy": -0.0, "ry": -0.0, "qz": -0.071428571428571536, "type": "support", "rz": -11.99922653045323, "_k": 3, "y": -3.425166865496446, "x": 4.9854738702049994}, "11": {"z": 1.5000000000000002, "qx": -0.0, "qy": -0.0, "qz": -0.14285714285714288, "type": "_origin", "_k": 0, "y": -3.425166865496446, "x": -0.71428571428571608}, "9": {"z": 1.5636810989215708, "qx": -0.0, "qy": -0.0, "qz": -0.14285714285714279, "_k": 2, "y": -3.425166865496446, "x": -3.5706399638875435}, "8": {"z": 1.7613205283507485, "qx": -0.0, "rx": 77.782541253319209, "qy": -0.0, "ry": -0.0, "qz": -0.071428571428571425, "type": "support", "rz": -11.999226530453228, "_k": 3, "y": -3.425166865496446, "x": -4.985473870205003}}, "max_int_key": 15, "attributes": {"gkey_node": {"5.000,-3.425,1.500": 15, "-3.571,-3.425,1.564": 9, "2.142,-3.425,3.005": 5, "-5.000,-3.425,1.500": 8, "-2.143,-3.425,1.500": 10, "-3.571,-3.425,2.951": 1, "-5.000,-3.425,2.951": 0, "-3.571,-3.425,1.500": 9, "2.143,-3.425,1.521": 13, "-0.714,-3.425,2.951": 3, "-4.985,-3.425,1.761": 8, "-2.142,-3.425,3.005": 2, "5.000,-3.425,2.951": 7, "3.571,-3.425,1.564": 14, "-3.566,-3.425,3.114": 1, "-2.143,-3.425,2.951": 2, "0.714,-3.425,1.500": 12, "4.985,-3.425,1.761": 15, "0.714,-3.425,2.951": 4, "3.566,-3.425,3.114": 6, "-4.922,-3.425,3.564": 0, "4.922,-3.425,3.564": 7, "-0.714,-3.425,1.500": 11, "2.143,-3.425,1.500": 13, "2.143,-3.425,2.951": 5, "3.571,-3.425,2.951": 6, "-2.143,-3.425,1.521": 10, "3.571,-3.425,1.500": 14}, "name": "Network", "tol": "3f"}, "edge_attributes": {"force": 0.0, "type": null, "length": 0.0}, "edge": {"14": {"6": {"force": 8.6999999999999993, "type": "deviation", "length": 1.5503577552601073}, "15": {"force": -78.580282766580979, "length": 1.4285714285714308, "type": "trail"}}, "12": {"4": {"force": 1.3, "type": "deviation", "length": 1.4510000000000012}, "13": {"force": -77.858599265539297, "length": 1.4285714285714282, "type": "trail"}}, "5": {"6": {"force": 34.198208702733332, "length": 1.428571428571427, "type": "trail"}}, "4": {"5": {"force": 34.124771061503111, "length": 1.4285714285714275, "type": "trail"}}, "7": {"15": {"force": 1.2, "type": "deviation", "length": 1.803489351979249}}, "6": {"7": {"force": 35.899441282454262, "length": 1.4285714285714288, "type": "trail"}}, "1": {"2": {"force": 34.198208702733332, "length": 1.4285714285714279, "type": "trail"}}, "0": {"1": {"force": 35.899441282454262, "length": 1.4285714285714279, "type": "trail"}, "8": {"force": 1.2, "type": "deviation", "length": 1.8034893519792488}}, "3": {"4": {"force": 34.100000000000001, "type": "deviation", "length": 1.428571428571429}}, "2": {"3": {"force": 34.124771061503111, "length": 1.428571428571429, "type": "trail"}}, "10": {"11": {"force": -77.858599265539297, "length": 1.428571428571429, "type": "trail"}, "2": {"force": 1.3, "type": "deviation", "length": 1.4841908123639904}}, "13": {"14": {"force": -77.883621597102675, "length": 1.4285714285714255, "type": "trail"}, "5": {"force": 1.3, "type": "deviation", "length": 1.4841908123639906}}, "15": {}, "11": {"12": {"force": -77.849999999999994, "type": "deviation", "length": 1.4285714285714288}, "3": {"force": 1.3, "type": "deviation", "length": 1.4510000000000012}}, "9": {"1": {"force": 8.6999999999999993, "type": "deviation", "length": 1.5503577552601073}, "10": {"force": -77.883621597102675, "length": 1.4285714285714273, "type": "trail"}}, "8": {"9": {"force": -78.580282766580979, "length": 1.4285714285714288, "type": "trail"}}}}}