{"compas": "1.7.1", "datatype": "compas_cem.diagrams/TopologyDiagram", "data": {"adjacency": {"14": {"4": null, "13": null, "15": null}, "17": {"7": null, "18": null, "16": null}, "12": {"13": null, "11": null, "2": null}, "5": {"4": null, "6": null, "15": null}, "4": {"14": null, "3": null, "5": null}, "7": {"6": null, "8": null, "17": null}, "6": {"7": null, "16": null, "5": null}, "1": {"0": null, "11": null, "2": null}, "0": {"1": null, "10": null}, "3": {"4": null, "13": null, "2": null}, "2": {"12": null, "1": null, "3": null}, "10": {"0": null, "11": null}, "13": {"12": null, "14": null, "3": null}, "15": {"14": null, "16": null, "5": null}, "11": {"12": null, "1": null, "10": null}, "9": {"19": null, "8": null}, "8": {"7": null, "9": null, "18": null}, "18": {"19": null, "8": null, "17": null}, "19": {"9": null, "18": null}, "16": {"6": null, "15": null, "17": null}}, "node_attributes": {"z": 0.0, "qx": 0.0, "rx": 0.0, "qy": 0.0, "ry": 0.0, "qz": 0.0, "type": null, "rz": 0.0, "_k": null, "y": 0.0, "x": 0.0}, "node": {"14": {"z": 1.5000000000000002, "qx": -0.0, "qy": -0.0, "qz": -0.1111111111111111, "type": "_origin", "_k": 0, "y": -3.425166865496446, "x": -0.55555555555555702}, "17": {"z": 1.5000000000000002, "qx": -0.0, "qy": -0.0, "qz": -0.11111111111111094, "_k": 2, "y": -3.425166865496446, "x": 2.7777777777777768}, "12": {"z": 1.5000000000000002, "qx": -0.0, "qy": -0.0, "qz": -0.11111111111111113, "_k": 2, "y": -3.425166865496446, "x": -2.7777777777777795}, "5": {"z": 2.9510000000000005, "type": "_origin", "_k": 0, "y": -3.425166865496446, "x": 0.55555555555555469}, "4": {"z": 2.9510000000000005, "type": "_origin", "_k": 0, "y": -3.425166865496446, "x": -0.55555555555555669}, "7": {"_k": 2, "z": 2.9510000000000001, "y": -3.425166865496446, "x": 2.7777777777777768}, "6": {"_k": 1, "z": 2.9510000000000005, "y": -3.425166865496446, "x": 1.6666666666666696}, "1": {"_k": 3, "z": 2.9510000000000005, "y": -3.425166865496446, "x": -3.8888888888888902}, "0": {"z": 2.9510000000000005, "type": "support", "_k": 4, "y": -3.425166865496446, "x": -5.0000000000000018}, "3": {"_k": 1, "z": 2.9510000000000005, "y": -3.425166865496446, "x": -1.6666666666666679}, "2": {"_k": 2, "z": 2.9510000000000005, "y": -3.425166865496446, "x": -2.777777777777779}, "10": {"z": 1.5000000000000002, "qx": -0.0, "qy": -0.0, "qz": -0.055555555555555559, "type": "support", "_k": 4, "y": -3.425166865496446, "x": -5.0000000000000009}, "13": {"z": 1.5000000000000002, "qx": -0.0, "qy": -0.0, "qz": -0.11111111111111113, "_k": 1, "y": -3.425166865496446, "x": -1.6666666666666674}, "15": {"z": 1.5000000000000002, "qx": -0.0, "qy": -0.0, "qz": -0.11111111111111134, "type": "_origin", "_k": 0, "y": -3.425166865496446, "x": 0.55555555555555469}, "11": {"z": 1.5000000000000002, "qx": -0.0, "qy": -0.0, "qz": -0.11111111111111108, "_k": 3, "y": -3.425166865496446, "x": -3.8888888888888897}, "9": {"z": 2.9510000000000005, "type": "support", "_k": 4, "y": -3.425166865496446, "x": 4.9999999999999982}, "8": {"_k": 3, "z": 2.9510000000000001, "y": -3.425166865496446, "x": 3.8888888888888875}, "18": {"z": 1.5000000000000002, "qx": -0.0, "qy": -0.0, "qz": -0.11111111111111102, "_k": 3, "y": -3.425166865496446, "x": 3.8888888888888884}, "19": {"z": 1.5000000000000002, "qx": -0.0, "qy": -0.0, "qz": -0.055555555555555448, "type": "support", "_k": 4, "y": -3.425166865496446, "x": 4.9999999999999973}, "16": {"z": 1.5000000000000002, "qx": -0.0, "qy": -0.0, "qz": -0.1111111111111111, "_k": 1, "y": -3.425166865496446, "x": 1.6666666666666698}}, "max_int_key": 19, "attributes": {"gkey_node": {"-3.889,-3.425,2.951": 1, "0.556,-3.425,1.500": 15, "-3.889,-3.425,1.500": 11, "-0.556,-3.425,2.951": 4, "1.667,-3.425,2.951": 6, "1.667,-3.425,1.500": 16, "-5.000,-3.425,2.951": 0, "-0.556,-3.425,1.500": 14, "3.889,-3.425,2.951": 8, "5.000,-3.425,2.951": 9, "-2.778,-3.425,1.500": 12, "-2.778,-3.425,2.951": 2, "2.778,-3.425,1.500": 17, "5.000,-3.425,1.500": 19, "2.778,-3.425,2.951": 7, "-1.667,-3.425,2.951": 3, "-1.667,-3.425,1.500": 13, "-5.000,-3.425,1.500": 10, "0.556,-3.425,2.951": 5, "3.889,-3.425,1.500": 18}, "name": "Network", "_aux_length": 0.33000000000000002, "_trails": {"14": [14, 13, 12, 11, 10], "15": [15, 16, 17, 18, 19], "4": [4, 3, 2, 1, 0], "5": [5, 6, 7, 8, 9]}, "tol": "3f", "_auxiliary_trails": {}, "_aux_vector": {"dtype": "compas.geometry/Vector", "value": [-0.0, -0.0, -1.0]}}, "edge_attributes": {"force": 0.0, "type": null, "length": 0.0}, "edge": {"14": {"4": {"force": 1.3, "type": "deviation"}, "15": {"force": -77.849999999999994, "type": "deviation"}}, "17": {"7": {"force": 1.3, "type": "deviation"}, "18": {"length": -1.1111111111111116, "type": "trail"}}, "12": {"13": {"length": -1.111111111111112, "type": "trail"}, "2": {"force": 1.3, "type": "deviation"}}, "5": {"6": {"length": 1.1111111111111149, "type": "trail"}}, "4": {"5": {"force": 34.100000000000001, "type": "deviation"}}, "7": {"8": {"length": 1.1111111111111107, "type": "trail"}}, "6": {"7": {"length": 1.1111111111111072, "type": "trail"}}, "1": {"2": {"length": 1.1111111111111112, "type": "trail"}}, "0": {"1": {"length": 1.1111111111111116, "type": "trail"}, "10": {"force": 1.2, "type": "deviation"}}, "3": {"4": {"length": 1.1111111111111112, "type": "trail"}}, "2": {"3": {"length": 1.1111111111111112, "type": "trail"}}, "10": {"11": {"length": -1.1111111111111112, "type": "trail"}}, "13": {"14": {"length": -1.1111111111111103, "type": "trail"}, "3": {"force": 1.3, "type": "deviation"}}, "15": {"16": {"length": -1.1111111111111152, "type": "trail"}, "5": {"force": 1.3, "type": "deviation"}}, "11": {"12": {"length": -1.1111111111111103, "type": "trail"}, "1": {"force": 8.6999999999999993, "type": "deviation"}}, "9": {"19": {"force": 1.2, "type": "deviation"}}, "8": {"9": {"length": 1.1111111111111107, "type": "trail"}}, "18": {"19": {"length": -1.1111111111111089, "type": "trail"}, "8": {"force": 8.6999999999999993, "type": "deviation"}}, "19": {}, "16": {"6": {"force": 1.3, "type": "deviation"}, "17": {"length": -1.1111111111111069, "type": "trail"}}}}}