{"compas": "1.7.1", "datatype": "compas_cem.diagrams/TopologyDiagram", "data": {"adjacency": {"16": {"37": null, "15": null, "17": null}, "36": {"37": null, "15": null, "35": null}, "26": {"5": null, "27": null, "25": null}, "15": {"36": null, "14": null, "16": null}, "18": {"19": null, "39": null, "17": null}, "35": {"36": null, "14": null, "34": null}, "25": {"4": null, "26": null, "24": null}, "28": {"7": null, "27": null, "29": null}, "38": {"37": null, "39": null, "17": null}, "40": {"19": null, "41": null, "39": null}, "10": {"31": null, "9": null, "11": null}, "30": {"31": null, "9": null, "29": null}, "20": {"19": null, "41": null}, "17": {"18": null, "16": null, "38": null}, "37": {"36": null, "16": null, "38": null}, "27": {"28": null, "26": null, "6": null}, "12": {"13": null, "33": null, "11": null}, "32": {"31": null, "33": null, "11": null}, "22": {"21": null, "1": null, "23": null}, "19": {"20": null, "40": null, "18": null}, "39": {"40": null, "18": null, "38": null}, "29": {"28": null, "30": null, "8": null}, "41": {"20": null, "40": null}, "11": {"12": null, "32": null, "10": null}, "5": {"4": null, "26": null, "6": null}, "4": {"5": null, "3": null, "25": null}, "7": {"28": null, "6": null, "8": null}, "6": {"7": null, "27": null, "5": null}, "1": {"22": null, "0": null, "2": null}, "0": {"21": null, "1": null}, "3": {"24": null, "4": null, "2": null}, "2": {"1": null, "23": null, "3": null}, "21": {"22": null, "0": null}, "31": {"30": null, "32": null, "10": null}, "9": {"30": null, "8": null, "10": null}, "8": {"7": null, "9": null, "29": null}, "14": {"13": null, "15": null, "35": null}, "34": {"13": null, "33": null, "35": null}, "24": {"23": null, "3": null, "25": null}, "13": {"12": null, "14": null, "34": null}, "33": {"12": null, "32": null, "34": null}, "23": {"24": null, "22": null, "2": null}}, "node_attributes": {"z": 0.0, "qx": 0.0, "rx": 0.0, "qy": 0.0, "ry": 0.0, "qz": 0.0, "type": null, "rz": 0.0, "_k": null, "y": 0.0, "x": 0.0}, "node": {"16": {"_k": 6, "z": 2.9510000000000005, "y": -3.425166865496446, "x": 2.9999999999999991}, "36": {"z": 1.5000000000000002, "qx": -0.0, "qy": -0.0, "qz": -0.050000000000000024, "_k": 5, "y": -3.425166865496446, "x": 2.4999999999999991}, "26": {"z": 1.5000000000000002, "qx": -0.0, "qy": -0.0, "qz": -0.049999999999999961, "_k": 4, "y": -3.425166865496446, "x": -2.5000000000000013}, "15": {"_k": 5, "z": 2.9510000000000001, "y": -3.425166865496446, "x": 2.4999999999999991}, "18": {"_k": 8, "z": 2.9510000000000005, "y": -3.425166865496446, "x": 4.0}, "35": {"z": 1.5000000000000002, "qx": -0.0, "qy": -0.0, "qz": -0.050000000000000031, "_k": 4, "y": -3.425166865496446, "x": 1.9999999999999987}, "25": {"z": 1.5000000000000002, "qx": -0.0, "qy": -0.0, "qz": -0.049999999999999982, "_k": 5, "y": -3.425166865496446, "x": -3.0000000000000009}, "28": {"z": 1.5000000000000002, "qx": -0.0, "qy": -0.0, "qz": -0.050000000000000003, "_k": 2, "y": -3.425166865496446, "x": -1.5000000000000022}, "38": {"z": 1.5000000000000002, "qx": -0.0, "qy": -0.0, "qz": -0.050000000000000003, "_k": 7, "y": -3.425166865496446, "x": 3.4999999999999991}, "40": {"z": 1.5000000000000002, "qx": -0.0, "qy": -0.0, "qz": -0.04999999999999992, "_k": 9, "y": -3.425166865496446, "x": 4.5000000000000009}, "10": {"z": 2.9510000000000005, "type": "_origin", "_k": 0, "y": -3.425166865496446, "x": -9.9920072216264089e-16}, "30": {"z": 1.5000000000000002, "qx": -0.0, "qy": -0.0, "qz": -0.0500000000000001, "type": "_origin", "_k": 0, "y": -3.425166865496446, "x": -0.50000000000000167}, "20": {"z": 2.9510000000000005, "type": "support", "_k": 10, "y": -3.425166865496446, "x": 5.0}, "17": {"_k": 7, "z": 2.9510000000000001, "y": -3.425166865496446, "x": 3.4999999999999991}, "37": {"z": 1.5000000000000002, "qx": -0.0, "qy": -0.0, "qz": -0.050000000000000003, "_k": 6, "y": -3.425166865496446, "x": 2.9999999999999991}, "27": {"z": 1.5000000000000002, "qx": -0.0, "qy": -0.0, "qz": -0.049999999999999961, "_k": 3, "y": -3.425166865496446, "x": -2.0000000000000018}, "12": {"_k": 2, "z": 2.9510000000000005, "y": -3.425166865496446, "x": 0.99999999999999845}, "32": {"z": 1.5000000000000002, "qx": -0.0, "qy": -0.0, "qz": -0.04999999999999992, "_k": 1, "y": -3.425166865496446, "x": 0.49999999999999761}, "22": {"z": 1.5000000000000002, "qx": -0.0, "qy": -0.0, "qz": -0.050000000000000003, "_k": 8, "y": -3.425166865496446, "x": -4.5000000000000009}, "19": {"_k": 9, "z": 2.9510000000000005, "y": -3.425166865496446, "x": 4.5}, "39": {"z": 1.5000000000000002, "qx": -0.0, "qy": -0.0, "qz": -0.050000000000000093, "_k": 8, "y": -3.425166865496446, "x": 3.9999999999999991}, "29": {"z": 1.5000000000000002, "qx": -0.0, "qy": -0.0, "qz": -0.050000000000000031, "_k": 1, "y": -3.425166865496446, "x": -1.0000000000000018}, "41": {"z": 1.5000000000000002, "qx": -0.0, "qy": -0.0, "qz": -0.024999999999999824, "type": "support", "_k": 10, "y": -3.425166865496446, "x": 4.9999999999999973}, "11": {"_k": 1, "z": 2.9510000000000005, "y": -3.425166865496446, "x": 0.49999999999999722}, "5": {"_k": 4, "z": 2.9510000000000001, "y": -3.425166865496446, "x": -2.5000000000000018}, "4": {"_k": 5, "z": 2.9510000000000001, "y": -3.425166865496446, "x": -3.0000000000000009}, "7": {"_k": 2, "z": 2.9510000000000005, "y": -3.425166865496446, "x": -1.500000000000002}, "6": {"_k": 3, "z": 2.9510000000000001, "y": -3.425166865496446, "x": -2.0000000000000018}, "1": {"_k": 8, "z": 2.9510000000000005, "y": -3.425166865496446, "x": -4.5}, "0": {"z": 2.9510000000000005, "type": "support", "_k": 9, "y": -3.425166865496446, "x": -5.0000000000000018}, "3": {"_k": 6, "z": 2.9510000000000005, "y": -3.425166865496446, "x": -3.5000000000000009}, "2": {"_k": 7, "z": 2.9510000000000005, "y": -3.425166865496446, "x": -4.0000000000000009}, "21": {"z": 1.5000000000000002, "qx": -0.0, "qy": -0.0, "qz": -0.025000000000000001, "type": "support", "_k": 9, "y": -3.425166865496446, "x": -5.0000000000000009}, "31": {"z": 1.5000000000000002, "qx": -0.0, "qy": -0.0, "qz": -0.049999999999999961, "type": "_origin", "_k": 0, "y": -3.425166865496446, "x": 2.2204460492503131e-16}, "9": {"z": 2.9510000000000001, "type": "_origin", "_k": 0, "y": -3.425166865496446, "x": -0.50000000000000155}, "8": {"_k": 1, "z": 2.9510000000000001, "y": -3.425166865496446, "x": -1.0000000000000018}, "14": {"_k": 4, "z": 2.9510000000000001, "y": -3.425166865496446, "x": 1.9999999999999987}, "34": {"z": 1.5000000000000002, "qx": -0.0, "qy": -0.0, "qz": -0.050000000000000017, "_k": 3, "y": -3.425166865496446, "x": 1.4999999999999984}, "24": {"z": 1.5000000000000002, "qx": -0.0, "qy": -0.0, "qz": -0.050000000000000003, "_k": 6, "y": -3.425166865496446, "x": -3.5000000000000009}, "13": {"_k": 3, "z": 2.9510000000000001, "y": -3.425166865496446, "x": 1.4999999999999982}, "33": {"z": 1.5000000000000002, "qx": -0.0, "qy": -0.0, "qz": -0.050000000000000044, "_k": 2, "y": -3.425166865496446, "x": 0.99999999999999845}, "23": {"z": 1.5000000000000002, "qx": -0.0, "qy": -0.0, "qz": -0.050000000000000003, "_k": 7, "y": -3.425166865496446, "x": -4.0000000000000009}}, "max_int_key": 41, "attributes": {"gkey_node": {"5.000,-3.425,1.500": 41, "-2.500,-3.425,1.500": 26, "0.500,-3.425,1.500": 32, "-1.500,-3.425,2.951": 7, "2.500,-3.425,1.500": 36, "4.500,-3.425,2.951": 19, "0.000,-3.425,2.951": 10, "2.000,-3.425,2.951": 14, "-4.000,-3.425,1.500": 23, "-2.500,-3.425,2.951": 5, "3.000,-3.425,2.951": 16, "1.000,-3.425,2.951": 12, "-5.000,-3.425,1.500": 21, "-3.500,-3.425,1.500": 24, "-3.000,-3.425,2.951": 4, "-5.000,-3.425,2.951": 0, "-2.000,-3.425,2.951": 6, "1.500,-3.425,2.951": 13, "-4.000,-3.425,2.951": 2, "3.500,-3.425,2.951": 17, "4.000,-3.425,2.951": 18, "-3.500,-3.425,2.951": 3, "-4.500,-3.425,1.500": 22, "5.000,-3.425,2.951": 20, "0.500,-3.425,2.951": 11, "-1.000,-3.425,1.500": 29, "2.500,-3.425,2.951": 15, "-0.500,-3.425,1.500": 30, "0.000,-3.425,1.500": 31, "2.000,-3.425,1.500": 35, "4.500,-3.425,1.500": 40, "1.000,-3.425,1.500": 33,