{"compas": "1.7.1", "datatype": "compas_cem.diagrams/TopologyDiagram", "data": {"adjacency": {"16": {"0": null, "17": null}, "26": {"27": null, "10": null, "25": null}, "15": {"31": null, "14": null}, "18": {"19": null, "17": null, "2": null}, "25": {"26": null, "9": null, "24": null}, "28": {"12": null, "27": null, "29": null}, "10": {"26": null, "9": null, "11": null}, "30": {"31": null, "14": null, "29": null}, "20": {"4": null, "21": null, "19": null}, "17": {"1": null, "18": null, "16": null}, "27": {"28": null, "26": null, "11": null}, "12": {"28": null, "13": null, "11": null}, "22": {"21": null, "6": null, "23": null}, "19": {"20": null, "18": null, "3": null}, "29": {"28": null, "30": null, "13": null}, "11": {"12": null, "27": null, "10": null}, "5": {"4": null, "21": null, "6": null}, "4": {"20": null, "3": null, "5": null}, "7": {"6": null, "23": null, "8": null}, "6": {"7": null, "22": null, "5": null}, "1": {"0": null, "17": null, "2": null}, "0": {"1": null, "16": null}, "3": {"4": null, "19": null, "2": null}, "2": {"1": null, "18": null, "3": null}, "21": {"20": null, "22": null, "5": null}, "31": {"30": null, "15": null}, "9": {"25": null, "8": null, "10": null}, "8": {"7": null, "9": null, "24": null}, "14": {"30": null, "13": null, "15": null}, "24": {"23": null, "8": null, "25": null}, "13": {"12": null, "14": null, "29": null}, "23": {"7": null, "22": null, "24": null}}, "node_attributes": {"z": 0.0, "qx": 0.0, "rx": 0.0, "qy": 0.0, "ry": 0.0, "qz": 0.0, "type": null, "rz": 0.0, "_k": null, "y": 0.0, "x": 0.0}, "node": {"16": {"z": 1.5000000000000002, "qx": -0.0, "qy": -0.0, "qz": -0.033333333333333347, "type": "support", "_k": 7, "y": -3.425166865496446, "x": -5.0000000000000009}, "26": {"z": 1.5000000000000002, "qx": -0.0, "qy": -0.0, "qz": -0.066666666666666596, "_k": 2, "y": -3.425166865496446, "x": 1.6666666666666698}, "15": {"z": 2.9510000000000005, "type": "support", "_k": 7, "y": -3.425166865496446, "x": 4.9999999999999982}, "18": {"z": 1.5000000000000002, "qx": -0.0, "qy": -0.0, "qz": -0.066666666666666652, "_k": 5, "y": -3.425166865496446, "x": -3.6666666666666679}, "25": {"z": 1.5000000000000002, "qx": -0.0, "qy": -0.0, "qz": -0.066666666666666916, "_k": 1, "y": -3.425166865496446, "x": 0.99999999999999845}, "28": {"z": 1.5000000000000002, "qx": -0.0, "qy": -0.0, "qz": -0.066666666666666652, "_k": 4, "y": -3.425166865496446, "x": 2.9999999999999973}, "10": {"_k": 2, "z": 2.9510000000000005, "y": -3.425166865496446, "x": 1.6666666666666694}, "30": {"z": 1.5000000000000002, "qx": -0.0, "qy": -0.0, "qz": -0.066666666666666707, "_k": 6, "y": -3.425166865496446, "x": 4.3333333333333313}, "20": {"z": 1.5000000000000002, "qx": -0.0, "qy": -0.0, "qz": -0.06666666666666668, "_k": 3, "y": -3.425166865496446, "x": -2.3333333333333348}, "17": {"z": 1.5000000000000002, "qx": -0.0, "qy": -0.0, "qz": -0.066666666666666652, "_k": 6, "y": -3.425166865496446, "x": -4.3333333333333339}, "27": {"z": 1.5000000000000002, "qx": -0.0, "qy": -0.0, "qz": -0.066666666666666374, "_k": 3, "y": -3.425166865496446, "x": 2.3333333333333304}, "12": {"_k": 4, "z": 2.951000000000001, "y": -3.425166865496446, "x": 2.9999999999999969}, "22": {"z": 1.5000000000000002, "qx": -0.0, "qy": -0.0, "qz": -0.066666666666666596, "_k": 1, "y": -3.425166865496446, "x": -1.0000000000000018}, "19": {"z": 1.5000000000000002, "qx": -0.0, "qy": -0.0, "qz": -0.066666666666666652, "_k": 4, "y": -3.425166865496446, "x": -3.0000000000000009}, "29": {"z": 1.5000000000000002, "qx": -0.0, "qy": -0.0, "qz": -0.066666666666666707, "_k": 5, "y": -3.425166865496446, "x": 3.6666666666666634}, "11": {"_k": 3, "z": 2.9510000000000005, "y": -3.425166865496446, "x": 2.3333333333333304}, "5": {"_k": 2, "z": 2.9510000000000005, "y": -3.425166865496446, "x": -1.6666666666666681}, "4": {"_k": 3, "z": 2.9510000000000005, "y": -3.425166865496446, "x": -2.3333333333333348}, "7": {"z": 2.9510000000000005, "type": "_origin", "_k": 0, "y": -3.425166865496446, "x": -0.33333333333333548}, "6": {"_k": 1, "z": 2.9510000000000005, "y": -3.425166865496446, "x": -1.0000000000000022}, "1": {"_k": 6, "z": 2.9510000000000005, "y": -3.425166865496446, "x": -4.3333333333333339}, "0": {"z": 2.9510000000000005, "type": "support", "_k": 7, "y": -3.425166865496446, "x": -5.0000000000000009}, "3": {"_k": 4, "z": 2.9510000000000005, "y": -3.425166865496446, "x": -3.0000000000000018}, "2": {"_k": 5, "z": 2.9510000000000005, "y": -3.425166865496446, "x": -3.6666666666666679}, "21": {"z": 1.5000000000000002, "qx": -0.0, "qy": -0.0, "qz": -0.066666666666666652, "_k": 2, "y": -3.425166865496446, "x": -1.6666666666666674}, "31": {"z": 1.5000000000000002, "qx": -0.0, "qy": -0.0, "qz": -0.033333333333333305, "type": "support", "_k": 7, "y": -3.425166865496446, "x": 4.9999999999999973}, "9": {"_k": 1, "z": 2.9510000000000005, "y": -3.425166865496446, "x": 0.99999999999999822}, "8": {"z": 2.9510000000000005, "type": "_origin", "_k": 0, "y": -3.425166865496446, "x": 0.33333333333333148}, "14": {"_k": 6, "z": 2.951000000000001, "y": -3.425166865496446, "x": 4.3333333333333304}, "24": {"z": 1.5000000000000002, "qx": -0.0, "qy": -0.0, "qz": -0.066666666666666693, "type": "_origin", "_k": 0, "y": -3.425166865496446, "x": 0.33333333333333148}, "13": {"_k": 5, "z": 2.9510000000000005, "y": -3.425166865496446, "x": 3.6666666666666639}, "23": {"z": 1.5000000000000002, "qx": -0.0, "qy": -0.0, "qz": -0.066666666666666666, "type": "_origin", "_k": 0, "y": -3.425166865496446, "x": -0.33333333333333548}}, "max_int_key": 31, "attributes": {"gkey_node": {"5.000,-3.425,1.500": 31, "3.667,-3.425,2.951": 13, "4.333,-3.425,2.951": 14, "1.667,-3.425,1.500": 26, "1.000,-3.425,2.951": 9, "-5.000,-3.425,1.500": 16, "3.000,-3.425,2.951": 12, "-3.000,-3.425,2.951": 3, "0.333,-3.425,1.500": 24, "-5.000,-3.425,2.951": 0, "2.333,-3.425,2.951": 11, "-3.667,-3.425,2.951": 2, "-4.333,-3.425,1.500": 17, "1.667,-3.425,2.951": 10, "-4.333,-3.425,2.951": 1, "-3.667,-3.425,1.500": 18, "-1.667,-3.425,2.951": 5, "-1.667,-3.425,1.500": 21, "5.000,-3.425,2.951": 15, "4.333,-3.425,1.500": 30, "-1.000,-3.425,1.500": 22, "0.333,-3.425,2.951": 8, "-2.333,-3.425,1.500": 20, "1.000,-3.425,1.500": 25, "3.000,-3.425,1.500": 28, "3.667,-3.425,1.500": 29, "-1.000,-3.425,2.951": 6, "-0.333,-3.425,1.500": 23, "-2.333,-3.425,2.951": 4, "-0.333,-3.425,2.951": 7, "2.333,-3.425,1.500": 27, "-3.000,-3.425,1.500": 19}, "name": "Network", "_aux_length": 0.33000000000000002, "_trails": {"7": [7, 6, 5, 4, 3, 2, 1, 0], "8": [8, 9, 10, 11, 12, 13, 14, 15], "23": [23, 22, 21, 20, 19, 18, 17, 16], "24": [24, 25, 26, 27, 28, 29, 30, 31]}, "tol": "3f", "_auxiliary_trails": {}, "_aux_vector": {"dtype": "compas.geometry/Vector", "value": [-0.0, -0.0, -1.0]}}, "edge_attributes": {"force": 0.0, "type": null, "length": 0.0}, "edge": {"16": {"17": {"length": -0.66666666666666696, "type": "trail"}}, "26": {"27": {"length": -0.66666666666666052, "type": "trail"}, "10": {"force": 1.3, "type": "deviation"}}, "15": {"31": {"force": 1.2, "type": "deviation"}}, "18": {"19": {"length": -0.66666666666666696, "type": "trail"}, "2": {"force": 1.3, "type": "deviation"}}, "25": {"26": {"length": -0.6666666666666714, "type": "trail"}, "9": {"force": 1.3, "type": "deviation"}}, "28": {"12": {"force": 1.3, "type": "deviation"}, "29": {"length": -0.66666666666666607, "type": "trail"}}, "10": {"11": {"length": 0.66666666666666097, "type": "trail"}}, "30": {"31": {"length": -0.66666666666666607, "type": "trail"}, "14": {"force": 8.6999999999999993, "type": "deviation"}}, "20": {"4": {"force": 1.3, "type": "deviation"}, "21": {"length": -0.66666666666666741, "type": "trail"}}, "17": {"1": {"force": 8.6999999999999993, "type": "deviation"}, "18": {"length": -0.66666666666666607, "type": "trail"}}, "27": {"28": {"length": -0.66666666666666696, "type": "trail"}, "11": {"force": 1.3, "type": "deviation"}}, "12": {"13": {"length": 0.66666666666666696, "type": "trail"}}, "22": {"6": {"force": 1.3, "type": "deviation"},