{"compas": "1.7.1", "datatype": "compas_cem.diagrams/TopologyDiagram", "data": {"adjacency": {"16": {"15": null, "35": null, "17": null}, "36": {"37": null, "35": null, "17": null}, "26": {"7": null, "27": null, "25": null}, "15": {"14": null, "16": null, "34": null}, "18": {"37": null, "19": null, "17": null}, "35": {"36": null, "16": null, "34": null}, "25": {"26": null, "6": null, "1": null}, "28": {"27": null, "9": null, "29": null}, "38": {"37": null, "19": null, "39": null}, "40": {"21": null, "41": null, "39": null}, "10": {"9": null, "29": null, "11": null}, "30": {"31": null, "29": null, "11": null}, "20": {"21": null, "19": null, "39": null}, "17": {"36": null, "18": null, "16": null}, "37": {"36": null, "18": null, "38": null}, "27": {"28": null, "26": null, "8": null}, "12": {"31": null, "13": null, "11": null}, "32": {"31": null, "13": null, "33": null}, "22": {"21": null, "41": null, "23": null}, "19": {"20": null, "18": null, "38": null}, "39": {"20": null, "40": null, "38": null}, "29": {"28": null, "30": null, "10": null}, "41": {"40": null, "22": null, "3": null}, "11": {"30": null, "12": null, "10": null}, "5": {"4": null, "6": null, "1": null}, "4": {"0": null, "5": null}, "7": {"26": null, "6": null, "8": null}, "6": {"5": null, "7": null, "25": null}, "1": {"5": null, "0": null, "25": null}, "0": {"4": null, "1": null}, "3": {"41": null, "23": null, "2": null}, "2": {"3": null, "24": null}, "21": {"20": null, "40": null, "22": null}, "31": {"30": null, "12": null, "32": null}, "9": {"28": null, "8": null, "10": null}, "8": {"7": null, "27": null, "9": null}, "14": {"13": null, "33": null, "15": null}, "34": {"33": null, "15": null, "35": null}, "24": {"23": null, "2": null}, "13": {"12": null, "32": null, "14": null}, "33": {"32": null, "14": null, "34": null}, "23": {"22": null, "3": null, "24": null}}, "node_attributes": {"z": 0.0, "qx": 0.0, "rx": 0.0, "qy": 0.0, "ry": 0.0, "qz": 0.0, "type": null, "rz": 0.0, "_k": null, "y": 0.0, "x": 0.0}, "node": {"16": {"z": 1.5000000000000002, "qx": -0.0, "qy": -0.0, "qz": -0.050000000000000044, "_k": 2, "y": -3.425166865496446, "x": 0.99999999999999845}, "36": {"_k": 2, "z": 3.0901160655761828, "y": -3.4251668654964469, "x": 1.4999999999999982}, "26": {"_k": 7, "z": 2.4038213378482398, "y": -3.4251668654964469, "x": -3.5000000000000009}, "15": {"z": 1.5000000000000002, "qx": -0.0, "qy": -0.0, "qz": -0.04999999999999992, "_k": 1, "y": -3.425166865496446, "x": 0.49999999999999761}, "18": {"z": 1.5000000000000002, "qx": -0.0, "qy": -0.0, "qz": -0.050000000000000037, "_k": 4, "y": -3.425166865496446, "x": 1.9999999999999982}, "35": {"_k": 1, "z": 3.1741152264010459, "y": -3.4251668654964469, "x": 0.999999999999998}, "25": {"_k": 8, "z": 2.1417128143459498, "y": -3.4251668654964469, "x": -4.0000000000000009}, "28": {"_k": 5, "z": 2.8179952303397249, "y": -3.4251668654964469, "x": -2.5000000000000013}, "38": {"_k": 4, "z": 2.8179952303397244, "y": -3.4251668654964469, "x": 2.4999999999999982}, "40": {"_k": 6, "z": 2.4038213378482389, "y": -3.4251668654964469, "x": 3.4999999999999991}, "10": {"z": 1.5000000000000002, "qx": -0.0, "qy": -0.0, "qz": -0.049999999999999961, "_k": 3, "y": -3.425166865496446, "x": -2.0000000000000018}, "30": {"_k": 3, "z": 3.0901160655761832, "y": -3.4251668654964469, "x": -1.5000000000000018}, "20": {"z": 1.5000000000000002, "qx": -0.0, "qy": -0.0, "qz": -0.049999999999999982, "_k": 6, "y": -3.425166865496446, "x": 2.9999999999999987}, "17": {"z": 1.5000000000000002, "qx": -0.0, "qy": -0.0, "qz": -0.049999999999999989, "_k": 3, "y": -3.425166865496446, "x": 1.4999999999999984}, "37": {"_k": 3, "z": 2.9713004822703648, "y": -3.4251668654964469, "x": 1.9999999999999982}, "27": {"_k": 6, "z": 2.6292198739331356, "y": -3.4251668654964469, "x": -3.0000000000000009}, "12": {"z": 1.5000000000000002, "qx": -0.0, "qy": -0.0, "qz": -0.050000000000000031, "_k": 1, "y": -3.425166865496446, "x": -1.000000000000002}, "32": {"_k": 1, "z": 3.2250957096108377, "y": -3.4251668654964469, "x": -0.50000000000000167}, "22": {"z": 1.5000000000000002, "qx": -0.0, "qy": -0.0, "qz": -0.050000000000000114, "_k": 8, "y": -3.425166865496446, "x": 3.9999999999999991}, "19": {"z": 1.5000000000000002, "qx": -0.0, "qy": -0.0, "qz": -0.050000000000000031, "_k": 5, "y": -3.425166865496446, "x": 2.4999999999999991}, "39": {"_k": 5, "z": 2.6292198739331347, "y": -3.4251668654964469, "x": 2.9999999999999982}, "29": {"_k": 4, "z": 2.9713004822703653, "y": -3.4251668654964469, "x": -2.0000000000000018}, "41": {"_k": 7, "z": 2.1417128143459494, "y": -3.4251668654964469, "x": 3.9999999999999987}, "11": {"z": 1.5000000000000002, "qx": -0.0, "qy": -0.0, "qz": -0.049999999999999989, "_k": 2, "y": -3.425166865496446, "x": -1.5000000000000022}, "5": {"z": 1.5000000000000002, "qx": -0.0, "qy": -0.0, "qz": -0.050000000000000003, "_k": 8, "y": -3.425166865496446, "x": -4.5000000000000009}, "4": {"z": 1.5000000000000002, "qx": -0.0, "qy": -0.0, "qz": -0.025000000000000001, "type": "support", "_k": 9, "y": -3.425166865496446, "x": -5.0000000000000009}, "7": {"z": 1.5000000000000002, "qx": -0.0, "qy": -0.0, "qz": -0.049999999999999982, "_k": 6, "y": -3.425166865496446, "x": -3.5000000000000009}, "6": {"z": 1.5000000000000002, "qx": -0.0, "qy": -0.0, "qz": -0.050000000000000003, "_k": 7, "y": -3.425166865496446, "x": -4.0000000000000009}, "1": {"_k": 9, "z": 1.8401239265049776, "y": -3.4251668654964469, "x": -4.5000000000000009}, "0": {"z": 1.5476173497106973, "type": "support", "_k": 10, "y": -3.4251668654964469, "x": -4.9300000000000006}, "3": {"_k": 8, "z": 1.840123926504976, "y": -3.4251668654964469, "x": 4.5000000000000018}, "2": {"z": 1.5476173497107022, "type": "support", "_k": 9, "y": -3.4251668654964469, "x": 4.9299999999999926}, "21": {"z": 1.5000000000000002, "qx": -0.0, "qy": -0.0, "qz": -0.050000000000000024, "_k": 7, "y": -3.425166865496446, "x": 3.4999999999999987}, "31": {"_k": 2, "z": 3.1741152264010464, "y": -3.4251668654964469, "x": -1.0000000000000024}, "9": {"z": 1.5000000000000002, "qx": -0.0, "qy": -0.0, "qz": -0.049999999999999982, "_k": 4, "y": -3.425166865496446, "x": -2.5000000000000013}, "8": {"z": 1.5000000000000002, "qx": -0.0, "qy": -0.0, "qz": -0.049999999999999982, "_k": 5, "y": -3.425166865496446, "x": -3.0000000000000013}, "14": {"z": 1.5000000000000002, "qx": -0.0, "qy": -0.0, "qz": -0.049999999999999961, "type": "_origin", "_k": 0, "y": -3.425166865496446, "x": 2.2204460492503131e-16}, "34": {"z": 3.2250957096108372, "type": "_origin", "_k": 0, "y": -3.4251668654964469, "x": 0.49999999999999717}, "24": {"z": 1.5000000000000002, "qx": -0.0, "qy": -0.0, "qz": -0.024999999999999824, "type": "support", "_k": 10, "y": -3.425166865496446, "x": 4.9999999999999973}, "13": {"z": 1.5000000000000002, "qx": -0.0, "qy": -0.0, "qz": -0.050000000000000114, "type": "_origin", "_k": 0, "y": -3.425166865496446, "x": -0.50000000000000167}, "33": {"z": 3.2413167131927958, "type": "_origin", "_k": 0, "y": -3.4251668654964469, "x": -9.7144514654701197e-17}, "23": {"z": 1.5000000000000002, "qx": -0.0, "qy": -0.0, "qz": -0.04999999999999992, "_k": 9, "y": -3.425166865496446, "x": 4.5000000000000009}}, "max_int_key": 41, "attributes": {"gkey_node": {"5.000,-3.425,1.500": 24, "-2.500,-3.425,1.500": 9, "0.500,-3.425,1.500": 15, "2.500,-3.425,1.500": 19, "-4.000,-3.425,1.500": 6, "-4.930,-3.425,1.548": 0, "2.000,-3.425,2.971": 37, "-5.000,-3.425,1.500": 4, "-3.500,-3.425,1.500": 7, "4.000,-3.425,2.142": 41, "-1.500,-3.425,3.090": 30, "-3.000,-3.425,2.629": 27, "0.500,-3.425,3.225": 34, "3.500,-3.425,2.404": 40, "3.000,-3.425,2.629": 39, "0.000,-3.425,3.241": 33, "-4.500,-3.425,1.500": 5, "-1.000,-3.425,3.174": 31, "-1.000,-3.425,1.500": 12, "-0.500,-3.425,1.500": 13, "4.500,-3.425,1.840": 3, "0.000,-3.425,1.500": 14, "2.000,-3.425,1.500": 18, "4.500,-3.425,1.500": 23, "-2.000,-3.425,2.971": 29, "1.000,-3.425,1.500": 16, "-4.500,-3.425,1.840": 1, "3.000,-3.425,1.500": 20, "4.930,-3.425,1.548": 2,