{"compas": "1.7.1", "datatype": "compas_cem.diagrams/TopologyDiagram", "data": {"adjacency": {"16": {"6": null, "1": null, "17": null}, "15": {"14": null, "2": null}, "18": {"19": null, "8": null, "17": null}, "10": {"20": null, "9": null, "11": null}, "20": {"21": null, "19": null, "10": null}, "17": {"7": null, "18": null, "16": null}, "12": {"13": null, "22": null, "11": null}, "22": {"12": null, "21": null, "23": null}, "19": {"20": null, "9": null, "18": null}, "11": {"12": null, "21": null, "10": null}, "5": {"4": null, "6": null, "1": null}, "4": {"0": null, "5": null}, "7": {"6": null, "8": null, "17": null}, "6": {"7": null, "16": null, "5": null}, "1": {"0": null, "16": null, "5": null}, "0": {"4": null, "1": null}, "3": {"14": null, "23": null, "2": null}, "2": {"15": null, "3": null}, "21": {"20": null, "22": null, "11": null}, "9": {"19": null, "8": null, "10": null}, "8": {"7": null, "9": null, "18": null}, "14": {"13": null, "15": null, "3": null}, "13": {"12": null, "14": null, "23": null}, "23": {"13": null, "22": null, "3": null}}, "node_attributes": {"z": 0.0, "qx": 0.0, "rx": 0.0, "qy": 0.0, "ry": 0.0, "qz": 0.0, "type": null, "rz": 0.0, "_k": null, "y": 0.0, "x": 0.0}, "node": {"16": {"_k": 3, "z": 2.5518229116274593, "y": -3.4251668654964469, "x": -3.1818181818181834}, "15": {"z": 1.5000000000000002, "qx": -0.0, "qy": -0.0, "qz": -0.045454545454545241, "type": "support", "_k": 5, "y": -3.425166865496446, "x": 4.9999999999999973}, "18": {"_k": 1, "z": 3.1164290552905491, "y": -3.4251668654964469, "x": -1.3636363636363651}, "10": {"z": 1.5000000000000002, "qx": -0.0, "qy": -0.0, "qz": -0.090909090909090939, "type": "_origin", "_k": 0, "y": -3.425166865496446, "x": 0.45454545454545353}, "20": {"z": 3.2275876595074502, "type": "_origin", "_k": 0, "y": -3.4251668654964469, "x": 0.45454545454545398}, "17": {"_k": 2, "z": 2.8919346148358906, "y": -3.4251668654964469, "x": -2.2727272727272743}, "12": {"z": 1.5000000000000002, "qx": -0.0, "qy": -0.0, "qz": -0.090909090909090912, "_k": 2, "y": -3.425166865496446, "x": 2.2727272727272716}, "22": {"_k": 2, "z": 2.8919346148358889, "y": -3.4251668654964469, "x": 2.272727272727272}, "19": {"z": 3.2275876595074506, "type": "_origin", "_k": 0, "y": -3.4251668654964469, "x": -0.45454545454545553}, "11": {"z": 1.5000000000000002, "qx": -0.0, "qy": -0.0, "qz": -0.090909090909090912, "_k": 1, "y": -3.425166865496446, "x": 1.3636363636363626}, "5": {"z": 1.5000000000000002, "qx": -0.0, "qy": -0.0, "qz": -0.090909090909090912, "_k": 4, "y": -3.425166865496446, "x": -4.0909090909090917}, "4": {"z": 1.5000000000000002, "qx": -0.0, "qy": -0.0, "qz": -0.045454545454545463, "type": "support", "_k": 5, "y": -3.425166865496446, "x": -5.0000000000000009}, "7": {"z": 1.5000000000000002, "qx": -0.0, "qy": -0.0, "qz": -0.090909090909090912, "_k": 2, "y": -3.425166865496446, "x": -2.2727272727272743}, "6": {"z": 1.5000000000000002, "qx": -0.0, "qy": -0.0, "qz": -0.090909090909090884, "_k": 3, "y": -3.425166865496446, "x": -3.181818181818183}, "1": {"_k": 4, "z": 2.0893683992962768, "y": -3.4251668654964469, "x": -4.0909090909090917}, "0": {"z": 1.5825115759014792, "type": "support", "_k": 5, "y": -3.4251668654964469, "x": -4.8727272727272739}, "3": {"_k": 4, "z": 2.089368399296275, "y": -3.4251668654964469, "x": 4.0909090909090926}, "2": {"z": 1.5825115759014841, "type": "support", "_k": 5, "y": -3.4251668654964469, "x": 4.872727272727265}, "21": {"_k": 1, "z": 3.1164290552905483, "y": -3.4251668654964469, "x": 1.3636363636363629}, "9": {"z": 1.5000000000000002, "qx": -0.0, "qy": -0.0, "qz": -0.090909090909090939, "type": "_origin", "_k": 0, "y": -3.425166865496446, "x": -0.45454545454545575}, "8": {"z": 1.5000000000000002, "qx": -0.0, "qy": -0.0, "qz": -0.090909090909090939, "_k": 1, "y": -3.425166865496446, "x": -1.3636363636363651}, "14": {"z": 1.5000000000000002, "qx": -0.0, "qy": -0.0, "qz": -0.090909090909090828, "_k": 4, "y": -3.425166865496446, "x": 4.0909090909090926}, "13": {"z": 1.5000000000000002, "qx": -0.0, "qy": -0.0, "qz": -0.09090909090909105, "_k": 3, "y": -3.425166865496446, "x": 3.1818181818181808}, "23": {"_k": 3, "z": 2.5518229116274584, "y": -3.4251668654964469, "x": 3.1818181818181817}}, "max_int_key": 23, "attributes": {"gkey_node": {"5.000,-3.425,1.500": 15, "-1.364,-3.425,1.500": 8, "0.455,-3.425,1.500": 10, "-5.000,-3.425,1.500": 4, "0.455,-3.425,3.228": 20, "4.091,-3.425,1.500": 14, "-0.455,-3.425,3.228": 19, "-4.091,-3.425,1.500": 5, "4.873,-3.425,1.583": 2, "-3.182,-3.425,1.500": 6, "1.364,-3.425,1.500": 11, "4.091,-3.425,2.089": 3, "-2.273,-3.425,1.500": 7, "1.364,-3.425,3.116": 21, "-1.364,-3.425,3.116": 18, "-2.273,-3.425,2.892": 17, "-0.455,-3.425,1.500": 9, "2.273,-3.425,2.892": 22, "-4.091,-3.425,2.089": 1, "2.273,-3.425,1.500": 12, "-4.873,-3.425,1.583": 0, "3.182,-3.425,2.552": 23, "3.182,-3.425,1.500": 13, "-3.182,-3.425,2.552": 16}, "name": "Network", "_aux_length": 0.33000000000000002, "_trails": {"9": [9, 8, 7, 6, 5, 4], "10": [10, 11, 12, 13, 14, 15], "19": [19, 18, 17, 16, 1, 0], "20": [20, 21, 22, 23, 3, 2]}, "tol": "3f", "_auxiliary_trails": {}, "_aux_vector": {"dtype": "compas.geometry/Vector", "value": [-0.0, -0.0, -1.0]}}, "edge_attributes": {"force": 0.0, "type": null, "length": 0.0}, "edge": {"16": {"17": {"length": 0.97062982215213012, "type": "trail"}}, "15": {"2": {"force": 0.0, "type": "deviation"}}, "18": {"19": {"length": 0.91586162507399893, "type": "trail"}}, "10": {"20": {"force": -0.40000000000000002, "type": "deviation"}, "11": {"length": -0.90909090909090917, "type": "trail"}}, "20": {"21": {"length": 0.91586162507399826, "type": "trail"}}, "17": {"18": {"length": 0.93639950597316413, "type": "trail"}}, "12": {"13": {"length": -0.90909090909090917, "type": "trail"}, "22": {"force": -0.40000000000000002, "type": "deviation"}}, "22": {"23": {"length": 0.97062982215213023, "type": "trail"}}, "19": {"20": {"force": 6.0, "type": "deviation"}}, "11": {"12": {"length": -0.90909090909090895, "type": "trail"}, "21": {"force": -0.40000000000000002, "type": "deviation"}}, "5": {"6": {"length": -0.90909090909090873, "type": "trail"}, "1": {"force": -0.40000000000000002, "type": "deviation"}}, "4": {"0": {"force": 0.0, "type": "deviation"}, "5": {"length": -0.90909090909090917, "type": "trail"}}, "7": {"8": {"length": -0.90909090909090917, "type": "trail"}, "17": {"force": -0.40000000000000002, "type": "deviation"}}, "6": {"7": {"length": -0.90909090909090873, "type": "trail"}, "16": {"force": -0.40000000000000002, "type": "deviation"}}, "1": {"16": {"length": 1.0199561054119957, "type": "trail"}}, "0": {"1": {"length": 0.93174219011664006, "type": "trail"}}, "3": {}, "2": {"3": {"length": 0.93174219011662851, "type": "trail"}}, "21": {"22": {"length": 0.93639950597316435, "type": "trail"}}, "9": {"19": {"force": -0.40000000000000002, "type": "deviation"}, "10": {"force": -40.0, "type": "deviation"}}, "8": {"9": {"length": -0.90909090909090939, "type": "trail"}, "18": {"force": -0.40000000000000002, "type": "deviation"}}, "14": {"15": {"length": -0.90909090909090473, "type": "trail"}, "3": {"force": -0.40000000000000002, "type": "deviation"}}, "13": {"14": {"length": -0.90909090909091184, "type": "trail"}, "23": {"force": -0.40000000000000002, "type": "deviation"}}, "23": {"3": {"length": 1.0199561054119983, "type": "trail"}}}}}