{"compas": "1.7.1", "datatype": "compas_cem.diagrams/TopologyDiagram", "data": {"adjacency": {"16": {"31": null, "15": null, "17": null}, "26": {"27": null, "11": null, "25": null}, "15": {"30": null, "14": null, "16": null}, "18": {"19": null, "33": null, "17": null}, "25": {"26": null, "10": null, "24": null}, "28": {"13": null, "27": null, "29": null}, "10": {"9": null, "11": null, "25": null}, "30": {"31": null, "15": null, "29": null}, "20": {"19": null, "2": null}, "17": {"32": null, "18": null, "16": null}, "27": {"28": null, "12": null, "26": null}, "12": {"13": null, "27": null, "11": null}, "32": {"31": null, "33": null, "17": null}, "22": {"21": null, "7": null, "23": null}, "19": {"20": null, "18": null, "3": null}, "29": {"28": null, "30": null, "14": null}, "11": {"12": null, "26": null, "10": null}, "5": {"4": null, "6": null, "1": null}, "4": {"0": null, "5": null}, "7": {"6": null, "22": null, "8": null}, "6": {"7": null, "21": null, "5": null}, "1": {"21": null, "0": null, "5": null}, "0": {"4": null, "1": null}, "3": {"33": null, "19": null, "2": null}, "2": {"20": null, "3": null}, "21": {"6": null, "1": null, "22": null}, "31": {"30": null, "32": null, "16": null}, "9": {"24": null, "8": null, "10": null}, "8": {"7": null, "23": null, "9": null}, "14": {"13": null, "15": null, "29": null}, "24": {"23": null, "9": null, "25": null}, "13": {"28": null, "12": null, "14": null}, "33": {"32": null, "18": null, "3": null}, "23": {"22": null, "8": null, "24": null}}, "node_attributes": {"z": 0.0, "qx": 0.0, "rx": 0.0, "qy": 0.0, "ry": 0.0, "qz": 0.0, "type": null, "rz": 0.0, "_k": null, "y": 0.0, "x": 0.0}, "node": {"16": {"z": 1.5000000000000002, "qx": -0.0, "qy": -0.0, "qz": -0.062499999999999958, "_k": 4, "y": -3.425166865496446, "x": 2.4999999999999973}, "26": {"z": 3.2150902202843703, "type": "_origin", "_k": 0, "y": -3.4251668654964469, "x": -0.62500000000000178}, "15": {"z": 1.5000000000000002, "qx": -0.0, "qy": -0.0, "qz": -0.062499999999999903, "_k": 3, "y": -3.425166865496446, "x": 1.8749999999999982}, "18": {"z": 1.5000000000000002, "qx": -0.0, "qy": -0.0, "qz": -0.0625, "_k": 6, "y": -3.425166865496446, "x": 3.7499999999999973}, "25": {"_k": 1, "z": 3.1362263798248007, "y": -3.4251668654964469, "x": -1.2500000000000013}, "28": {"_k": 1, "z": 3.2150902202843703, "y": -3.4251668654964469, "x": 0.62499999999999789}, "10": {"z": 1.5000000000000002, "qx": -0.0, "qy": -0.0, "qz": -0.0625, "_k": 1, "y": -3.425166865496446, "x": -1.2500000000000018}, "30": {"_k": 3, "z": 3.0041708125410103, "y": -3.4251668654964469, "x": 1.8749999999999991}, "20": {"z": 1.5000000000000002, "qx": -0.0, "qy": -0.0, "qz": -0.03125, "type": "support", "_k": 8, "y": -3.425166865496446, "x": 4.9999999999999973}, "17": {"z": 1.5000000000000002, "qx": -0.0, "qy": -0.0, "qz": -0.0625, "_k": 5, "y": -3.425166865496446, "x": 3.1249999999999973}, "27": {"z": 3.2413167131927958, "type": "_origin", "_k": 0, "y": -3.4251668654964469, "x": -9.7144514654701197e-17}, "12": {"z": 1.5000000000000002, "qx": -0.0, "qy": -0.0, "qz": -0.062500000000000014, "type": "_origin", "_k": 0, "y": -3.425166865496446, "x": 2.2204460492503131e-16}, "32": {"_k": 5, "z": 2.5763909205387296, "y": -3.4251668654964469, "x": 3.1249999999999978}, "22": {"_k": 4, "z": 2.5763909205387301, "y": -3.4251668654964469, "x": -3.1250000000000018}, "19": {"z": 1.5000000000000002, "qx": -0.0, "qy": -0.0, "qz": -0.0625, "_k": 7, "y": -3.425166865496446, "x": 4.3749999999999973}, "29": {"_k": 2, "z": 3.1362263798247993, "y": -3.4251668654964469, "x": 1.2499999999999987}, "11": {"z": 1.5000000000000002, "qx": -0.0, "qy": -0.0, "qz": -0.062500000000000111, "type": "_origin", "_k": 0, "y": -3.425166865496446, "x": -0.62500000000000167}, "5": {"z": 1.5000000000000002, "qx": -0.0, "qy": -0.0, "qz": -0.0625, "_k": 6, "y": -3.425166865496446, "x": -4.3750000000000009}, "4": {"z": 1.5000000000000002, "qx": -0.0, "qy": -0.0, "qz": -0.03125, "type": "support", "_k": 7, "y": -3.425166865496446, "x": -5.0000000000000009}, "7": {"z": 1.5000000000000002, "qx": -0.0, "qy": -0.0, "qz": -0.062499999999999979, "_k": 4, "y": -3.425166865496446, "x": -3.1250000000000013}, "6": {"z": 1.5000000000000002, "qx": -0.0, "qy": -0.0, "qz": -0.062499999999999979, "_k": 5, "y": -3.425166865496446, "x": -3.7500000000000009}, "1": {"_k": 6, "z": 1.919701294346996, "y": -3.4251668654964469, "x": -4.3750000000000009}, "0": {"z": 1.55875818120858, "type": "support", "_k": 7, "y": -3.4251668654964469, "x": -4.9125000000000005}, "3": {"_k": 7, "z": 1.9197012943469969, "y": -3.4251668654964469, "x": 4.3749999999999982}, "2": {"z": 1.5587581812085851, "type": "support", "_k": 8, "y": -3.4251668654964469, "x": 4.9124999999999917}, "21": {"_k": 5, "z": 2.2776595599386402, "y": -3.4251668654964469, "x": -3.7500000000000009}, "31": {"_k": 4, "z": 2.8179952303397249, "y": -3.4251668654964469, "x": 2.4999999999999964}, "9": {"z": 1.5000000000000002, "qx": -0.0, "qy": -0.0, "qz": -0.062499999999999979, "_k": 2, "y": -3.425166865496446, "x": -1.8750000000000016}, "8": {"z": 1.5000000000000002, "qx": -0.0, "qy": -0.0, "qz": -0.062499999999999986, "_k": 3, "y": -3.425166865496446, "x": -2.5000000000000013}, "14": {"z": 1.5000000000000002, "qx": -0.0, "qy": -0.0, "qz": -0.062499999999999993, "_k": 2, "y": -3.425166865496446, "x": 1.2499999999999993}, "24": {"_k": 2, "z": 3.0041708125410111, "y": -3.4251668654964469, "x": -1.8750000000000013}, "13": {"z": 1.5000000000000002, "qx": -0.0, "qy": -0.0, "qz": -0.062499999999999958, "_k": 1, "y": -3.425166865496446, "x": 0.62499999999999845}, "33": {"_k": 6, "z": 2.2776595599386407, "y": -3.4251668654964469, "x": 3.7499999999999973}, "23": {"_k": 3, "z": 2.8179952303397249, "y": -3.4251668654964469, "x": -2.5000000000000013}}, "max_int_key": 33, "attributes": {"gkey_node": {"-1.250,-3.425,1.500": 10, "5.000,-3.425,1.500": 20, "-2.500,-3.425,1.500": 8, "2.500,-3.425,1.500": 16, "-3.125,-3.425,2.576": 22, "0.625,-3.425,3.215": 28, "4.375,-3.425,1.920": 3, "-5.000,-3.425,1.500": 4, "0.625,-3.425,1.500": 13, "-3.125,-3.425,1.500": 7, "-1.875,-3.425,3.004": 24, "-0.625,-3.425,3.215": 26, "-1.875,-3.425,1.500": 9, "1.875,-3.425,1.500": 15, "-4.375,-3.425,1.500": 5, "1.250,-3.425,3.136": 29, "0.000,-3.425,3.241": 27, "-4.375,-3.425,1.920": 1, "4.912,-3.425,1.559": 2, "0.000,-3.425,1.500": 12, "-3.750,-3.425,2.278": 21, "3.750,-3.425,1.500": 18, "3.125,-3.425,1.500": 17, "-4.913,-3.425,1.559": 0, "4.375,-3.425,1.500": 19, "-0.625,-3.425,1.500": 11, "1.875,-3.425,3.004": 30, "-1.250,-3.425,3.136": 25, "3.125,-3.425,2.576": 32, "2.500,-3.425,2.818": 31, "3.750,-3.425,2.278": 33, "1.250,-3.425,1.500": 14, "-2.500,-3.425,2.818": 23, "-3.750,-3.425,1.500": 6}, "name": "Network", "_aux_length": 0.33000000000000002, "_trails": {"12": [12, 13, 14, 15, 16, 17, 18, 19, 20], "11": [11, 10, 9, 8, 7, 6, 5, 4], "26": [26, 25, 24, 23, 22, 21, 1, 0], "27": [27, 28, 29, 30, 31, 32, 33, 3, 2]}, "tol": "3f", "_auxiliary_trails": {}, "_aux_vector": {"dtype": "compas.geometry/Vector", "value": [-0.0, -0.0, -1.0]}}, "edge_attributes": {"force": 0.0, "type": null, "length": 0.0}, "edge": {"16": {"31": {"force": -0.40000000000000002, "type": "deviation"}, "17": {"length": -0.625, "type": "trail"}}, "26": {"27": {"force": 6.0, "type": "deviation"}}, "15": {"30": {"force": -0.40000000000000002, "type": "deviation"}, "16": {"length": -0.62499999999999911, "type": "trail"}}, "18": {"19": {"length": -0.625, "type": "trail"}, "33": {"force": -0.40000000000000002, "type": "deviation"}}, "25": {"26": {"length": 0.62995595507307633, "type": "trail"}}, "28": {"29": {"length": 0.62995595507307778, "type": "trail"}}, "10": {"11": {"length": -0.62500000000000011, "type": "trail"}, "25": {"force": -0.40000000000000002, "type": "deviation"}}, "30": {"31": {"length": 0.65213982197683973, "type": "trail"}}, "20": {"2": {"force": 0.0, "type": "deviation"}}, "17": {"32": {"force": -0.40000000000000002, "type": "deviation"}, "18": {"length": -0.625,