{"compas": "1.7.1", "datatype": "compas_cem.diagrams/TopologyDiagram", "data": {"adjacency": {"14": {"13": null, "7": null, "15": null}, "17": {"10": null, "16": null, "3": null}, "12": {"11": null, "2": null}, "5": {"4": null, "6": null, "1": null}, "4": {"0": null, "5": null}, "7": {"6": null, "14": null, "8": null}, "6": {"13": null, "7": null, "5": null}, "1": {"13": null, "0": null, "5": null}, "0": {"4": null, "1": null}, "3": {"11": null, "17": null, "2": null}, "2": {"12": null, "3": null}, "10": {"9": null, "17": null, "11": null}, "13": {"6": null, "14": null, "1": null}, "15": {"14": null, "8": null, "16": null}, "11": {"12": null, "10": null, "3": null}, "9": {"10": null, "8": null, "16": null}, "8": {"7": null, "15": null, "9": null}, "16": {"15": null, "9": null, "17": null}}, "node_attributes": {"z": 0.0, "qx": 0.0, "rx": 0.0, "qy": 0.0, "ry": 0.0, "qz": 0.0, "type": null, "rz": 0.0, "_k": null, "y": 0.0, "x": 0.0}, "node": {"14": {"_k": 1, "z": 3.1362263798248007, "y": -3.4251668654964469, "x": -1.2500000000000013}, "17": {"_k": 1, "z": 2.8179952303397249, "y": -3.4251668654964469, "x": 2.4999999999999964}, "12": {"z": 1.5000000000000002, "qx": -0.0, "qy": -0.0, "qz": -0.0625, "type": "support", "_k": 4, "y": -3.425166865496446, "x": 4.9999999999999973}, "5": {"z": 1.5000000000000002, "qx": -0.0, "qy": -0.0, "qz": -0.12499999999999997, "_k": 2, "y": -3.425166865496446, "x": -3.7500000000000009}, "4": {"z": 1.5000000000000002, "qx": -0.0, "qy": -0.0, "qz": -0.0625, "type": "support", "_k": 3, "y": -3.425166865496446, "x": -5.0000000000000009}, "7": {"z": 1.5000000000000002, "qx": -0.0, "qy": -0.0, "qz": -0.12500000000000008, "type": "_origin", "_k": 0, "y": -3.425166865496446, "x": -1.2500000000000018}, "6": {"z": 1.5000000000000002, "qx": -0.0, "qy": -0.0, "qz": -0.12499999999999996, "_k": 1, "y": -3.425166865496446, "x": -2.5000000000000013}, "1": {"_k": 3, "z": 2.2776595599386402, "y": -3.4251668654964469, "x": -3.7500000000000009}, "0": {"z": 1.6088723383914101, "type": "support", "_k": 4, "y": -3.4251668654964469, "x": -4.8250000000000011}, "3": {"_k": 2, "z": 2.2776595599386407, "y": -3.4251668654964469, "x": 3.7499999999999973}, "2": {"z": 1.6088723383914152, "type": "support", "_k": 3, "y": -3.4251668654964469, "x": 4.8249999999999913}, "10": {"z": 1.5000000000000002, "qx": -0.0, "qy": -0.0, "qz": -0.12499999999999994, "_k": 2, "y": -3.425166865496446, "x": 2.4999999999999973}, "13": {"_k": 2, "z": 2.8179952303397249, "y": -3.4251668654964469, "x": -2.5000000000000013}, "15": {"z": 3.2413167131927958, "type": "_origin", "_k": 0, "y": -3.4251668654964469, "x": -9.7144514654701197e-17}, "11": {"z": 1.5000000000000002, "qx": -0.0, "qy": -0.0, "qz": -0.125, "_k": 3, "y": -3.425166865496446, "x": 3.7499999999999973}, "9": {"z": 1.5000000000000002, "qx": -0.0, "qy": -0.0, "qz": -0.12499999999999986, "_k": 1, "y": -3.425166865496446, "x": 1.2499999999999984}, "8": {"z": 1.5000000000000002, "qx": -0.0, "qy": -0.0, "qz": -0.125, "type": "_origin", "_k": 0, "y": -3.425166865496446, "x": 2.2204460492503131e-16}, "16": {"z": 3.1362263798247998, "type": "_origin", "_k": 0, "y": -3.4251668654964469, "x": 1.249999999999998}}, "max_int_key": 17, "attributes": {"gkey_node": {"4.825,-3.425,1.609": 2, "-1.250,-3.425,3.136": 14, "-3.750,-3.425,1.500": 5, "-4.825,-3.425,1.609": 0, "2.500,-3.425,1.500": 10, "-2.500,-3.425,2.818": 13, "3.750,-3.425,2.278": 3, "3.750,-3.425,1.500": 11, "1.250,-3.425,1.500": 9, "2.500,-3.425,2.818": 17, "-1.250,-3.425,1.500": 7, "5.000,-3.425,1.500": 12, "1.250,-3.425,3.136": 16, "-2.500,-3.425,1.500": 6, "0.000,-3.425,3.241": 15, "-5.000,-3.425,1.500": 4, "-3.750,-3.425,2.278": 1, "0.000,-3.425,1.500": 8}, "name": "Network", "_aux_length": 0.33000000000000002, "_trails": {"7": [7, 6, 5, 4], "15": [15, 14, 13, 1, 0], "16": [16, 17, 3, 2], "8": [8, 9, 10, 11, 12]}, "tol": "3f", "_auxiliary_trails": {}, "_aux_vector": {"dtype": "compas.geometry/Vector", "value": [-0.0, -0.0, -1.0]}}, "edge_attributes": {"force": 0.0, "type": null, "length": 0.0}, "edge": {"14": {"15": {"length": 1.2544098126877834, "type": "trail"}}, "17": {"3": {"length": 1.3617865606282769, "type": "trail"}}, "12": {"2": {"force": 0.0, "type": "deviation"}}, "5": {"6": {"length": -1.2499999999999996, "type": "trail"}, "1": {"force": -0.40000000000000002, "type": "deviation"}}, "4": {"0": {"force": 0.0, "type": "deviation"}, "5": {"length": -1.25, "type": "trail"}}, "7": {"14": {"force": -0.40000000000000002, "type": "deviation"}, "8": {"force": -40.0, "type": "deviation"}}, "6": {"13": {"force": -0.40000000000000002, "type": "deviation"}, "7": {"length": -1.2499999999999996, "type": "trail"}}, "1": {"13": {"length": 1.3617865606282757, "type": "trail"}}, "0": {"1": {"length": 1.2660574030054341, "type": "trail"}}, "3": {}, "2": {"3": {"length": 1.2660574030054264, "type": "trail"}}, "10": {"17": {"force": -0.40000000000000002, "type": "deviation"}, "11": {"length": -1.25, "type": "trail"}}, "13": {"14": {"length": 1.2898724993202206, "type": "trail"}}, "15": {"16": {"force": 6.0, "type": "deviation"}}, "11": {"12": {"length": -1.25, "type": "trail"}, "3": {"force": -0.40000000000000002, "type": "deviation"}}, "9": {"16": {"force": -0.40000000000000002, "type": "deviation"}, "10": {"length": -1.2499999999999989, "type": "trail"}}, "8": {"15": {"force": -0.40000000000000002, "type": "deviation"}, "9": {"length": -1.2499999999999982, "type": "trail"}}, "16": {"17": {"length": 1.2898724993202189, "type": "trail"}}}}}