{"compas": "1.7.1", "datatype": "compas_cem.diagrams/TopologyDiagram", "data": {"adjacency": {"16": {"15": null, "17": null, "34": null}, "36": {"37": null, "18": null, "35": null}, "26": {"27": null, "8": null, "25": null}, "15": {"33": null, "14": null, "16": null}, "18": {"36": null, "19": null, "17": null}, "35": {"36": null, "17": null, "34": null}, "25": {"7": null, "26": null, "24": null}, "28": {"27": null, "29": null, "10": null}, "38": {"37": null, "20": null, "39": null}, "10": {"28": null, "9": null, "11": null}, "30": {"31": null, "12": null, "29": null}, "20": {"21": null, "19": null, "38": null}, "17": {"18": null, "35": null, "16": null}, "37": {"36": null, "19": null, "38": null}, "27": {"28": null, "26": null, "9": null}, "12": {"30": null, "13": null, "11": null}, "32": {"31": null, "33": null, "14": null}, "22": {"21": null, "23": null, "3": null}, "19": {"37": null, "20": null, "18": null}, "39": {"21": null, "3": null, "38": null}, "29": {"28": null, "30": null, "11": null}, "11": {"12": null, "29": null, "10": null}, "5": {"4": null, "6": null, "1": null}, "4": {"0": null, "5": null}, "7": {"6": null, "8": null, "25": null}, "6": {"5": null, "7": null, "24": null}, "1": {"5": null, "0": null, "24": null}, "0": {"4": null, "1": null}, "3": {"22": null, "39": null, "2": null}, "2": {"23": null, "3": null}, "21": {"20": null, "22": null, "39": null}, "31": {"30": null, "13": null, "32": null}, "9": {"27": null, "8": null, "10": null}, "8": {"7": null, "26": null, "9": null}, "14": {"13": null, "32": null, "15": null}, "34": {"33": null, "35": null, "16": null}, "24": {"6": null, "1": null, "25": null}, "13": {"31": null, "12": null, "14": null}, "33": {"32": null, "15": null, "34": null}, "23": {"22": null, "2": null}}, "node_attributes": {"z": 0.0, "qx": 0.0, "rx": 0.0, "qy": 0.0, "ry": 0.0, "qz": 0.0, "type": null, "rz": 0.0, "_k": null, "y": 0.0, "x": 0.0}, "node": {"16": {"z": 1.5000000000000002, "qx": -0.0, "qy": -0.0, "qz": -0.052631578947368356, "_k": 2, "y": -3.425166865496446, "x": 1.3157894736842082}, "36": {"_k": 4, "z": 2.8620383217515548, "y": -3.4251668654964469, "x": 2.3684210526315752}, "26": {"_k": 5, "z": 2.6718004912079434, "y": -3.4251668654964469, "x": -2.8947368421052646}, "15": {"z": 1.5000000000000002, "qx": -0.0, "qy": -0.0, "qz": -0.052631578947368411, "_k": 1, "y": -3.425166865496446, "x": 0.789473684210525}, "18": {"z": 1.5000000000000002, "qx": -0.0, "qy": -0.0, "qz": -0.052631578947368321, "_k": 4, "y": -3.425166865496446, "x": 2.3684210526315752}, "35": {"_k": 3, "z": 3.0123644250622319, "y": -3.4251668654964469, "x": 1.8421052631578925}, "25": {"_k": 6, "z": 2.4419358612225723, "y": -3.4251668654964469, "x": -3.4210526315789487}, "28": {"_k": 3, "z": 3.0123644250622323, "y": -3.4251668654964469, "x": -1.8421052631578962}, "38": {"_k": 6, "z": 2.4419358612225746, "y": -3.4251668654964469, "x": 3.4210526315789407}, "10": {"z": 1.5000000000000002, "qx": -0.0, "qy": -0.0, "qz": -0.052631578947368411, "_k": 3, "y": -3.425166865496446, "x": -1.8421052631578965}, "30": {"_k": 1, "z": 3.1994868517464088, "y": -3.4251668654964469, "x": -0.78947368421052788}, "20": {"z": 1.5000000000000002, "qx": -0.0, "qy": -0.0, "qz": -0.052631578947368432, "_k": 6, "y": -3.425166865496446, "x": 3.421052631578942}, "17": {"z": 1.5000000000000002, "qx": -0.0, "qy": -0.0, "qz": -0.052631578947368356, "_k": 3, "y": -3.425166865496446, "x": 1.842105263157892}, "37": {"_k": 5, "z": 2.6718004912079443, "y": -3.4251668654964469, "x": 2.8947368421052593}, "27": {"_k": 4, "z": 2.8620383217515553, "y": -3.4251668654964469, "x": -2.3684210526315805}, "12": {"z": 1.5000000000000002, "qx": -0.0, "qy": -0.0, "qz": -0.052631578947368418, "_k": 1, "y": -3.425166865496446, "x": -0.78947368421052821}, "32": {"z": 3.2369019175892975, "type": "_origin", "_k": 0, "y": -3.4251668654964469, "x": 0.26315789473683981}, "22": {"z": 1.5000000000000002, "qx": -0.0, "qy": -0.0, "qz": -0.052631578947368522, "_k": 8, "y": -3.425166865496446, "x": 4.4736842105263088}, "19": {"z": 1.5000000000000002, "qx": -0.0, "qy": -0.0, "qz": -0.052631578947368342, "_k": 5, "y": -3.425166865496446, "x": 2.8947368421052584}, "39": {"_k": 7, "z": 2.171005582615424, "y": -3.4251668654964469, "x": 3.9473684210526261}, "29": {"_k": 2, "z": 3.1253627124683074, "y": -3.4251668654964469, "x": -1.3157894736842124}, "11": {"z": 1.5000000000000002, "qx": -0.0, "qy": -0.0, "qz": -0.052631578947368418, "_k": 2, "y": -3.425166865496446, "x": -1.3157894736842124}, "5": {"z": 1.5000000000000002, "qx": -0.0, "qy": -0.0, "qz": -0.052631578947368411, "_k": 8, "y": -3.425166865496446, "x": -4.4736842105263159}, "4": {"z": 1.5000000000000002, "qx": -0.0, "qy": -0.0, "qz": -0.026315789473684251, "type": "support", "_k": 9, "y": -3.425166865496446, "x": -5.0000000000000009}, "7": {"z": 1.5000000000000002, "qx": -0.0, "qy": -0.0, "qz": -0.052631578947368404, "_k": 6, "y": -3.425166865496446, "x": -3.4210526315789482}, "6": {"z": 1.5000000000000002, "qx": -0.0, "qy": -0.0, "qz": -0.05263157894736839, "_k": 7, "y": -3.425166865496446, "x": -3.9473684210526327}, "1": {"_k": 8, "z": 1.8569637663690459, "y": -3.4251668654964469, "x": -4.4736842105263159}, "0": {"z": 1.549974927291667, "type": "support", "_k": 9, "y": -3.4251668654964469, "x": -4.9263157894736853}, "3": {"_k": 8, "z": 1.856963766369049, "y": -3.4251668654964469, "x": 4.4736842105263097}, "2": {"z": 1.5499749272916725, "type": "support", "_k": 9, "y": -3.4251668654964469, "x": 4.9263157894736755}, "21": {"z": 1.5000000000000002, "qx": -0.0, "qy": -0.0, "qz": -0.052631578947368349, "_k": 7, "y": -3.425166865496446, "x": 3.947368421052627}, "31": {"z": 3.2369019175892975, "type": "_origin", "_k": 0, "y": -3.4251668654964469, "x": -0.26315789473684364}, "9": {"z": 1.5000000000000002, "qx": -0.0, "qy": -0.0, "qz": -0.052631578947368411, "_k": 4, "y": -3.425166865496446, "x": -2.3684210526315805}, "8": {"z": 1.5000000000000002, "qx": -0.0, "qy": -0.0, "qz": -0.05263157894736839, "_k": 5, "y": -3.425166865496446, "x": -2.8947368421052646}, "14": {"z": 1.5000000000000002, "qx": -0.0, "qy": -0.0, "qz": -0.05263157894736846, "type": "_origin", "_k": 0, "y": -3.425166865496446, "x": 0.26315789473684004}, "34": {"_k": 2, "z": 3.125362712468307, "y": -3.4251668654964469, "x": 1.3157894736842082}, "24": {"_k": 7, "z": 2.1710055826154218, "y": -3.4251668654964469, "x": -3.9473684210526327}, "13": {"z": 1.5000000000000002, "qx": -0.0, "qy": -0.0, "qz": -0.052631578947368411, "type": "_origin", "_k": 0, "y": -3.425166865496446, "x": -0.26315789473684409}, "33": {"_k": 1, "z": 3.1994868517464079, "y": -3.4251668654964469, "x": 0.78947368421052477}, "23": {"z": 1.5000000000000002, "qx": -0.0, "qy": -0.0, "qz": -0.026315789473684428, "type": "support", "_k": 9, "y": -3.425166865496446, "x": 4.9999999999999973}}, "max_int_key": 39, "attributes": {"gkey_node": {"5.000,-3.425,1.500": 23, "0.263,-3.425,3.237": 32, "-4.926,-3.425,1.550": 0, "1.316,-3.425,1.500": 16, "3.947,-3.425,2.171": 39, "-2.368,-3.425,2.862": 27, "2.368,-3.425,2.862": 36, "2.895,-3.425,2.672": 37, "-5.000,-3.425,1.500": 4, "3.421,-3.425,1.500": 20, "-3.421,-3.425,1.500": 7, "-1.842,-3.425,1.500": 10, "2.368,-3.425,1.500": 18, "4.474,-3.425,1.857": 3, "2.895,-3.425,1.500": 19, "-1.316,-3.425,1.500": 11, "-1.316,-3.425,3.125": 29, "1.842,-3.425,1.500": 17, "4.926,-3.425,1.550": 2, "-4.474,-3.425,1.500": 5, "3.947,-3.425,1.500": 21, "0.789,-3.425,1.500": 15, "0.789,-3.425,3.199": 33, "-3.947,-3.425,1.500": 6, "1.842,-3.425,3.012": 35, "-0.263,-3.425,1.500": 13, "-3.947,-3.425,2.171": 24, "-4.474,-3.425,1.857": 1, "-2.368,-3.425,1.500": 9, "4.474,-3.425,1.500": 22, "-3.421,-3.425,2.442": 25, "-1.842,-3.425,3.012": 28, "1.316,-3.425,3.125": 34, "-0.263,-3.425,3.237": 31, "-2.895,-3.425,2.672": 26, "3.421,-3.425,2.442": 38, "-2.895,-3.425,1.500": 8, "0.263,-3.425,1.500": 14, "-0.789,-3.425,1.500": 12, "-0.789,-3.425,3.199": 30}, "name": "Network", "_aux_length": 0.33000000000000002,