{"compas": "1.7.1", "datatype": "compas_cem.diagrams/TopologyDiagram", "data": {"adjacency": {"16": {"33": null, "15": null, "17": null}, "36": {"37": null, "19": null, "35": null}, "26": {"27": null, "9": null, "25": null}, "15": {"32": null, "14": null, "16": null}, "18": {"19": null, "35": null, "17": null}, "35": {"36": null, "18": null, "34": null}, "25": {"26": null, "8": null, "24": null}, "28": {"27": null, "29": null, "11": null}, "10": {"27": null, "9": null, "11": null}, "30": {"31": null, "13": null, "29": null}, "20": {"37": null, "21": null, "19": null}, "17": {"18": null, "16": null, "34": null}, "37": {"36": null, "20": null, "3": null}, "27": {"28": null, "26": null, "10": null}, "12": {"13": null, "29": null, "11": null}, "32": {"31": null, "33": null, "15": null}, "22": {"21": null, "2": null}, "19": {"36": null, "20": null, "18": null}, "29": {"28": null, "30": null, "12": null}, "11": {"28": null, "12": null, "10": null}, "5": {"4": null, "6": null, "1": null}, "4": {"0": null, "5": null}, "7": {"6": null, "8": null, "24": null}, "6": {"7": null, "23": null, "5": null}, "1": {"23": null, "0": null, "5": null}, "0": {"4": null, "1": null}, "3": {"37": null, "21": null, "2": null}, "2": {"22": null, "3": null}, "21": {"20": null, "22": null, "3": null}, "31": {"30": null, "32": null, "14": null}, "9": {"26": null, "8": null, "10": null}, "8": {"7": null, "9": null, "25": null}, "14": {"31": null, "13": null, "15": null}, "34": {"33": null, "35": null, "17": null}, "24": {"7": null, "23": null, "25": null}, "13": {"30": null, "12": null, "14": null}, "33": {"32": null, "16": null, "34": null}, "23": {"6": null, "1": null, "24": null}}, "node_attributes": {"z": 0.0, "qx": 0.0, "rx": 0.0, "qy": 0.0, "ry": 0.0, "qz": 0.0, "type": null, "rz": 0.0, "_k": null, "y": 0.0, "x": 0.0}, "node": {"16": {"z": 1.5000000000000002, "qx": -0.0, "qy": -0.0, "qz": -0.055555555555555566, "_k": 3, "y": -3.425166865496446, "x": 1.6666666666666698}, "36": {"_k": 5, "z": 2.4832565556714288, "y": -3.4251668654964469, "x": 3.3333333333333375}, "26": {"_k": 4, "z": 2.9073870263614143, "y": -3.4251668654964469, "x": -2.2222222222222241}, "15": {"z": 1.5000000000000002, "qx": -0.0, "qy": -0.0, "qz": -0.055555555555555719, "_k": 2, "y": -3.425166865496446, "x": 1.1111111111111109}, "18": {"z": 1.5000000000000002, "qx": -0.0, "qy": -0.0, "qz": -0.055555555555555719, "_k": 5, "y": -3.425166865496446, "x": 2.7777777777777772}, "35": {"_k": 4, "z": 2.7177703798062804, "y": -3.4251668654964469, "x": 2.7777777777777763}, "25": {"_k": 5, "z": 2.7177703798062804, "y": -3.4251668654964469, "x": -2.7777777777777795}, "28": {"_k": 2, "z": 3.1588466137460607, "y": -3.4251668654964469, "x": -1.1111111111111123}, "10": {"z": 1.5000000000000002, "qx": -0.0, "qy": -0.0, "qz": -0.05555555555555558, "_k": 2, "y": -3.425166865496446, "x": -1.6666666666666674}, "30": {"z": 3.2413167131927958, "type": "_origin", "_k": 0, "y": -3.4251668654964469, "x": -9.7144514654701197e-17}, "20": {"z": 1.5000000000000002, "qx": -0.0, "qy": -0.0, "qz": -0.055555555555555407, "_k": 7, "y": -3.425166865496446, "x": 3.8888888888888884}, "17": {"z": 1.5000000000000002, "qx": -0.0, "qy": -0.0, "qz": -0.055555555555555372, "_k": 4, "y": -3.425166865496446, "x": 2.2222222222222223}, "37": {"_k": 6, "z": 2.2028410300101529, "y": -3.4251668654964469, "x": 3.888888888888888}, "27": {"_k": 3, "z": 3.0541490747569018, "y": -3.4251668654964469, "x": -1.6666666666666672}, "12": {"z": 1.5000000000000002, "qx": -0.0, "qy": -0.0, "qz": -0.055555555555555636, "type": "_origin", "_k": 0, "y": -3.425166865496446, "x": -0.55555555555555614}, "32": {"_k": 1, "z": 3.1588466137460598, "y": -3.4251668654964469, "x": 1.1111111111111112}, "22": {"z": 1.5000000000000002, "qx": -0.0, "qy": -0.0, "qz": -0.027777777777777637, "type": "support", "_k": 9, "y": -3.425166865496446, "x": 4.9999999999999973}, "19": {"z": 1.5000000000000002, "qx": -0.0, "qy": -0.0, "qz": -0.055555555555555566, "_k": 6, "y": -3.425166865496446, "x": 3.3333333333333366}, "29": {"_k": 1, "z": 3.2208045107551624, "y": -3.4251668654964469, "x": -0.55555555555555569}, "11": {"z": 1.5000000000000002, "qx": -0.0, "qy": -0.0, "qz": -0.055555555555555566, "_k": 1, "y": -3.425166865496446, "x": -1.1111111111111125}, "5": {"z": 1.5000000000000002, "qx": -0.0, "qy": -0.0, "qz": -0.055555555555555539, "_k": 7, "y": -3.425166865496446, "x": -4.4444444444444455}, "4": {"z": 1.5000000000000002, "qx": -0.0, "qy": -0.0, "qz": -0.027777777777777769, "type": "support", "_k": 8, "y": -3.425166865496446, "x": -5.0000000000000009}, "7": {"z": 1.5000000000000002, "qx": -0.0, "qy": -0.0, "qz": -0.055555555555555539, "_k": 5, "y": -3.425166865496446, "x": -3.3333333333333348}, "6": {"z": 1.5000000000000002, "qx": -0.0, "qy": -0.0, "qz": -0.055555555555555539, "_k": 6, "y": -3.425166865496446, "x": -3.8888888888888902}, "1": {"_k": 8, "z": 1.8756746995513427, "y": -3.4251668654964469, "x": -4.4444444444444455}, "0": {"z": 1.5525944579371884, "type": "support", "_k": 9, "y": -3.4251668654964469, "x": -4.9222222222222234}, "3": {"_k": 7, "z": 1.8756746995513425, "y": -3.4251668654964469, "x": 4.4444444444444446}, "2": {"z": 1.5525944579371935, "type": "support", "_k": 8, "y": -3.4251668654964469, "x": 4.9222222222222145}, "21": {"z": 1.5000000000000002, "qx": -0.0, "qy": -0.0, "qz": -0.055555555555555455, "_k": 8, "y": -3.425166865496446, "x": 4.4444444444444446}, "31": {"z": 3.2208045107551619, "type": "_origin", "_k": 0, "y": -3.4251668654964469, "x": 0.55555555555555558}, "9": {"z": 1.5000000000000002, "qx": -0.0, "qy": -0.0, "qz": -0.055555555555555608, "_k": 3, "y": -3.425166865496446, "x": -2.2222222222222241}, "8": {"z": 1.5000000000000002, "qx": -0.0, "qy": -0.0, "qz": -0.055555555555555539, "_k": 4, "y": -3.425166865496446, "x": -2.7777777777777795}, "14": {"z": 1.5000000000000002, "qx": -0.0, "qy": -0.0, "qz": -0.055555555555555539, "_k": 1, "y": -3.425166865496446, "x": 0.55555555555555558}, "34": {"_k": 3, "z": 2.9073870263614134, "y": -3.4251668654964469, "x": 2.2222222222222232}, "24": {"_k": 6, "z": 2.4832565556714301, "y": -3.4251668654964469, "x": -3.3333333333333348}, "13": {"z": 1.5000000000000002, "qx": -0.0, "qy": -0.0, "qz": -0.055555555555555587, "type": "_origin", "_k": 0, "y": -3.425166865496446, "x": 2.2204460492503131e-16}, "33": {"_k": 2, "z": 3.0541490747568991, "y": -3.4251668654964469, "x": 1.6666666666666701}, "23": {"_k": 7, "z": 2.2028410300101529, "y": -3.4251668654964469, "x": -3.8888888888888902}}, "max_int_key": 37, "attributes": {"gkey_node": {"5.000,-3.425,1.500": 22, "4.444,-3.425,1.876": 3, "-1.111,-3.425,1.500": 11, "1.667,-3.425,1.500": 16, "0.556,-3.425,3.221": 31, "-5.000,-3.425,1.500": 4, "-1.667,-3.425,3.054": 27, "-1.111,-3.425,3.159": 28, "2.778,-3.425,2.718": 35, "-3.333,-3.425,2.483": 24, "1.667,-3.425,3.054": 33, "-4.922,-3.425,1.553": 0, "-2.778,-3.425,2.718": 25, "2.778,-3.425,1.500": 18, "3.333,-3.425,2.483": 36, "3.889,-3.425,2.203": 37, "-2.778,-3.425,1.500": 8, "2.222,-3.425,2.907": 34, "-3.333,-3.425,1.500": 7, "-0.556,-3.425,1.500": 12, "-4.444,-3.425,1.500": 5, "0.556,-3.425,1.500": 14, "-1.667,-3.425,1.500": 10, "0.000,-3.425,3.241": 30, "0.000,-3.425,1.500": 13, "-2.222,-3.425,2.907": 26, "-3.889,-3.425,1.500": 6, "-0.556,-3.425,3.221": 29, "1.111,-3.425,1.500": 15, "4.444,-3.425,1.500": 21, "-3.889,-3.425,2.203": 23, "2.222,-3.425,1.500": 17, "1.111,-3.425,3.159": 32, "4.922,-3.425,1.553": 2, "-2.222,-3.425,1.500": 9, "3.333,-3.425,1.500": 19, "-4.444,-3.425,1.876": 1, "3.889,-3.425,1.500": 20}, "name": "Network", "_aux_length": 0.33000000000000002, "_trails": {"30": [30, 29, 28, 27, 26, 25, 24, 23, 1, 0], "31": [31, 32, 33, 34, 35, 36, 37, 3, 2], "12": [12, 11, 10, 9, 8, 7, 6, 5, 4], "13": [13, 14, 15, 16, 17, 18, 19, 20, 21, 22]}, "tol": "3f", "_auxiliary_trails": {}, "_aux_vector": {"dtype": "compas.geometry/Vector", "value": [-0.0, -0.0, -1.0]}}, "edge_attributes": {"force": 0.0, "type": null, "length": 0.0},