{"compas": "1.7.1", "datatype": "compas_cem.diagrams/TopologyDiagram", "data": {"adjacency": {"16": {"15": null, "17": null, "3": null}, "26": {"27": null, "14": null, "25": null}, "15": {"27": null, "14": null, "16": null}, "18": {"19": null, "1": null, "6": null}, "25": {"13": null, "26": null, "24": null}, "10": {"22": null, "9": null, "11": null}, "20": {"21": null, "19": null, "8": null}, "17": {"16": null, "2": null}, "27": {"26": null, "15": null, "3": null}, "12": {"13": null, "11": null, "24": null}, "22": {"21": null, "23": null, "10": null}, "19": {"7": null, "20": null, "18": null}, "11": {"12": null, "23": null, "10": null}, "5": {"4": null, "6": null, "1": null}, "4": {"0": null, "5": null}, "7": {"19": null, "6": null, "8": null}, "6": {"7": null, "18": null, "5": null}, "1": {"0": null, "18": null, "5": null}, "0": {"4": null, "1": null}, "3": {"27": null, "16": null, "2": null}, "2": {"3": null, "17": null}, "21": {"20": null, "22": null, "9": null}, "9": {"21": null, "8": null, "10": null}, "8": {"7": null, "20": null, "9": null}, "14": {"13": null, "26": null, "15": null}, "24": {"12": null, "23": null, "25": null}, "13": {"12": null, "14": null, "25": null}, "23": {"22": null, "11": null, "24": null}}, "node_attributes": {"z": 0.0, "qx": 0.0, "rx": 0.0, "qy": 0.0, "ry": 0.0, "qz": 0.0, "type": null, "rz": 0.0, "_k": null, "y": 0.0, "x": 0.0}, "node": {"16": {"z": 1.5000000000000002, "qx": -0.0, "qy": -0.0, "qz": -0.076923076923077011, "_k": 5, "y": -3.425166865496446, "x": 4.2307692307692273}, "26": {"_k": 3, "z": 2.7495242592920173, "y": -3.4251668654964469, "x": 2.692307692307689}, "15": {"z": 1.5000000000000002, "qx": -0.0, "qy": -0.0, "qz": -0.076923076923076941, "_k": 4, "y": -3.425166865496446, "x": 3.4615384615384572}, "18": {"_k": 4, "z": 2.422389951799838, "y": -3.4251668654964469, "x": -3.4615384615384626}, "25": {"_k": 2, "z": 2.9921955327023033, "y": -3.4251668654964469, "x": 1.9230769230769214}, "10": {"z": 1.5000000000000002, "qx": -0.0, "qy": -0.0, "qz": -0.076923076923076927, "type": "_origin", "_k": 0, "y": -3.425166865496446, "x": -0.38461538461538575}, "20": {"_k": 2, "z": 2.9921955327023033, "y": -3.4251668654964469, "x": -1.923076923076924}, "17": {"z": 1.5000000000000002, "qx": -0.0, "qy": -0.0, "qz": -0.038461538461538505, "type": "support", "_k": 6, "y": -3.425166865496446, "x": 4.9999999999999973}, "27": {"_k": 4, "z": 2.4223899517998388, "y": -3.4251668654964469, "x": 3.4615384615384572}, "12": {"z": 1.5000000000000002, "qx": -0.0, "qy": -0.0, "qz": -0.076923076923076927, "_k": 1, "y": -3.425166865496446, "x": 1.1538461538461526}, "22": {"z": 3.2314214285791634, "type": "_origin", "_k": 0, "y": -3.4251668654964469, "x": -0.38461538461538625}, "19": {"_k": 3, "z": 2.7495242592920164, "y": -3.4251668654964469, "x": -2.692307692307693}, "11": {"z": 1.5000000000000002, "qx": -0.0, "qy": -0.0, "qz": -0.076923076923076927, "type": "_origin", "_k": 0, "y": -3.425166865496446, "x": 0.38461538461538353}, "5": {"z": 1.5000000000000002, "qx": -0.0, "qy": -0.0, "qz": -0.076923076923076927, "_k": 5, "y": -3.425166865496446, "x": -4.2307692307692317}, "4": {"z": 1.5000000000000002, "qx": -0.0, "qy": -0.0, "qz": -0.038461538461538464, "type": "support", "_k": 6, "y": -3.425166865496446, "x": -5.0000000000000009}, "7": {"z": 1.5000000000000002, "qx": -0.0, "qy": -0.0, "qz": -0.076923076923076927, "_k": 3, "y": -3.425166865496446, "x": -2.6923076923076934}, "6": {"z": 1.5000000000000002, "qx": -0.0, "qy": -0.0, "qz": -0.076923076923076927, "_k": 4, "y": -3.425166865496446, "x": -3.4615384615384626}, "1": {"_k": 5, "z": 2.0073392541936288, "y": -3.4251668654964469, "x": -4.2307692307692317}, "0": {"z": 1.5710274955871086, "type": "support", "_k": 6, "y": -3.4251668654964469, "x": -4.8923076923076936}, "3": {"_k": 5, "z": 2.0073392541936292, "y": -3.4251668654964469, "x": 4.2307692307692282}, "2": {"z": 1.5710274955871137, "type": "support", "_k": 6, "y": -3.4251668654964469, "x": 4.8923076923076838}, "21": {"_k": 1, "z": 3.1521040474996744, "y": -3.4251668654964469, "x": -1.1538461538461553}, "9": {"z": 1.5000000000000002, "qx": -0.0, "qy": -0.0, "qz": -0.076923076923076927, "_k": 1, "y": -3.425166865496446, "x": -1.1538461538461551}, "8": {"z": 1.5000000000000002, "qx": -0.0, "qy": -0.0, "qz": -0.076923076923076927, "_k": 2, "y": -3.425166865496446, "x": -1.9230769230769242}, "14": {"z": 1.5000000000000002, "qx": -0.0, "qy": -0.0, "qz": -0.076923076923076775, "_k": 3, "y": -3.425166865496446, "x": 2.6923076923076885}, "24": {"_k": 1, "z": 3.1521040474996735, "y": -3.4251668654964469, "x": 1.1538461538461526}, "13": {"z": 1.5000000000000002, "qx": -0.0, "qy": -0.0, "qz": -0.076923076923076802, "_k": 2, "y": -3.425166865496446, "x": 1.9230769230769218}, "23": {"z": 3.2314214285791634, "type": "_origin", "_k": 0, "y": -3.4251668654964469, "x": 0.38461538461538319}}, "max_int_key": 27, "attributes": {"gkey_node": {"5.000,-3.425,1.500": 17, "-2.692,-3.425,2.750": 19, "-0.385,-3.425,1.500": 10, "-5.000,-3.425,1.500": 4, "-3.462,-3.425,2.422": 18, "1.923,-3.425,2.992": 25, "-3.462,-3.425,1.500": 6, "-1.154,-3.425,3.152": 21, "2.692,-3.425,2.750": 26, "0.385,-3.425,3.231": 23, "-1.923,-3.425,1.500": 8, "3.462,-3.425,2.422": 27, "0.385,-3.425,1.500": 11, "-0.385,-3.425,3.231": 22, "-1.923,-3.425,2.992": 20, "-4.231,-3.425,2.007": 1, "-4.892,-3.425,1.571": 0, "1.154,-3.425,3.152": 24, "-4.231,-3.425,1.500": 5, "1.154,-3.425,1.500": 12, "3.462,-3.425,1.500": 15, "2.692,-3.425,1.500": 14, "1.923,-3.425,1.500": 13, "-2.692,-3.425,1.500": 7, "-1.154,-3.425,1.500": 9, "4.892,-3.425,1.571": 2, "4.231,-3.425,1.500": 16, "4.231,-3.425,2.007": 3}, "name": "Network", "_aux_length": 0.33000000000000002, "_trails": {"22": [22, 21, 20, 19, 18, 1, 0], "23": [23, 24, 25, 26, 27, 3, 2], "10": [10, 9, 8, 7, 6, 5, 4], "11": [11, 12, 13, 14, 15, 16, 17]}, "tol": "3f", "_auxiliary_trails": {}, "_aux_vector": {"dtype": "compas.geometry/Vector", "value": [-0.0, -0.0, -1.0]}}, "edge_attributes": {"force": 0.0, "type": null, "length": 0.0}, "edge": {"16": {"17": {"length": -0.76923076923077005, "type": "trail"}, "3": {"force": -0.40000000000000002, "type": "deviation"}}, "26": {"27": {"length": 0.8359024054695301, "type": "trail"}}, "15": {"27": {"force": -0.40000000000000002, "type": "deviation"}, "16": {"length": -0.76923076923077005, "type": "trail"}}, "18": {"19": {"length": 0.83590240546953132, "type": "trail"}}, "25": {"26": {"length": 0.80660109302549821, "type": "trail"}}, "10": {"22": {"force": -0.40000000000000002, "type": "deviation"}, "11": {"force": -40.0, "type": "deviation"}}, "20": {"21": {"length": 0.78567595701794335, "type": "trail"}}, "17": {"2": {"force": 0.0, "type": "deviation"}}, "27": {"3": {"length": 0.87406124380089334, "type": "trail"}}, "12": {"13": {"length": -0.76923076923076916, "type": "trail"}, "24": {"force": -0.40000000000000002, "type": "deviation"}}, "22": {"23": {"force": 6.0, "type": "deviation"}}, "19": {"20": {"length": 0.80660109302549976, "type": "trail"}}, "11": {"12": {"length": -0.76923076923076916, "type": "trail"}, "23": {"force": -0.40000000000000002, "type": "deviation"}}, "5": {"6": {"length": -0.76923076923076916, "type": "trail"}, "1": {"force": -0.40000000000000002, "type": "deviation"}}, "4": {"0": {"force": 0.0, "type": "deviation"}, "5": {"length": -0.76923076923076916, "type": "trail"}}, "7": {"19": {"force": -0.40000000000000002, "type": "deviation"}, "8": {"length": -0.76923076923076916, "type": "trail"}}, "6": {"7": {"length": -0.76923076923076916, "type": "trail"}, "18": {"force": -0.40000000000000002, "type": "deviation"}}, "1": {"18": {"length": 0.87406124380089167, "type": "trail"}}, "0": {"1": {"length": 0.79246519595057885, "type": "trail"}}, "3": {}, "2": {"3": {"length": 0.79246519595057108, "type": "trail"}}, "21": {"22": {"length": 0.77330926754608953, "type": "trail"}}, "9": {"21": {"force": -0.40000000000000002, "type": "deviation"}, "10": {"length": -0.76923076923076938,