{"compas": "1.7.1", "datatype": "compas_cem.diagrams/TopologyDiagram", "data": {"adjacency": {"16": {"36": null, "15": null, "17": null}, "36": {"37": null, "35": null, "16": null}, "26": {"27": null, "6": null, "1": null}, "15": {"14": null, "35": null, "16": null}, "18": {"19": null, "17": null, "38": null}, "35": {"36": null, "15": null, "34": null}, "25": {"24": null, "2": null}, "28": {"27": null, "29": null, "8": null}, "38": {"37": null, "39": null, "18": null}, "40": {"20": null, "41": null, "39": null}, "10": {"30": null, "9": null, "11": null}, "30": {"31": null, "29": null, "10": null}, "20": {"21": null, "19": null, "40": null}, "17": {"37": null, "18": null, "16": null}, "37": {"36": null, "17": null, "38": null}, "27": {"28": null, "7": null, "26": null}, "42": {"41": null, "22": null, "43": null}, "12": {"13": null, "32": null, "11": null}, "32": {"31": null, "12": null, "33": null}, "22": {"21": null, "23": null, "42": null}, "19": {"20": null, "18": null, "39": null}, "39": {"40": null, "19": null, "38": null}, "29": {"28": null, "30": null, "9": null}, "41": {"21": null, "40": null, "42": null}, "11": {"31": null, "12": null, "10": null}, "5": {"4": null, "6": null, "1": null}, "4": {"0": null, "5": null}, "7": {"27": null, "6": null, "8": null}, "6": {"7": null, "26": null, "5": null}, "1": {"26": null, "0": null, "5": null}, "0": {"4": null, "1": null}, "3": {"24": null, "43": null, "2": null}, "2": {"3": null, "25": null}, "21": {"20": null, "41": null, "22": null}, "31": {"30": null, "32": null, "11": null}, "9": {"10": null, "29": null, "8": null}, "8": {"28": null, "7": null, "9": null}, "14": {"13": null, "15": null, "34": null}, "34": {"33": null, "14": null, "35": null}, "24": {"23": null, "3": null, "25": null}, "43": {"23": null, "42": null, "3": null}, "13": {"12": null, "33": null, "14": null}, "33": {"13": null, "32": null, "34": null}, "23": {"22": null, "43": null, "24": null}}, "node_attributes": {"z": 0.0, "qx": 0.0, "rx": 0.0, "qy": 0.0, "ry": 0.0, "qz": 0.0, "type": null, "rz": 0.0, "_k": null, "y": 0.0, "x": 0.0}, "node": {"16": {"z": 1.5000000000000002, "qx": -0.0, "qy": -0.0, "qz": -0.047619047619047672, "_k": 1, "y": -3.425166865496446, "x": 0.71428571428571286}, "36": {"_k": 1, "z": 3.2077432753933524, "y": -3.4251668654964469, "x": 0.71428571428570919}, "26": {"_k": 8, "z": 2.1142943112246928, "y": -3.4251668654964469, "x": -4.0476190476190483}, "15": {"z": 1.5000000000000002, "qx": -0.0, "qy": -0.0, "qz": -0.047619047619047637, "type": "_origin", "_k": 0, "y": -3.425166865496446, "x": 0.23809523809523572}, "18": {"z": 1.5000000000000002, "qx": -0.0, "qy": -0.0, "qz": -0.047619047619047707, "_k": 3, "y": -3.425166865496446, "x": 1.6666666666666698}, "35": {"z": 3.2375886635720637, "type": "_origin", "_k": 0, "y": -3.4251668654964469, "x": 0.23809523809523586}, "25": {"z": 1.5000000000000002, "qx": -0.0, "qy": -0.0, "qz": -0.023809523809523638, "type": "support", "_k": 10, "y": -3.425166865496446, "x": 4.9999999999999973}, "28": {"_k": 6, "z": 2.5889692427754931, "y": -3.4251668654964469, "x": -3.0952380952380967}, "38": {"_k": 3, "z": 3.0541490747568991, "y": -3.4251668654964469, "x": 1.6666666666666701}, "40": {"_k": 5, "z": 2.7761725010328933, "y": -3.4251668654964469, "x": 2.6190476190476191}, "10": {"z": 1.5000000000000002, "qx": -0.0, "qy": -0.0, "qz": -0.047619047619047672, "_k": 4, "y": -3.425166865496446, "x": -2.1428571428571455}, "30": {"_k": 4, "z": 2.9316693873300959, "y": -3.4251668654964469, "x": -2.1428571428571446}, "20": {"z": 1.5000000000000002, "qx": -0.0, "qy": -0.0, "qz": -0.04761904761904763, "_k": 5, "y": -3.425166865496446, "x": 2.6190476190476195}, "17": {"z": 1.5000000000000002, "qx": -0.0, "qy": -0.0, "qz": -0.047619047619047852, "_k": 2, "y": -3.425166865496446, "x": 1.1904761904761891}, "37": {"_k": 2, "z": 3.1460554121949595, "y": -3.4251668654964469, "x": 1.1904761904761889}, "27": {"_k": 7, "z": 2.3693367690809866, "y": -3.4251668654964469, "x": -3.571428571428573}, "42": {"_k": 7, "z": 2.369336769080983, "y": -3.4251668654964469, "x": 3.5714285714285747}, "12": {"z": 1.5000000000000002, "qx": -0.0, "qy": -0.0, "qz": -0.047619047619047575, "_k": 2, "y": -3.425166865496446, "x": -1.1904761904761925}, "32": {"_k": 2, "z": 3.1460554121949604, "y": -3.4251668654964469, "x": -1.1904761904761925}, "22": {"z": 1.5000000000000002, "qx": -0.0, "qy": -0.0, "qz": -0.047619047619047672, "_k": 7, "y": -3.425166865496446, "x": 3.5714285714285738}, "19": {"z": 1.5000000000000002, "qx": -0.0, "qy": -0.0, "qz": -0.047619047619047485, "_k": 4, "y": -3.425166865496446, "x": 2.1428571428571432}, "39": {"_k": 4, "z": 2.931669387330095, "y": -3.4251668654964469, "x": 2.1428571428571432}, "29": {"_k": 5, "z": 2.7761725010328937, "y": -3.4251668654964469, "x": -2.6190476190476208}, "41": {"_k": 6, "z": 2.5889692427754918, "y": -3.4251668654964469, "x": 3.0952380952380958}, "11": {"z": 1.5000000000000002, "qx": -0.0, "qy": -0.0, "qz": -0.047619047619047658, "_k": 3, "y": -3.425166865496446, "x": -1.6666666666666674}, "5": {"z": 1.5000000000000002, "qx": -0.0, "qy": -0.0, "qz": -0.04761904761904763, "_k": 9, "y": -3.425166865496446, "x": -4.5238095238095246}, "4": {"z": 1.5000000000000002, "qx": -0.0, "qy": -0.0, "qz": -0.023809523809523815, "type": "support", "_k": 10, "y": -3.425166865496446, "x": -5.0000000000000009}, "7": {"z": 1.5000000000000002, "qx": -0.0, "qy": -0.0, "qz": -0.047619047619047589, "_k": 7, "y": -3.425166865496446, "x": -3.5714285714285725}, "6": {"z": 1.5000000000000002, "qx": -0.0, "qy": -0.0, "qz": -0.047619047619047609, "_k": 8, "y": -3.425166865496446, "x": -4.0476190476190483}, "1": {"_k": 9, "z": 1.8248878809136782, "y": -3.4251668654964469, "x": -4.5238095238095246}, "0": {"z": 1.5454843033279153, "type": "support", "_k": 10, "y": -3.4251668654964469, "x": -4.9333333333333345}, "3": {"_k": 9, "z": 1.8248878809136775, "y": -3.4251668654964469, "x": 4.5238095238095237}, "2": {"z": 1.5454843033279204, "type": "support", "_k": 10, "y": -3.4251668654964469, "x": 4.9333333333333256}, "21": {"z": 1.5000000000000002, "qx": -0.0, "qy": -0.0, "qz": -0.04761904761904772, "_k": 6, "y": -3.425166865496446, "x": 3.0952380952380958}, "31": {"_k": 3, "z": 3.0541490747569018, "y": -3.4251668654964469, "x": -1.6666666666666672}, "9": {"z": 1.5000000000000002, "qx": -0.0, "qy": -0.0, "qz": -0.047619047619047561, "_k": 5, "y": -3.425166865496446, "x": -2.6190476190476208}, "8": {"z": 1.5000000000000002, "qx": -0.0, "qy": -0.0, "qz": -0.047619047619047589, "_k": 6, "y": -3.425166865496446, "x": -3.0952380952380967}, "14": {"z": 1.5000000000000002, "qx": -0.0, "qy": -0.0, "qz": -0.047619047619047596, "type": "_origin", "_k": 0, "y": -3.425166865496446, "x": -0.23809523809523975}, "34": {"z": 3.2375886635720641, "type": "_origin", "_k": 0, "y": -3.4251668654964469, "x": -0.23809523809523966}, "24": {"z": 1.5000000000000002, "qx": -0.0, "qy": -0.0, "qz": -0.047619047619047408, "_k": 9, "y": -3.425166865496446, "x": 4.5238095238095246}, "43": {"_k": 8, "z": 2.1142943112246906, "y": -3.4251668654964469, "x": 4.0476190476190492}, "13": {"z": 1.5000000000000002, "qx": -0.0, "qy": -0.0, "qz": -0.047619047619047644, "_k": 1, "y": -3.425166865496446, "x": -0.71428571428571608}, "33": {"_k": 1, "z": 3.2077432753933524, "y": -3.4251668654964469, "x": -0.71428571428571808}, "23": {"z": 1.5000000000000002, "qx": -0.0, "qy": -0.0, "qz": -0.04761904761904754, "_k": 8, "y": -3.425166865496446, "x": 4.0476190476190492}}, "max_int_key": 43, "attributes": {"gkey_node": {"5.000,-3.425,1.500": 25, "0.238,-3.425,3.238": 35, "3.571,-3.425,2.369": 42, "-1.190,-3.425,3.146": 32, "1.667,-3.425,1.500": 18, "-4.524,-3.425,1.500": 5, "2.143,-3.425,2.932": 39, "-5.000,-3.425,1.500": 4, "-1.667,-3.425,3.054": 31, "-2.143,-3.425,1.500": 10, "1.667,-3.425,3.054": 38, "3.095,-3.425,2.589": 41, "-1.190,-3.425,1.500": 12, "-4.048,-3.425,1.500": 6, "-4.048,-3.425,2.114": 26, "0.714,-3.425,3.208": 36, "-3.571,-3.425,1.500": 7,