{"compas": "1.7.1", "datatype": "compas_cem.diagrams/TopologyDiagram", "data": {"adjacency": {"16": {"7": null, "15": null, "17": null}, "15": {"6": null, "1": null, "16": null}, "18": {"19": null, "9": null, "17": null}, "10": {"19": null, "9": null, "11": null}, "20": {"21": null, "19": null, "11": null}, "17": {"18": null, "8": null, "16": null}, "12": {"13": null, "21": null, "11": null}, "19": {"20": null, "18": null, "10": null}, "11": {"12": null, "20": null, "10": null}, "5": {"4": null, "6": null, "1": null}, "4": {"0": null, "5": null}, "7": {"6": null, "8": null, "16": null}, "6": {"7": null, "15": null, "5": null}, "1": {"15": null, "0": null, "5": null}, "0": {"4": null, "1": null}, "3": {"13": null, "21": null, "2": null}, "2": {"14": null, "3": null}, "21": {"12": null, "20": null, "3": null}, "9": {"18": null, "8": null, "10": null}, "8": {"7": null, "9": null, "17": null}, "14": {"13": null, "2": null}, "13": {"12": null, "14": null, "3": null}}, "node_attributes": {"z": 0.0, "qx": 0.0, "rx": 0.0, "qy": 0.0, "ry": 0.0, "qz": 0.0, "type": null, "rz": 0.0, "_k": null, "y": 0.0, "x": 0.0}, "node": {"16": {"_k": 2, "z": 2.9713004822703653, "y": -3.4251668654964469, "x": -2.0000000000000009}, "15": {"_k": 3, "z": 2.6292198739331356, "y": -3.4251668654964469, "x": -3.0000000000000009}, "18": {"z": 3.2413167131927958, "type": "_origin", "_k": 0, "y": -3.4251668654964469, "x": -9.7144514654701197e-17}, "10": {"z": 1.5000000000000002, "qx": -0.0, "qy": -0.0, "qz": -0.099999999999999867, "_k": 1, "y": -3.425166865496446, "x": 0.99999999999999845}, "20": {"_k": 1, "z": 2.9713004822703648, "y": -3.4251668654964469, "x": 1.9999999999999982}, "17": {"_k": 1, "z": 3.1741152264010464, "y": -3.4251668654964469, "x": -1.0000000000000024}, "12": {"z": 1.5000000000000002, "qx": -0.0, "qy": -0.0, "qz": -0.10000000000000001, "_k": 3, "y": -3.425166865496446, "x": 2.9999999999999973}, "19": {"z": 3.1741152264010459, "type": "_origin", "_k": 0, "y": -3.4251668654964469, "x": 0.999999999999998}, "11": {"z": 1.5000000000000002, "qx": -0.0, "qy": -0.0, "qz": -0.09999999999999995, "_k": 2, "y": -3.425166865496446, "x": 1.9999999999999973}, "5": {"z": 1.5000000000000002, "qx": -0.0, "qy": -0.0, "qz": -0.099999999999999978, "_k": 3, "y": -3.425166865496446, "x": -4.0000000000000009}, "4": {"z": 1.5000000000000002, "qx": -0.0, "qy": -0.0, "qz": -0.050000000000000003, "type": "support", "_k": 4, "y": -3.425166865496446, "x": -5.0000000000000009}, "7": {"z": 1.5000000000000002, "qx": -0.0, "qy": -0.0, "qz": -0.099999999999999978, "_k": 1, "y": -3.425166865496446, "x": -2.0000000000000009}, "6": {"z": 1.5000000000000002, "qx": -0.0, "qy": -0.0, "qz": -0.10000000000000001, "_k": 2, "y": -3.425166865496446, "x": -3.0000000000000013}, "1": {"_k": 4, "z": 2.1417128143459498, "y": -3.4251668654964469, "x": -4.0000000000000009}, "0": {"z": 1.5898397940084334, "type": "support", "_k": 5, "y": -3.4251668654964469, "x": -4.8600000000000012}, "3": {"_k": 3, "z": 2.1417128143459512, "y": -3.4251668654964469, "x": 3.9999999999999956}, "2": {"z": 1.5898397940084388, "type": "support", "_k": 4, "y": -3.4251668654964469, "x": 4.8599999999999914}, "21": {"_k": 2, "z": 2.6292198739331356, "y": -3.4251668654964469, "x": 2.9999999999999973}, "9": {"z": 1.5000000000000002, "qx": -0.0, "qy": -0.0, "qz": -0.10000000000000003, "type": "_origin", "_k": 0, "y": -3.425166865496446, "x": 2.2204460492503131e-16}, "8": {"z": 1.5000000000000002, "qx": -0.0, "qy": -0.0, "qz": -0.10000000000000006, "type": "_origin", "_k": 0, "y": -3.425166865496446, "x": -1.000000000000002}, "14": {"z": 1.5000000000000002, "qx": -0.0, "qy": -0.0, "qz": -0.050000000000000003, "type": "support", "_k": 5, "y": -3.425166865496446, "x": 4.9999999999999973}, "13": {"z": 1.5000000000000002, "qx": -0.0, "qy": -0.0, "qz": -0.10000000000000001, "_k": 4, "y": -3.425166865496446, "x": 3.9999999999999973}}, "max_int_key": 21, "attributes": {"gkey_node": {"5.000,-3.425,1.500": 14, "-4.000,-3.425,1.500": 5, "-5.000,-3.425,1.500": 4, "2.000,-3.425,2.971": 20, "-4.860,-3.425,1.590": 0, "4.000,-3.425,2.142": 3, "-3.000,-3.425,2.629": 15, "4.860,-3.425,1.590": 2, "3.000,-3.425,2.629": 21, "0.000,-3.425,3.241": 18, "-1.000,-3.425,3.174": 17, "-1.000,-3.425,1.500": 8, "-2.000,-3.425,2.971": 16, "0.000,-3.425,1.500": 9, "2.000,-3.425,1.500": 11, "1.000,-3.425,1.500": 10, "3.000,-3.425,1.500": 12, "1.000,-3.425,3.174": 19, "-4.000,-3.425,2.142": 1, "4.000,-3.425,1.500": 13, "-2.000,-3.425,1.500": 7, "-3.000,-3.425,1.500": 6}, "name": "Network", "_aux_length": 0.33000000000000002, "_trails": {"8": [8, 7, 6, 5, 4], "9": [9, 10, 11, 12, 13, 14], "18": [18, 17, 16, 15, 1, 0], "19": [19, 20, 21, 3, 2]}, "tol": "3f", "_auxiliary_trails": {}, "_aux_vector": {"dtype": "compas.geometry/Vector", "value": [-0.0, -0.0, -1.0]}}, "edge_attributes": {"force": 0.0, "type": null, "length": 0.0}, "edge": {"16": {"17": {"length": 1.0203596524935659, "type": "trail"}}, "15": {"16": {"length": 1.0568912633759298, "type": "trail"}}, "18": {"19": {"force": 6.0, "type": "deviation"}}, "10": {"19": {"force": -0.40000000000000002, "type": "deviation"}, "11": {"length": -0.99999999999999889, "type": "trail"}}, "20": {"21": {"length": 1.0568912633759289, "type": "trail"}}, "17": {"18": {"length": 1.002255476326783, "type": "trail"}}, "12": {"13": {"length": -1.0, "type": "trail"}, "21": {"force": -0.40000000000000002, "type": "deviation"}}, "19": {"20": {"length": 1.0203596524935676, "type": "trail"}}, "11": {"12": {"length": -1.0, "type": "trail"}, "20": {"force": -0.40000000000000002, "type": "deviation"}}, "5": {"6": {"length": -0.99999999999999956, "type": "trail"}, "1": {"force": -0.40000000000000002, "type": "deviation"}}, "4": {"0": {"force": 0.0, "type": "deviation"}, "5": {"length": -1.0, "type": "trail"}}, "7": {"8": {"length": -0.99999999999999889, "type": "trail"}, "16": {"force": -0.40000000000000002, "type": "deviation"}}, "6": {"7": {"length": -1.0000000000000004, "type": "trail"}, "15": {"force": -0.40000000000000002, "type": "deviation"}}, "1": {"15": {"length": 1.1125030935450668, "type": "trail"}}, "0": {"1": {"length": 1.0218433493331811, "type": "trail"}}, "3": {}, "2": {"3": {"length": 1.0218433493331751, "type": "trail"}}, "21": {"3": {"length": 1.1125030935450648, "type": "trail"}}, "9": {"18": {"force": -0.40000000000000002, "type": "deviation"}, "10": {"length": -0.99999999999999822, "type": "trail"}}, "8": {"9": {"force": -40.0, "type": "deviation"}, "17": {"force": -0.40000000000000002, "type": "deviation"}}, "14": {"2": {"force": 0.0, "type": "deviation"}}, "13": {"14": {"length": -1.0, "type": "trail"}, "3": {"force": -0.40000000000000002, "type": "deviation"}}}}}