{"compas": "1.7.1", "datatype": "compas_cem.diagrams/TopologyDiagram", "data": {"adjacency": {"16": {"30": null, "15": null, "17": null}, "26": {"12": null, "27": null, "25": null}, "15": {"14": null, "29": null, "16": null}, "18": {"19": null, "17": null, "3": null}, "25": {"26": null, "11": null, "24": null}, "28": {"27": null, "14": null, "29": null}, "10": {"9": null, "11": null, "24": null}, "30": {"31": null, "29": null, "16": null}, "20": {"21": null, "6": null, "1": null}, "17": {"31": null, "18": null, "16": null}, "27": {"28": null, "26": null, "13": null}, "12": {"13": null, "26": null, "11": null}, "22": {"21": null, "23": null, "8": null}, "19": {"18": null, "2": null}, "29": {"28": null, "30": null, "15": null}, "11": {"12": null, "10": null, "25": null}, "5": {"4": null, "6": null, "1": null}, "4": {"0": null, "5": null}, "7": {"21": null, "6": null, "8": null}, "6": {"7": null, "20": null, "5": null}, "1": {"20": null, "0": null, "5": null}, "0": {"4": null, "1": null}, "3": {"31": null, "18": null, "2": null}, "2": {"19": null, "3": null}, "21": {"7": null, "20": null, "22": null}, "31": {"30": null, "3": null, "17": null}, "9": {"23": null, "8": null, "10": null}, "8": {"7": null, "22": null, "9": null}, "14": {"28": null, "13": null, "15": null}, "24": {"23": null, "10": null, "25": null}, "13": {"12": null, "27": null, "14": null}, "23": {"22": null, "9": null, "24": null}}, "node_attributes": {"z": 0.0, "qx": 0.0, "rx": 0.0, "qy": 0.0, "ry": 0.0, "qz": 0.0, "type": null, "rz": 0.0, "_k": null, "y": 0.0, "x": 0.0}, "node": {"16": {"z": 1.5000000000000002, "qx": -0.0, "qy": -0.0, "qz": -0.066666666666666652, "_k": 4, "y": -3.425166865496446, "x": 2.9999999999999973}, "26": {"z": 3.2342328592317524, "type": "_origin", "_k": 0, "y": -3.4251668654964469, "x": 0.33333333333333137}, "15": {"z": 1.5000000000000002, "qx": -0.0, "qy": -0.0, "qz": -0.066666666666666374, "_k": 3, "y": -3.425166865496446, "x": 2.3333333333333304}, "18": {"z": 1.5000000000000002, "qx": -0.0, "qy": -0.0, "qz": -0.066666666666666707, "_k": 6, "y": -3.425166865496446, "x": 4.3333333333333313}, "25": {"z": 3.2342328592317524, "type": "_origin", "_k": 0, "y": -3.4251668654964469, "x": -0.33333333333333592}, "28": {"_k": 2, "z": 3.0541490747568991, "y": -3.4251668654964469, "x": 1.6666666666666701}, "10": {"z": 1.5000000000000002, "qx": -0.0, "qy": -0.0, "qz": -0.066666666666666596, "_k": 1, "y": -3.425166865496446, "x": -1.000000000000002}, "30": {"_k": 4, "z": 2.6292198739331356, "y": -3.4251668654964469, "x": 2.9999999999999973}, "20": {"_k": 5, "z": 2.3204422575384021, "y": -3.4251668654964469, "x": -3.6666666666666674}, "17": {"z": 1.5000000000000002, "qx": -0.0, "qy": -0.0, "qz": -0.066666666666666707, "_k": 5, "y": -3.425166865496446, "x": 3.6666666666666634}, "27": {"_k": 1, "z": 3.1741152264010459, "y": -3.4251668654964469, "x": 0.999999999999998}, "12": {"z": 1.5000000000000002, "qx": -0.0, "qy": -0.0, "qz": -0.066666666666666707, "type": "_origin", "_k": 0, "y": -3.425166865496446, "x": 0.33333333333333154}, "22": {"_k": 3, "z": 2.8733917210052606, "y": -3.4251668654964469, "x": -2.3333333333333348}, "19": {"z": 1.5000000000000002, "qx": -0.0, "qy": -0.0, "qz": -0.033333333333333305, "type": "support", "_k": 7, "y": -3.425166865496446, "x": 4.9999999999999973}, "29": {"_k": 3, "z": 2.8733917210052602, "y": -3.4251668654964469, "x": 2.3333333333333295}, "11": {"z": 1.5000000000000002, "qx": -0.0, "qy": -0.0, "qz": -0.06666666666666668, "type": "_origin", "_k": 0, "y": -3.425166865496446, "x": -0.33333333333333554}, "5": {"z": 1.5000000000000002, "qx": -0.0, "qy": -0.0, "qz": -0.06666666666666668, "_k": 6, "y": -3.425166865496446, "x": -4.3333333333333339}, "4": {"z": 1.5000000000000002, "qx": -0.0, "qy": -0.0, "qz": -0.033333333333333347, "type": "support", "_k": 7, "y": -3.425166865496446, "x": -5.0000000000000009}, "7": {"z": 1.5000000000000002, "qx": -0.0, "qy": -0.0, "qz": -0.066666666666666624, "_k": 4, "y": -3.425166865496446, "x": -3.0000000000000013}, "6": {"z": 1.5000000000000002, "qx": -0.0, "qy": -0.0, "qz": -0.066666666666666624, "_k": 5, "y": -3.425166865496446, "x": -3.6666666666666674}, "1": {"_k": 6, "z": 1.9450189271915788, "y": -3.4251668654964469, "x": -4.3333333333333339}, "0": {"z": 1.5623026498068215, "type": "support", "_k": 7, "y": -3.4251668654964469, "x": -4.9066666666666672}, "3": {"_k": 6, "z": 1.9450189271915801, "y": -3.4251668654964469, "x": 4.3333333333333304}, "2": {"z": 1.5623026498068269, "type": "support", "_k": 7, "y": -3.4251668654964469, "x": 4.9066666666666583}, "21": {"_k": 4, "z": 2.6292198739331356, "y": -3.4251668654964469, "x": -3.0000000000000009}, "31": {"_k": 5, "z": 2.3204422575384016, "y": -3.4251668654964469, "x": 3.6666666666666643}, "9": {"z": 1.5000000000000002, "qx": -0.0, "qy": -0.0, "qz": -0.066666666666666652, "_k": 2, "y": -3.425166865496446, "x": -1.6666666666666674}, "8": {"z": 1.5000000000000002, "qx": -0.0, "qy": -0.0, "qz": -0.066666666666666707, "_k": 3, "y": -3.425166865496446, "x": -2.3333333333333348}, "14": {"z": 1.5000000000000002, "qx": -0.0, "qy": -0.0, "qz": -0.066666666666666596, "_k": 2, "y": -3.425166865496446, "x": 1.6666666666666698}, "24": {"_k": 1, "z": 3.1741152264010464, "y": -3.4251668654964469, "x": -1.0000000000000024}, "13": {"z": 1.5000000000000002, "qx": -0.0, "qy": -0.0, "qz": -0.066666666666666916, "_k": 1, "y": -3.425166865496446, "x": 0.99999999999999845}, "23": {"_k": 2, "z": 3.0541490747569018, "y": -3.4251668654964469, "x": -1.6666666666666672}}, "max_int_key": 31, "attributes": {"gkey_node": {"5.000,-3.425,1.500": 19, "-3.667,-3.425,2.320": 20, "1.667,-3.425,1.500": 14, "-5.000,-3.425,1.500": 4, "-1.667,-3.425,3.054": 23, "0.333,-3.425,1.500": 12, "4.907,-3.425,1.562": 2, "1.667,-3.425,3.054": 28, "-3.000,-3.425,2.629": 21, "-4.333,-3.425,1.500": 5, "-4.907,-3.425,1.562": 0, "-3.667,-3.425,1.500": 6, "4.333,-3.425,1.945": 3, "-1.667,-3.425,1.500": 9, "3.000,-3.425,2.629": 30, "-1.000,-3.425,3.174": 24, "4.333,-3.425,1.500": 18, "-1.000,-3.425,1.500": 10, "3.667,-3.425,2.320": 31, "-0.333,-3.425,3.234": 25, "-2.333,-3.425,1.500": 8, "-4.333,-3.425,1.945": 1, "1.000,-3.425,1.500": 13, "3.000,-3.425,1.500": 16, "3.667,-3.425,1.500": 17, "-2.333,-3.425,2.873": 22, "1.000,-3.425,3.174": 27, "-0.333,-3.425,1.500": 11, "2.333,-3.425,2.873": 29, "2.333,-3.425,1.500": 15, "0.333,-3.425,3.234": 26, "-3.000,-3.425,1.500": 7}, "name": "Network", "_aux_length": 0.33000000000000002, "_trails": {"12": [12, 13, 14, 15, 16, 17, 18, 19], "25": [25, 24, 23, 22, 21, 20, 1, 0], "26": [26, 27, 28, 29, 30, 31, 3, 2], "11": [11, 10, 9, 8, 7, 6, 5, 4]}, "tol": "3f", "_auxiliary_trails": {}, "_aux_vector": {"dtype": "compas.geometry/Vector", "value": [-0.0, -0.0, -1.0]}}, "edge_attributes": {"force": 0.0, "type": null, "length": 0.0}, "edge": {"16": {"30": {"force": -0.40000000000000002, "type": "deviation"}, "17": {"length": -0.66666666666666607, "type": "trail"}}, "26": {"27": {"length": 0.66937177578802354, "type": "trail"}}, "15": {"29": {"force": -0.40000000000000002, "type": "deviation"}, "16": {"length": -0.66666666666666696, "type": "trail"}}, "18": {"19": {"length": -0.66666666666666607, "type": "trail"}, "3": {"force": -0.40000000000000002, "type": "deviation"}}, "25": {"26": {"force": 6.0, "type": "deviation"}}, "28": {"29": {"length": 0.69073704503213817, "type": "trail"}}, "10": {"11": {"length": -0.66666666666666652, "type": "trail"}, "24": {"force": -0.40000000000000002, "type": "deviation"}}, "30": {"31": {"length": 0.73470270234351154, "type": "trail"}}, "20": {"21": {"length": 0.73470270234351087, "type": "trail"}}, "17": {"31": {"force": -0.40000000000000002, "type": "deviation"}, "18": {"length": -0.66666666666666785, "type": "trail"}}, "27": {"28": {"length": 0.67737458026173236, "type": "trail"}}, "12": {"13": {"length": -0.66666666666666696, "type": "trail"}, "26": {"force": -0.40000000000000002, "type": "deviation"}}, "22": {"23": {"length": 0.69073704503214661,