{"compas": "1.7.1", "datatype": "compas_cem.diagrams/TopologyDiagram", "data": {"adjacency": {"16": {"15": null, "29": null, "17": null}, "26": {"13": null, "27": null, "25": null}, "15": {"28": null, "14": null, "16": null}, "18": {"17": null, "2": null}, "25": {"12": null, "26": null, "24": null}, "28": {"27": null, "15": null, "29": null}, "10": {"23": null, "9": null, "11": null}, "20": {"21": null, "7": null, "19": null}, "17": {"18": null, "16": null, "3": null}, "27": {"28": null, "26": null, "14": null}, "12": {"13": null, "11": null, "25": null}, "22": {"21": null, "23": null, "9": null}, "19": {"20": null, "6": null, "1": null}, "29": {"28": null, "16": null, "3": null}, "11": {"12": null, "10": null, "24": null}, "5": {"4": null, "6": null, "1": null}, "4": {"0": null, "5": null}, "7": {"20": null, "6": null, "8": null}, "6": {"7": null, "19": null, "5": null}, "1": {"19": null, "0": null, "5": null}, "0": {"4": null, "1": null}, "3": {"17": null, "29": null, "2": null}, "2": {"18": null, "3": null}, "21": {"20": null, "22": null, "8": null}, "9": {"22": null, "8": null, "10": null}, "8": {"7": null, "21": null, "9": null}, "14": {"13": null, "27": null, "15": null}, "24": {"23": null, "11": null, "25": null}, "13": {"12": null, "26": null, "14": null}, "23": {"22": null, "10": null, "24": null}}, "node_attributes": {"z": 0.0, "qx": 0.0, "rx": 0.0, "qy": 0.0, "ry": 0.0, "qz": 0.0, "type": null, "rz": 0.0, "_k": null, "y": 0.0, "x": 0.0}, "node": {"16": {"z": 1.5000000000000002, "qx": -0.0, "qy": -0.0, "qz": -0.071428571428571397, "_k": 5, "y": -3.425166865496446, "x": 3.5714285714285663}, "26": {"_k": 2, "z": 3.1038990601884704, "y": -3.4251668654964469, "x": 1.4285714285714244}, "15": {"z": 1.5000000000000002, "qx": -0.0, "qy": -0.0, "qz": -0.071428571428571425, "_k": 4, "y": -3.425166865496446, "x": 2.8571428571428514}, "18": {"z": 1.5000000000000002, "qx": -0.0, "qy": -0.0, "qz": -0.0357142857142859, "type": "support", "_k": 7, "y": -3.425166865496446, "x": 4.9999999999999973}, "25": {"_k": 1, "z": 3.2077432753933524, "y": -3.4251668654964469, "x": 0.71428571428570919}, "28": {"_k": 4, "z": 2.6865765268288384, "y": -3.4251668654964469, "x": 2.8571428571428523}, "10": {"z": 1.5000000000000002, "qx": -0.0, "qy": -0.0, "qz": -0.071428571428571577, "type": "_origin", "_k": 0, "y": -3.425166865496446, "x": -0.71428571428571697}, "20": {"_k": 3, "z": 2.6865765268288371, "y": -3.4251668654964469, "x": -2.857142857142859}, "17": {"z": 1.5000000000000002, "qx": -0.0, "qy": -0.0, "qz": -0.071428571428571563, "_k": 6, "y": -3.425166865496446, "x": 4.2857142857142794}, "27": {"_k": 3, "z": 2.9316693873300972, "y": -3.4251668654964469, "x": 2.1428571428571357}, "12": {"z": 1.5000000000000002, "qx": -0.0, "qy": -0.0, "qz": -0.07142857142857123, "_k": 1, "y": -3.425166865496446, "x": 0.71428571428571108}, "22": {"_k": 1, "z": 3.1038990601884699, "y": -3.4251668654964469, "x": -1.4285714285714315}, "19": {"_k": 4, "z": 2.3693367690809866, "y": -3.4251668654964469, "x": -3.571428571428573}, "29": {"_k": 5, "z": 2.3693367690809888, "y": -3.4251668654964469, "x": 3.5714285714285632}, "11": {"z": 1.5000000000000002, "qx": -0.0, "qy": -0.0, "qz": -0.071428571428571397, "type": "_origin", "_k": 0, "y": -3.425166865496446, "x": 2.2204460492503131e-16}, "5": {"z": 1.5000000000000002, "qx": -0.0, "qy": -0.0, "qz": -0.071428571428571425, "_k": 5, "y": -3.425166865496446, "x": -4.2857142857142865}, "4": {"z": 1.5000000000000002, "qx": -0.0, "qy": -0.0, "qz": -0.035714285714285719, "type": "support", "_k": 6, "y": -3.425166865496446, "x": -5.0000000000000009}, "7": {"z": 1.5000000000000002, "qx": -0.0, "qy": -0.0, "qz": -0.071428571428571355, "_k": 3, "y": -3.425166865496446, "x": -2.857142857142859}, "6": {"z": 1.5000000000000002, "qx": -0.0, "qy": -0.0, "qz": -0.071428571428571369, "_k": 4, "y": -3.425166865496446, "x": -3.5714285714285725}, "1": {"_k": 5, "z": 1.9739533647282448, "y": -3.4251668654964469, "x": -4.2857142857142865}, "0": {"z": 1.5663534710619547, "type": "support", "_k": 6, "y": -3.4251668654964469, "x": -4.9000000000000012}, "3": {"_k": 6, "z": 1.9739533647282479, "y": -3.4251668654964469, "x": 4.2857142857142794}, "2": {"z": 1.5663534710619604, "type": "support", "_k": 7, "y": -3.4251668654964469, "x": 4.8999999999999915}, "21": {"_k": 2, "z": 2.9316693873300959, "y": -3.4251668654964469, "x": -2.1428571428571446}, "9": {"z": 1.5000000000000002, "qx": -0.0, "qy": -0.0, "qz": -0.071428571428571425, "_k": 1, "y": -3.425166865496446, "x": -1.4285714285714313}, "8": {"z": 1.5000000000000002, "qx": -0.0, "qy": -0.0, "qz": -0.071428571428571397, "_k": 2, "y": -3.425166865496446, "x": -2.1428571428571455}, "14": {"z": 1.5000000000000002, "qx": -0.0, "qy": -0.0, "qz": -0.071428571428571341, "_k": 3, "y": -3.425166865496446, "x": 2.1428571428571379}, "24": {"z": 3.2413167131927958, "type": "_origin", "_k": 0, "y": -3.4251668654964469, "x": -9.7144514654701197e-17}, "13": {"z": 1.5000000000000002, "qx": -0.0, "qy": -0.0, "qz": -0.071428571428571341, "_k": 2, "y": -3.425166865496446, "x": 1.4285714285714248}, "23": {"z": 3.2077432753933524, "type": "_origin", "_k": 0, "y": -3.4251668654964469, "x": -0.71428571428571808}}, "max_int_key": 29, "attributes": {"gkey_node": {"5.000,-3.425,1.500": 18, "3.571,-3.425,2.369": 29, "-1.429,-3.425,1.500": 9, "2.143,-3.425,2.932": 27, "-5.000,-3.425,1.500": 4, "1.429,-3.425,3.104": 26, "-2.143,-3.425,1.500": 8, "4.286,-3.425,1.500": 17, "0.714,-3.425,3.208": 25, "-3.571,-3.425,1.500": 6, "4.900,-3.425,1.566": 2, "0.000,-3.425,3.241": 24, "-4.286,-3.425,1.974": 1, "4.286,-3.425,1.974": 3, "-4.286,-3.425,1.500": 5, "-3.571,-3.425,2.369": 19, "-2.857,-3.425,2.687": 20, "-2.857,-3.425,1.500": 7, "0.000,-3.425,1.500": 11, "2.857,-3.425,2.687": 28, "0.714,-3.425,1.500": 12, "1.429,-3.425,1.500": 13, "-0.714,-3.425,3.208": 23, "-1.429,-3.425,3.104": 22, "2.857,-3.425,1.500": 15, "-0.714,-3.425,1.500": 10, "-2.143,-3.425,2.932": 21, "-4.900,-3.425,1.566": 0, "2.143,-3.425,1.500": 14, "3.571,-3.425,1.500": 16}, "name": "Network", "_aux_length": 0.33000000000000002, "_trails": {"23": [23, 22, 21, 20, 19, 1, 0], "24": [24, 25, 26, 27, 28, 29, 3, 2], "10": [10, 9, 8, 7, 6, 5, 4], "11": [11, 12, 13, 14, 15, 16, 17, 18]}, "tol": "3f", "_auxiliary_trails": {}, "_aux_vector": {"dtype": "compas.geometry/Vector", "value": [-0.0, -0.0, -1.0]}}, "edge_attributes": {"force": 0.0, "type": null, "length": 0.0}, "edge": {"16": {"29": {"force": -0.40000000000000002, "type": "deviation"}, "17": {"length": -0.71428571428571308, "type": "trail"}}, "26": {"27": {"length": 0.73475651874995385, "type": "trail"}}, "15": {"28": {"force": -0.40000000000000002, "type": "deviation"}, "16": {"length": -0.71428571428571486, "type": "trail"}}, "18": {"2": {"force": 0.0, "type": "deviation"}}, "25": {"26": {"length": 0.72179477877314424, "type": "trail"}}, "28": {"29": {"length": 0.78156582929946627, "type": "trail"}}, "10": {"23": {"force": -0.40000000000000002, "type": "deviation"}, "11": {"force": -40.0, "type": "deviation"}}, "20": {"21": {"length": 0.75516527456004134, "type": "trail"}}, "17": {"18": {"length": -0.71428571428571797, "type": "trail"}, "3": {"force": -0.40000000000000002, "type": "deviation"}}, "27": {"28": {"length": 0.75516527456004356, "type": "trail"}}, "12": {"13": {"length": -0.71428571428571375, "type": "trail"}, "25": {"force": -0.40000000000000002, "type": "deviation"}}, "22": {"23": {"length": 0.72179477877314258, "type": "trail"}}, "19": {"20": {"length": 0.78156582929946949, "type": "trail"}}, "29": {"3": {"length": 0.81641418291833878, "type": "trail"}}, "11": {"12": {"length": -0.71428571428571086, "type": "trail"}, "24": {"force": -0.40000000000000002, "type": "deviation"}}, "5": {"6": {"length": -0.71428571428571397, "type": "trail"}, "1": {"force": -0.40000000000000002, "type": "deviation"}}, "4": {"0": {"force": 0.0, "type": "deviation"}, "5": {"length": -0.71428571428571441, "type": "trail"}},