{"compas": "1.7.1", "datatype": "compas_cem.diagrams/FormDiagram", "data": {"adjacency": {"16": {"0": null, "17": null, "24": null}, "26": {"27": null, "18": null, "10": null, "25": null}, "15": {"31": null, "7": null, "14": null}, "18": {"26": null, "19": null, "17": null, "2": null}, "25": {"26": null, "9": null, "17": null, "24": null}, "28": {"12": null, "27": null, "20": null, "29": null}, "10": {"26": null, "9": null, "11": null, "2": null}, "30": {"31": null, "14": null, "22": null, "29": null}, "20": {"28": null, "21": null, "4": null, "19": null}, "17": {"1": null, "18": null, "16": null, "25": null}, "27": {"28": null, "26": null, "19": null, "11": null}, "12": {"28": null, "4": null, "13": null, "11": null}, "22": {"30": null, "21": null, "6": null, "23": null}, "19": {"27": null, "20": null, "18": null, "3": null}, "29": {"28": null, "21": null, "30": null, "13": null}, "11": {"12": null, "27": null, "10": null, "3": null}, "5": {"13": null, "21": null, "4": null, "6": null}, "4": {"12": null, "20": null, "3": null, "5": null}, "7": {"6": null, "15": null, "23": null}, "6": {"7": null, "22": null, "14": null, "5": null}, "1": {"9": null, "0": null, "17": null, "2": null}, "0": {"1": null, "16": null, "8": null}, "3": {"4": null, "19": null, "11": null, "2": null}, "2": {"1": null, "18": null, "3": null, "10": null}, "21": {"20": null, "22": null, "29": null, "5": null}, "31": {"30": null, "15": null, "23": null}, "9": {"25": null, "1": null, "8": null, "10": null}, "8": {"0": null, "9": null, "24": null}, "14": {"30": null, "13": null, "6": null, "15": null}, "24": {"25": null, "8": null, "16": null}, "13": {"12": null, "14": null, "29": null, "5": null}, "23": {"31": null, "7": null, "22": null}}, "node_attributes": {"z": 0.0, "qx": 0.0, "rx": 0.0, "qy": 0.0, "ry": 0.0, "qz": 0.0, "type": null, "rz": 0.0, "_k": null, "y": 0.0, "x": 0.0}, "node": {"16": {"z": 1.7613091126068154, "qx": -0.0, "rx": 77.782331306011685, "qy": -0.0, "ry": 0.26758628430351106, "qz": -0.071428571428571425, "type": "support", "rz": -11.998351274598553, "_k": 3, "y": -3.4340781767527631, "x": -4.9854654403998016}, "26": {"z": 1.5212315643565986, "qx": -0.0, "qy": -0.0, "qz": -0.14285714285714282, "_k": 1, "y": -2.4233320389471102, "x": -2.1426981829435325}, "15": {"z": 3.5636484388947385, "rx": 34.032331306011677, "ry": -0.53241371569648899, "type": "support", "rz": 12.498351274598551, "_k": 3, "y": -2.4541317449801134, "x": 4.9221001651038412}, "18": {"z": 1.5212315643565986, "qx": -0.0, "qy": -0.0, "qz": -0.14285714285714282, "_k": 1, "y": -3.4270016920457818, "x": -2.1426981829435325}, "25": {"z": 1.5636807549994034, "qx": -0.0, "qy": -0.0, "qz": -0.14285714285714279, "_k": 2, "y": -2.4197603077634984, "x": -3.5706343283928774}, "28": {"z": 1.5000000000000002, "qx": -0.0, "qy": -0.0, "qz": -0.14285714285714285, "type": "_origin", "_k": 0, "y": -2.425166865496446, "x": 0.71428571428571286}, "10": {"y": -2.4293531655076483, "x": -2.141814018105773, "z": 3.0054219001456342, "_k": 1}, "30": {"z": 1.5636807549994034, "qx": -0.0, "qy": -0.0, "qz": -0.14285714285714282, "_k": 2, "y": -2.4197603077634984, "x": 3.5706343283928721}, "20": {"z": 1.5000000000000002, "qx": -0.0, "qy": -0.0, "qz": -0.14285714285714285, "type": "_origin", "_k": 0, "y": -3.425166865496446, "x": 0.71428571428571286}, "17": {"z": 1.5636807549994034, "qx": -0.0, "qy": -0.0, "qz": -0.14285714285714279, "_k": 2, "y": -3.4305734232293936, "x": -3.5706343283928774}, "27": {"z": 1.5000000000000002, "qx": -0.0, "qy": -0.0, "qz": -0.14285714285714288, "type": "_origin", "_k": 0, "y": -2.425166865496446, "x": -0.71428571428571608}, "12": {"z": 2.9510000000000014, "type": "_origin", "_k": 0, "y": -2.425166865496446, "x": 0.71428571428571308}, "22": {"z": 1.5636807549994034, "qx": -0.0, "qy": -0.0, "qz": -0.14285714285714282, "_k": 2, "y": -3.4305734232293936, "x": 3.5706343283928721}, "19": {"z": 1.5000000000000002, "qx": -0.0, "qy": -0.0, "qz": -0.14285714285714288, "type": "_origin", "_k": 0, "y": -3.425166865496446, "x": -0.71428571428571608}, "29": {"z": 1.5212315643565986, "qx": -0.0, "qy": -0.0, "qz": -0.14285714285714268, "_k": 1, "y": -2.4233320389471102, "x": 2.142698182943529}, "11": {"z": 2.9510000000000014, "type": "_origin", "_k": 0, "y": -2.425166865496446, "x": -0.71428571428571597}, "5": {"y": -3.4209805654852437, "x": 2.1418140181057685, "z": 3.0054219001456342, "_k": 1}, "4": {"z": 2.9510000000000014, "type": "_origin", "_k": 0, "y": -3.425166865496446, "x": 0.71428571428571308}, "7": {"z": 3.5636484388947385, "rx": 34.032331306011677, "ry": 0.53241371569648899, "type": "support", "rz": 12.498351274598551, "_k": 3, "y": -3.3962019860127786, "x": 4.9221001651038412}, "6": {"y": -3.4124057561296128, "x": 3.5662251496494228, "z": 3.114030037546335, "_k": 2}, "1": {"y": -3.4124057561296128, "x": -3.5662251496494282, "z": 3.114030037546335, "_k": 2}, "0": {"z": 3.563648438894738, "rx": -34.032331306011685, "ry": 0.53241371569648899, "type": "support", "rz": 12.498351274598551, "_k": 3, "y": -3.3962019860127786, "x": -4.9221001651038456}, "3": {"z": 2.9510000000000014, "type": "_origin", "_k": 0, "y": -3.425166865496446, "x": -0.71428571428571597}, "2": {"y": -3.4209805654852437, "x": -2.141814018105773, "z": 3.0054219001456342, "_k": 1}, "21": {"z": 1.5212315643565986, "qx": -0.0, "qy": -0.0, "qz": -0.14285714285714268, "_k": 1, "y": -3.4270016920457818, "x": 2.142698182943529}, "31": {"z": 1.7613091126068157, "qx": -0.0, "rx": -77.782331306011685, "qy": -0.0, "ry": -0.26758628430351106, "qz": -0.071428571428571536, "type": "support", "rz": -11.998351274598553, "_k": 3, "y": -2.4162555542401289, "x": 4.985465440399798}, "9": {"y": -2.4379279748632792, "x": -3.5662251496494282, "z": 3.114030037546335, "_k": 2}, "8": {"z": 3.563648438894738, "rx": -34.032331306011685, "ry": -0.53241371569648899, "type": "support", "rz": 12.498351274598551, "_k": 3, "y": -2.4541317449801134, "x": -4.9221001651038456}, "14": {"y": -2.4379279748632792, "x": 3.5662251496494228, "z": 3.114030037546335, "_k": 2}, "24": {"z": 1.7613091126068154, "qx": -0.0, "rx": 77.782331306011685, "qy": -0.0, "ry": -0.26758628430351106, "qz": -0.071428571428571425, "type": "support", "rz": -11.998351274598553, "_k": 3, "y": -2.4162555542401289, "x": -4.9854654403998016}, "13": {"y": -2.4293531655076483, "x": 2.1418140181057685, "z": 3.0054219001456342, "_k": 1}, "23": {"z": 1.7613091126068157, "qx": -0.0, "rx": -77.782331306011685, "qy": -0.0, "ry": 0.26758628430351106, "qz": -0.071428571428571536, "type": "support", "rz": -11.998351274598553, "_k": 3, "y": -3.4340781767527631, "x": 4.985465440399798}}, "max_int_key": 31, "attributes": {"gkey_node": {"5.000,-3.425,1.500": 23, "4.922,-2.454,3.564": 15, "-4.985,-3.434,1.761": 16, "4.985,-2.416,1.761": 31, "-3.571,-2.425,1.500": 25, "-3.566,-3.412,3.114": 1, "4.922,-3.396,3.564": 7, "-5.000,-3.425,1.500": 16, "-4.985,-2.416,1.761": 24, "-3.566,-2.438,3.114": 9, "-3.571,-3.431,1.564": 17, "-2.143,-2.425,2.951": 10, "-2.143,-3.425,1.500": 18, "-3.571,-3.425,2.951": 1, "2.143,-3.427,1.521": 21, "3.571,-3.431,1.564": 22, "-5.000,-3.425,2.951": 0, "2.143,-2.425,1.500": 29, "-4.922,-3.396,3.564": 0, "-3.571,-3.425,1.500": 17, "-0.714,-3.425,2.951": 3, "5.000,-2.425,1.500": 31, "3.566,-2.438,3.114": 14, "3.571,-2.420,1.564": 30, "-5.000,-2.425,1.500": 24, "0.714,-2.425,1.500": 28, "-2.143,-3.427,1.521": 18, "-2.143,-2.425,1.500": 26, "5.000,-2.425,2.951": 15, "5.000,-3.425,2.951": 7, "3.566,-3.412,3.114": 6, "-0.714,-2.425,1.500": 27, "3.571,-2.425,1.500": 30, "-2.143,-3.425,2.951": 2, "-3.571,-2.425,2.951": 9, "0.714,-3.425,1.500": 20, "-5.000,-2.425,2.951": 8, "-2.142,-3.421,3.005": 2, "-2.142,-2.429,3.005": 10, "4.985,-3.434,1.761": 23, "-3.571,-2.420,1.564": 25, "0.714,-3.425,2.951": 4, "-0.714,-2.425,2.951": 11, "0.714,-2.425,2.951": 12, "2.142,-2.429,3.005": 13, "-2.143,-2.423,1.521": 26, "-0.714,-3.425,1.500": 19, "2.142,-3.421,3.005": 5, "2.143,-2.425,2.951": 13,