{"compas": "1.7.1", "datatype": "compas_cem.diagrams/FormDiagram", "data": {"adjacency": {"16": {"15": null, "17": null}, "15": {"25": null, "16": null, "2": null}, "18": {"17": null}, "25": {"21": null, "15": null, "2": null}, "10": {"9": null, "11": null}, "20": {"21": null, "6": null, "11": null}, "17": {"18": null, "16": null}, "12": {"13": null, "0": null, "24": null}, "22": {"23": null}, "19": {"4": null, "14": null, "8": null}, "11": {"20": null, "6": null, "10": null}, "5": {"4": null}, "4": {"19": null, "14": null, "8": null, "5": null}, "7": {"6": null}, "6": {"7": null, "21": null, "20": null, "11": null}, "1": {"0": null}, "0": {"12": null, "13": null, "14": null, "1": null}, "3": {"2": null}, "2": {"21": null, "15": null, "3": null, "25": null}, "21": {"25": null, "20": null, "6": null, "2": null}, "9": {"8": null, "10": null}, "8": {"4": null, "19": null, "9": null}, "14": {"4": null, "13": null, "19": null, "0": null}, "24": {"12": null, "23": null}, "13": {"12": null, "14": null, "0": null}, "23": {"22": null, "24": null}}, "node_attributes": {"z": 0.0, "qx": 0.0, "rx": 0.0, "qy": 0.0, "ry": 0.0, "qz": 0.0, "type": null, "rz": 0.0, "_k": null, "y": 0.0, "x": 0.0}, "node": {"16": {"z": 1.4113723202131681, "qx": -0.0, "qy": -0.0, "qz": -0.10230554074325343, "_k": 6, "y": -3.425166865496446, "x": 2.956850019885302}, "15": {"z": 1.4534888389457139, "qx": -0.0, "qy": -0.0, "qz": -0.057825456892252318, "_k": 5, "y": -3.425166865496446, "x": 1.9346618308372476}, "18": {"z": 1.3863761732460531, "qx": -0.0, "rx": 5.2947202361519592, "qy": -0.0, "ry": -0.0, "qz": -0.05115279568383501, "type": "support", "rz": 0.037609173633648706, "_k": 8, "y": -3.425166865496446, "x": 5.0027131303409931}, "25": {"z": 1.4588782009561028, "qx": -0.0, "qy": -0.0, "qz": -0.013345312183886477, "_k": 4, "y": -3.425166865496446, "x": 1.8013170289079754}, "10": {"z": 1.4435756130207222, "qx": -0.0, "qy": -0.0, "qz": -0.093410662299575592, "type": "_origin", "_k": 0, "y": -3.425166865496446, "x": 0.4670531717105606}, "20": {"z": 1.4621524997367625, "qx": -0.0, "qy": -0.0, "qz": -0.013345312183886578, "_k": 2, "y": -3.425166865496446, "x": 1.5344519172299294}, "17": {"z": 1.3889930890948721, "qx": -0.0, "qy": -0.0, "qz": -0.10230556292018339, "_k": 7, "y": -3.425166865496446, "x": 3.9796605636268927}, "12": {"z": 1.4534888389457137, "qx": -0.0, "qy": -0.0, "qz": -0.057825456892252394, "_k": 5, "y": -3.425166865496446, "x": -1.9346618308372521}, "22": {"z": 1.3863761732460527, "qx": -0.0, "rx": -5.2947202361519565, "qy": -0.0, "ry": -0.0, "qz": -0.051152795683835031, "type": "support", "rz": 0.037609173633648699, "_k": 8, "y": -3.425166865496446, "x": -5.0027131303409984}, "19": {"z": 1.4621524997367625, "qx": -0.0, "qy": -0.0, "qz": -0.013345312183886468, "_k": 2, "y": -3.425166865496446, "x": -1.5344519172299333}, "11": {"z": 1.4600363668997647, "qx": -0.0, "qy": -0.0, "qz": -0.053378028513866575, "_k": 1, "y": -3.425166865496446, "x": 1.4010150280041525}, "5": {"z": 0.0063984020501275385, "rx": 0.024742405444446218, "ry": -0.0, "type": "support", "rz": 0.23261410658229811, "_k": 1, "y": -3.425166865496446, "x": -1.6947643339830669}, "4": {"z": 1.3417508034169587, "type": "_origin", "_k": 0, "y": -3.425166865496446, "x": -1.5527272451268774}, "7": {"z": 0.0063984020501284267, "rx": -0.024742405444447807, "ry": -0.0, "type": "support", "rz": 0.23261410658229748, "_k": 1, "y": -3.425166865496446, "x": 1.6947643339830738}, "6": {"z": 1.3417508034169587, "type": "_origin", "_k": 0, "y": -3.425166865496446, "x": 1.5527272451268748}, "1": {"z": 0.010143318563274439, "rx": -0.030022169292489714, "ry": -0.0, "type": "support", "rz": 0.23019064880187107, "_k": 1, "y": -3.425166865496446, "x": -1.6069337624647051}, "0": {"z": 1.3417508034169587, "type": "_origin", "_k": 0, "y": -3.425166865496446, "x": -1.7806060882064569}, "3": {"z": 0.010143318563273773, "rx": 0.030022169292488365, "ry": -0.0, "type": "support", "rz": 0.23019064880187168, "_k": 1, "y": -3.425166865496446, "x": 1.6069337624647106}, "2": {"z": 1.3417508034169587, "type": "_origin", "_k": 0, "y": -3.425166865496446, "x": 1.7806060882064543}, "21": {"z": 1.4621470416703517, "qx": -0.0, "qy": -0.0, "qz": -0.013345257597078455, "_k": 3, "y": -3.425166865496446, "x": 1.6679044930890998}, "9": {"z": 1.4435756130207222, "qx": -0.0, "qy": -0.0, "qz": -0.093410662299575536, "type": "_origin", "_k": 0, "y": -3.425166865496446, "x": -0.46705317171056593}, "8": {"z": 1.4600363668997647, "qx": -0.0, "qy": -0.0, "qz": -0.053378028513866492, "_k": 1, "y": -3.425166865496446, "x": -1.4010150280041573}, "14": {"z": 1.4621470416703517, "qx": -0.0, "qy": -0.0, "qz": -0.013345257597078435, "_k": 3, "y": -3.425166865496446, "x": -1.6679044930891027}, "24": {"z": 1.4113723202131678, "qx": -0.0, "qy": -0.0, "qz": -0.10230554074325349, "_k": 6, "y": -3.425166865496446, "x": -2.9568500198853069}, "13": {"z": 1.4588782009561028, "qx": -0.0, "qy": -0.0, "qz": -0.013345312183886567, "_k": 4, "y": -3.425166865496446, "x": -1.8013170289079792}, "23": {"z": 1.3889930890948716, "qx": -0.0, "qy": -0.0, "qz": -0.10230556292018345, "_k": 7, "y": -3.425166865496446, "x": -3.9796605636268985}}, "max_int_key": 25, "attributes": {"gkey_node": {"5.000,-3.425,1.500": 18, "-1.725,-3.425,0.000": 1, "-1.935,-3.425,1.453": 12, "1.667,-3.425,1.500": 21, "5.003,-3.425,1.386": 18, "1.534,-3.425,1.462": 20, "-1.400,-3.425,1.482": 8, "-5.000,-3.425,1.500": 22, "1.400,-3.425,1.482": 11, "-1.800,-3.425,1.491": 13, "-1.534,-3.425,1.491": 19, "-1.553,-3.425,1.342": 4, "-1.781,-3.425,1.342": 0, "-5.003,-3.425,1.386": 22, "1.668,-3.425,1.462": 21, "1.553,-3.425,1.342": 6, "1.933,-3.425,1.482": 15, "3.980,-3.425,1.389": 17, "-1.607,-3.425,0.010": 1, "-1.933,-3.425,1.482": 12, "-1.695,-3.425,0.006": 5, "-1.667,-3.425,1.500": 14, "1.801,-3.425,1.459": 25, "-2.957,-3.425,1.411": 24, "2.955,-3.425,1.442": 16, "1.695,-3.425,0.006": 7, "-1.401,-3.425,1.460": 8, "2.957,-3.425,1.411": 16, "1.401,-3.425,1.460": 11, "0.467,-3.425,1.444": 10, "1.607,-3.425,0.010": 3, "3.978,-3.425,1.448": 17, "-0.467,-3.425,1.444": 9, "1.800,-3.425,1.491": 25, "1.781,-3.425,1.342": 2, "1.534,-3.425,1.491": 20, "1.608,-3.425,0.000": 7, "-1.608,-3.425,0.000": 5, "-3.980,-3.425,1.389": 23, "1.725,-3.425,0.000": 3, "-3.978,-3.425,1.448": 23, "-2.955,-3.425,1.442": 24, "-1.801,-3.425,1.459": 13, "-1.668,-3.425,1.462": 14, "-1.534,-3.425,1.462": 19, "1.935,-3.425,1.453": 15}, "name": "Network", "tol": "3f"}, "edge_attributes": {"force": 0.0, "type": null, "length": 0.0}, "edge": {"16": {"17": {"force": 5.2959874823091644, "length": 1.0230553447269677, "type": "trail"}}, "15": {"16": {"force": 5.2992125701341939, "length": 1.0230554701381005, "type": "trail"}, "2": {"force": -0.10000000000000001, "type": "deviation", "length": 0.190311745358374}}, "18": {}, "25": {"15": {"force": 5.380058208130631, "length": 0.13345366770694564, "type": "trail"}}, "10": {"11": {"force": 5.300823101352397, "length": 0.93410690257038476, "type": "trail"}}, "20": {"21": {"force": 5.3938695727781543, "length": 0.133452575970785, "type": "trail"}}, "17": {"18": {"force": 5.2947375580679443, "length": 1.0230559136767006, "type": "trail"}}, "12": {"13": {"force": 5.3800582081306301, "length": 0.13345366770694631, "type": "trail"}, "0": {"force": -0.10000000000000001, "type": "deviation", "length": 0.19031174535837531}}, "22": {"23": {"force": 5.2947375580679417, "length": 1.0230559136767001, "type": "trail"}}, "19": {"8": {"force": 5.3795391680688098, "length": 0.13345366770694556, "type": "trail"}}, "11": {"20": {"force": 5.3795391680688098, "length": 0.13345366770694642, "type": "trail"}, "6": {"force": -0.10000000000000001, "type": "deviation", "length": 0.19237481995504754}}, "5": {}, "4": {"19": {"force": -0.10000000000000001, "type": "deviation", "length": 0.12178077059383012}, "5": {"force": -0.23392629011775934, "length": 1.3428851665153294, "type": "trail"}}, "7": {}, "6": {"7": {"force": -0.23392629011775887,