{"compas": "1.7.1", "datatype": "compas_cem.diagrams/TopologyDiagram", "data": {"adjacency": {"16": {"15": null, "17": null}, "15": {"25": null, "16": null, "2": null}, "18": {"17": null}, "25": {"21": null, "15": null, "2": null}, "10": {"9": null, "11": null}, "20": {"21": null, "6": null, "11": null}, "17": {"18": null, "16": null}, "12": {"13": null, "0": null, "24": null}, "22": {"23": null}, "19": {"4": null, "14": null, "8": null}, "11": {"20": null, "6": null, "10": null}, "5": {"4": null}, "4": {"19": null, "14": null, "8": null, "5": null}, "7": {"6": null}, "6": {"7": null, "21": null, "20": null, "11": null}, "1": {"0": null}, "0": {"12": null, "13": null, "14": null, "1": null}, "3": {"2": null}, "2": {"21": null, "15": null, "3": null, "25": null}, "21": {"25": null, "20": null, "6": null, "2": null}, "9": {"8": null, "10": null}, "8": {"4": null, "19": null, "9": null}, "14": {"4": null, "13": null, "19": null, "0": null}, "24": {"12": null, "23": null}, "13": {"12": null, "14": null, "0": null}, "23": {"22": null, "24": null}}, "node_attributes": {"z": 0.0, "qx": 0.0, "rx": 0.0, "qy": 0.0, "ry": 0.0, "qz": 0.0, "type": null, "rz": 0.0, "_k": null, "y": 0.0, "x": 0.0}, "node": {"16": {"z": 1.4419003040245055, "qx": -0.0, "qy": -0.0, "qz": -0.10230554074325343, "_k": 6, "y": -3.425166865496446, "x": 2.9552331619764822}, "15": {"z": 1.4819911816569964, "qx": -0.0, "qy": -0.0, "qz": -0.057825456892252318, "_k": 5, "y": -3.425166865496446, "x": 1.9329635221504005}, "18": {"z": 1.5000000000000002, "qx": -0.0, "qy": -0.0, "qz": -0.05115279568383501, "type": "support", "_k": 8, "y": -3.425166865496446, "x": 4.9999999999999947}, "25": {"z": 1.490605961830773, "qx": -0.0, "qy": -0.0, "qz": -0.013345312183886477, "_k": 4, "y": -3.425166865496446, "x": 1.7997881979082822}, "10": {"z": 1.4435756130207222, "qx": -0.0, "qy": -0.0, "qz": -0.093410662299575592, "type": "_origin", "_k": 0, "y": -3.425166865496446, "x": 0.4670531717105606}, "20": {"z": 1.4906059618307728, "qx": -0.0, "qy": -0.0, "qz": -0.013345312183886578, "_k": 2, "y": -3.425166865496446, "x": 1.5335451354250458}, "17": {"z": 1.4479144566075881, "qx": -0.0, "qy": -0.0, "qz": -0.10230556292018339, "_k": 7, "y": -3.425166865496446, "x": 3.9782708290949134}, "12": {"z": 1.4819911816569964, "qx": -0.0, "qy": -0.0, "qz": -0.057825456892252394, "_k": 5, "y": -3.4251668654964464, "x": -1.9329635221504047}, "22": {"z": 1.5000000000000004, "qx": -0.0, "qy": -0.0, "qz": -0.051152795683835031, "type": "support", "_k": 8, "y": -3.4251668654964464, "x": -5.0000000000000009}, "19": {"z": 1.4906059618307728, "qx": -0.0, "qy": -0.0, "qz": -0.013345312183886468, "_k": 2, "y": -3.425166865496446, "x": -1.5335451354250496}, "11": {"z": 1.4819911816569962, "qx": -0.0, "qy": -0.0, "qz": -0.053378028513866575, "_k": 1, "y": -3.425166865496446, "x": 1.4003698111829266}, "5": {"z": 1.7763568394002506e-16, "type": "support", "_k": 1, "y": -3.4251668654964469, "x": -1.6079119529438972}, "4": {"z": 1.3417508034169587, "type": "_origin", "_k": 0, "y": -3.425166865496446, "x": -1.5527272451268774}, "7": {"z": 1.7763568394002506e-16, "type": "support", "_k": 1, "y": -3.425166865496446, "x": 1.6079119529438981}, "6": {"z": 1.3417508034169587, "type": "_origin", "_k": 0, "y": -3.425166865496446, "x": 1.5527272451268748}, "1": {"z": 1.7763568394002506e-16, "type": "support", "_k": 1, "y": -3.4251668654964447, "x": -1.7254213803894325}, "0": {"z": 1.3417508034169587, "type": "_origin", "_k": 0, "y": -3.425166865496446, "x": -1.7806060882064569}, "3": {"z": 1.7763568394002506e-16, "type": "support", "_k": 1, "y": -3.4251668654964478, "x": 1.7254213803894363}, "2": {"z": 1.3417508034169587, "type": "_origin", "_k": 0, "y": -3.425166865496446, "x": 1.7806060882064543}, "21": {"z": 1.5, "qx": -0.0, "qy": -0.0, "qz": -0.013345257597078455, "_k": 3, "y": -3.425166865496446, "x": 1.6666666666666645}, "9": {"z": 1.4435756130207222, "qx": -0.0, "qy": -0.0, "qz": -0.093410662299575536, "type": "_origin", "_k": 0, "y": -3.425166865496446, "x": -0.46705317171056593}, "8": {"z": 1.4819911816569962, "qx": -0.0, "qy": -0.0, "qz": -0.053378028513866492, "_k": 1, "y": -3.425166865496446, "x": -1.4003698111829312}, "14": {"z": 1.5000000000000002, "qx": -0.0, "qy": -0.0, "qz": -0.013345257597078435, "_k": 3, "y": -3.425166865496446, "x": -1.666666666666667}, "24": {"z": 1.4419003040245055, "qx": -0.0, "qy": -0.0, "qz": -0.10230554074325349, "_k": 6, "y": -3.4251668654964464, "x": -2.9552331619764871}, "13": {"z": 1.490605961830773, "qx": -0.0, "qy": -0.0, "qz": -0.013345312183886567, "_k": 4, "y": -3.4251668654964464, "x": -1.7997881979082855}, "23": {"z": 1.4479144566075881, "qx": -0.0, "qy": -0.0, "qz": -0.10230556292018345, "_k": 7, "y": -3.4251668654964464, "x": -3.9782708290949191}}, "max_int_key": 25, "attributes": {"gkey_node": {"5.000,-3.425,1.500": 18, "-1.725,-3.425,0.000": 1, "1.667,-3.425,1.500": 21, "-1.400,-3.425,1.482": 8, "-5.000,-3.425,1.500": 22, "1.400,-3.425,1.482": 11, "-1.800,-3.425,1.491": 13, "-1.534,-3.425,1.491": 19, "-1.553,-3.425,1.342": 4, "-1.781,-3.425,1.342": 0, "1.553,-3.425,1.342": 6, "1.933,-3.425,1.482": 15, "-1.933,-3.425,1.482": 12, "-1.667,-3.425,1.500": 14, "2.955,-3.425,1.442": 16, "0.467,-3.425,1.444": 10, "3.978,-3.425,1.448": 17, "-0.467,-3.425,1.444": 9, "1.800,-3.425,1.491": 25, "1.781,-3.425,1.342": 2, "1.534,-3.425,1.491": 20, "1.608,-3.425,0.000": 7, "-1.608,-3.425,0.000": 5, "1.725,-3.425,0.000": 3, "-3.978,-3.425,1.448": 23, "-2.955,-3.425,1.442": 24}, "name": "Network", "_aux_length": 0.33000000000000002, "_trails": {"0": [0, 1], "2": [2, 3], "4": [4, 5], "6": [6, 7], "9": [9, 8, 19, 14, 13, 12, 24, 23, 22], "10": [10, 11, 20, 21, 25, 15, 16, 17, 18]}, "tol": "3f", "_auxiliary_trails": {}, "_aux_vector": {"dtype": "compas.geometry/Vector", "value": [-0.0, -0.0, -1.0]}}, "edge_attributes": {"force": 0.0, "type": null, "length": 0.0}, "edge": {"16": {"17": {"length": 1.0230553447269677, "type": "trail"}}, "15": {"16": {"length": 1.0230554701381007, "type": "trail"}, "2": {"force": -0.10000000000000001, "type": "deviation"}}, "18": {}, "25": {"15": {"length": 0.13345366770694556, "type": "trail"}}, "10": {"11": {"length": 0.93410690257038498, "type": "trail"}}, "20": {"21": {"length": 0.13345257597078511, "type": "trail"}}, "17": {"18": {"length": 1.0230559136767001, "type": "trail"}}, "12": {"13": {"length": 0.13345366770694642, "type": "trail"}, "0": {"force": -0.10000000000000001, "type": "deviation"}}, "22": {"23": {"length": 1.0230559136767006, "type": "trail"}}, "19": {"8": {"length": 0.13345366770694556, "type": "trail"}}, "11": {"20": {"length": 0.13345366770694642, "type": "trail"}, "6": {"force": -0.10000000000000001, "type": "deviation"}}, "5": {}, "4": {"19": {"force": -0.10000000000000001, "type": "deviation"}, "5": {"length": -1.3428851665153292, "type": "trail"}}, "7": {}, "6": {"7": {"length": -1.3428851665153294, "type": "trail"}, "20": {"force": -0.10000000000000001, "type": "deviation"}}, "1": {}, "0": {"13": {"force": -0.10000000000000001, "type": "deviation"}, "1": {"length": -1.3428851665153294, "type": "trail"}}, "3": {}, "2": {"3": {"length": -1.3428851665153292, "type": "trail"}, "25": {"force": -0.10000000000000001, "type": "deviation"}}, "21": {"25": {"length": 0.13345257597078397, "type": "trail"}, "6": {"force": -0.10000000000000001, "type": "deviation"}, "2": {"force": -0.10000000000000001, "type": "deviation"}}, "9": {"10": {"force": 5.2999999999999998, "type": "deviation"}}, "8": {"4": {"force": -0.10000000000000001, "type": "deviation"}, "9": {"length": 0.93410690257038431, "type": "trail"}}, "14": {"4": {"force": -0.10000000000000001, "type": "deviation"}, "19": {"length": 0.1334525759707838, "type": "trail"}, "0": {"force": -0.10000000000000001, "type": "deviation"}}, "24": {"12": {"length": 1.0230554701381014, "type": "trail"}}, "13": {"14": {"length": 0.13345257597078489, "type": "trail"}}, "23": {"24": {"length": 1.0230553447269686,