{"compas": "1.7.1", "datatype": "compas_cem.diagrams/TopologyDiagram", "data": {"adjacency": {"16": {"15": null, "0": null, "17": null}, "26": {"27": null, "6": null, "14": null}, "15": {"33": null, "0": null, "16": null}, "18": {"19": null, "34": null, "2": null}, "25": {"4": null, "8": null, "17": null}, "28": {"29": null}, "10": {"9": null, "11": null}, "30": {"31": null, "29": null}, "20": {"21": null, "19": null}, "17": {"4": null, "0": null, "16": null, "25": null}, "27": {"26": null, "6": null, "34": null, "2": null}, "12": {"13": null, "11": null}, "32": {"31": null, "33": null}, "22": {"21": null, "23": null}, "19": {"20": null, "18": null}, "29": {"28": null, "30": null}, "11": {"12": null, "10": null}, "5": {"4": null}, "4": {"25": null, "5": null, "8": null, "17": null}, "7": {"6": null}, "6": {"7": null, "26": null, "14": null, "27": null}, "1": {"0": null}, "0": {"1": null, "15": null, "17": null, "16": null}, "3": {"2": null}, "2": {"27": null, "18": null, "34": null, "3": null}, "21": {"20": null, "22": null}, "31": {"30": null, "32": null}, "9": {"8": null, "10": null}, "8": {"4": null, "9": null, "25": null}, "14": {"13": null, "26": null, "6": null}, "34": {"27": null, "18": null, "2": null}, "24": {"23": null}, "13": {"12": null, "14": null}, "33": {"32": null, "15": null}, "23": {"22": null, "24": null}}, "node_attributes": {"z": 0.0, "qx": 0.0, "rx": 0.0, "qy": 0.0, "ry": 0.0, "qz": 0.0, "type": null, "rz": 0.0, "_k": null, "y": 0.0, "x": 0.0}, "node": {"16": {"z": 1.490605961830773, "qx": -0.0, "qy": -0.0, "qz": -0.013345312183886567, "_k": 5, "y": -3.4251668654964464, "x": -1.7997881979082855}, "26": {"z": 1.4906059618307728, "qx": -0.0, "qy": -0.0, "qz": -0.013345312183886578, "_k": 4, "y": -3.425166865496446, "x": 1.5335451354250458}, "15": {"z": 1.4819911816569964, "qx": -0.0, "qy": -0.0, "qz": -0.032250680641503604, "_k": 6, "y": -3.4251668654964464, "x": -1.9329635221504047}, "18": {"z": 1.4819911816569964, "qx": -0.0, "qy": -0.0, "qz": -0.032250680641503507, "_k": 7, "y": -3.425166865496446, "x": 1.9329635221504005}, "25": {"z": 1.4906059618307728, "qx": -0.0, "qy": -0.0, "qz": -0.013345312183886468, "_k": 3, "y": -3.425166865496446, "x": -1.5335451354250496}, "28": {"z": 1.5000000000000004, "qx": -0.0, "qy": -0.0, "qz": -0.025578003392627564, "type": "support", "_k": 12, "y": -3.4251668654964464, "x": -5.0000000000000009}, "10": {"z": 1.4435756130207222, "qx": -0.0, "qy": -0.0, "qz": -0.046707795193470111, "type": "_origin", "_k": 0, "y": -3.425166865496446, "x": -0.46705317171056593}, "30": {"z": 1.4479144566075881, "qx": -0.0, "qy": -0.0, "qz": -0.051155998381710241, "_k": 10, "y": -3.4251668654964464, "x": -3.9782708290949191}, "20": {"z": 1.4419003040245055, "qx": -0.0, "qy": -0.0, "qz": -0.051155993440399061, "_k": 9, "y": -3.425166865496446, "x": 2.9552331619764822}, "17": {"z": 1.5000000000000002, "qx": -0.0, "qy": -0.0, "qz": -0.013345257597078435, "_k": 4, "y": -3.425166865496446, "x": -1.666666666666667}, "27": {"z": 1.5, "qx": -0.0, "qy": -0.0, "qz": -0.013345257597078455, "_k": 5, "y": -3.425166865496446, "x": 1.6666666666666645}, "12": {"z": 1.4435756130207222, "qx": -0.0, "qy": -0.0, "qz": -0.046707795193470139, "_k": 1, "y": -3.425166865496446, "x": 0.4670531717105606}, "32": {"z": 1.4419003040245055, "qx": -0.0, "qy": -0.0, "qz": -0.051155993440399061, "_k": 8, "y": -3.4251668654964464, "x": -2.9552331619764871}, "22": {"z": 1.4479144566075881, "qx": -0.0, "qy": -0.0, "qz": -0.051155998381710234, "_k": 11, "y": -3.425166865496446, "x": 3.9782708290949134}, "19": {"z": 1.4562092790417318, "qx": -0.0, "qy": -0.0, "qz": -0.051155994895511328, "_k": 8, "y": -3.425166865496446, "x": 2.4438733683580374}, "29": {"z": 1.4682362502690016, "qx": -0.0, "qy": -0.0, "qz": -0.051156003093578345, "_k": 11, "y": -3.4251668654964464, "x": -4.4894270206676303}, "11": {"z": 1.4387689715084189, "qx": -0.0, "qy": -0.0, "qz": -0.046707790464495823, "type": "_origin", "_k": 0, "y": -3.425166865496446, "x": -2.5951463200613034e-15}, "5": {"z": 1.7763568394002506e-16, "type": "support", "_k": 1, "y": -3.4251668654964469, "x": -1.6079119529438972}, "4": {"z": 1.3417508034169587, "type": "_origin", "_k": 0, "y": -3.425166865496446, "x": -1.5527272451268774}, "7": {"z": 1.7763568394002506e-16, "type": "support", "_k": 1, "y": -3.425166865496446, "x": 1.6079119529438981}, "6": {"z": 1.3417508034169587, "type": "_origin", "_k": 0, "y": -3.425166865496446, "x": 1.5527272451268748}, "1": {"z": 1.7763568394002506e-16, "type": "support", "_k": 1, "y": -3.4251668654964447, "x": -1.7254213803894325}, "0": {"z": 1.3417508034169587, "type": "_origin", "_k": 0, "y": -3.425166865496446, "x": -1.7806060882064569}, "3": {"z": 1.7763568394002506e-16, "type": "support", "_k": 1, "y": -3.4251668654964478, "x": 1.7254213803894363}, "2": {"z": 1.3417508034169587, "type": "_origin", "_k": 0, "y": -3.425166865496446, "x": 1.7806060882064543}, "21": {"z": 1.4391613895793725, "qx": -0.0, "qy": -0.0, "qz": -0.051155994481803385, "_k": 10, "y": -3.425166865496446, "x": 3.4667857458101983}, "31": {"z": 1.4391613895793725, "qx": -0.0, "qy": -0.0, "qz": -0.051155994481803434, "_k": 9, "y": -3.4251668654964464, "x": -3.4667857458102036}, "9": {"z": 1.4579892716282397, "qx": -0.0, "qy": -0.0, "qz": -0.046707809721521359, "_k": 1, "y": -3.425166865496446, "x": -0.93390872089580979}, "8": {"z": 1.4819911816569962, "qx": -0.0, "qy": -0.0, "qz": -0.03002659314564644, "_k": 2, "y": -3.425166865496446, "x": -1.4003698111829312}, "14": {"z": 1.4819911816569962, "qx": -0.0, "qy": -0.0, "qz": -0.030026593145646485, "_k": 3, "y": -3.425166865496446, "x": 1.4003698111829266}, "34": {"z": 1.490605961830773, "qx": -0.0, "qy": -0.0, "qz": -0.013345312183886477, "_k": 6, "y": -3.425166865496446, "x": 1.7997881979082822}, "24": {"z": 1.5000000000000002, "qx": -0.0, "qy": -0.0, "qz": -0.025578003392627519, "type": "support", "_k": 13, "y": -3.425166865496446, "x": 4.9999999999999947}, "13": {"z": 1.4579892716282399, "qx": -0.0, "qy": -0.0, "qz": -0.046707809721521401, "_k": 2, "y": -3.425166865496446, "x": 0.93390872089580512}, "33": {"z": 1.4562092790417316, "qx": -0.0, "qy": -0.0, "qz": -0.05115599489551137, "_k": 7, "y": -3.4251668654964464, "x": -2.4438733683580427}, "23": {"z": 1.4682362502690016, "qx": -0.0, "qy": -0.0, "qz": -0.051156003093578324, "_k": 12, "y": -3.425166865496446, "x": 4.489427020667625}}, "max_int_key": 34, "attributes": {"gkey_node": {"5.000,-3.425,1.500": 24, "-1.725,-3.425,0.000": 1, "1.667,-3.425,1.500": 27, "4.489,-3.425,1.468": 23, "-4.489,-3.425,1.468": 29, "-1.400,-3.425,1.482": 8, "-5.000,-3.425,1.500": 28, "1.400,-3.425,1.482": 14, "3.467,-3.425,1.439": 21, "-1.800,-3.425,1.491": 16, "-3.467,-3.425,1.439": 31, "-1.534,-3.425,1.491": 25, "-2.444,-3.425,1.456": 33, "-1.553,-3.425,1.342": 4, "-1.781,-3.425,1.342": 0, "0.934,-3.425,1.458": 13, "1.553,-3.425,1.342": 6, "1.933,-3.425,1.482": 18, "-1.933,-3.425,1.482": 15, "0.000,-3.425,1.439": 11, "-1.667,-3.425,1.500": 17, "-0.934,-3.425,1.458": 9, "2.955,-3.425,1.442": 20, "0.467,-3.425,1.444": 12, "3.978,-3.425,1.448": 22, "-0.467,-3.425,1.444": 10, "1.800,-3.425,1.491": 34, "2.444,-3.425,1.456": 19, "1.781,-3.425,1.342": 2, "1.534,-3.425,1.491": 26, "1.608,-3.425,0.000": 7, "-1.608,-3.425,0.000": 5, "1.725,-3.425,0.000": 3, "-3.978,-3.425,1.448": 30, "-2.955,-3.425,1.442": 32}, "name": "Network", "_aux_length": 0.33000000000000002, "_trails": {"0": [0, 1], "2": [2, 3], "4": [4, 5], "6": [6, 7], "10": [10, 9, 8, 25, 17, 16, 15, 33, 32, 31, 30, 29, 28], "11": [11, 12, 13, 14, 26, 27, 34, 18, 19, 20, 21, 22, 23, 24]}, "tol": "3f", "_auxiliary_trails": {}, "_aux_vector": {"dtype": "compas.geometry/Vector", "value": [-0.0, -0.0, -1.0]}}, "edge_attributes": {"force": 0.0, "type": null, "length": 0.0}, "edge": {"16": {"17": {"length": 0.13345257597078489, "type": "trail"}}, "26": {"27": {"length": 0.13345257597078511, "type": "trail"}}, "15": {"0": {"force": -0.10000000000000001,