{"compas": "1.7.1", "datatype": "compas_cem.diagrams/TopologyDiagram", "data": {"adjacency": {"46": {"45": null, "47": null}, "16": {"15": null, "17": null}, "36": {"37": null, "19": null, "6": null}, "26": {"27": null, "25": null}, "45": {"44": null, "46": null}, "48": {"20": null, "47": null}, "15": {"14": null, "16": null}, "18": {"19": null, "17": null}, "35": {"4": null, "22": null, "8": null}, "25": {"26": null, "24": null}, "28": {"27": null, "29": null}, "38": {"39": null}, "40": {"41": null, "39": null}, "10": {"9": null, "11": null}, "30": {"31": null, "29": null}, "20": {"21": null, "48": null, "0": null}, "47": {"48": null, "46": null}, "17": {"18": null, "16": null}, "37": {"36": null, "2": null, "6": null, "49": null}, "27": {"28": null, "26": null}, "42": {"41": null, "43": null}, "12": {"13": null, "11": null}, "32": {"31": null, "33": null}, "22": {"4": null, "21": null, "0": null, "35": null}, "49": {"37": null, "23": null, "2": null}, "19": {"36": null, "6": null, "18": null}, "39": {"40": null, "38": null}, "29": {"28": null, "30": null}, "41": {"40": null, "42": null}, "11": {"12": null, "10": null}, "5": {"4": null}, "4": {"5": null, "22": null, "35": null, "8": null}, "7": {"6": null}, "6": {"36": null, "7": null, "37": null, "19": null}, "1": {"0": null}, "0": {"21": null, "20": null, "1": null, "22": null}, "3": {"2": null}, "2": {"37": null, "23": null, "3": null, "49": null}, "21": {"20": null, "22": null, "0": null}, "31": {"30": null, "32": null}, "9": {"8": null, "10": null}, "8": {"4": null, "9": null, "35": null}, "44": {"45": null, "43": null}, "14": {"13": null, "15": null}, "34": {"33": null}, "24": {"23": null, "25": null}, "43": {"44": null, "42": null}, "13": {"12": null, "14": null}, "33": {"32": null, "34": null}, "23": {"2": null, "24": null, "49": null}}, "node_attributes": {"z": 0.0, "qx": 0.0, "rx": 0.0, "qy": 0.0, "ry": 0.0, "qz": 0.0, "type": null, "rz": 0.0, "_k": null, "y": 0.0, "x": 0.0}, "node": {"46": {"z": 1.4457743628852264, "qx": -0.0, "qy": -0.0, "qz": -0.02790368302590842, "_k": 12, "y": -3.4251668654964464, "x": -2.7692482446702438}, "16": {"z": 1.4476962063675445, "qx": -0.0, "qy": -0.0, "qz": -0.025477304906921808, "_k": 2, "y": -3.425166865496446, "x": 0.63685236316837512}, "36": {"z": 1.4906059618307728, "qx": -0.0, "qy": -0.0, "qz": -0.013345312183886578, "_k": 6, "y": -3.425166865496446, "x": 1.5335451354250458}, "26": {"z": 1.4457743628852264, "qx": -0.0, "qy": -0.0, "qz": -0.027903683025908375, "_k": 12, "y": -3.425166865496446, "x": 2.7692482446702393}, "45": {"z": 1.4405568947691418, "qx": -0.0, "qy": -0.0, "qz": -0.027903677057962907, "_k": 13, "y": -3.4251668654964464, "x": -3.0482362561493828}, "48": {"z": 1.4664873291233327, "qx": -0.0, "qy": -0.0, "qz": -0.027903696926805492, "_k": 10, "y": -3.4251668654964464, "x": -2.2115694533108088}, "15": {"z": 1.4419730639173038, "qx": -0.0, "qy": -0.0, "qz": -0.025477305444929862, "_k": 1, "y": -3.425166865496446, "x": 0.38214355565125141}, "18": {"z": 1.4677212581879497, "qx": -0.0, "qy": -0.0, "qz": -0.025477298754041817, "_k": 4, "y": -3.425166865496446, "x": 1.1459967150593722}, "35": {"z": 1.4906059618307728, "qx": -0.0, "qy": -0.0, "qz": -0.013345312183886468, "_k": 6, "y": -3.425166865496446, "x": -1.5335451354250496}, "25": {"z": 1.454419099550772, "qx": -0.0, "qy": -0.0, "qz": -0.02790369141125475, "_k": 11, "y": -3.425166865496446, "x": 2.4903453201831827}, "28": {"z": 1.4387689715084191, "qx": -0.0, "qy": -0.0, "qz": -0.027903673611122004, "_k": 14, "y": -3.425166865496446, "x": 3.3272672749963967}, "38": {"z": 1.5000000000000004, "qx": -0.0, "qy": -0.0, "qz": -0.013951849239806769, "type": "support", "_k": 20, "y": -3.4251668654964464, "x": -5.0000000000000009}, "40": {"z": 1.4659056335284442, "qx": -0.0, "qy": -0.0, "qz": -0.027903685020364478, "_k": 18, "y": -3.4251668654964464, "x": -4.4429790499131938}, "10": {"z": 1.456288070849789, "qx": -0.0, "qy": -0.0, "qz": -0.025477296725810998, "_k": 3, "y": -3.425166865496446, "x": -0.89148044870191712}, "30": {"z": 1.4454833477384548, "qx": -0.0, "qy": -0.0, "qz": -0.027903674397284313, "_k": 16, "y": -3.425166865496446, "x": 3.8852897961396859}, "20": {"z": 1.4819911816569964, "qx": -0.0, "qy": -0.0, "qz": -0.02062453221633935, "_k": 9, "y": -3.4251668654964464, "x": -1.9329635221504047}, "47": {"z": 1.454419099550772, "qx": -0.0, "qy": -0.0, "qz": -0.027903691411254795, "_k": 11, "y": -3.4251668654964464, "x": -2.4903453201831862}, "17": {"z": 1.456288070849789, "qx": -0.0, "qy": -0.0, "qz": -0.025477296725811026, "_k": 3, "y": -3.425166865496446, "x": 0.89148044870191323}, "37": {"z": 1.5, "qx": -0.0, "qy": -0.0, "qz": -0.013345257597078455, "_k": 7, "y": -3.425166865496446, "x": 1.6666666666666645}, "27": {"z": 1.4405568947691416, "qx": -0.0, "qy": -0.0, "qz": -0.027903677057962886, "_k": 13, "y": -3.425166865496446, "x": 3.0482362561493783}, "42": {"z": 1.4454833477384548, "qx": -0.0, "qy": -0.0, "qz": -0.027903674397284361, "_k": 16, "y": -3.4251668654964464, "x": -3.8852897961396913}, "12": {"z": 1.4419730639173038, "qx": -0.0, "qy": -0.0, "qz": -0.025477305444929838, "_k": 1, "y": -3.425166865496446, "x": -0.38214355565125607}, "32": {"z": 1.4659056335284442, "qx": -0.0, "qy": -0.0, "qz": -0.027903685020364478, "_k": 18, "y": -3.425166865496446, "x": 4.4429790499131876}, "22": {"z": 1.5000000000000002, "qx": -0.0, "qy": -0.0, "qz": -0.013345257597078435, "_k": 7, "y": -3.425166865496446, "x": -1.666666666666667}, "49": {"z": 1.490605961830773, "qx": -0.0, "qy": -0.0, "qz": -0.013345312183886477, "_k": 8, "y": -3.425166865496446, "x": 1.7997881979082822}, "19": {"z": 1.4819911816569962, "qx": -0.0, "qy": -0.0, "qz": -0.019411335467425662, "_k": 5, "y": -3.425166865496446, "x": 1.4003698111829266}, "39": {"z": 1.481246976857352, "qx": -0.0, "qy": -0.0, "qz": -0.027903693652754788, "_k": 19, "y": -3.4251668654964464, "x": -4.7215938883445094}, "29": {"z": 1.4404113662590294, "qx": -0.0, "qy": -0.0, "qz": -0.027903672729543003, "_k": 15, "y": -3.425166865496446, "x": 3.6062991667046695}, "41": {"z": 1.4539826814660646, "qx": -0.0, "qy": -0.0, "qz": -0.027903678538784022, "_k": 17, "y": -3.4251668654964464, "x": -4.1641970817947014}, "11": {"z": 1.4476962063675445, "qx": -0.0, "qy": -0.0, "qz": -0.025477304906921766, "_k": 2, "y": -3.425166865496446, "x": -0.63685236316837945}, "5": {"z": 1.7763568394002506e-16, "type": "support", "_k": 1, "y": -3.4251668654964469, "x": -1.6079119529438972}, "4": {"z": 1.3417508034169587, "type": "_origin", "_k": 0, "y": -3.425166865496446, "x": -1.5527272451268774}, "7": {"z": 1.7763568394002506e-16, "type": "support", "_k": 1, "y": -3.425166865496446, "x": 1.6079119529438981}, "6": {"z": 1.3417508034169587, "type": "_origin", "_k": 0, "y": -3.425166865496446, "x": 1.5527272451268748}, "1": {"z": 1.7763568394002506e-16, "type": "support", "_k": 1, "y": -3.4251668654964447, "x": -1.7254213803894325}, "0": {"z": 1.3417508034169587, "type": "_origin", "_k": 0, "y": -3.425166865496446, "x": -1.7806060882064569}, "3": {"z": 1.7763568394002506e-16, "type": "support", "_k": 1, "y": -3.4251668654964478, "x": 1.7254213803894363}, "2": {"z": 1.3417508034169587, "type": "_origin", "_k": 0, "y": -3.425166865496446, "x": 1.7806060882064543}, "21": {"z": 1.490605961830773, "qx": -0.0, "qy": -0.0, "qz": -0.013345312183886567, "_k": 8, "y": -3.4251668654964464, "x": -1.7997881979082855}, "31": {"z": 1.4539826814660644, "qx": -0.0, "qy": -0.0, "qz": -0.027903678538783977, "_k": 17, "y": -3.425166865496446, "x": 4.1641970817946952}, "9": {"z": 1.4677212581879497, "qx": -0.0, "qy": -0.0, "qz": -0.025477298754041852, "_k": 4, "y": -3.425166865496446, "x": -1.1459967150593759}, "8": {"z": 1.4819911816569962, "qx": -0.0, "qy": -0.0, "qz": -0.019411335467425659, "_k": 5, "y": -3.425166865496446, "x": -1.4003698111829312}, "44": {"z": 1.4387689715084191, "qx": -0.0, "qy": -0.0, "qz": -0.027903673611122046, "_k": 14, "y": -3.4251668654964464,