{"compas": "1.7.1", "datatype": "compas_cem.diagrams/TopologyDiagram", "data": {"adjacency": {"16": {"4": null, "15": null, "0": null, "23": null}, "26": {"27": null}, "15": {"14": null, "0": null, "16": null}, "18": {"19": null, "17": null}, "25": {"31": null, "24": null, "6": null, "2": null}, "28": {"27": null, "29": null}, "10": {"9": null, "11": null}, "30": {"14": null, "29": null}, "20": {"21": null, "19": null}, "17": {"31": null, "18": null, "2": null}, "27": {"28": null, "26": null}, "12": {"13": null, "11": null}, "22": {"21": null}, "19": {"20": null, "18": null}, "29": {"28": null, "30": null}, "11": {"12": null, "10": null}, "5": {"4": null}, "4": {"5": null, "23": null, "8": null, "16": null}, "7": {"6": null}, "6": {"25": null, "7": null, "13": null, "24": null}, "1": {"0": null}, "0": {"14": null, "1": null, "16": null, "15": null}, "3": {"2": null}, "2": {"31": null, "25": null, "17": null, "3": null}, "21": {"20": null, "22": null}, "31": {"25": null, "17": null, "2": null}, "9": {"8": null, "10": null}, "8": {"4": null, "23": null, "9": null}, "14": {"30": null, "15": null, "0": null}, "24": {"13": null, "6": null, "25": null}, "13": {"12": null, "6": null, "24": null}, "23": {"4": null, "8": null, "16": null}}, "node_attributes": {"z": 0.0, "qx": 0.0, "rx": 0.0, "qy": 0.0, "ry": 0.0, "qz": 0.0, "type": null, "rz": 0.0, "_k": null, "y": 0.0, "x": 0.0}, "node": {"16": {"z": 1.5000000000000002, "qx": -0.0, "qy": -0.0, "qz": -0.013345257597078435, "_k": 4, "y": -3.425166865496446, "x": -1.666666666666667}, "26": {"z": 1.5000000000000004, "qx": -0.0, "qy": -0.0, "qz": -0.030693336173156567, "type": "support", "_k": 11, "y": -3.4251668654964464, "x": -5.0000000000000009}, "15": {"z": 1.490605961830773, "qx": -0.0, "qy": -0.0, "qz": -0.013345312183886567, "_k": 5, "y": -3.4251668654964464, "x": -1.7997881979082855}, "18": {"z": 1.4524115763611176, "qx": -0.0, "qy": -0.0, "qz": -0.061386647281356545, "_k": 7, "y": -3.425166865496446, "x": 2.5461169377515751}, "25": {"z": 1.5, "qx": -0.0, "qy": -0.0, "qz": -0.013345257597078455, "_k": 4, "y": -3.425166865496446, "x": 1.6666666666666645}, "28": {"z": 1.4430208063736032, "qx": -0.0, "qy": -0.0, "qz": -0.061386654645540113, "_k": 9, "y": -3.4251668654964464, "x": -3.7737016228240434}, "10": {"z": 1.4404986833650966, "qx": -0.0, "qy": -0.0, "qz": -0.056048923494698505, "type": "_origin", "_k": 0, "y": -3.425166865496446, "x": -0.28024457965890892}, "30": {"z": 1.4524115763611176, "qx": -0.0, "qy": -0.0, "qz": -0.061386647281356579, "_k": 7, "y": -3.4251668654964464, "x": -2.54611693775158}, "20": {"z": 1.4430208063736032, "qx": -0.0, "qy": -0.0, "qz": -0.061386654645540044, "_k": 9, "y": -3.425166865496446, "x": 3.7737016228240376}, "17": {"z": 1.4819911816569964, "qx": -0.0, "qy": -0.0, "qz": -0.037366007745574491, "_k": 6, "y": -3.425166865496446, "x": 1.9329635221504005}, "27": {"z": 1.4632313904964456, "qx": -0.0, "qy": -0.0, "qz": -0.061386665862542197, "_k": 10, "y": -3.4251668654964464, "x": -4.3872354256890054}, "12": {"z": 1.4543318159338301, "qx": -0.0, "qy": -0.0, "qz": -0.056048942641818256, "_k": 1, "y": -3.425166865496446, "x": 0.84056316021238875}, "22": {"z": 1.5000000000000002, "qx": -0.0, "qy": -0.0, "qz": -0.030693336173156567, "type": "support", "_k": 11, "y": -3.425166865496446, "x": 4.9999999999999947}, "19": {"z": 1.4394117752931221, "qx": -0.0, "qy": -0.0, "qz": -0.061386647877283769, "_k": 8, "y": -3.425166865496446, "x": 3.1598457328626419}, "29": {"z": 1.4394117752931224, "qx": -0.0, "qy": -0.0, "qz": -0.061386647877283818, "_k": 8, "y": -3.4251668654964464, "x": -3.1598457328626468}, "11": {"z": 1.4404986833650966, "qx": -0.0, "qy": -0.0, "qz": -0.056048923494698519, "type": "_origin", "_k": 0, "y": -3.425166865496446, "x": 0.28024457965890431}, "5": {"z": 1.7763568394002506e-16, "type": "support", "_k": 1, "y": -3.4251668654964469, "x": -1.6079119529438972}, "4": {"z": 1.3417508034169587, "type": "_origin", "_k": 0, "y": -3.425166865496446, "x": -1.5527272451268774}, "7": {"z": 1.7763568394002506e-16, "type": "support", "_k": 1, "y": -3.425166865496446, "x": 1.6079119529438981}, "6": {"z": 1.3417508034169587, "type": "_origin", "_k": 0, "y": -3.425166865496446, "x": 1.5527272451268748}, "1": {"z": 1.7763568394002506e-16, "type": "support", "_k": 1, "y": -3.4251668654964447, "x": -1.7254213803894325}, "0": {"z": 1.3417508034169587, "type": "_origin", "_k": 0, "y": -3.425166865496446, "x": -1.7806060882064569}, "3": {"z": 1.7763568394002506e-16, "type": "support", "_k": 1, "y": -3.4251668654964478, "x": 1.7254213803894363}, "2": {"z": 1.3417508034169587, "type": "_origin", "_k": 0, "y": -3.425166865496446, "x": 1.7806060882064543}, "21": {"z": 1.4632313904964456, "qx": -0.0, "qy": -0.0, "qz": -0.061386665862542177, "_k": 10, "y": -3.425166865496446, "x": 4.3872354256889992}, "31": {"z": 1.490605961830773, "qx": -0.0, "qy": -0.0, "qz": -0.013345312183886477, "_k": 5, "y": -3.425166865496446, "x": 1.7997881979082822}, "9": {"z": 1.4543318159338301, "qx": -0.0, "qy": -0.0, "qz": -0.056048942641818256, "_k": 1, "y": -3.425166865496446, "x": -0.84056316021239319}, "8": {"z": 1.4819911816569962, "qx": -0.0, "qy": -0.0, "qz": -0.034697160498357693, "_k": 2, "y": -3.425166865496446, "x": -1.4003698111829312}, "14": {"z": 1.4819911816569964, "qx": -0.0, "qy": -0.0, "qz": -0.037366007745574567, "_k": 6, "y": -3.4251668654964464, "x": -1.9329635221504047}, "24": {"z": 1.4906059618307728, "qx": -0.0, "qy": -0.0, "qz": -0.013345312183886578, "_k": 3, "y": -3.425166865496446, "x": 1.5335451354250458}, "13": {"z": 1.4819911816569962, "qx": -0.0, "qy": -0.0, "qz": -0.034697160498357721, "_k": 2, "y": -3.425166865496446, "x": 1.4003698111829266}, "23": {"z": 1.4906059618307728, "qx": -0.0, "qy": -0.0, "qz": -0.013345312183886468, "_k": 3, "y": -3.425166865496446, "x": -1.5335451354250496}}, "max_int_key": 31, "attributes": {"gkey_node": {"5.000,-3.425,1.500": 22, "-1.725,-3.425,0.000": 1, "1.667,-3.425,1.500": 25, "-1.400,-3.425,1.482": 8, "-5.000,-3.425,1.500": 26, "1.400,-3.425,1.482": 13, "-1.800,-3.425,1.491": 15, "-0.280,-3.425,1.440": 10, "3.774,-3.425,1.443": 20, "-1.534,-3.425,1.491": 23, "3.160,-3.425,1.439": 19, "-1.553,-3.425,1.342": 4, "-1.781,-3.425,1.342": 0, "-0.841,-3.425,1.454": 9, "4.387,-3.425,1.463": 21, "1.553,-3.425,1.342": 6, "1.933,-3.425,1.482": 17, "0.841,-3.425,1.454": 12, "-1.933,-3.425,1.482": 14, "-1.667,-3.425,1.500": 16, "0.280,-3.425,1.440": 11, "-4.387,-3.425,1.463": 27, "-3.774,-3.425,1.443": 28, "-2.546,-3.425,1.452": 30, "2.546,-3.425,1.452": 18, "1.800,-3.425,1.491": 31, "1.781,-3.425,1.342": 2, "1.534,-3.425,1.491": 24, "1.608,-3.425,0.000": 7, "-1.608,-3.425,0.000": 5, "1.725,-3.425,0.000": 3, "-3.160,-3.425,1.439": 29}, "name": "Network", "_aux_length": 0.33000000000000002, "_trails": {"0": [0, 1], "2": [2, 3], "4": [4, 5], "6": [6, 7], "10": [10, 9, 8, 23, 16, 15, 14, 30, 29, 28, 27, 26], "11": [11, 12, 13, 24, 25, 31, 17, 18, 19, 20, 21, 22]}, "tol": "3f", "_auxiliary_trails": {}, "_aux_vector": {"dtype": "compas.geometry/Vector", "value": [-0.0, -0.0, -1.0]}}, "edge_attributes": {"force": 0.0, "type": null, "length": 0.0}, "edge": {"16": {"4": {"force": -0.10000000000000001, "type": "deviation"}, "23": {"length": 0.1334525759707838, "type": "trail"}, "0": {"force": -0.10000000000000001, "type": "deviation"}}, "26": {"27": {"length": 0.61386672346313131, "type": "trail"}}, "15": {"16": {"length": 0.13345257597078489, "type": "trail"}}, "18": {"19": {"length": 0.61386645842258658, "type": "trail"}}, "25": {"31": {"length": 0.13345257597078397, "type": "trail"}, "6": {"force": -0.10000000000000001, "type": "deviation"}, "2": {"force": -0.10000000000000001, "type": "deviation"}}, "28": {"29": {"length": 0.61386649912308966, "type": "trail"}}, "10": {"11": {"force": 5.2999999999999998, "type": "deviation"}}, "30": {"14": {"length": 0.61386648720454484, "type": "trail"}}, "20": {"21": {"length": 0.61386659378771213, "type": "trail"}},