{"compas": "1.7.1", "datatype": "compas_cem.diagrams/TopologyDiagram", "data": {"adjacency": {"46": {"45": null, "47": null}, "16": {"15": null, "17": null}, "36": {"35": null}, "26": {"27": null, "25": null}, "45": {"44": null, "46": null}, "48": {"47": null, "49": null}, "15": {"14": null, "16": null}, "18": {"19": null, "17": null}, "35": {"36": null, "34": null}, "25": {"26": null, "24": null}, "28": {"27": null, "29": null}, "38": {"20": null, "6": null, "39": null}, "40": {"41": null}, "50": {"51": null, "49": null}, "10": {"9": null, "11": null}, "30": {"31": null, "29": null}, "20": {"19": null, "6": null, "38": null}, "47": {"48": null, "46": null}, "17": {"18": null, "16": null}, "37": {"4": null, "23": null, "8": null}, "27": {"28": null, "26": null}, "52": {"24": null, "39": null, "2": null}, "42": {"41": null, "43": null}, "12": {"13": null, "11": null}, "32": {"31": null, "33": null}, "22": {"21": null, "23": null, "0": null}, "49": {"50": null, "48": null}, "19": {"20": null, "18": null}, "39": {"38": null, "6": null, "52": null, "2": null}, "29": {"28": null, "30": null}, "51": {"21": null, "50": null}, "41": {"40": null, "42": null}, "11": {"12": null, "10": null}, "5": {"4": null}, "4": {"37": null, "23": null, "8": null, "5": null}, "7": {"6": null}, "6": {"7": null, "20": null, "39": null, "38": null}, "1": {"0": null}, "0": {"21": null, "1": null, "23": null, "22": null}, "3": {"2": null}, "2": {"52": null, "39": null, "3": null, "24": null}, "21": {"51": null, "22": null, "0": null}, "31": {"30": null, "32": null}, "9": {"8": null, "10": null}, "8": {"37": null, "4": null, "9": null}, "44": {"45": null, "43": null}, "14": {"13": null, "15": null}, "34": {"33": null, "35": null}, "24": {"25": null, "52": null, "2": null}, "43": {"44": null, "42": null}, "13": {"12": null, "14": null}, "33": {"32": null, "34": null}, "23": {"37": null, "4": null, "22": null, "0": null}}, "node_attributes": {"z": 0.0, "qx": 0.0, "rx": 0.0, "qy": 0.0, "ry": 0.0, "qz": 0.0, "type": null, "rz": 0.0, "_k": null, "y": 0.0, "x": 0.0}, "node": {"46": {"z": 1.4391613895793722, "qx": -0.0, "qy": -0.0, "qz": -0.0255783938916486, "_k": 15, "y": -3.4251668654964464, "x": -3.4667857458102036}, "16": {"z": 1.4435756130207222, "qx": -0.0, "qy": -0.0, "qz": -0.023354212489794225, "_k": 2, "y": -3.425166865496446, "x": 0.4670531717105606}, "36": {"z": 1.5000000000000002, "qx": -0.0, "qy": -0.0, "qz": -0.01278920579215013, "type": "support", "_k": 22, "y": -3.425166865496446, "x": 4.9999999999999947}, "26": {"z": 1.4562092790417318, "qx": -0.0, "qy": -0.0, "qz": -0.025578394931663556, "_k": 12, "y": -3.425166865496446, "x": 2.4438733683580374}, "45": {"z": 1.4421003937297014, "qx": -0.0, "qy": -0.0, "qz": -0.025578402753766306, "_k": 16, "y": -3.4251668654964464, "x": -3.7225528114998006}, "48": {"z": 1.4419003040245055, "qx": -0.0, "qy": -0.0, "qz": -0.025578407627764775, "_k": 13, "y": -3.4251668654964464, "x": -2.9552331619764871}, "15": {"z": 1.4399520612244312, "qx": -0.0, "qy": -0.0, "qz": -0.02335421404660605, "_k": 1, "y": -3.425166865496446, "x": 0.23353914756951319}, "18": {"z": 1.4579892716282399, "qx": -0.0, "qy": -0.0, "qz": -0.023354211044991219, "_k": 4, "y": -3.425166865496446, "x": 0.93390872089580512}, "35": {"z": 1.4826906466918597, "qx": -0.0, "qy": -0.0, "qz": -0.02557840325778013, "_k": 21, "y": -3.425166865496446, "x": 4.7448022331491844}, "25": {"z": 1.4676697589798446, "qx": -0.0, "qy": -0.0, "qz": -0.025578398271711759, "_k": 11, "y": -3.425166865496446, "x": 2.1883463155014482}, "28": {"z": 1.4419003040245055, "qx": -0.0, "qy": -0.0, "qz": -0.025578407627764733, "_k": 14, "y": -3.425166865496446, "x": 2.9552331619764822}, "38": {"z": 1.4906059618307728, "qx": -0.0, "qy": -0.0, "qz": -0.013345312183886578, "_k": 7, "y": -3.425166865496446, "x": 1.5335451354250458}, "40": {"z": 1.5000000000000004, "qx": -0.0, "qy": -0.0, "qz": -0.01278920579215013, "type": "support", "_k": 21, "y": -3.4251668654964464, "x": -5.0000000000000009}, "50": {"z": 1.4562092790417316, "qx": -0.0, "qy": -0.0, "qz": -0.025578394931663626, "_k": 11, "y": -3.4251668654964464, "x": -2.4438733683580418}, "10": {"z": 1.4579892716282397, "qx": -0.0, "qy": -0.0, "qz": -0.023354211044991212, "_k": 3, "y": -3.425166865496446, "x": -0.93390872089580979}, "30": {"z": 1.4391613895793725, "qx": -0.0, "qy": -0.0, "qz": -0.0255783938916486, "_k": 16, "y": -3.425166865496446, "x": 3.4667857458101983}, "20": {"z": 1.4819911816569962, "qx": -0.0, "qy": -0.0, "qz": -0.018349790196577828, "_k": 6, "y": -3.425166865496446, "x": 1.4003698111829266}, "47": {"z": 1.4390946866127203, "qx": -0.0, "qy": -0.0, "qz": -0.025578398998777313, "_k": 14, "y": -3.4251668654964464, "x": -3.2110018277678107}, "17": {"z": 1.4495775911259328, "qx": -0.0, "qy": -0.0, "qz": -0.023354211052871887, "_k": 3, "y": -3.425166865496446, "x": 0.70051814738004059}, "37": {"z": 1.4906059618307728, "qx": -0.0, "qy": -0.0, "qz": -0.013345312183886468, "_k": 6, "y": -3.425166865496446, "x": -1.5335451354250496}, "27": {"z": 1.4476143625275282, "qx": -0.0, "qy": -0.0, "qz": -0.025578403544662655, "_k": 13, "y": -3.425166865496446, "x": 2.699512894887405}, "52": {"z": 1.490605961830773, "qx": -0.0, "qy": -0.0, "qz": -0.013345312183886477, "_k": 9, "y": -3.425166865496446, "x": 1.7997881979082822}, "42": {"z": 1.4682362502690016, "qx": -0.0, "qy": -0.0, "qz": -0.025578394566493752, "_k": 19, "y": -3.4251668654964464, "x": -4.4894270206676303}, "12": {"z": 1.4435756130207222, "qx": -0.0, "qy": -0.0, "qz": -0.023354212489794211, "_k": 1, "y": -3.425166865496446, "x": -0.46705317171056593}, "32": {"z": 1.4479144566075881, "qx": -0.0, "qy": -0.0, "qz": -0.025578409691788019, "_k": 18, "y": -3.425166865496446, "x": 3.9782708290949134}, "22": {"z": 1.490605961830773, "qx": -0.0, "qy": -0.0, "qz": -0.013345312183886567, "_k": 8, "y": -3.4251668654964464, "x": -1.7997881979082855}, "49": {"z": 1.4476143625275284, "qx": -0.0, "qy": -0.0, "qz": -0.025578403544662676, "_k": 12, "y": -3.4251668654964464, "x": -2.6995128948874099}, "19": {"z": 1.4688027415581586, "qx": -0.0, "qy": -0.0, "qz": -0.023354212459882017, "_k": 5, "y": -3.425166865496446, "x": 1.1672003568367071}, "39": {"z": 1.5, "qx": -0.0, "qy": -0.0, "qz": -0.013345257597078455, "_k": 8, "y": -3.425166865496446, "x": 1.6666666666666645}, "29": {"z": 1.4390946866127201, "qx": -0.0, "qy": -0.0, "qz": -0.025578398998777292, "_k": 15, "y": -3.425166865496446, "x": 3.211001827767805}, "51": {"z": 1.4676697589798449, "qx": -0.0, "qy": -0.0, "qz": -0.025578398271711773, "_k": 10, "y": -3.4251668654964464, "x": -2.1883463155014518}, "41": {"z": 1.4826906466918597, "qx": -0.0, "qy": -0.0, "qz": -0.025578403257780175, "_k": 20, "y": -3.4251668654964464, "x": -4.7448022331491906}, "11": {"z": 1.449577591125933, "qx": -0.0, "qy": -0.0, "qz": -0.023354211052871852, "_k": 2, "y": -3.425166865496446, "x": -0.70051814738004525}, "5": {"z": 1.7763568394002506e-16, "type": "support", "_k": 1, "y": -3.4251668654964469, "x": -1.6079119529438972}, "4": {"z": 1.3417508034169587, "type": "_origin", "_k": 0, "y": -3.425166865496446, "x": -1.5527272451268774}, "7": {"z": 1.7763568394002506e-16, "type": "support", "_k": 1, "y": -3.425166865496446, "x": 1.6079119529438981}, "6": {"z": 1.3417508034169587, "type": "_origin", "_k": 0, "y": -3.425166865496446, "x": 1.5527272451268748}, "1": {"z": 1.7763568394002506e-16, "type": "support", "_k": 1, "y": -3.4251668654964447, "x": -1.7254213803894325}, "0": {"z": 1.3417508034169587, "type": "_origin", "_k": 0, "y": -3.425166865496446, "x": -1.7806060882064569}, "3": {"z": 1.7763568394002506e-16, "type": "support", "_k": 1, "y": -3.4251668654964478, "x": 1.7254213803894363}, "2": {"z": 1.3417508034169587, "type": "_origin", "_k": 0, "y": -3.425166865496446, "x": 1.7806060882064543}, "21": {"z": 1.4819911816569964, "qx": -0.0, "qy": -0.0, "qz": -0.01946188530408342, "_k": 9, "y": -3.4251668654964464, "x": -1.9329635221504047},