{"compas": "1.7.1", "datatype": "compas_cem.diagrams/TopologyDiagram", "data": {"adjacency": {"16": {"28": null, "17": null, "2": null}, "26": {"27": null, "25": null}, "15": {"4": null, "21": null, "14": null, "0": null}, "18": {"19": null, "17": null}, "25": {"26": null, "24": null}, "28": {"23": null, "16": null, "2": null}, "10": {"9": null, "11": null}, "20": {"19": null}, "17": {"18": null, "16": null}, "27": {"13": null, "26": null}, "12": {"6": null, "22": null, "11": null}, "22": {"12": null, "6": null, "23": null}, "19": {"20": null, "18": null}, "11": {"12": null, "10": null}, "5": {"4": null}, "4": {"21": null, "15": null, "8": null, "5": null}, "7": {"6": null}, "6": {"12": null, "7": null, "22": null, "23": null}, "1": {"0": null}, "0": {"13": null, "14": null, "1": null, "15": null}, "3": {"2": null}, "2": {"28": null, "23": null, "16": null, "3": null}, "21": {"4": null, "15": null, "8": null}, "9": {"8": null, "10": null}, "8": {"4": null, "21": null, "9": null}, "14": {"13": null, "15": null, "0": null}, "24": {"25": null}, "13": {"27": null, "14": null, "0": null}, "23": {"28": null, "6": null, "22": null, "2": null}}, "node_attributes": {"z": 0.0, "qx": 0.0, "rx": 0.0, "qy": 0.0, "ry": 0.0, "qz": 0.0, "type": null, "rz": 0.0, "_k": null, "y": 0.0, "x": 0.0}, "node": {"16": {"z": 1.4819911816569964, "qx": -0.0, "qy": -0.0, "qz": -0.045038674397471397, "_k": 5, "y": -3.425166865496446, "x": 1.9329635221504005}, "26": {"z": 1.4391613895793725, "qx": -0.0, "qy": -0.0, "qz": -0.076731939099898921, "_k": 8, "y": -3.4251668654964464, "x": -3.4667857458102036}, "15": {"z": 1.5000000000000002, "qx": -0.0, "qy": -0.0, "qz": -0.013345257597078435, "_k": 4, "y": -3.425166865496446, "x": -1.666666666666667}, "18": {"z": 1.4391613895793725, "qx": -0.0, "qy": -0.0, "qz": -0.076731939099898866, "_k": 7, "y": -3.425166865496446, "x": 3.4667857458101983}, "25": {"z": 1.4566426339860481, "qx": -0.0, "qy": -0.0, "qz": -0.076731967139946358, "_k": 9, "y": -3.4251668654964464, "x": -4.2339059588050514}, "28": {"z": 1.490605961830773, "qx": -0.0, "qy": -0.0, "qz": -0.013345312183886477, "_k": 4, "y": -3.425166865496446, "x": 1.7997881979082822}, "10": {"z": 1.4387689715084189, "qx": -0.0, "qy": -0.0, "qz": -0.070060152802203027, "type": "_origin", "_k": 0, "y": -3.425166865496446, "x": -2.5951463200613034e-15}, "20": {"z": 1.5000000000000002, "qx": -0.0, "qy": -0.0, "qz": -0.03836599865577843, "type": "support", "_k": 9, "y": -3.425166865496446, "x": 4.9999999999999947}, "17": {"z": 1.4476143625275282, "qx": -0.0, "qy": -0.0, "qz": -0.076731961627855089, "_k": 6, "y": -3.425166865496446, "x": 2.699512894887405}, "27": {"z": 1.4476143625275284, "qx": -0.0, "qy": -0.0, "qz": -0.076731961627855144, "_k": 7, "y": -3.4251668654964464, "x": -2.6995128948874099}, "12": {"z": 1.4819911816569962, "qx": -0.0, "qy": -0.0, "qz": -0.041702777311098622, "_k": 1, "y": -3.425166865496446, "x": 1.4003698111829266}, "22": {"z": 1.4906059618307728, "qx": -0.0, "qy": -0.0, "qz": -0.013345312183886578, "_k": 2, "y": -3.425166865496446, "x": 1.5335451354250458}, "19": {"z": 1.4566426339860481, "qx": -0.0, "qy": -0.0, "qz": -0.076731967139946317, "_k": 8, "y": -3.425166865496446, "x": 4.2339059588050452}, "11": {"z": 1.4495775911259328, "qx": -0.0, "qy": -0.0, "qz": -0.070060170326852828, "type": "_origin", "_k": 0, "y": -3.425166865496446, "x": 0.70051814738004059}, "5": {"z": 1.7763568394002506e-16, "type": "support", "_k": 1, "y": -3.4251668654964469, "x": -1.6079119529438972}, "4": {"z": 1.3417508034169587, "type": "_origin", "_k": 0, "y": -3.425166865496446, "x": -1.5527272451268774}, "7": {"z": 1.7763568394002506e-16, "type": "support", "_k": 1, "y": -3.425166865496446, "x": 1.6079119529438981}, "6": {"z": 1.3417508034169587, "type": "_origin", "_k": 0, "y": -3.425166865496446, "x": 1.5527272451268748}, "1": {"z": 1.7763568394002506e-16, "type": "support", "_k": 1, "y": -3.4251668654964447, "x": -1.7254213803894325}, "0": {"z": 1.3417508034169587, "type": "_origin", "_k": 0, "y": -3.425166865496446, "x": -1.7806060882064569}, "3": {"z": 1.7763568394002506e-16, "type": "support", "_k": 1, "y": -3.4251668654964478, "x": 1.7254213803894363}, "2": {"z": 1.3417508034169587, "type": "_origin", "_k": 0, "y": -3.425166865496446, "x": 1.7806060882064543}, "21": {"z": 1.4906059618307728, "qx": -0.0, "qy": -0.0, "qz": -0.013345312183886468, "_k": 3, "y": -3.425166865496446, "x": -1.5335451354250496}, "9": {"z": 1.449577591125933, "qx": -0.0, "qy": -0.0, "qz": -0.0700601703268528, "_k": 1, "y": -3.425166865496446, "x": -0.70051814738004525}, "8": {"z": 1.4819911816569962, "qx": -0.0, "qy": -0.0, "qz": -0.041702777311098581, "_k": 2, "y": -3.425166865496446, "x": -1.4003698111829312}, "14": {"z": 1.490605961830773, "qx": -0.0, "qy": -0.0, "qz": -0.013345312183886567, "_k": 5, "y": -3.4251668654964464, "x": -1.7997881979082855}, "24": {"z": 1.5000000000000004, "qx": -0.0, "qy": -0.0, "qz": -0.03836599865577843, "type": "support", "_k": 10, "y": -3.4251668654964464, "x": -5.0000000000000009}, "13": {"z": 1.4819911816569964, "qx": -0.0, "qy": -0.0, "qz": -0.045038674397471473, "_k": 6, "y": -3.4251668654964464, "x": -1.9329635221504047}, "23": {"z": 1.5, "qx": -0.0, "qy": -0.0, "qz": -0.013345257597078455, "_k": 3, "y": -3.425166865496446, "x": 1.6666666666666645}}, "max_int_key": 28, "attributes": {"gkey_node": {"5.000,-3.425,1.500": 20, "-1.725,-3.425,0.000": 1, "1.667,-3.425,1.500": 23, "-1.400,-3.425,1.482": 8, "-5.000,-3.425,1.500": 24, "1.400,-3.425,1.482": 12, "3.467,-3.425,1.439": 18, "-1.800,-3.425,1.491": 14, "-3.467,-3.425,1.439": 26, "-1.534,-3.425,1.491": 21, "-1.553,-3.425,1.342": 4, "-1.781,-3.425,1.342": 0, "1.553,-3.425,1.342": 6, "1.933,-3.425,1.482": 16, "-2.700,-3.425,1.448": 27, "-1.933,-3.425,1.482": 13, "0.000,-3.425,1.439": 10, "-1.667,-3.425,1.500": 15, "0.701,-3.425,1.450": 11, "2.700,-3.425,1.448": 17, "4.234,-3.425,1.457": 19, "1.800,-3.425,1.491": 28, "1.781,-3.425,1.342": 2, "1.534,-3.425,1.491": 22, "1.608,-3.425,0.000": 7, "-1.608,-3.425,0.000": 5, "1.725,-3.425,0.000": 3, "-0.701,-3.425,1.450": 9, "-4.234,-3.425,1.457": 25}, "name": "Network", "_aux_length": 0.33000000000000002, "_trails": {"0": [0, 1], "2": [2, 3], "4": [4, 5], "6": [6, 7], "10": [10, 9, 8, 21, 15, 14, 13, 27, 26, 25, 24], "11": [11, 12, 22, 23, 28, 16, 17, 18, 19, 20]}, "tol": "3f", "_auxiliary_trails": {}, "_aux_vector": {"dtype": "compas.geometry/Vector", "value": [-0.0, -0.0, -1.0]}}, "edge_attributes": {"force": 0.0, "type": null, "length": 0.0}, "edge": {"16": {"17": {"length": 0.76731982024248224, "type": "trail"}, "2": {"force": -0.10000000000000001, "type": "deviation"}}, "26": {"27": {"length": 0.76731941231462009, "type": "trail"}}, "15": {"4": {"force": -0.10000000000000001, "type": "deviation"}, "21": {"length": 0.1334525759707838, "type": "trail"}, "0": {"force": -0.10000000000000001, "type": "deviation"}}, "18": {"19": {"length": 0.76731936968335757, "type": "trail"}}, "25": {"26": {"length": 0.76731936968335845, "type": "trail"}}, "28": {"16": {"length": 0.13345366770694556, "type": "trail"}}, "10": {"11": {"force": 5.2999999999999998, "type": "deviation"}}, "20": {}, "17": {"18": {"length": 0.76731941231461964, "type": "trail"}}, "27": {"13": {"length": 0.76731982024248291, "type": "trail"}}, "12": {"6": {"force": -0.10000000000000001, "type": "deviation"}, "22": {"length": 0.13345366770694642, "type": "trail"}}, "22": {"23": {"length": 0.13345257597078511, "type": "trail"}}, "19": {"20": {"length": 0.76731997311556854, "type": "trail"}}, "11": {"12": {"length": 0.70060187851502598, "type": "trail"}}, "5": {}, "4": {"21": {"force": -0.10000000000000001, "type": "deviation"}, "5": {"length": -1.3428851665153292, "type": "trail"}}, "7": {}, "6": {"7": {"length": -1.3428851665153294, "type": "trail"}, "22": {"force": -0.10000000000000001, "type": "deviation"}}, "1": {}, "0": {"14": {"force": -0.10000000000000001, "type": "deviation"},