{"compas": "1.7.1", "datatype": "compas_cem.diagrams/FormDiagram", "data": {"adjacency": {"16": {"6": null, "17": null}, "36": {"37": null, "14": null, "22": null, "35": null}, "26": {"4": null, "27": null}, "15": {"37": null, "14": null}, "18": {"7": null, "19": null, "9": null}, "35": {"36": null, "13": null, "34": null}, "25": {"24": null}, "28": {"27": null, "6": null, "29": null, "38": null}, "38": {"28": null, "39": null}, "40": {"31": null, "41": null, "29": null}, "10": {"32": null, "9": null, "11": null, "2": null}, "30": {"31": null, "29": null, "8": null}, "20": {"21": null, "5": null}, "17": {"16": null}, "37": {"36": null, "15": null}, "27": {"28": null, "26": null, "42": null, "5": null}, "42": {"27": null, "43": null}, "12": {"11": null, "13": null, "34": null, "2": null}, "32": {"31": null, "33": null, "10": null, "24": null}, "22": {"36": null, "23": null}, "19": {"18": null}, "39": {"38": null}, "29": {"28": null, "7": null, "30": null, "40": null}, "41": {"40": null}, "11": {"12": null, "33": null, "10": null}, "5": {"4": null, "20": null, "6": null, "27": null}, "4": {"26": null, "5": null}, "7": {"6": null, "18": null, "8": null, "29": null}, "6": {"28": null, "7": null, "16": null, "5": null}, "1": {"0": null}, "0": {"14": null, "1": null}, "3": {"2": null}, "2": {"12": null, "3": null, "10": null}, "21": {"20": null}, "31": {"30": null, "32": null, "40": null, "9": null}, "9": {"31": null, "18": null, "8": null, "10": null}, "8": {"30": null, "7": null, "9": null}, "14": {"36": null, "13": null, "15": null, "0": null}, "34": {"12": null, "33": null, "35": null, "24": null}, "24": {"32": null, "34": null, "25": null}, "43": {"42": null}, "13": {"12": null, "14": null, "35": null}, "33": {"32": null, "11": null, "34": null}, "23": {"22": null}}, "node_attributes": {"z": 0.0, "qx": 0.0, "rx": 0.0, "qy": 0.0, "ry": 0.0, "qz": 0.0, "type": null, "rz": 0.0, "_k": null, "y": 0.0, "x": 0.0}, "node": {"16": {"z": 1.2260000000000002, "type": "_origin", "_k": 0, "y": -3.425166865496446, "x": 3.1818181818181799}, "36": {"z": 1.288377110138033, "qx": -0.0, "qy": -0.0, "qz": -0.090909090909090814, "_k": 4, "y": -2.3832422905221065, "x": -4.0836864014918941}, "26": {"z": 1.5759779424049993, "qx": -0.0, "rx": -19.850977502749057, "qy": -0.0, "ry": -1.4477176430620189, "qz": -0.045454545454545463, "type": "support", "rz": -2.6739542536667709, "_k": 5, "y": -2.2965235833115987, "x": 4.9815628323180441}, "15": {"z": 1.3840738569587736, "qx": -0.0, "rx": 19.517797885935526, "qy": -0.0, "ry": 3.1284702453532192, "qz": -0.045454545454545331, "type": "support", "rz": -2.0453162325371226, "_k": 5, "y": -3.6057076643889809, "x": -4.9770362523937219}, "18": {"z": 1.1575000000000002, "type": "_origin", "_k": 0, "y": -3.425166865496446, "x": 1.3636363636363613}, "35": {"z": 1.3618518843824676, "qx": -0.0, "qy": -0.0, "qz": -0.090909090909090995, "_k": 3, "y": -2.4002301694249182, "x": -3.177728813901918}, "25": {"z": 0.13079549942195468, "rx": 0.042163170909832459, "ry": -0.02576469377934516, "type": "support", "rz": -1.2549797564908123, "_k": 1, "y": -2.4462450756607566, "x": -1.3291424866571775}, "28": {"z": 1.3729677100290225, "qx": -0.0, "qy": -0.0, "qz": -0.090909090909090898, "_k": 3, "y": -2.3999995238754517, "x": 3.1783382014132244}, "38": {"z": 1.2260000000000002, "type": "_origin", "_k": 0, "y": -2.425166865496446, "x": 3.1818181818181799}, "40": {"z": 1.1575000000000002, "type": "_origin", "_k": 0, "y": -2.425166865496446, "x": 1.3636363636363613}, "10": {"z": 1.5000000000000002, "qx": -0.0, "qy": -0.0, "qz": -0.090909090909090912, "type": "_origin", "_k": 0, "y": -3.425166865496446, "x": -0.45454545454545714}, "30": {"z": 1.4702748159612686, "qx": -0.0, "qy": -0.0, "qz": -0.090909090909090912, "_k": 1, "y": -2.4209677225128003, "x": 1.3631405577811027}, "20": {"z": 1.2260000000000002, "type": "_origin", "_k": 0, "y": -3.425166865496446, "x": 4.0909090909090882}, "17": {"z": 0.14601891773310882, "rx": -0.076997106522596948, "ry": -0.55684580318982979, "type": "support", "rz": 3.2517678571904578, "_k": 1, "y": -3.2402265623764297, "x": 3.2073905541662908}, "37": {"z": 1.3840738569587736, "qx": -0.0, "rx": 19.517797885935526, "qy": -0.0, "ry": -3.1284702453532192, "qz": -0.045454545454545331, "type": "support", "rz": -2.0453162325371226, "_k": 5, "y": -2.2446260666039111, "x": -4.9770362523937219}, "27": {"z": 1.4528710611495519, "qx": -0.0, "qy": -0.0, "qz": -0.090909090909090884, "_k": 4, "y": -2.3575343868009146, "x": 4.0829145926620143}, "42": {"z": 1.2260000000000002, "type": "_origin", "_k": 0, "y": -2.425166865496446, "x": 4.0909090909090882}, "12": {"z": 1.4312303240175321, "qx": -0.0, "qy": -0.0, "qz": -0.090909090909090939, "_k": 2, "y": -3.4376495914843441, "x": -2.2713746823756713}, "32": {"z": 1.5000000000000002, "qx": -0.0, "qy": -0.0, "qz": -0.090909090909090912, "type": "_origin", "_k": 0, "y": -2.425166865496446, "x": -0.45454545454545714}, "22": {"z": 1.2260000000000002, "type": "_origin", "_k": 0, "y": -2.425166865496446, "x": -4.0909090909090944}, "19": {"z": 0.130704243461087, "rx": -0.034900139363457372, "ry": 0.023203252072610168, "type": "support", "rz": -1.1313688001465125, "_k": 1, "y": -3.4041083028394472, "x": 1.331962063446738}, "39": {"z": 0.14601891773310882, "rx": -0.076997106522596948, "ry": 0.55684580318982979, "type": "support", "rz": 3.2517678571904578, "_k": 1, "y": -2.6101071686164623, "x": 3.2073905541662908}, "29": {"z": 1.4367382022957609, "qx": -0.0, "qy": -0.0, "qz": -0.090909090909090939, "_k": 2, "y": -2.4125709320676521, "x": 2.2715738632283466}, "41": {"z": 0.130704243461087, "rx": -0.034900139363457372, "ry": -0.023203252072610168, "type": "support", "rz": -1.1313688001465125, "_k": 1, "y": -2.4462254281534448, "x": 1.331962063446738}, "11": {"z": 1.467503297520532, "qx": -0.0, "qy": -0.0, "qz": -0.090909090909090884, "_k": 1, "y": -3.4293282979244424, "x": -1.3630458275777655}, "5": {"z": 1.4528710611495519, "qx": -0.0, "qy": -0.0, "qz": -0.090909090909090884, "_k": 4, "y": -3.4927993441919774, "x": 4.0829145926620143}, "4": {"z": 1.5759779424049993, "qx": -0.0, "rx": -19.850977502749057, "qy": -0.0, "ry": 1.4477176430620189, "qz": -0.045454545454545463, "type": "support", "rz": -2.6739542536667709, "_k": 5, "y": -3.5538101476812933, "x": 4.9815628323180441}, "7": {"z": 1.4367382022957609, "qx": -0.0, "qy": -0.0, "qz": -0.090909090909090939, "_k": 2, "y": -3.4377627989252399, "x": 2.2715738632283466}, "6": {"z": 1.3729677100290225, "qx": -0.0, "qy": -0.0, "qz": -0.090909090909090898, "_k": 3, "y": -3.4503342071174403, "x": 3.1783382014132244}, "1": {"z": 0.32053817304899646, "rx": 0.44003894315464298, "ry": -2.5542349391325643, "type": "support", "rz": 3.8002959890279349, "_k": 1, "y": -2.816592627824861, "x": -4.1957531521476792}, "0": {"z": 1.2260000000000002, "type": "_origin", "_k": 0, "y": -3.425166865496446, "x": -4.0909090909090944}, "3": {"z": 0.13079549942195468, "rx": 0.042163170909832459, "ry": 0.02576469377934516, "type": "support", "rz": -1.2549797564908123, "_k": 1, "y": -3.4040886553321354, "x": -1.3291424866571775}, "2": {"z": 1.1575000000000002, "type": "_origin", "_k": 0, "y": -3.425166865496446, "x": -1.3636363636363662}, "21": {"z": 0.17627591318307623, "rx": -0.037125251364891386, "ry": -0.31407509194479905, "type": "support", "rz": 1.0535551966228252, "_k": 1, "y": -3.1122338647950825, "x": 4.1278993413599254}, "31": {"z": 1.5000000000000002, "qx": -0.0, "qy": -0.0, "qz": -0.090909090909090939, "type": "_origin", "_k": 0, "y": -2.425166865496446, "x": 0.45454545454545203}, "9": {"z": 1.5000000000000002, "qx": -0.0, "qy": -0.0, "qz": -0.090909090909090939, "type": "_origin", "_k": 0, "y": -3.425166865496446, "x": 0.45454545454545203}, "8": {"z": 1.4702748159612686, "qx": -0.0, "qy": -0.0, "qz": -0.090909090909090912, "_k": 1, "y": -3.4293660084800917, "x": 1.3631405577811027}, "14": {"z": 1.288377110138033, "qx": -0.0, "qy": -0.0, "qz": -0.090909090909090814, "_k": 4,