{"compas": "1.7.1", "datatype": "compas_cem.diagrams/TopologyDiagram", "data": {"adjacency": {"16": {"15": null, "39": null}, "36": {"37": null, "13": null, "35": null, "25": null}, "26": {"25": null}, "45": {"44": null}, "15": {"14": null, "16": null, "38": null}, "18": {"17": null}, "35": {"36": null, "12": null, "34": null}, "25": {"36": null, "26": null, "34": null}, "28": {"44": null, "27": null, "29": null, "5": null}, "38": {"37": null, "15": null, "39": null}, "40": {"41": null, "29": null}, "10": {"33": null, "9": null, "11": null}, "30": {"31": null, "7": null, "42": null, "29": null}, "20": {"19": null}, "17": {"6": null, "18": null}, "37": {"36": null, "14": null, "23": null, "38": null}, "27": {"28": null, "4": null}, "42": {"30": null, "32": null, "43": null}, "12": {"13": null, "35": null, "11": null}, "32": {"31": null, "33": null, "42": null, "9": null}, "22": {"21": null}, "19": {"7": null, "20": null, "9": null}, "39": {"16": null, "38": null}, "29": {"28": null, "30": null, "40": null, "6": null}, "41": {"40": null}, "11": {"12": null, "34": null, "10": null, "2": null}, "5": {"28": null, "21": null, "4": null, "6": null}, "4": {"27": null, "5": null}, "7": {"30": null, "19": null, "6": null, "8": null}, "6": {"5": null, "7": null, "29": null, "17": null}, "1": {"0": null}, "0": {"14": null, "1": null}, "3": {"2": null}, "2": {"13": null, "3": null, "11": null}, "21": {"22": null, "5": null}, "31": {"30": null, "32": null, "8": null}, "9": {"32": null, "19": null, "8": null, "10": null}, "8": {"31": null, "7": null, "9": null}, "44": {"28": null, "45": null}, "14": {"37": null, "13": null, "15": null, "0": null}, "34": {"25": null, "33": null, "35": null, "11": null}, "24": {"23": null}, "43": {"42": null}, "13": {"36": null, "12": null, "14": null, "2": null}, "33": {"32": null, "10": null, "34": null}, "23": {"37": null, "24": null}}, "node_attributes": {"z": 0.0, "qx": 0.0, "rx": 0.0, "qy": 0.0, "ry": 0.0, "qz": 0.0, "type": null, "rz": 0.0, "_k": null, "y": 0.0, "x": 0.0}, "node": {"16": {"z": 1.5000000000000002, "qx": -0.0, "qy": -0.0, "qz": -0.041666666666666609, "type": "support", "_k": 6, "y": -3.425166865496446, "x": -5.0000000000000009}, "36": {"z": 1.5000000000000002, "qx": -0.0, "qy": -0.0, "qz": -0.083333333333333398, "_k": 3, "y": -2.425166865496446, "x": -2.5000000000000009}, "26": {"z": 0.13000000000000012, "type": "support", "_k": 1, "y": -2.425166865496446, "x": -1.6666666666666672}, "45": {"z": 0.13000000000000012, "type": "support", "_k": 1, "y": -2.425166865496446, "x": 4.1666666666666643}, "15": {"z": 1.5000000000000002, "qx": -0.0, "qy": -0.0, "qz": -0.083333333333333287, "_k": 5, "y": -3.425166865496446, "x": -4.1666666666666687}, "18": {"z": 0.13000000000000012, "type": "support", "_k": 1, "y": -3.425166865496446, "x": 3.3333333333333308}, "35": {"z": 1.5000000000000002, "qx": -0.0, "qy": -0.0, "qz": -0.083333333333333343, "_k": 2, "y": -2.425166865496446, "x": -1.6666666666666672}, "25": {"z": 1.1575000000000002, "type": "_origin", "_k": 0, "y": -2.425166865496446, "x": -1.6666666666666672}, "28": {"z": 1.5000000000000002, "qx": -0.0, "qy": -0.0, "qz": -0.083333333333333343, "_k": 4, "y": -2.425166865496446, "x": 4.1666666666666643}, "38": {"z": 1.5000000000000002, "qx": -0.0, "qy": -0.0, "qz": -0.083333333333333287, "_k": 5, "y": -2.425166865496446, "x": -4.1666666666666687}, "40": {"z": 1.2260000000000002, "type": "_origin", "_k": 0, "y": -2.425166865496446, "x": 3.3333333333333308}, "10": {"z": 1.5000000000000002, "qx": -0.0, "qy": -0.0, "qz": -0.083333333333333315, "type": "_origin", "_k": 0, "y": -3.425166865496446, "x": -2.1316282072803005e-15}, "30": {"z": 1.5000000000000002, "qx": -0.0, "qy": -0.0, "qz": -0.083333333333333287, "_k": 2, "y": -2.425166865496446, "x": 2.4999999999999982}, "20": {"z": 0.13000000000000012, "type": "support", "_k": 1, "y": -3.425166865496446, "x": 1.6666666666666652}, "17": {"z": 1.2260000000000002, "type": "_origin", "_k": 0, "y": -3.425166865496446, "x": 3.3333333333333308}, "37": {"z": 1.5000000000000002, "qx": -0.0, "qy": -0.0, "qz": -0.083333333333333398, "_k": 4, "y": -2.425166865496446, "x": -3.3333333333333353}, "27": {"z": 1.5000000000000002, "qx": -0.0, "qy": -0.0, "qz": -0.041666666666666657, "type": "support", "_k": 5, "y": -2.425166865496446, "x": 4.9999999999999973}, "42": {"z": 1.1575000000000002, "type": "_origin", "_k": 0, "y": -2.425166865496446, "x": 1.6666666666666652}, "12": {"z": 1.5000000000000002, "qx": -0.0, "qy": -0.0, "qz": -0.083333333333333343, "_k": 2, "y": -3.425166865496446, "x": -1.6666666666666672}, "32": {"z": 1.5000000000000002, "qx": -0.0, "qy": -0.0, "qz": -0.08333333333333337, "type": "_origin", "_k": 0, "y": -2.425166865496446, "x": 0.83333333333333193}, "22": {"z": 0.13000000000000012, "type": "support", "_k": 1, "y": -3.425166865496446, "x": 4.1666666666666643}, "19": {"z": 1.1575000000000002, "type": "_origin", "_k": 0, "y": -3.425166865496446, "x": 1.6666666666666652}, "39": {"z": 1.5000000000000002, "qx": -0.0, "qy": -0.0, "qz": -0.041666666666666609, "type": "support", "_k": 6, "y": -2.425166865496446, "x": -5.0000000000000009}, "29": {"z": 1.5000000000000002, "qx": -0.0, "qy": -0.0, "qz": -0.083333333333333315, "_k": 3, "y": -2.425166865496446, "x": 3.3333333333333308}, "41": {"z": 0.13000000000000012, "type": "support", "_k": 1, "y": -2.425166865496446, "x": 3.3333333333333308}, "11": {"z": 1.5000000000000002, "qx": -0.0, "qy": -0.0, "qz": -0.083333333333333259, "_k": 1, "y": -3.425166865496446, "x": -0.83333333333333426}, "5": {"z": 1.5000000000000002, "qx": -0.0, "qy": -0.0, "qz": -0.083333333333333343, "_k": 4, "y": -3.425166865496446, "x": 4.1666666666666643}, "4": {"z": 1.5000000000000002, "qx": -0.0, "qy": -0.0, "qz": -0.041666666666666657, "type": "support", "_k": 5, "y": -3.425166865496446, "x": 4.9999999999999973}, "7": {"z": 1.5000000000000002, "qx": -0.0, "qy": -0.0, "qz": -0.083333333333333287, "_k": 2, "y": -3.425166865496446, "x": 2.4999999999999982}, "6": {"z": 1.5000000000000002, "qx": -0.0, "qy": -0.0, "qz": -0.083333333333333315, "_k": 3, "y": -3.425166865496446, "x": 3.3333333333333308}, "1": {"z": 0.13000000000000012, "type": "support", "_k": 1, "y": -3.425166865496446, "x": -3.3333333333333353}, "0": {"z": 1.2260000000000002, "type": "_origin", "_k": 0, "y": -3.425166865496446, "x": -3.3333333333333353}, "3": {"z": 0.13000000000000012, "type": "support", "_k": 1, "y": -3.425166865496446, "x": -1.6666666666666672}, "2": {"z": 1.1575000000000002, "type": "_origin", "_k": 0, "y": -3.425166865496446, "x": -1.6666666666666672}, "21": {"z": 1.2260000000000002, "type": "_origin", "_k": 0, "y": -3.425166865496446, "x": 4.1666666666666643}, "31": {"z": 1.5000000000000002, "qx": -0.0, "qy": -0.0, "qz": -0.083333333333333315, "_k": 1, "y": -2.425166865496446, "x": 1.6666666666666652}, "9": {"z": 1.5000000000000002, "qx": -0.0, "qy": -0.0, "qz": -0.08333333333333337, "type": "_origin", "_k": 0, "y": -3.425166865496446, "x": 0.83333333333333193}, "8": {"z": 1.5000000000000002, "qx": -0.0, "qy": -0.0, "qz": -0.083333333333333315, "_k": 1, "y": -3.425166865496446, "x": 1.6666666666666652}, "44": {"z": 1.2260000000000002, "type": "_origin", "_k": 0, "y": -2.425166865496446, "x": 4.1666666666666643}, "14": {"z": 1.5000000000000002, "qx": -0.0, "qy": -0.0, "qz": -0.083333333333333398, "_k": 4, "y": -3.425166865496446, "x": -3.3333333333333353}, "34": {"z": 1.5000000000000002, "qx": -0.0, "qy": -0.0, "qz": -0.083333333333333259, "_k": 1, "y": -2.425166865496446, "x": -0.83333333333333426}, "24": {"z": 0.13000000000000012, "type": "support", "_k": 1, "y": -2.425166865496446, "x": -3.3333333333333353}, "43": {"z": 0.13000000000000012, "type": "support", "_k": 1, "y": -2.425166865496446, "x": 1.6666666666666652}, "13": {"z": 1.5000000000000002, "qx": -0.0, "qy": -0.0, "qz": -0.083333333333333398, "_k": 3, "y": -3.425166865496446, "x": -2.5000000000000009}, "33": {"z": 1.5000000000000002, "qx": -0.0, "qy": -0.0,