{"compas": "1.7.1", "datatype": "compas_cem.diagrams/TopologyDiagram", "data": {"adjacency": {"16": {"6": null, "17": null}, "36": {"37": null, "14": null, "22": null, "35": null}, "26": {"4": null, "27": null}, "15": {"37": null, "14": null}, "18": {"7": null, "19": null, "9": null}, "35": {"36": null, "13": null, "34": null}, "25": {"24": null}, "28": {"27": null, "6": null, "29": null, "38": null}, "38": {"28": null, "39": null}, "40": {"31": null, "41": null, "29": null}, "10": {"32": null, "9": null, "11": null, "2": null}, "30": {"31": null, "29": null, "8": null}, "20": {"21": null, "5": null}, "17": {"16": null}, "37": {"36": null, "15": null}, "27": {"28": null, "26": null, "42": null, "5": null}, "42": {"27": null, "43": null}, "12": {"11": null, "13": null, "34": null, "2": null}, "32": {"31": null, "33": null, "10": null, "24": null}, "22": {"36": null, "23": null}, "19": {"18": null}, "39": {"38": null}, "29": {"28": null, "7": null, "30": null, "40": null}, "41": {"40": null}, "11": {"12": null, "33": null, "10": null}, "5": {"4": null, "27": null, "6": null, "20": null}, "4": {"26": null, "5": null}, "7": {"6": null, "18": null, "8": null, "29": null}, "6": {"28": null, "7": null, "16": null, "5": null}, "1": {"0": null}, "0": {"14": null, "1": null}, "3": {"2": null}, "2": {"12": null, "3": null, "10": null}, "21": {"20": null}, "31": {"30": null, "32": null, "40": null, "9": null}, "9": {"31": null, "18": null, "8": null, "10": null}, "8": {"30": null, "7": null, "9": null}, "14": {"36": null, "13": null, "15": null, "0": null}, "34": {"12": null, "33": null, "35": null, "24": null}, "24": {"32": null, "34": null, "25": null}, "43": {"42": null}, "13": {"12": null, "14": null, "35": null}, "33": {"32": null, "11": null, "34": null}, "23": {"22": null}}, "node_attributes": {"z": 0.0, "qx": 0.0, "rx": 0.0, "qy": 0.0, "ry": 0.0, "qz": 0.0, "type": null, "rz": 0.0, "_k": null, "y": 0.0, "x": 0.0}, "node": {"16": {"z": 1.2260000000000002, "type": "_origin", "_k": 0, "y": -3.425166865496446, "x": 3.1818181818181799}, "36": {"z": 1.5000000000000002, "qx": -0.0, "qy": -0.0, "qz": -0.090909090909090814, "_k": 4, "y": -2.425166865496446, "x": -4.0909090909090944}, "26": {"z": 1.5000000000000002, "qx": -0.0, "qy": -0.0, "qz": -0.045454545454545463, "type": "support", "_k": 5, "y": -2.425166865496446, "x": 4.9999999999999973}, "15": {"z": 1.5000000000000002, "qx": -0.0, "qy": -0.0, "qz": -0.045454545454545331, "type": "support", "_k": 5, "y": -3.425166865496446, "x": -5.0000000000000009}, "18": {"z": 1.1575000000000002, "type": "_origin", "_k": 0, "y": -3.425166865496446, "x": 1.3636363636363613}, "35": {"z": 1.5000000000000002, "qx": -0.0, "qy": -0.0, "qz": -0.090909090909090995, "_k": 3, "y": -2.425166865496446, "x": -3.1818181818181848}, "25": {"z": 0.13000000000000012, "type": "support", "_k": 1, "y": -2.425166865496446, "x": -1.3636363636363662}, "28": {"z": 1.5000000000000002, "qx": -0.0, "qy": -0.0, "qz": -0.090909090909090898, "_k": 3, "y": -2.425166865496446, "x": 3.1818181818181799}, "38": {"z": 1.2260000000000002, "type": "_origin", "_k": 0, "y": -2.425166865496446, "x": 3.1818181818181799}, "40": {"z": 1.1575000000000002, "type": "_origin", "_k": 0, "y": -2.425166865496446, "x": 1.3636363636363613}, "10": {"z": 1.5000000000000002, "qx": -0.0, "qy": -0.0, "qz": -0.090909090909090912, "type": "_origin", "_k": 0, "y": -3.425166865496446, "x": -0.45454545454545714}, "30": {"z": 1.5000000000000002, "qx": -0.0, "qy": -0.0, "qz": -0.090909090909090912, "_k": 1, "y": -2.425166865496446, "x": 1.3636363636363613}, "20": {"z": 1.2260000000000002, "type": "_origin", "_k": 0, "y": -3.425166865496446, "x": 4.0909090909090882}, "17": {"z": 0.13000000000000012, "type": "support", "_k": 1, "y": -3.425166865496446, "x": 3.1818181818181799}, "37": {"z": 1.5000000000000002, "qx": -0.0, "qy": -0.0, "qz": -0.045454545454545331, "type": "support", "_k": 5, "y": -2.425166865496446, "x": -5.0000000000000009}, "27": {"z": 1.5000000000000002, "qx": -0.0, "qy": -0.0, "qz": -0.090909090909090884, "_k": 4, "y": -2.425166865496446, "x": 4.0909090909090882}, "42": {"z": 1.2260000000000002, "type": "_origin", "_k": 0, "y": -2.425166865496446, "x": 4.0909090909090882}, "12": {"z": 1.5000000000000002, "qx": -0.0, "qy": -0.0, "qz": -0.090909090909090939, "_k": 2, "y": -3.425166865496446, "x": -2.2727272727272747}, "32": {"z": 1.5000000000000002, "qx": -0.0, "qy": -0.0, "qz": -0.090909090909090912, "type": "_origin", "_k": 0, "y": -2.425166865496446, "x": -0.45454545454545714}, "22": {"z": 1.2260000000000002, "type": "_origin", "_k": 0, "y": -2.425166865496446, "x": -4.0909090909090944}, "19": {"z": 0.13000000000000012, "type": "support", "_k": 1, "y": -3.425166865496446, "x": 1.3636363636363613}, "39": {"z": 0.13000000000000012, "type": "support", "_k": 1, "y": -2.425166865496446, "x": 3.1818181818181799}, "29": {"z": 1.5000000000000002, "qx": -0.0, "qy": -0.0, "qz": -0.090909090909090939, "_k": 2, "y": -2.425166865496446, "x": 2.2727272727272703}, "41": {"z": 0.13000000000000012, "type": "support", "_k": 1, "y": -2.425166865496446, "x": 1.3636363636363613}, "11": {"z": 1.5000000000000002, "qx": -0.0, "qy": -0.0, "qz": -0.090909090909090884, "_k": 1, "y": -3.425166865496446, "x": -1.3636363636363662}, "5": {"z": 1.5000000000000002, "qx": -0.0, "qy": -0.0, "qz": -0.090909090909090884, "_k": 4, "y": -3.425166865496446, "x": 4.0909090909090882}, "4": {"z": 1.5000000000000002, "qx": -0.0, "qy": -0.0, "qz": -0.045454545454545463, "type": "support", "_k": 5, "y": -3.425166865496446, "x": 4.9999999999999973}, "7": {"z": 1.5000000000000002, "qx": -0.0, "qy": -0.0, "qz": -0.090909090909090939, "_k": 2, "y": -3.425166865496446, "x": 2.2727272727272703}, "6": {"z": 1.5000000000000002, "qx": -0.0, "qy": -0.0, "qz": -0.090909090909090898, "_k": 3, "y": -3.425166865496446, "x": 3.1818181818181799}, "1": {"z": 0.13000000000000012, "type": "support", "_k": 1, "y": -3.425166865496446, "x": -4.0909090909090944}, "0": {"z": 1.2260000000000002, "type": "_origin", "_k": 0, "y": -3.425166865496446, "x": -4.0909090909090944}, "3": {"z": 0.13000000000000012, "type": "support", "_k": 1, "y": -3.425166865496446, "x": -1.3636363636363662}, "2": {"z": 1.1575000000000002, "type": "_origin", "_k": 0, "y": -3.425166865496446, "x": -1.3636363636363662}, "21": {"z": 0.13000000000000012, "type": "support", "_k": 1, "y": -3.425166865496446, "x": 4.0909090909090882}, "31": {"z": 1.5000000000000002, "qx": -0.0, "qy": -0.0, "qz": -0.090909090909090939, "type": "_origin", "_k": 0, "y": -2.425166865496446, "x": 0.45454545454545203}, "9": {"z": 1.5000000000000002, "qx": -0.0, "qy": -0.0, "qz": -0.090909090909090939, "type": "_origin", "_k": 0, "y": -3.425166865496446, "x": 0.45454545454545203}, "8": {"z": 1.5000000000000002, "qx": -0.0, "qy": -0.0, "qz": -0.090909090909090912, "_k": 1, "y": -3.425166865496446, "x": 1.3636363636363613}, "14": {"z": 1.5000000000000002, "qx": -0.0, "qy": -0.0, "qz": -0.090909090909090814, "_k": 4, "y": -3.425166865496446, "x": -4.0909090909090944}, "34": {"z": 1.5000000000000002, "qx": -0.0, "qy": -0.0, "qz": -0.090909090909090939, "_k": 2, "y": -2.425166865496446, "x": -2.2727272727272747}, "24": {"z": 1.1575000000000002, "type": "_origin", "_k": 0, "y": -2.425166865496446, "x": -1.3636363636363662}, "43": {"z": 0.13000000000000012, "type": "support", "_k": 1, "y": -2.425166865496446, "x": 4.0909090909090882}, "13": {"z": 1.5000000000000002, "qx": -0.0, "qy": -0.0, "qz": -0.090909090909090995, "_k": 3, "y": -3.425166865496446, "x": -3.1818181818181848}, "33": {"z": 1.5000000000000002, "qx": -0.0, "qy": -0.0, "qz": -0.090909090909090884, "_k": 1, "y": -2.425166865496446, "x": -1.3636363636363662}, "23": {"z": 0.13000000000000012, "type": "support", "_k": 1, "y": -2.425166865496446, "x": -4.0909090909090944}}, "max_int_key": 43, "attributes": {"gkey_node": {"5.000,-3.425,1.500": 4, "-4.091,-2.425,1.500": 36, "4.091,-3.425,1.226": 20, "1.364,-3.425,1.158": 18,