{"compas": "1.7.1", "datatype": "compas_cem.diagrams/FormDiagram", "data": {"adjacency": {"14": {"13": null, "6": null, "15": null}, "12": {"4": null, "13": null, "11": null}, "5": {"4": null, "13": null, "6": null, "15": null}, "4": {"12": null, "15": null, "3": null, "5": null}, "7": {"6": null, "15": null}, "6": {"7": null, "14": null, "15": null, "5": null}, "1": {"9": null, "0": null, "8": null, "2": null}, "0": {"1": null, "8": null}, "3": {"4": null, "11": null, "8": null, "2": null}, "2": {"10": null, "1": null, "8": null, "3": null}, "10": {"9": null, "11": null, "2": null}, "13": {"12": null, "14": null, "5": null}, "15": {"14": null, "5": null, "4": null, "7": null, "6": null}, "11": {"12": null, "10": null, "3": null}, "9": {"1": null, "8": null, "10": null}, "8": {"1": null, "0": null, "3": null, "2": null, "9": null}}, "node_attributes": {"z": 0.0, "qx": 0.0, "rx": 0.0, "qy": 0.0, "ry": 0.0, "qz": 0.0, "type": null, "rz": 0.0, "_k": null, "y": 0.0, "x": 0.0}, "node": {"14": {"z": 1.6977280959723069, "qx": -0.0, "qy": -0.0, "qz": -0.14285714285714282, "_k": 2, "y": -3.425166865496446, "x": 3.5638192863465563}, "12": {"z": 1.5000000000000002, "qx": -0.0, "qy": -0.0, "qz": -0.14285714285714285, "type": "_origin", "_k": 0, "y": -3.425166865496446, "x": 0.71428571428571286}, "5": {"y": -3.425166865496446, "x": 2.1424765754346864, "z": 2.9839725743787753, "_k": 1}, "4": {"z": 2.9510000000000014, "type": "_origin", "_k": 0, "y": -3.425166865496446, "x": 0.71428571428571308}, "7": {"z": 3.3187336219188746, "rx": 27.370693038985277, "ry": -0.0, "type": "support", "rz": 7.4140244407049405, "_k": 3, "y": -3.425166865496446, "x": 4.9637616929753907}, "6": {"y": -3.425166865496446, "x": 3.5709450847269775, "z": 3.001120299909235, "_k": 2}, "1": {"y": -3.425166865496446, "x": -3.5709450847269828, "z": 3.001120299909235, "_k": 2}, "0": {"z": 3.3187336219188741, "rx": -27.370693038985269, "ry": -0.0, "type": "support", "rz": 7.4140244407049334, "_k": 3, "y": -3.425166865496446, "x": -4.9637616929753952}, "3": {"z": 2.9510000000000014, "type": "_origin", "_k": 0, "y": -3.425166865496446, "x": -0.71428571428571597}, "2": {"y": -3.425166865496446, "x": -2.1424765754346908, "z": 2.9839725743787753, "_k": 1}, "10": {"z": 1.5660517332957606, "qx": -0.0, "qy": -0.0, "qz": -0.14285714285714282, "_k": 1, "y": -3.425166865496446, "x": -2.1413293348731313}, "13": {"z": 1.5660517332957606, "qx": -0.0, "qy": -0.0, "qz": -0.14285714285714268, "_k": 1, "y": -3.425166865496446, "x": 2.1413293348731273}, "15": {"z": 2.2664829346409068, "qx": -0.0, "rx": -40.97069303898072, "qy": -0.0, "ry": -0.0, "qz": -0.071428571428571536, "type": "support", "rz": -6.914024440692585, "_k": 3, "y": -3.425166865496446, "x": 4.8742902932832504}, "11": {"z": 1.5000000000000002, "qx": -0.0, "qy": -0.0, "qz": -0.14285714285714288, "type": "_origin", "_k": 0, "y": -3.425166865496446, "x": -0.71428571428571608}, "9": {"z": 1.6977280959723071, "qx": -0.0, "qy": -0.0, "qz": -0.14285714285714279, "_k": 2, "y": -3.425166865496446, "x": -3.5638192863465621}, "8": {"z": 2.2664829346409059, "qx": -0.0, "rx": 40.970693038980713, "qy": -0.0, "ry": -0.0, "qz": -0.071428571428571425, "type": "support", "rz": -6.9140244406925753, "_k": 3, "y": -3.425166865496446, "x": -4.8742902932832539}}, "max_int_key": 15, "attributes": {"gkey_node": {"5.000,-3.425,1.500": 15, "-5.000,-3.425,1.500": 8, "-2.143,-3.425,1.500": 10, "-3.571,-3.425,2.951": 1, "4.964,-3.425,3.319": 7, "-5.000,-3.425,2.951": 0, "-3.571,-3.425,3.001": 1, "-3.571,-3.425,1.500": 9, "-0.714,-3.425,2.951": 3, "4.874,-3.425,2.266": 15, "3.571,-3.425,3.001": 6, "2.142,-3.425,2.984": 5, "-2.141,-3.425,1.566": 10, "5.000,-3.425,2.951": 7, "-3.564,-3.425,1.698": 9, "-4.874,-3.425,2.266": 8, "-2.143,-3.425,2.951": 2, "0.714,-3.425,1.500": 12, "3.564,-3.425,1.698": 14, "-2.142,-3.425,2.984": 2, "2.141,-3.425,1.566": 13, "0.714,-3.425,2.951": 4, "-0.714,-3.425,1.500": 11, "2.143,-3.425,1.500": 13, "2.143,-3.425,2.951": 5, "3.571,-3.425,2.951": 6, "-4.964,-3.425,3.319": 0, "3.571,-3.425,1.500": 14}, "name": "Network", "tol": "3f"}, "edge_attributes": {"force": 0.0, "type": null, "length": 0.0}, "edge": {"14": {"6": {"force": 8.6999999999999993, "type": "deviation", "length": 1.3034116825800361}, "15": {"force": -27.306011033545822, "length": 1.4285714285714306, "type": "trail"}}, "12": {"4": {"force": 1.3, "type": "deviation", "length": 1.4510000000000012}, "13": {"force": -25.026765264249327, "length": 1.4285714285714282, "type": "trail"}}, "5": {"6": {"force": 22.344659190129615, "length": 1.4285714285714273, "type": "trail"}}, "4": {"5": {"force": 16.930203553312079, "length": 1.4285714285714277, "type": "trail"}}, "7": {"15": {"force": 1.2, "type": "deviation", "length": 1.0560476505536227}}, "6": {"7": {"force": 27.969045314360201, "length": 1.4285714285714288, "type": "trail"}}, "1": {"2": {"force": 22.344659190129612, "length": 1.4285714285714282, "type": "trail"}}, "0": {"1": {"force": 27.969045314360191, "length": 1.4285714285714277, "type": "trail"}, "8": {"force": 1.2, "type": "deviation", "length": 1.0560476505536232}}, "3": {"4": {"force": 11.4, "type": "deviation", "length": 1.428571428571429}}, "2": {"3": {"force": 16.930203553312079, "length": 1.4285714285714293, "type": "trail"}}, "10": {"11": {"force": -25.026765264249327, "length": 1.4285714285714288, "type": "trail"}, "2": {"force": 1.3, "type": "deviation", "length": 1.417921305199435}}, "13": {"14": {"force": -25.107937171819319, "length": 1.4285714285714257, "type": "trail"}, "5": {"force": 1.3, "type": "deviation", "length": 1.417921305199435}}, "15": {"4": {"force": -5.5999999999999996, "type": "deviation", "length": 4.2159461227639401}, "6": {"force": -5.5999999999999996, "type": "deviation", "length": 1.4961286011285879}, "5": {"force": -5.5999999999999996, "type": "deviation", "length": 2.8244641212372961}}, "11": {"12": {"force": -25.0, "type": "deviation", "length": 1.4285714285714288}, "3": {"force": 1.3, "type": "deviation", "length": 1.4510000000000012}}, "9": {"1": {"force": 8.6999999999999993, "type": "deviation", "length": 1.3034116825800361}, "10": {"force": -25.107937171819319, "length": 1.4285714285714273, "type": "trail"}}, "8": {"1": {"force": -5.5999999999999996, "type": "deviation", "length": 1.496128601128587}, "9": {"force": -27.306011033545818, "length": 1.4285714285714282, "type": "trail"}, "3": {"force": -5.5999999999999996, "type": "deviation", "length": 4.215946122763941}, "2": {"force": -5.5999999999999996, "type": "deviation", "length": 2.8244641212372952}}}}}