{"compas": "1.7.1", "datatype": "compas_cem.diagrams/FormDiagram", "data": {"adjacency": {"16": {"17": null, "24": null, "15": null, "25": null, "3": null}, "15": {"14": null, "24": null, "2": null, "23": null, "16": null}, "18": {"17": null, "5": null}, "25": {"17": null, "24": null, "12": null, "22": null, "16": null}, "10": {"7": null, "1": null, "2": null, "23": null, "11": null}, "20": {"7": null, "19": null, "14": null, "23": null}, "17": {"4": null, "22": null, "18": null, "25": null, "16": null}, "12": {"4": null, "25": null, "3": null, "11": null, "9": null}, "22": {"21": null, "9": null, "17": null, "25": null}, "19": {"20": null}, "11": {"24": null, "12": null, "10": null, "3": null, "2": null}, "5": {"4": null, "18": null}, "4": {"17": null, "12": null, "5": null, "3": null, "9": null}, "7": {"20": null, "6": null, "1": null, "10": null}, "6": {"7": null}, "1": {"14": null, "7": null, "10": null, "0": null, "2": null}, "0": {"13": null, "1": null}, "3": {"12": null, "4": null, "2": null, "11": null, "16": null}, "2": {"15": null, "1": null, "10": null, "3": null, "11": null}, "21": {"22": null}, "9": {"4": null, "12": null, "22": null, "8": null}, "8": {"9": null}, "14": {"15": null, "1": null, "13": null, "20": null, "23": null}, "24": {"15": null, "25": null, "23": null, "11": null, "16": null}, "13": {"14": null, "0": null}, "23": {"14": null, "24": null, "15": null, "10": null, "20": null}}, "node_attributes": {"z": 0.0, "qx": 0.0, "rx": 0.0, "qy": 0.0, "ry": 0.0, "qz": 0.0, "type": null, "rz": 0.0, "_k": null, "y": 0.0, "x": 0.0}, "node": {"16": {"z": 1.5000000000000002, "qx": -0.0, "qy": -0.0, "qz": -0.19999999999999998, "type": "_origin", "_k": 0, "y": -2.425166865496446, "x": 0.99999999999999845}, "15": {"z": 1.5000000000000002, "qx": -0.0, "qy": -0.0, "qz": -0.20000000000000001, "type": "_origin", "_k": 0, "y": -2.425166865496446, "x": -1.000000000000002}, "18": {"z": 1.3719750383966076, "qx": -0.0, "rx": -39.897937212956066, "qy": -0.0, "ry": -0.31186446738881968, "qz": -0.10000000000000001, "type": "support", "rz": 1.7796757400061596, "_k": 2, "y": -2.4095541049199758, "x": 4.9977137161650553}, "25": {"z": 2.9713004822703648, "type": "_origin", "_k": 0, "y": -2.4251668654964464, "x": 1.9999999999999982}, "10": {"y": -3.3912364595327058, "x": -2.0175205218688506, "z": 3.2783090955266592, "_k": 1}, "20": {"y": -2.526490409540739, "x": -4.1710851740117727, "z": 3.0642223076287123, "_k": 2}, "17": {"z": 1.4560979643518137, "qx": -0.0, "qy": -0.0, "qz": -0.19999999999999996, "_k": 1, "y": -2.420164878462864, "x": 2.9995118382724444}, "12": {"z": 2.9713004822703648, "type": "_origin", "_k": 0, "y": -3.4251668654964469, "x": 1.9999999999999982}, "22": {"y": -2.460151849763661, "x": 4.1017863109225967, "z": 2.4521800214267837, "_k": 1}, "19": {"z": 2.9028144942755141, "rx": -5.7019631350967535, "ry": -0.26438971822833951, "type": "support", "rz": -0.91309862203417014, "_k": 3, "y": -2.5732263975956058, "x": -5.1790172628875695}, "11": {"z": 3.2413167131927958, "type": "_origin", "_k": 0, "y": -3.4251668654964469, "x": -9.7144514654701197e-17}, "5": {"z": 1.3719750383966076, "qx": -0.0, "rx": -39.897937212956066, "qy": -0.0, "ry": 0.31186446738881857, "qz": -0.10000000000000001, "type": "support", "rz": 1.7796757400061596, "_k": 2, "y": -3.4407796260729162, "x": 4.9977137161650553}, "4": {"z": 1.4560979643518137, "qx": -0.0, "qy": -0.0, "qz": -0.19999999999999996, "_k": 1, "y": -3.430168852530028, "x": 2.9995118382724444}, "7": {"y": -3.3238433214521539, "x": -4.1710851740117727, "z": 3.0642223076287123, "_k": 2}, "6": {"z": 2.9028144942755141, "rx": -5.7019631350967535, "ry": 0.26438971822834073, "type": "support", "rz": -0.91309862203417014, "_k": 3, "y": -3.2771073333972867, "x": -5.1790172628875695}, "1": {"z": 1.4553115971549486, "qx": -0.0, "qy": -0.0, "qz": -0.19999999999999996, "_k": 1, "y": -3.4304966099836407, "x": -2.9994935710011337}, "0": {"z": 1.3668507364774491, "qx": -0.0, "rx": 39.955108591939073, "qy": -0.0, "ry": 0.33561028177165952, "qz": -0.099999999999999978, "type": "support", "rz": 1.8689935886701563, "_k": 2, "y": -3.4422786132896319, "x": -4.9975015440899035}, "3": {"z": 1.5000000000000002, "qx": -0.0, "qy": -0.0, "qz": -0.19999999999999998, "type": "_origin", "_k": 0, "y": -3.425166865496446, "x": 0.99999999999999845}, "2": {"z": 1.5000000000000002, "qx": -0.0, "qy": -0.0, "qz": -0.20000000000000001, "type": "_origin", "_k": 0, "y": -3.425166865496446, "x": -1.000000000000002}, "21": {"z": 2.1520262660707425, "rx": 5.6447917561137473, "ry": -0.18813553261118046, "type": "support", "rz": -1.735570706642146, "_k": 2, "y": -2.4926884594293126, "x": 5.0780101186396447}, "9": {"y": -3.3901818812292319, "x": 4.1017863109225967, "z": 2.4521800214267837, "_k": 1}, "8": {"z": 2.1520262660707425, "rx": 5.6447917561137473, "ry": 0.18813553261118127, "type": "support", "rz": -1.735570706642146, "_k": 2, "y": -3.3576452715635803, "x": 5.0780101186396447}, "14": {"z": 1.4553115971549486, "qx": -0.0, "qy": -0.0, "qz": -0.19999999999999996, "_k": 1, "y": -2.4198371210092513, "x": -2.9994935710011337}, "24": {"z": 3.2413167131927958, "type": "_origin", "_k": 0, "y": -2.4251668654964464, "x": -9.7144514654701197e-17}, "13": {"z": 1.3668507364774491, "qx": -0.0, "rx": 39.955108591939073, "qy": -0.0, "ry": -0.33561028177166041, "qz": -0.099999999999999978, "type": "support", "rz": 1.8689935886701563, "_k": 2, "y": -2.4080551177032601, "x": -4.9975015440899035}, "23": {"y": -2.4590972714601875, "x": -2.0175205218688506, "z": 3.2783090955266592, "_k": 1}}, "max_int_key": 25, "attributes": {"gkey_node": {"5.000,-3.425,1.500": 5, "3.000,-2.425,1.500": 17, "-2.999,-2.420,1.455": 14, "2.000,-2.425,2.971": 25, "-2.000,-2.425,2.971": 23, "-5.000,-3.425,1.500": 0, "2.000,-3.425,2.971": 12, "-4.860,-3.425,1.590": 6, "4.000,-3.425,2.142": 9, "5.078,-2.493,2.152": 21, "4.998,-3.441,1.372": 5, "-3.000,-2.425,1.500": 14, "5.000,-2.425,1.500": 18, "4.102,-2.460,2.452": 22, "4.000,-2.425,2.142": 22, "-5.000,-2.425,1.500": 13, "-4.000,-2.425,2.142": 20, "-4.860,-2.425,1.590": 19, "4.860,-3.425,1.590": 8, "5.078,-3.358,2.152": 8, "0.000,-3.425,3.241": 11, "4.998,-2.410,1.372": 18, "-1.000,-3.425,1.500": 2, "-5.179,-3.277,2.903": 6, "-4.171,-3.324,3.064": 7, "-4.998,-2.408,1.367": 13, "-2.000,-3.425,2.971": 10, "-2.018,-3.391,3.278": 10, "1.000,-3.425,1.500": 3, "3.000,-3.425,1.500": 4, "4.102,-3.390,2.452": 9, "-4.998,-3.442,1.367": 0, "4.860,-2.425,1.590": 21, "-2.999,-3.430,1.455": 1, "-5.179,-2.573,2.903": 19, "-1.000,-2.425,1.500": 15, "-2.018,-2.459,3.278": 23, "3.000,-2.420,1.456": 17, "-4.000,-3.425,2.142": 7, "3.000,-3.430,1.456": 4, "-4.171,-2.526,3.064": 20, "0.000,-2.425,3.241": 24, "1.000,-2.425,1.500": 16, "-3.000,-3.425,1.500": 1}, "name": "Network", "tol": "3f"}, "edge_attributes": {"force": 0.0, "type": null, "length": 0.0}, "edge": {"16": {"24": {"force": -0.40000000000000002, "type": "deviation", "length": 2.0080298542712351}, "17": {"force": -39.984110046118047, "length": 1.9999999999999987, "type": "trail"}, "25": {"force": -0.40000000000000002, "type": "deviation", "length": 1.7789674277875374}}, "15": {"23": {"force": -0.40000000000000002, "type": "deviation", "length": 2.0491174988530947}, "16": {"force": -40.0, "type": "deviation", "length": 2.0000000000000004}, "24": {"force": -0.40000000000000002, "type": "deviation", "length": 2.0080298542712369}}, "18": {}, "25": {"22": {"force": 6.1208043378619132, "length": 2.1652287867041338, "type": "trail"}}, "10": {"23": {"force": -0.10000000000000001, "type": "deviation", "length": 0.93213918807251828}, "11": {"force": 5.9478948887638969, "length": 2.0181448820541994, "type": "trail"}}, "20": {"23": {"force": 5.9692447275242362, "length": 2.1652287867041373, "type": "trail"}}, "17": {"22": {"force": -0.40000000000000002, "type": "deviation", "length": 1.4861989891520873}, "18": {"force": -39.933840173380418, "length": 2.0, "type": "trail"}, "25": {"force": -0.40000000000000002,