{"compas": "1.7.1", "datatype": "compas_cem.diagrams/FormDiagram", "data": {"adjacency": {"16": {"17": null, "24": null, "15": null, "25": null, "3": null}, "15": {"14": null, "24": null, "2": null, "23": null, "16": null}, "18": {"17": null, "5": null}, "25": {"17": null, "24": null, "12": null, "22": null, "16": null}, "10": {"7": null, "1": null, "2": null, "23": null, "11": null}, "20": {"7": null, "19": null, "14": null, "23": null}, "17": {"4": null, "22": null, "18": null, "25": null, "16": null}, "12": {"4": null, "25": null, "3": null, "11": null, "9": null}, "22": {"21": null, "9": null, "17": null, "25": null}, "19": {"20": null}, "11": {"24": null, "12": null, "10": null, "3": null, "2": null}, "5": {"4": null, "18": null}, "4": {"17": null, "12": null, "5": null, "3": null, "9": null}, "7": {"20": null, "6": null, "1": null, "10": null}, "6": {"7": null}, "1": {"14": null, "7": null, "10": null, "0": null, "2": null}, "0": {"13": null, "1": null}, "3": {"12": null, "4": null, "2": null, "11": null, "16": null}, "2": {"15": null, "1": null, "10": null, "3": null, "11": null}, "21": {"22": null}, "9": {"4": null, "12": null, "22": null, "8": null}, "8": {"9": null}, "14": {"15": null, "1": null, "13": null, "20": null, "23": null}, "24": {"15": null, "25": null, "23": null, "11": null, "16": null}, "13": {"14": null, "0": null}, "23": {"14": null, "24": null, "15": null, "10": null, "20": null}}, "node_attributes": {"z": 0.0, "qx": 0.0, "rx": 0.0, "qy": 0.0, "ry": 0.0, "qz": 0.0, "type": null, "rz": 0.0, "_k": null, "y": 0.0, "x": 0.0}, "node": {"16": {"z": 1.5000000000000002, "qx": -0.0, "qy": -0.0, "qz": -0.09999999999999995, "type": "_origin", "_k": 0, "y": -2.425166865496446, "x": 0.99999999999999845}, "15": {"z": 1.5000000000000002, "qx": -0.0, "qy": -0.0, "qz": -0.099999999999999978, "type": "_origin", "_k": 0, "y": -2.425166865496446, "x": -1.000000000000002}, "18": {"z": 1.3820278483711257, "qx": -0.0, "rx": -39.897819924136549, "qy": -0.0, "ry": -0.31189006550327969, "qz": -0.10000000000000001, "type": "support", "rz": 1.6786185175827533, "_k": 2, "y": -2.4095514370453595, "x": 4.9980235516586315}, "25": {"z": 2.9713004822703648, "type": "_origin", "_k": 0, "y": -2.4251668654964464, "x": 1.9999999999999982}, "10": {"y": -3.3912364595327058, "x": -2.0175205218688506, "z": 3.2783090955266592, "_k": 1}, "20": {"y": -2.5264801554691485, "x": -4.1710950658655097, "z": 3.0643186070359576, "_k": 2}, "17": {"z": 1.4610979373007649, "qx": -0.0, "qy": -0.0, "qz": -0.19999999999999996, "_k": 1, "y": -2.4201646194805346, "x": 2.9996153647770689}, "12": {"z": 2.9713004822703648, "type": "_origin", "_k": 0, "y": -3.4251668654964469, "x": 1.9999999999999982}, "22": {"y": -2.4601485147539068, "x": 4.1018254702073378, "z": 2.4523383682628173, "_k": 1}, "19": {"z": 2.9030064307632193, "rx": -5.7019276109295483, "ry": -0.26433256769877722, "type": "support", "rz": -0.91253766640163314, "_k": 3, "y": -2.5732070614645921, "x": -5.1790428862504241}, "11": {"z": 3.2413167131927958, "type": "_origin", "_k": 0, "y": -3.4251668654964469, "x": -9.7144514654701197e-17}, "5": {"z": 1.3820278483711257, "qx": -0.0, "rx": -39.897819924136549, "qy": -0.0, "ry": 0.31189006550327864, "qz": -0.10000000000000001, "type": "support", "rz": 1.6786185175827533, "_k": 2, "y": -3.4407822939475325, "x": 4.9980235516586315}, "4": {"z": 1.4610979373007649, "qx": -0.0, "qy": -0.0, "qz": -0.19999999999999996, "_k": 1, "y": -3.4301691115123574, "x": 2.9996153647770689}, "7": {"y": -3.3238535755237444, "x": -4.1710950658655097, "z": 3.0643186070359576, "_k": 2}, "6": {"z": 2.9030064307632193, "rx": -5.7019276109295483, "ry": 0.26433256769877844, "type": "support", "rz": -0.91253766640163325, "_k": 3, "y": -3.2771266695283003, "x": -5.1790428862504241}, "1": {"z": 1.4603081666383251, "qx": -0.0, "qy": -0.0, "qz": -0.19999999999999996, "_k": 1, "y": -3.430496891001876, "x": -2.9995989970972943}, "0": {"z": 1.376866899739829, "qx": -0.0, "rx": 39.955073067771863, "qy": -0.0, "ry": 0.33566743230122176, "qz": -0.099999999999999978, "type": "support", "rz": 1.7684326330376199, "_k": 2, "y": -3.4422830361110903, "x": -4.9978228688798918}, "3": {"z": 1.5000000000000002, "qx": -0.0, "qy": -0.0, "qz": -0.09999999999999995, "type": "_origin", "_k": 0, "y": -3.425166865496446, "x": 0.99999999999999845}, "2": {"z": 1.5000000000000002, "qx": -0.0, "qy": -0.0, "qz": -0.099999999999999978, "type": "_origin", "_k": 0, "y": -3.425166865496446, "x": -1.000000000000002}, "21": {"z": 2.1523459578722606, "rx": 5.6446744672942311, "ry": -0.18810993449672042, "type": "support", "rz": -1.7345134842187395, "_k": 2, "y": -2.4926830284267703, "x": 5.078098940964674}, "9": {"y": -3.3901852162389861, "x": 4.1018254702073378, "z": 2.4523383682628173, "_k": 1}, "8": {"z": 2.1523459578722606, "rx": 5.6446744672942311, "ry": 0.18810993449672123, "type": "support", "rz": -1.7345134842187395, "_k": 2, "y": -3.3576507025661222, "x": 5.078098940964674}, "14": {"z": 1.4603081666383251, "qx": -0.0, "qy": -0.0, "qz": -0.19999999999999996, "_k": 1, "y": -2.419836839991016, "x": -2.9995989970972943}, "24": {"z": 3.2413167131927958, "type": "_origin", "_k": 0, "y": -2.4251668654964464, "x": -9.7144514654701197e-17}, "13": {"z": 1.376866899739829, "qx": -0.0, "rx": 39.955073067771863, "qy": -0.0, "ry": -0.33566743230122276, "qz": -0.099999999999999978, "type": "support", "rz": 1.7684326330376194, "_k": 2, "y": -2.4080506948818017, "x": -4.9978228688798918}, "23": {"y": -2.4590972714601875, "x": -2.0175205218688506, "z": 3.2783090955266592, "_k": 1}}, "max_int_key": 25, "attributes": {"gkey_node": {"5.000,-3.425,1.500": 5, "3.000,-2.425,1.500": 17, "2.000,-2.425,2.971": 25, "-2.000,-2.425,2.971": 23, "-5.000,-3.425,1.500": 0, "2.000,-3.425,2.971": 12, "-4.998,-3.442,1.377": 0, "-4.860,-3.425,1.590": 6, "4.000,-3.425,2.142": 9, "5.078,-2.493,2.152": 21, "-3.000,-2.425,1.500": 14, "4.998,-3.441,1.382": 5, "5.000,-2.425,1.500": 18, "4.102,-2.460,2.452": 22, "4.000,-2.425,2.142": 22, "-5.000,-2.425,1.500": 13, "-4.000,-2.425,2.142": 20, "-4.860,-2.425,1.590": 19, "4.860,-3.425,1.590": 8, "5.078,-3.358,2.152": 8, "0.000,-3.425,3.241": 11, "3.000,-3.430,1.461": 4, "4.998,-2.410,1.382": 18, "-1.000,-3.425,1.500": 2, "-5.179,-3.277,2.903": 6, "-4.171,-3.324,3.064": 7, "-2.000,-3.425,2.971": 10, "-2.018,-3.391,3.278": 10, "1.000,-3.425,1.500": 3, "3.000,-3.425,1.500": 4, "3.000,-2.420,1.461": 17, "-3.000,-2.420,1.460": 14, "-3.000,-3.430,1.460": 1, "4.102,-3.390,2.452": 9, "4.860,-2.425,1.590": 21, "-5.179,-2.573,2.903": 19, "-1.000,-2.425,1.500": 15, "-2.018,-2.459,3.278": 23, "-4.000,-3.425,2.142": 7, "-4.171,-2.526,3.064": 20, "0.000,-2.425,3.241": 24, "-4.998,-2.408,1.377": 13, "1.000,-2.425,1.500": 16, "-3.000,-3.425,1.500": 1}, "name": "Network", "tol": "3f"}, "edge_attributes": {"force": 0.0, "type": null, "length": 0.0}, "edge": {"16": {"24": {"force": -0.40000000000000002, "type": "deviation", "length": 2.0080298542712351}, "17": {"force": -39.982039940423469, "length": 1.9999999999999989, "type": "trail"}, "25": {"force": -0.40000000000000002, "type": "deviation", "length": 1.7789674277875374}}, "15": {"23": {"force": -0.40000000000000002, "type": "deviation", "length": 2.0491174988530947}, "16": {"force": -40.0, "type": "deviation", "length": 2.0000000000000004}, "24": {"force": -0.40000000000000002, "type": "deviation", "length": 2.0080298542712369}}, "18": {}, "25": {"22": {"force": 6.1212293339688228, "length": 2.1652287867041347, "type": "trail"}}, "10": {"23": {"force": -0.10000000000000001, "type": "deviation", "length": 0.93213918807251828}, "11": {"force": 5.9478948887638969, "length": 2.0181448820541994, "type": "trail"}}, "20": {"23": {"force": 5.9696388838217311, "length": 2.1652287867041378, "type": "trail"}}, "17": {"22": {"force": -0.40000000000000002, "type": "deviation", "length": 1.4829104559506188}, "18": {"force": -39.929600154806728, "length": 1.9999999999999993, "type": "trail"},