{"compas": "1.7.1", "datatype": "compas_cem.diagrams/TopologyDiagram", "data": {"adjacency": {"16": {"17": null, "24": null, "15": null, "25": null, "3": null}, "15": {"14": null, "24": null, "2": null, "23": null, "16": null}, "18": {"17": null, "5": null}, "25": {"17": null, "24": null, "12": null, "22": null, "16": null}, "10": {"7": null, "1": null, "2": null, "23": null, "11": null}, "20": {"7": null, "19": null, "14": null, "23": null}, "17": {"4": null, "22": null, "18": null, "25": null, "16": null}, "12": {"4": null, "25": null, "3": null, "11": null, "9": null}, "22": {"21": null, "9": null, "17": null, "25": null}, "19": {"20": null}, "11": {"24": null, "12": null, "10": null, "3": null, "2": null}, "5": {"4": null, "18": null}, "4": {"17": null, "12": null, "5": null, "3": null, "9": null}, "7": {"20": null, "6": null, "1": null, "10": null}, "6": {"7": null}, "1": {"14": null, "7": null, "10": null, "0": null, "2": null}, "0": {"13": null, "1": null}, "3": {"12": null, "4": null, "2": null, "11": null, "16": null}, "2": {"15": null, "1": null, "10": null, "3": null, "11": null}, "21": {"22": null}, "9": {"4": null, "12": null, "22": null, "8": null}, "8": {"9": null}, "14": {"15": null, "1": null, "13": null, "20": null, "23": null}, "24": {"15": null, "25": null, "23": null, "11": null, "16": null}, "13": {"14": null, "0": null}, "23": {"14": null, "24": null, "15": null, "10": null, "20": null}}, "node_attributes": {"z": 0.0, "qx": 0.0, "rx": 0.0, "qy": 0.0, "ry": 0.0, "qz": 0.0, "type": null, "rz": 0.0, "_k": null, "y": 0.0, "x": 0.0}, "node": {"16": {"z": 1.5000000000000002, "qx": -0.0, "qy": -0.0, "qz": -0.19999999999999998, "type": "_origin", "_k": 0, "y": -2.425166865496446, "x": 0.99999999999999845}, "15": {"z": 1.5000000000000002, "qx": -0.0, "qy": -0.0, "qz": -0.20000000000000001, "type": "_origin", "_k": 0, "y": -2.425166865496446, "x": -1.000000000000002}, "18": {"z": 1.5000000000000002, "qx": -0.0, "qy": -0.0, "qz": -0.10000000000000001, "type": "support", "_k": 2, "y": -2.425166865496446, "x": 4.9999999999999973}, "25": {"z": 2.9713004822703648, "type": "_origin", "_k": 0, "y": -2.4251668654964464, "x": 1.9999999999999982}, "10": {"_k": 1, "z": 2.9713004822703653, "y": -3.4251668654964469, "x": -2.0000000000000009}, "20": {"_k": 2, "z": 2.1417128143459498, "y": -2.425166865496446, "x": -4.0000000000000009}, "17": {"z": 1.5000000000000002, "qx": -0.0, "qy": -0.0, "qz": -0.19999999999999996, "_k": 1, "y": -2.425166865496446, "x": 2.9999999999999973}, "12": {"z": 2.9713004822703648, "type": "_origin", "_k": 0, "y": -3.4251668654964469, "x": 1.9999999999999982}, "22": {"_k": 1, "z": 2.1417128143459512, "y": -2.4251668654964464, "x": 3.9999999999999956}, "19": {"z": 1.5898397940084334, "type": "support", "_k": 3, "y": -2.425166865496446, "x": -4.8600000000000012}, "11": {"z": 3.2413167131927958, "type": "_origin", "_k": 0, "y": -3.4251668654964469, "x": -9.7144514654701197e-17}, "5": {"z": 1.5000000000000002, "qx": -0.0, "qy": -0.0, "qz": -0.10000000000000001, "type": "support", "_k": 2, "y": -3.425166865496446, "x": 4.9999999999999973}, "4": {"z": 1.5000000000000002, "qx": -0.0, "qy": -0.0, "qz": -0.19999999999999996, "_k": 1, "y": -3.425166865496446, "x": 2.9999999999999973}, "7": {"_k": 2, "z": 2.1417128143459498, "y": -3.4251668654964469, "x": -4.0000000000000009}, "6": {"z": 1.5898397940084334, "type": "support", "_k": 3, "y": -3.4251668654964469, "x": -4.8600000000000012}, "1": {"z": 1.5000000000000002, "qx": -0.0, "qy": -0.0, "qz": -0.19999999999999996, "_k": 1, "y": -3.425166865496446, "x": -3.0000000000000013}, "0": {"z": 1.5000000000000002, "qx": -0.0, "qy": -0.0, "qz": -0.099999999999999978, "type": "support", "_k": 2, "y": -3.425166865496446, "x": -5.0000000000000009}, "3": {"z": 1.5000000000000002, "qx": -0.0, "qy": -0.0, "qz": -0.19999999999999998, "type": "_origin", "_k": 0, "y": -3.425166865496446, "x": 0.99999999999999845}, "2": {"z": 1.5000000000000002, "qx": -0.0, "qy": -0.0, "qz": -0.20000000000000001, "type": "_origin", "_k": 0, "y": -3.425166865496446, "x": -1.000000000000002}, "21": {"z": 1.5898397940084388, "type": "support", "_k": 2, "y": -2.4251668654964464, "x": 4.8599999999999914}, "9": {"_k": 1, "z": 2.1417128143459512, "y": -3.4251668654964469, "x": 3.9999999999999956}, "8": {"z": 1.5898397940084388, "type": "support", "_k": 2, "y": -3.4251668654964469, "x": 4.8599999999999914}, "14": {"z": 1.5000000000000002, "qx": -0.0, "qy": -0.0, "qz": -0.19999999999999996, "_k": 1, "y": -2.425166865496446, "x": -3.0000000000000013}, "24": {"z": 3.2413167131927958, "type": "_origin", "_k": 0, "y": -2.4251668654964464, "x": -9.7144514654701197e-17}, "13": {"z": 1.5000000000000002, "qx": -0.0, "qy": -0.0, "qz": -0.099999999999999978, "type": "support", "_k": 2, "y": -2.425166865496446, "x": -5.0000000000000009}, "23": {"_k": 1, "z": 2.9713004822703653, "y": -2.425166865496446, "x": -2.0000000000000009}}, "max_int_key": 25, "attributes": {"gkey_node": {"5.000,-3.425,1.500": 5, "-3.000,-3.425,1.500": 1, "2.000,-2.425,2.971": 25, "-2.000,-2.425,2.971": 23, "-5.000,-3.425,1.500": 0, "2.000,-3.425,2.971": 12, "-4.860,-3.425,1.590": 6, "4.000,-3.425,2.142": 9, "-3.000,-2.425,1.500": 14, "5.000,-2.425,1.500": 18, "4.000,-2.425,2.142": 22, "-5.000,-2.425,1.500": 13, "-4.000,-2.425,2.142": 20, "-4.860,-2.425,1.590": 19, "4.860,-3.425,1.590": 8, "0.000,-3.425,3.241": 11, "-1.000,-3.425,1.500": 2, "-2.000,-3.425,2.971": 10, "1.000,-3.425,1.500": 3, "3.000,-3.425,1.500": 4, "4.860,-2.425,1.590": 21, "-1.000,-2.425,1.500": 15, "-4.000,-3.425,2.142": 7, "0.000,-2.425,3.241": 24, "1.000,-2.425,1.500": 16, "3.000,-2.425,1.500": 17}, "name": "Network", "_aux_length": 0.33000000000000002, "_trails": {"2": [2, 1, 0], "3": [3, 4, 5], "11": [11, 10, 7, 6], "12": [12, 9, 8], "15": [15, 14, 13], "16": [16, 17, 18], "24": [24, 23, 20, 19], "25": [25, 22, 21]}, "tol": "3f", "_auxiliary_trails": {}, "_aux_vector": {"dtype": "compas.geometry/Vector", "value": [-0.0, -0.0, -1.0]}}, "edge_attributes": {"force": 0.0, "type": null, "length": 0.0}, "edge": {"16": {"24": {"force": -0.40000000000000002, "type": "deviation"}, "17": {"length": -1.9999999999999989, "type": "trail"}, "25": {"force": -0.40000000000000002, "type": "deviation"}}, "15": {"23": {"force": -0.40000000000000002, "type": "deviation"}, "16": {"force": -40.0, "type": "deviation"}, "24": {"force": -0.40000000000000002, "type": "deviation"}}, "18": {}, "25": {"22": {"length": 2.1652287867041342, "type": "trail"}}, "10": {"23": {"force": -0.10000000000000001, "type": "deviation"}, "11": {"length": 2.0181448820541994, "type": "trail"}}, "20": {"23": {"length": 2.1652287867041373, "type": "trail"}}, "17": {"22": {"force": -0.40000000000000002, "type": "deviation"}, "18": {"length": -2.0, "type": "trail"}, "25": {"force": -0.40000000000000002, "type": "deviation"}}, "12": {"9": {"length": 2.1652287867041342, "type": "trail"}, "25": {"force": -0.10000000000000001, "type": "deviation"}}, "22": {}, "19": {"20": {"length": 1.0218433493331811, "type": "trail"}}, "11": {"12": {"force": 6.0, "type": "deviation"}, "24": {"force": -0.10000000000000001, "type": "deviation"}}, "5": {"18": {"force": -0.10000000000000001, "type": "deviation"}}, "4": {"12": {"force": -0.40000000000000002, "type": "deviation"}, "9": {"force": -0.40000000000000002, "type": "deviation"}, "17": {"force": -0.10000000000000001, "type": "deviation"}, "5": {"length": -2.0, "type": "trail"}}, "7": {"20": {"force": -0.10000000000000001, "type": "deviation"}, "10": {"length": 2.1652287867041373, "type": "trail"}}, "6": {"7": {"length": 1.0218433493331811, "type": "trail"}}, "1": {"7": {"force": -0.40000000000000002, "type": "deviation"}, "14": {"force": -0.10000000000000001, "type": "deviation"}, "10": {"force": -0.40000000000000002, "type": "deviation"}, "2": {"length": -1.9999999999999993, "type": "trail"}}, "0": {"13": {"force": -0.10000000000000001, "type": "deviation"}, "1": {"length": -1.9999999999999996,