{"compas": "1.7.1", "datatype": "compas_cem.diagrams/TopologyDiagram", "data": {"adjacency": {"14": {"13": null, "15": null}, "17": {"16": null, "5": null}, "12": {"13": null, "11": null}, "5": {"6": null, "17": null}, "4": {"18": null, "3": null, "10": null}, "7": {"6": null, "8": null}, "6": {"7": null, "5": null}, "1": {"0": null, "2": null}, "0": {"19": null, "1": null}, "3": {"4": null, "2": null}, "2": {"1": null, "3": null}, "10": {"4": null, "11": null}, "13": {"12": null, "14": null}, "15": {"14": null, "9": null}, "11": {"12": null, "10": null}, "9": {"15": null, "8": null, "16": null}, "8": {"7": null, "9": null}, "18": {"4": null, "19": null, "16": null}, "19": {"0": null, "18": null}, "16": {"9": null, "17": null, "18": null}}, "node_attributes": {"z": 0.0, "qx": 0.0, "rx": 0.0, "qy": 0.0, "ry": 0.0, "qz": 0.0, "type": null, "rz": 0.0, "_k": null, "y": 0.0, "x": 0.0}, "node": {"14": {"z": 1.5000000000000002, "qx": -0.0, "qy": -0.0, "qz": -0.066666666666666929, "_k": 1, "y": -3.425166865496446, "x": 0.99999999999999889}, "17": {"z": 1.4500000000000002, "type": "support", "_k": 1, "y": -3.425166865496446, "x": 4.9999999999999973}, "12": {"z": 1.5000000000000002, "qx": -0.0, "qy": -0.0, "qz": -0.066666666666666652, "type": "_origin", "_k": 0, "y": -3.425166865496446, "x": -0.33333333333333581}, "5": {"z": 1.5000000000000002, "qx": -0.0, "qy": -0.0, "qz": -0.033333333333333347, "type": "support", "_k": 7, "y": -3.425166865496446, "x": 4.9999999999999973}, "4": {"z": 1.5000000000000002, "qx": -0.0, "qy": -0.0, "qz": -0.066666666666666707, "_k": 3, "y": -3.425166865496446, "x": -2.3333333333333357}, "7": {"z": 1.5000000000000002, "qx": -0.0, "qy": -0.0, "qz": -0.06666666666666668, "_k": 5, "y": -3.425166865496446, "x": 3.6666666666666647}, "6": {"z": 1.5000000000000002, "qx": -0.0, "qy": -0.0, "qz": -0.066666666666666624, "_k": 6, "y": -3.425166865496446, "x": 4.3333333333333304}, "1": {"z": 1.5000000000000002, "qx": -0.0, "qy": -0.0, "qz": -0.066666666666666624, "_k": 6, "y": -3.425166865496446, "x": -4.3333333333333348}, "0": {"z": 1.5000000000000002, "qx": -0.0, "qy": -0.0, "qz": -0.033333333333333305, "type": "support", "_k": 7, "y": -3.425166865496446, "x": -5.0000000000000009}, "3": {"z": 1.5000000000000002, "qx": -0.0, "qy": -0.0, "qz": -0.066666666666666624, "_k": 4, "y": -3.425166865496446, "x": -3.0000000000000013}, "2": {"z": 1.5000000000000002, "qx": -0.0, "qy": -0.0, "qz": -0.06666666666666668, "_k": 5, "y": -3.425166865496446, "x": -3.6666666666666683}, "10": {"z": 1.5000000000000002, "qx": -0.0, "qy": -0.0, "qz": -0.066666666666666707, "_k": 2, "y": -3.425166865496446, "x": -1.6666666666666674}, "13": {"z": 1.5000000000000002, "qx": -0.0, "qy": -0.0, "qz": -0.066666666666666735, "type": "_origin", "_k": 0, "y": -3.425166865496446, "x": 0.33333333333333126}, "15": {"z": 1.5000000000000002, "qx": -0.0, "qy": -0.0, "qz": -0.066666666666666652, "_k": 2, "y": -3.425166865496446, "x": 1.6666666666666698}, "11": {"z": 1.5000000000000002, "qx": -0.0, "qy": -0.0, "qz": -0.066666666666666582, "_k": 1, "y": -3.425166865496446, "x": -1.0000000000000018}, "9": {"z": 1.5000000000000002, "qx": -0.0, "qy": -0.0, "qz": -0.06666666666666636, "_k": 3, "y": -3.425166865496446, "x": 2.3333333333333317}, "8": {"z": 1.5000000000000002, "qx": -0.0, "qy": -0.0, "qz": -0.066666666666666652, "_k": 4, "y": -3.425166865496446, "x": 2.9999999999999969}, "18": {"z": 0.49000000000000021, "type": "_origin", "_k": 0, "y": -3.425166865496446, "x": -2.3333333333333357}, "19": {"z": 1.4500000000000002, "type": "support", "_k": 1, "y": -3.425166865496446, "x": -5.0000000000000009}, "16": {"z": 0.49000000000000021, "type": "_origin", "_k": 0, "y": -3.425166865496446, "x": 2.3333333333333317}}, "max_int_key": 19, "attributes": {"gkey_node": {"0.333,-3.425,1.500": 13, "-2.333,-3.425,0.490": 18, "-1.000,-3.425,1.500": 11, "1.000,-3.425,1.500": 14, "1.667,-3.425,1.500": 15, "2.333,-3.425,0.490": 16, "5.000,-3.425,1.450": 17, "-3.000,-3.425,1.500": 3, "-3.667,-3.425,1.500": 2, "-2.333,-3.425,1.500": 4, "5.000,-3.425,1.500": 5, "-5.000,-3.425,1.450": 19, "4.333,-3.425,1.500": 6, "3.000,-3.425,1.500": 8, "-4.333,-3.425,1.500": 1, "3.667,-3.425,1.500": 7, "-1.667,-3.425,1.500": 10, "2.333,-3.425,1.500": 9, "-5.000,-3.425,1.500": 0, "-0.333,-3.425,1.500": 12}, "name": "Network", "_aux_length": 0.33000000000000002, "_trails": {"16": [16, 17], "18": [18, 19], "12": [12, 11, 10, 4, 3, 2, 1, 0], "13": [13, 14, 15, 9, 8, 7, 6, 5]}, "tol": "3f", "_auxiliary_trails": {}, "_aux_vector": {"dtype": "compas.geometry/Vector", "value": [-0.0, -0.0, -1.0]}}, "edge_attributes": {"force": 0.0, "type": null, "length": 0.0}, "edge": {"14": {"15": {"length": -0.66666666666667096, "type": "trail"}}, "17": {"5": {"force": -11.699999999999999, "type": "deviation"}}, "12": {"13": {"force": -20.0, "type": "deviation"}}, "5": {"6": {"length": -0.66666666666666696, "type": "trail"}}, "4": {"18": {"force": -3.2999999999999998, "type": "deviation"}, "10": {"length": -0.66666666666666829, "type": "trail"}}, "7": {"8": {"length": -0.66666666666666785, "type": "trail"}}, "6": {"7": {"length": -0.66666666666666563, "type": "trail"}}, "1": {"2": {"length": -0.66666666666666652, "type": "trail"}}, "0": {"1": {"length": -0.66666666666666607, "type": "trail"}}, "3": {"4": {"length": -0.66666666666666563, "type": "trail"}}, "2": {"3": {"length": -0.66666666666666696, "type": "trail"}}, "10": {"11": {"length": -0.66666666666666563, "type": "trail"}}, "13": {"14": {"length": -0.66666666666666763, "type": "trail"}}, "15": {"9": {"length": -0.66666666666666186, "type": "trail"}}, "11": {"12": {"length": -0.66666666666666596, "type": "trail"}}, "9": {"16": {"force": -3.2999999999999998, "type": "deviation"}}, "8": {"9": {"length": -0.66666666666666519, "type": "trail"}}, "18": {"19": {"length": 2.834203787858435, "type": "trail"}, "16": {"force": 11.699999999999999, "type": "deviation"}}, "19": {"0": {"force": -11.699999999999999, "type": "deviation"}}, "16": {"17": {"length": 2.8342037878584359, "type": "trail"}}}}}