{"compas": "1.7.1", "datatype": "compas_cem.diagrams/TopologyDiagram", "data": {"adjacency": {"16": {"15": null, "17": null}, "26": {"0": null, "25": null}, "15": {"14": null, "16": null}, "18": {"19": null, "17": null}, "25": {"26": null, "6": null, "23": null}, "10": {"9": null, "11": null}, "20": {"21": null, "19": null}, "17": {"18": null, "16": null}, "12": {"13": null, "11": null}, "22": {"13": null, "21": null}, "19": {"20": null, "18": null}, "11": {"12": null, "10": null}, "5": {"4": null, "6": null}, "4": {"3": null, "5": null}, "7": {"8": null, "24": null}, "6": {"5": null, "14": null, "25": null}, "1": {"0": null, "2": null}, "0": {"26": null, "1": null}, "3": {"4": null, "2": null}, "2": {"1": null, "3": null}, "21": {"20": null, "22": null}, "9": {"8": null, "10": null}, "8": {"7": null, "9": null}, "14": {"6": null, "15": null}, "24": {"7": null, "23": null}, "13": {"12": null, "22": null, "23": null}, "23": {"25": null, "13": null, "24": null}}, "node_attributes": {"z": 0.0, "qx": 0.0, "rx": 0.0, "qy": 0.0, "ry": 0.0, "qz": 0.0, "type": null, "rz": 0.0, "_k": null, "y": 0.0, "x": 0.0}, "node": {"16": {"z": 1.5000000000000002, "qx": -0.0, "qy": -0.0, "qz": -0.045454545454545539, "_k": 2, "y": -3.425166865496446, "x": -0.90909090909091006}, "26": {"z": 1.4500000000000002, "type": "support", "_k": 1, "y": -3.425166865496446, "x": -5.0000000000000009}, "15": {"z": 1.5000000000000002, "qx": -0.0, "qy": -0.0, "qz": -0.045454545454545442, "_k": 3, "y": -3.425166865496446, "x": -1.3636363636363655}, "18": {"z": 1.5000000000000002, "qx": -0.0, "qy": -0.0, "qz": -0.045454545454545414, "type": "_origin", "_k": 0, "y": -3.425166865496446, "x": 2.2204460492503131e-16}, "25": {"z": 0.49000000000000021, "type": "_origin", "_k": 0, "y": -3.425166865496446, "x": -2.2727272727272738}, "10": {"z": 1.5000000000000002, "qx": -0.0, "qy": -0.0, "qz": -0.045454545454545463, "_k": 7, "y": -3.425166865496446, "x": 3.6363636363636327}, "20": {"z": 1.5000000000000002, "qx": -0.0, "qy": -0.0, "qz": -0.045454545454545414, "_k": 1, "y": -3.425166865496446, "x": 0.9090909090909074}, "17": {"z": 1.5000000000000002, "qx": -0.0, "qy": -0.0, "qz": -0.045454545454545518, "_k": 1, "y": -3.425166865496446, "x": -0.45454545454545492}, "12": {"z": 1.5000000000000002, "qx": -0.0, "qy": -0.0, "qz": -0.045454545454545373, "_k": 5, "y": -3.425166865496446, "x": 2.7272727272727231}, "22": {"z": 1.5000000000000002, "qx": -0.0, "qy": -0.0, "qz": -0.045454545454545414, "_k": 3, "y": -3.425166865496446, "x": 1.8181818181818168}, "19": {"z": 1.5000000000000002, "qx": -0.0, "qy": -0.0, "qz": -0.045454545454545359, "type": "_origin", "_k": 0, "y": -3.425166865496446, "x": 0.45454545454545325}, "11": {"z": 1.5000000000000002, "qx": -0.0, "qy": -0.0, "qz": -0.045454545454545484, "_k": 6, "y": -3.425166865496446, "x": 3.1818181818181772}, "5": {"z": 1.5000000000000002, "qx": -0.0, "qy": -0.0, "qz": -0.045454545454545463, "_k": 6, "y": -3.425166865496446, "x": -2.7272727272727284}, "4": {"z": 1.5000000000000002, "qx": -0.0, "qy": -0.0, "qz": -0.045454545454545463, "_k": 7, "y": -3.425166865496446, "x": -3.181818181818183}, "7": {"z": 1.5000000000000002, "qx": -0.0, "qy": -0.0, "qz": -0.022727272727272842, "type": "support", "_k": 10, "y": -3.425166865496446, "x": 4.9999999999999973}, "6": {"z": 1.5000000000000002, "qx": -0.0, "qy": -0.0, "qz": -0.045454545454545484, "_k": 5, "y": -3.425166865496446, "x": -2.2727272727272738}, "1": {"z": 1.5000000000000002, "qx": -0.0, "qy": -0.0, "qz": -0.045454545454545456, "_k": 10, "y": -3.425166865496446, "x": -4.5454545454545467}, "0": {"z": 1.5000000000000002, "qx": -0.0, "qy": -0.0, "qz": -0.022727272727272707, "type": "support", "_k": 11, "y": -3.425166865496446, "x": -5.0000000000000009}, "3": {"z": 1.5000000000000002, "qx": -0.0, "qy": -0.0, "qz": -0.045454545454545442, "_k": 8, "y": -3.425166865496446, "x": -3.6363636363636376}, "2": {"z": 1.5000000000000002, "qx": -0.0, "qy": -0.0, "qz": -0.045454545454545456, "_k": 9, "y": -3.425166865496446, "x": -4.0909090909090917}, "21": {"z": 1.5000000000000002, "qx": -0.0, "qy": -0.0, "qz": -0.04545454545454547, "_k": 2, "y": -3.425166865496446, "x": 1.3636363636363615}, "9": {"z": 1.5000000000000002, "qx": -0.0, "qy": -0.0, "qz": -0.045454545454545393, "_k": 8, "y": -3.425166865496446, "x": 4.0909090909090864}, "8": {"z": 1.5000000000000002, "qx": -0.0, "qy": -0.0, "qz": -0.045454545454545553, "_k": 9, "y": -3.425166865496446, "x": 4.5454545454545405}, "14": {"z": 1.5000000000000002, "qx": -0.0, "qy": -0.0, "qz": -0.045454545454545414, "_k": 4, "y": -3.425166865496446, "x": -1.8181818181818188}, "24": {"z": 1.4500000000000002, "type": "support", "_k": 1, "y": -3.425166865496446, "x": 4.9999999999999973}, "13": {"z": 1.5000000000000002, "qx": -0.0, "qy": -0.0, "qz": -0.045454545454545317, "_k": 4, "y": -3.425166865496446, "x": 2.2727272727272698}, "23": {"z": 0.49000000000000021, "type": "_origin", "_k": 0, "y": -3.425166865496446, "x": 2.2727272727272698}}, "max_int_key": 26, "attributes": {"gkey_node": {"5.000,-3.425,1.500": 7, "-1.364,-3.425,1.500": 15, "0.455,-3.425,1.500": 19, "-5.000,-3.425,1.500": 0, "4.091,-3.425,1.500": 9, "-3.636,-3.425,1.500": 3, "0.909,-3.425,1.500": 20, "-4.091,-3.425,1.500": 2, "-3.182,-3.425,1.500": 4, "1.364,-3.425,1.500": 21, "-2.727,-3.425,1.500": 5, "5.000,-3.425,1.450": 24, "-4.545,-3.425,1.500": 1, "-2.273,-3.425,1.500": 6, "2.727,-3.425,1.500": 12, "-1.818,-3.425,1.500": 14, "2.273,-3.425,0.490": 23, "1.818,-3.425,1.500": 22, "-0.455,-3.425,1.500": 17, "-0.909,-3.425,1.500": 16, "0.000,-3.425,1.500": 18, "2.273,-3.425,1.500": 13, "3.636,-3.425,1.500": 10, "4.545,-3.425,1.500": 8, "-5.000,-3.425,1.450": 26, "-2.273,-3.425,0.490": 25, "3.182,-3.425,1.500": 11}, "name": "Network", "_aux_length": 0.33000000000000002, "_trails": {"23": [23, 24], "18": [18, 17, 16, 15, 14, 6, 5, 4, 3, 2, 1, 0], "19": [19, 20, 21, 22, 13, 12, 11, 10, 9, 8, 7], "25": [25, 26]}, "tol": "3f", "_auxiliary_trails": {}, "_aux_vector": {"dtype": "compas.geometry/Vector", "value": [-0.0, -0.0, -1.0]}}, "edge_attributes": {"force": 0.0, "type": null, "length": 0.0}, "edge": {"16": {"17": {"length": -0.45454545454545514, "type": "trail"}}, "26": {"0": {"force": -11.699999999999999, "type": "deviation"}}, "15": {"16": {"length": -0.45454545454545547, "type": "trail"}}, "18": {"19": {"force": -20.0, "type": "deviation"}}, "25": {"26": {"length": 2.8913001450775773, "type": "trail"}, "23": {"force": 11.699999999999999, "type": "deviation"}}, "10": {"11": {"length": -0.45454545454545547, "type": "trail"}}, "20": {"21": {"length": -0.45454545454545414, "type": "trail"}}, "17": {"18": {"length": -0.45454545454545514, "type": "trail"}}, "12": {"13": {"length": -0.45454545454545325, "type": "trail"}}, "22": {"13": {"length": -0.45454545454545303, "type": "trail"}}, "19": {"20": {"length": -0.45454545454545414, "type": "trail"}}, "11": {"12": {"length": -0.45454545454545414, "type": "trail"}}, "5": {"6": {"length": -0.45454545454545459, "type": "trail"}}, "4": {"5": {"length": -0.45454545454545459, "type": "trail"}}, "7": {"8": {"length": -0.45454545454545681, "type": "trail"}}, "6": {"14": {"length": -0.45454545454545503, "type": "trail"}, "25": {"force": -3.2999999999999998, "type": "deviation"}}, "1": {"2": {"length": -0.45454545454545503, "type": "trail"}}, "0": {"1": {"length": -0.45454545454545414, "type": "trail"}}, "3": {"4": {"length": -0.45454545454545459, "type": "trail"}}, "2": {"3": {"length": -0.45454545454545414, "type": "trail"}}, "21": {"22": {"length": -0.45454545454545525, "type": "trail"}}, "9": {"10": {"length": -0.4545454545454537, "type": "trail"}}, "8": {"9": {"length": -0.45454545454545414, "type": "trail"}}, "14": {"15": {"length": -0.45454545454545325, "type": "trail"}}, "24": {"7": {"force": -11.699999999999999, "type": "deviation"}}, "13": {"23": {"force": -3.2999999999999998, "type": "deviation"}}, "23": {"24": {"length": 2.8913001450775777, "type": "trail"}}}}}