{"compas": "1.7.1", "datatype": "compas_cem.diagrams/TopologyDiagram", "data": {"adjacency": {"5": {"4": null, "2": null}, "4": {"6": null, "3": null, "5": null}, "7": {"6": null, "0": null}, "6": {"4": null, "7": null, "1": null}, "1": {"6": null, "0": null, "3": null}, "0": {"7": null, "1": null}, "3": {"4": null, "1": null, "2": null}, "2": {"3": null, "5": null}}, "node_attributes": {"z": 0.0, "qx": 0.0, "rx": 0.0, "qy": 0.0, "ry": 0.0, "qz": 0.0, "type": null, "rz": 0.0, "_k": null, "y": 0.0, "x": 0.0}, "node": {"5": {"z": 1.4500000000000002, "type": "support", "_k": 1, "y": -3.425166865496446, "x": 4.9999999999999973}, "4": {"z": 0.49000000000000021, "type": "_origin", "_k": 0, "y": -3.425166865496446, "x": 1.6666666666666698}, "7": {"z": 1.4500000000000002, "type": "support", "_k": 1, "y": -3.425166865496446, "x": -5.0000000000000009}, "6": {"z": 0.49000000000000021, "type": "_origin", "_k": 0, "y": -3.425166865496446, "x": -1.6666666666666674}, "1": {"z": 1.5000000000000002, "qx": -0.0, "qy": -0.0, "qz": -0.33333333333333359, "type": "_origin", "_k": 0, "y": -3.425166865496446, "x": -1.6666666666666674}, "0": {"z": 1.5000000000000002, "qx": -0.0, "qy": -0.0, "qz": -0.16666666666666669, "type": "support", "_k": 1, "y": -3.425166865496446, "x": -5.0000000000000009}, "3": {"z": 1.5000000000000002, "qx": -0.0, "qy": -0.0, "qz": -0.33333333333333326, "type": "_origin", "_k": 0, "y": -3.425166865496446, "x": 1.6666666666666698}, "2": {"z": 1.5000000000000002, "qx": -0.0, "qy": -0.0, "qz": -0.16666666666666641, "type": "support", "_k": 1, "y": -3.425166865496446, "x": 4.9999999999999973}}, "max_int_key": 7, "attributes": {"gkey_node": {"1.667,-3.425,0.490": 4, "1.667,-3.425,1.500": 3, "5.000,-3.425,1.450": 5, "5.000,-3.425,1.500": 2, "-5.000,-3.425,1.450": 7, "-1.667,-3.425,0.490": 6, "-1.667,-3.425,1.500": 1, "-5.000,-3.425,1.500": 0}, "name": "Network", "_aux_length": 0.33000000000000002, "_trails": {"1": [1, 0], "3": [3, 2], "4": [4, 5], "6": [6, 7]}, "tol": "3f", "_auxiliary_trails": {}, "_aux_vector": {"dtype": "compas.geometry/Vector", "value": [-0.0, -0.0, -1.0]}}, "edge_attributes": {"force": 0.0, "type": null, "length": 0.0}, "edge": {"5": {"2": {"force": -11.699999999999999, "type": "deviation"}}, "4": {"5": {"length": 3.4688198441416751, "type": "trail"}}, "7": {"0": {"force": -11.699999999999999, "type": "deviation"}}, "6": {"4": {"force": 11.699999999999999, "type": "deviation"}, "7": {"length": 3.4688198441416804, "type": "trail"}}, "1": {"6": {"force": -3.2999999999999998, "type": "deviation"}, "3": {"force": -20.0, "type": "deviation"}}, "0": {"1": {"length": -3.3333333333333335, "type": "trail"}}, "3": {"4": {"force": -3.2999999999999998, "type": "deviation"}}, "2": {"3": {"length": -3.3333333333333277, "type": "trail"}}}}}