{"compas": "1.7.1", "datatype": "compas_cem.diagrams/TopologyDiagram", "data": {"adjacency": {"14": {"13": null, "0": null}, "12": {"4": null, "11": null}, "5": {"4": null, "6": null}, "4": {"12": null, "5": null}, "7": {"6": null, "10": null, "11": null}, "6": {"7": null, "5": null}, "1": {"0": null, "2": null}, "0": {"14": null, "1": null}, "3": {"13": null, "8": null, "2": null}, "2": {"1": null, "3": null}, "10": {"7": null, "9": null}, "13": {"14": null, "3": null, "11": null}, "11": {"12": null, "7": null, "13": null}, "9": {"8": null, "10": null}, "8": {"9": null, "3": null}}, "node_attributes": {"z": 0.0, "qx": 0.0, "rx": 0.0, "qy": 0.0, "ry": 0.0, "qz": 0.0, "type": null, "rz": 0.0, "_k": null, "y": 0.0, "x": 0.0}, "node": {"14": {"z": 1.4500000000000002, "type": "support", "_k": 1, "y": -3.425166865496446, "x": -5.0000000000000009}, "12": {"z": 1.4500000000000002, "type": "support", "_k": 1, "y": -3.425166865496446, "x": 4.9999999999999973}, "5": {"z": 1.5000000000000002, "qx": -0.0, "qy": -0.0, "qz": -0.10000000000000003, "_k": 4, "y": -3.425166865496446, "x": 3.9999999999999987}, "4": {"z": 1.5000000000000002, "qx": -0.0, "qy": -0.0, "qz": -0.049999999999999933, "type": "support", "_k": 5, "y": -3.425166865496446, "x": 4.9999999999999973}, "7": {"z": 1.5000000000000002, "qx": -0.0, "qy": -0.0, "qz": -0.099999999999999908, "_k": 2, "y": -3.425166865496446, "x": 1.9999999999999973}, "6": {"z": 1.5000000000000002, "qx": -0.0, "qy": -0.0, "qz": -0.10000000000000007, "_k": 3, "y": -3.425166865496446, "x": 2.9999999999999969}, "1": {"z": 1.5000000000000002, "qx": -0.0, "qy": -0.0, "qz": -0.099999999999999978, "_k": 3, "y": -3.425166865496446, "x": -4.0000000000000018}, "0": {"z": 1.5000000000000002, "qx": -0.0, "qy": -0.0, "qz": -0.049999999999999961, "type": "support", "_k": 4, "y": -3.425166865496446, "x": -5.0000000000000009}, "3": {"z": 1.5000000000000002, "qx": -0.0, "qy": -0.0, "qz": -0.099999999999999978, "_k": 1, "y": -3.425166865496446, "x": -2.0000000000000013}, "2": {"z": 1.5000000000000002, "qx": -0.0, "qy": -0.0, "qz": -0.10000000000000003, "_k": 2, "y": -3.425166865496446, "x": -3.0000000000000013}, "10": {"z": 1.5000000000000002, "qx": -0.0, "qy": -0.0, "qz": -0.099999999999999867, "_k": 1, "y": -3.425166865496446, "x": 0.99999999999999889}, "13": {"z": 0.49000000000000021, "type": "_origin", "_k": 0, "y": -3.425166865496446, "x": -2.0000000000000013}, "11": {"z": 0.49000000000000021, "type": "_origin", "_k": 0, "y": -3.425166865496446, "x": 1.9999999999999973}, "9": {"z": 1.5000000000000002, "qx": -0.0, "qy": -0.0, "qz": -0.10000000000000003, "type": "_origin", "_k": 0, "y": -3.425166865496446, "x": 2.2204460492503131e-16}, "8": {"z": 1.5000000000000002, "qx": -0.0, "qy": -0.0, "qz": -0.10000000000000009, "type": "_origin", "_k": 0, "y": -3.425166865496446, "x": -1.0000000000000018}}, "max_int_key": 14, "attributes": {"gkey_node": {"-4.000,-3.425,1.500": 1, "-1.000,-3.425,1.500": 8, "1.000,-3.425,1.500": 10, "2.000,-3.425,0.490": 11, "5.000,-3.425,1.450": 12, "2.000,-3.425,1.500": 7, "-3.000,-3.425,1.500": 2, "5.000,-3.425,1.500": 4, "4.000,-3.425,1.500": 5, "3.000,-3.425,1.500": 6, "-2.000,-3.425,0.490": 13, "-2.000,-3.425,1.500": 3, "-5.000,-3.425,1.450": 14, "-5.000,-3.425,1.500": 0, "0.000,-3.425,1.500": 9}, "name": "Network", "_aux_length": 0.33000000000000002, "_trails": {"8": [8, 3, 2, 1, 0], "9": [9, 10, 7, 6, 5, 4], "11": [11, 12], "13": [13, 14]}, "tol": "3f", "_auxiliary_trails": {}, "_aux_vector": {"dtype": "compas.geometry/Vector", "value": [-0.0, -0.0, -1.0]}}, "edge_attributes": {"force": 0.0, "type": null, "length": 0.0}, "edge": {"14": {"0": {"force": -11.699999999999999, "type": "deviation"}}, "12": {"4": {"force": -11.699999999999999, "type": "deviation"}}, "5": {"6": {"length": -1.0000000000000018, "type": "trail"}}, "4": {"5": {"length": -0.99999999999999867, "type": "trail"}}, "7": {"11": {"force": -3.2999999999999998, "type": "deviation"}}, "6": {"7": {"length": -0.99999999999999956, "type": "trail"}}, "1": {"2": {"length": -1.0000000000000004, "type": "trail"}}, "0": {"1": {"length": -0.99999999999999911, "type": "trail"}}, "3": {"13": {"force": -3.2999999999999998, "type": "deviation"}, "8": {"length": -0.99999999999999956, "type": "trail"}}, "2": {"3": {"length": -1.0, "type": "trail"}}, "10": {"7": {"length": -0.99999999999999845, "type": "trail"}}, "13": {"14": {"length": 3.1498571396176045, "type": "trail"}, "11": {"force": 11.699999999999999, "type": "deviation"}}, "11": {"12": {"length": 3.1498571396176049, "type": "trail"}}, "9": {"10": {"length": -0.99999999999999867, "type": "trail"}}, "8": {"9": {"force": -20.0, "type": "deviation"}}}}}