{"compas": "1.7.1", "datatype": "compas_cem.diagrams/TopologyDiagram", "data": {"adjacency": {"16": {"15": null, "11": null}, "15": {"14": null, "16": null}, "18": {"6": null, "17": null}, "10": {"9": null, "11": null}, "20": {"19": null, "0": null}, "17": {"19": null, "18": null, "11": null}, "12": {"13": null, "5": null}, "19": {"20": null, "17": null, "5": null}, "11": {"17": null, "16": null, "10": null}, "5": {"4": null, "12": null, "19": null}, "4": {"3": null, "5": null}, "7": {"6": null, "8": null}, "6": {"7": null, "18": null}, "1": {"0": null, "2": null}, "0": {"20": null, "1": null}, "3": {"4": null, "2": null}, "2": {"1": null, "3": null}, "9": {"8": null, "10": null}, "8": {"7": null, "9": null}, "14": {"13": null, "15": null}, "13": {"12": null, "14": null}}, "node_attributes": {"z": 0.0, "qx": 0.0, "rx": 0.0, "qy": 0.0, "ry": 0.0, "qz": 0.0, "type": null, "rz": 0.0, "_k": null, "y": 0.0, "x": 0.0}, "node": {"16": {"z": 1.5000000000000002, "qx": -0.0, "qy": -0.0, "qz": -0.062499999999999993, "_k": 2, "y": -3.425166865496446, "x": 1.249999999999998}, "15": {"z": 1.5000000000000002, "qx": -0.0, "qy": -0.0, "qz": -0.062499999999999889, "_k": 1, "y": -3.425166865496446, "x": 0.62499999999999911}, "18": {"z": 1.4500000000000002, "type": "support", "_k": 1, "y": -3.425166865496446, "x": 4.9999999999999973}, "10": {"z": 1.5000000000000002, "qx": -0.0, "qy": -0.0, "qz": -0.062499999999999944, "_k": 4, "y": -3.425166865496446, "x": 2.4999999999999978}, "20": {"z": 1.4500000000000002, "type": "support", "_k": 1, "y": -3.425166865496446, "x": -5.0000000000000009}, "17": {"z": 0.49000000000000021, "type": "_origin", "_k": 0, "y": -3.425166865496446, "x": 1.8749999999999989}, "12": {"z": 1.5000000000000002, "qx": -0.0, "qy": -0.0, "qz": -0.0625, "_k": 1, "y": -3.425166865496446, "x": -1.2500000000000018}, "19": {"z": 0.49000000000000021, "type": "_origin", "_k": 0, "y": -3.425166865496446, "x": -1.8750000000000018}, "11": {"z": 1.5000000000000002, "qx": -0.0, "qy": -0.0, "qz": -0.062499999999999993, "_k": 3, "y": -3.425166865496446, "x": 1.8749999999999989}, "5": {"z": 1.5000000000000002, "qx": -0.0, "qy": -0.0, "qz": -0.062499999999999979, "_k": 2, "y": -3.425166865496446, "x": -1.8750000000000018}, "4": {"z": 1.5000000000000002, "qx": -0.0, "qy": -0.0, "qz": -0.062499999999999958, "_k": 3, "y": -3.425166865496446, "x": -2.5000000000000013}, "7": {"z": 1.5000000000000002, "qx": -0.0, "qy": -0.0, "qz": -0.062499999999999931, "_k": 7, "y": -3.425166865496446, "x": 4.3749999999999973}, "6": {"z": 1.5000000000000002, "qx": -0.0, "qy": -0.0, "qz": -0.03125, "type": "support", "_k": 8, "y": -3.425166865496446, "x": 4.9999999999999973}, "1": {"z": 1.5000000000000002, "qx": -0.0, "qy": -0.0, "qz": -0.062499999999999979, "_k": 6, "y": -3.425166865496446, "x": -4.3750000000000009}, "0": {"z": 1.5000000000000002, "qx": -0.0, "qy": -0.0, "qz": -0.03125, "type": "support", "_k": 7, "y": -3.425166865496446, "x": -5.0000000000000009}, "3": {"z": 1.5000000000000002, "qx": -0.0, "qy": -0.0, "qz": -0.0625, "_k": 4, "y": -3.425166865496446, "x": -3.1250000000000009}, "2": {"z": 1.5000000000000002, "qx": -0.0, "qy": -0.0, "qz": -0.0625, "_k": 5, "y": -3.425166865496446, "x": -3.7500000000000013}, "9": {"z": 1.5000000000000002, "qx": -0.0, "qy": -0.0, "qz": -0.062500000000000056, "_k": 5, "y": -3.425166865496446, "x": 3.1249999999999978}, "8": {"z": 1.5000000000000002, "qx": -0.0, "qy": -0.0, "qz": -0.062499999999999986, "_k": 6, "y": -3.425166865496446, "x": 3.7499999999999987}, "14": {"z": 1.5000000000000002, "qx": -0.0, "qy": -0.0, "qz": -0.062500000000000056, "type": "_origin", "_k": 0, "y": -3.425166865496446, "x": 2.2204460492503131e-16}, "13": {"z": 1.5000000000000002, "qx": -0.0, "qy": -0.0, "qz": -0.062500000000000097, "type": "_origin", "_k": 0, "y": -3.425166865496446, "x": -0.62500000000000189}}, "max_int_key": 20, "attributes": {"gkey_node": {"5.000,-3.425,1.500": 6, "-1.250,-3.425,1.500": 12, "-2.500,-3.425,1.500": 4, "1.875,-3.425,0.490": 17, "2.500,-3.425,1.500": 10, "-1.875,-3.425,0.490": 19, "-5.000,-3.425,1.500": 0, "0.625,-3.425,1.500": 15, "-3.125,-3.425,1.500": 3, "-1.875,-3.425,1.500": 5, "1.875,-3.425,1.500": 11, "-4.375,-3.425,1.500": 1, "5.000,-3.425,1.450": 18, "0.000,-3.425,1.500": 14, "3.750,-3.425,1.500": 8, "-5.000,-3.425,1.450": 20, "3.125,-3.425,1.500": 9, "4.375,-3.425,1.500": 7, "-0.625,-3.425,1.500": 13, "1.250,-3.425,1.500": 16, "-3.750,-3.425,1.500": 2}, "name": "Network", "_aux_length": 0.33000000000000002, "_trails": {"14": [14, 15, 16, 11, 10, 9, 8, 7, 6], "17": [17, 18], "19": [19, 20], "13": [13, 12, 5, 4, 3, 2, 1, 0]}, "tol": "3f", "_auxiliary_trails": {}, "_aux_vector": {"dtype": "compas.geometry/Vector", "value": [-0.0, -0.0, -1.0]}}, "edge_attributes": {"force": 0.0, "type": null, "length": 0.0}, "edge": {"16": {"11": {"length": -0.62500000000000089, "type": "trail"}}, "15": {"16": {"length": -0.62499999999999889, "type": "trail"}}, "18": {"6": {"force": -11.699999999999999, "type": "deviation"}}, "10": {"11": {"length": -0.62499999999999889, "type": "trail"}}, "20": {"0": {"force": -11.699999999999999, "type": "deviation"}}, "17": {"18": {"length": 3.2691321478337318, "type": "trail"}}, "12": {"13": {"length": -0.62499999999999989, "type": "trail"}}, "19": {"20": {"length": 3.2691321478337327, "type": "trail"}, "17": {"force": 11.699999999999999, "type": "deviation"}}, "11": {"17": {"force": -3.2999999999999998, "type": "deviation"}}, "5": {"12": {"length": -0.625, "type": "trail"}, "19": {"force": -3.2999999999999998, "type": "deviation"}}, "4": {"5": {"length": -0.62499999999999956, "type": "trail"}}, "7": {"8": {"length": -0.62499999999999867, "type": "trail"}}, "6": {"7": {"length": -0.625, "type": "trail"}}, "1": {"2": {"length": -0.62499999999999956, "type": "trail"}}, "0": {"1": {"length": -0.625, "type": "trail"}}, "3": {"4": {"length": -0.62499999999999956, "type": "trail"}}, "2": {"3": {"length": -0.62500000000000044, "type": "trail"}}, "9": {"10": {"length": -0.625, "type": "trail"}}, "8": {"9": {"length": -0.62500000000000089, "type": "trail"}}, "14": {"15": {"length": -0.62499999999999889, "type": "trail"}}, "13": {"14": {"force": -20.0, "type": "deviation"}}}}}