{"compas": "1.7.1", "datatype": "compas_cem.diagrams/TopologyDiagram", "data": {"adjacency": {"5": {"4": null, "3": null}, "4": {"1": null, "5": null}, "7": {"6": null, "2": null}, "6": {"7": null, "8": null, "3": null}, "1": {"4": null, "0": null, "8": null}, "0": {"1": null, "9": null}, "3": {"5": null, "6": null, "2": null}, "2": {"7": null, "3": null}, "9": {"0": null, "8": null}, "8": {"6": null, "1": null, "9": null}}, "node_attributes": {"z": 0.0, "qx": 0.0, "rx": 0.0, "qy": 0.0, "ry": 0.0, "qz": 0.0, "type": null, "rz": 0.0, "_k": null, "y": 0.0, "x": 0.0}, "node": {"5": {"z": 1.5000000000000002, "qx": -0.0, "qy": -0.0, "qz": -0.20000000000000001, "type": "_origin", "_k": 0, "y": -3.425166865496446, "x": 0.99999999999999889}, "4": {"z": 1.5000000000000002, "qx": -0.0, "qy": -0.0, "qz": -0.20000000000000001, "type": "_origin", "_k": 0, "y": -3.425166865496446, "x": -1.0000000000000018}, "7": {"z": 1.4500000000000002, "type": "support", "_k": 1, "y": -3.425166865496446, "x": 4.9999999999999973}, "6": {"z": 0.49000000000000021, "type": "_origin", "_k": 0, "y": -3.425166865496446, "x": 2.9999999999999978}, "1": {"z": 1.5000000000000002, "qx": -0.0, "qy": -0.0, "qz": -0.19999999999999996, "_k": 1, "y": -3.425166865496446, "x": -3.0000000000000013}, "0": {"z": 1.5000000000000002, "qx": -0.0, "qy": -0.0, "qz": -0.099999999999999978, "type": "support", "_k": 2, "y": -3.425166865496446, "x": -5.0000000000000009}, "3": {"z": 1.5000000000000002, "qx": -0.0, "qy": -0.0, "qz": -0.19999999999999993, "_k": 1, "y": -3.425166865496446, "x": 2.9999999999999978}, "2": {"z": 1.5000000000000002, "qx": -0.0, "qy": -0.0, "qz": -0.099999999999999978, "type": "support", "_k": 2, "y": -3.425166865496446, "x": 4.9999999999999973}, "9": {"z": 1.4500000000000002, "type": "support", "_k": 1, "y": -3.425166865496446, "x": -5.0000000000000009}, "8": {"z": 0.49000000000000021, "type": "_origin", "_k": 0, "y": -3.425166865496446, "x": -3.0000000000000013}}, "max_int_key": 9, "attributes": {"gkey_node": {"-3.000,-3.425,0.490": 8, "-1.000,-3.425,1.500": 4, "1.000,-3.425,1.500": 5, "5.000,-3.425,1.450": 7, "3.000,-3.425,0.490": 6, "-3.000,-3.425,1.500": 1, "5.000,-3.425,1.500": 2, "3.000,-3.425,1.500": 3, "-5.000,-3.425,1.450": 9, "-5.000,-3.425,1.500": 0}, "name": "Network", "_aux_length": 0.33000000000000002, "_trails": {"8": [8, 9], "4": [4, 1, 0], "5": [5, 3, 2], "6": [6, 7]}, "tol": "3f", "_auxiliary_trails": {}, "_aux_vector": {"dtype": "compas.geometry/Vector", "value": [-0.0, -0.0, -1.0]}}, "edge_attributes": {"force": 0.0, "type": null, "length": 0.0}, "edge": {"5": {"3": {"length": -1.9999999999999989, "type": "trail"}}, "4": {"5": {"force": -20.0, "type": "deviation"}}, "7": {"2": {"force": -11.699999999999999, "type": "deviation"}}, "6": {"7": {"length": 2.2184679398179274, "type": "trail"}}, "1": {"4": {"length": -1.9999999999999996, "type": "trail"}, "8": {"force": -3.2999999999999998, "type": "deviation"}}, "0": {"1": {"length": -1.9999999999999996, "type": "trail"}}, "3": {"6": {"force": -3.2999999999999998, "type": "deviation"}}, "2": {"3": {"length": -1.9999999999999996, "type": "trail"}}, "9": {"0": {"force": -11.699999999999999, "type": "deviation"}}, "8": {"6": {"force": 11.699999999999999, "type": "deviation"}, "9": {"length": 2.2184679398179274, "type": "trail"}}}}}