{"compas": "1.7.1", "datatype": "compas_cem.diagrams/TopologyDiagram", "data": {"adjacency": {"5": {"4": null, "7": null, "6": null}, "4": {"3": null, "5": null}, "7": {"9": null, "8": null, "5": null}, "6": {"5": null, "2": null}, "1": {"0": null, "2": null}, "0": {"1": null, "10": null}, "3": {"4": null, "8": null}, "2": {"6": null, "1": null, "9": null}, "10": {"0": null, "9": null}, "9": {"7": null, "10": null, "2": null}, "8": {"7": null, "3": null}}, "node_attributes": {"z": 0.0, "qx": 0.0, "rx": 0.0, "qy": 0.0, "ry": 0.0, "qz": 0.0, "type": null, "rz": 0.0, "_k": null, "y": 0.0, "x": 0.0}, "node": {"5": {"z": 1.5000000000000002, "qx": -0.0, "qy": -0.0, "qz": -0.16666666666666682, "_k": 1, "y": -3.425166865496446, "x": 1.6666666666666698}, "4": {"z": 1.5000000000000002, "qx": -0.0, "qy": -0.0, "qz": -0.16666666666666638, "_k": 2, "y": -3.425166865496446, "x": 3.3333333333333366}, "7": {"z": 0.49000000000000021, "type": "_origin", "_k": 0, "y": -3.425166865496446, "x": 1.6666666666666698}, "6": {"z": 1.5000000000000002, "qx": -0.0, "qy": -0.0, "qz": -0.16666666666666685, "type": "_origin", "_k": 0, "y": -3.425166865496446, "x": 2.2204460492503131e-16}, "1": {"z": 1.5000000000000002, "qx": -0.0, "qy": -0.0, "qz": -0.16666666666666669, "_k": 1, "y": -3.425166865496446, "x": -3.3333333333333348}, "0": {"z": 1.5000000000000002, "qx": -0.0, "qy": -0.0, "qz": -0.083333333333333315, "type": "support", "_k": 2, "y": -3.425166865496446, "x": -5.0000000000000009}, "3": {"z": 1.5000000000000002, "qx": -0.0, "qy": -0.0, "qz": -0.083333333333333037, "type": "support", "_k": 3, "y": -3.425166865496446, "x": 4.9999999999999973}, "2": {"z": 1.5000000000000002, "qx": -0.0, "qy": -0.0, "qz": -0.16666666666666674, "type": "_origin", "_k": 0, "y": -3.425166865496446, "x": -1.6666666666666674}, "10": {"z": 1.4500000000000002, "type": "support", "_k": 1, "y": -3.425166865496446, "x": -5.0000000000000009}, "9": {"z": 0.49000000000000021, "type": "_origin", "_k": 0, "y": -3.425166865496446, "x": -1.6666666666666674}, "8": {"z": 1.4500000000000002, "type": "support", "_k": 1, "y": -3.425166865496446, "x": 4.9999999999999973}}, "max_int_key": 10, "attributes": {"gkey_node": {"1.667,-3.425,0.490": 7, "1.667,-3.425,1.500": 5, "-3.333,-3.425,1.500": 1, "5.000,-3.425,1.450": 8, "5.000,-3.425,1.500": 3, "3.333,-3.425,1.500": 4, "-5.000,-3.425,1.450": 10, "-1.667,-3.425,0.490": 9, "-1.667,-3.425,1.500": 2, "-5.000,-3.425,1.500": 0, "0.000,-3.425,1.500": 6}, "name": "Network", "_aux_length": 0.33000000000000002, "_trails": {"7": [7, 8], "2": [2, 1, 0], "9": [9, 10], "6": [6, 5, 4, 3]}, "tol": "3f", "_auxiliary_trails": {}, "_aux_vector": {"dtype": "compas.geometry/Vector", "value": [-0.0, -0.0, -1.0]}}, "edge_attributes": {"force": 0.0, "type": null, "length": 0.0}, "edge": {"5": {"7": {"force": -3.2999999999999998, "type": "deviation"}}, "4": {"5": {"length": -1.6666666666666667, "type": "trail"}}, "7": {"8": {"length": 3.4688198441416751, "type": "trail"}}, "6": {"5": {"length": -1.6666666666666696, "type": "trail"}}, "1": {"2": {"length": -1.6666666666666674, "type": "trail"}}, "0": {"1": {"length": -1.6666666666666661, "type": "trail"}}, "3": {"4": {"length": -1.6666666666666607, "type": "trail"}}, "2": {"6": {"force": -20.0, "type": "deviation"}, "9": {"force": -3.2999999999999998, "type": "deviation"}}, "10": {"0": {"force": -11.699999999999999, "type": "deviation"}}, "9": {"7": {"force": 11.699999999999999, "type": "deviation"}, "10": {"length": 3.4688198441416804, "type": "trail"}}, "8": {"3": {"force": -11.699999999999999, "type": "deviation"}}}}}