{"compas": "1.7.1", "datatype": "compas_cem.diagrams/TopologyDiagram", "data": {"adjacency": {"12": {"0": null, "11": null}, "5": {"4": null, "9": null, "8": null}, "4": {"3": null, "5": null}, "7": {"6": null, "8": null}, "6": {"7": null, "2": null}, "1": {"0": null, "2": null}, "0": {"12": null, "1": null}, "3": {"4": null, "10": null}, "2": {"6": null, "1": null, "11": null}, "10": {"9": null, "3": null}, "11": {"12": null, "9": null, "2": null}, "9": {"5": null, "10": null, "11": null}, "8": {"7": null, "5": null}}, "node_attributes": {"z": 0.0, "qx": 0.0, "rx": 0.0, "qy": 0.0, "ry": 0.0, "qz": 0.0, "type": null, "rz": 0.0, "_k": null, "y": 0.0, "x": 0.0}, "node": {"12": {"z": 1.4500000000000002, "type": "support", "_k": 1, "y": -3.425166865496446, "x": -5.0000000000000009}, "5": {"z": 1.5000000000000002, "qx": -0.0, "qy": -0.0, "qz": -0.12500000000000003, "_k": 2, "y": -3.425166865496446, "x": 2.4999999999999978}, "4": {"z": 1.5000000000000002, "qx": -0.0, "qy": -0.0, "qz": -0.12499999999999997, "_k": 3, "y": -3.425166865496446, "x": 3.7499999999999987}, "7": {"z": 1.5000000000000002, "qx": -0.0, "qy": -0.0, "qz": -0.12499999999999999, "type": "_origin", "_k": 0, "y": -3.425166865496446, "x": 2.2204460492503131e-16}, "6": {"z": 1.5000000000000002, "qx": -0.0, "qy": -0.0, "qz": -0.12500000000000008, "type": "_origin", "_k": 0, "y": -3.425166865496446, "x": -1.2500000000000018}, "1": {"z": 1.5000000000000002, "qx": -0.0, "qy": -0.0, "qz": -0.12499999999999997, "_k": 2, "y": -3.425166865496446, "x": -3.7500000000000013}, "0": {"z": 1.5000000000000002, "qx": -0.0, "qy": -0.0, "qz": -0.062499999999999979, "type": "support", "_k": 3, "y": -3.425166865496446, "x": -5.0000000000000009}, "3": {"z": 1.5000000000000002, "qx": -0.0, "qy": -0.0, "qz": -0.062499999999999938, "type": "support", "_k": 4, "y": -3.425166865496446, "x": 4.9999999999999973}, "2": {"z": 1.5000000000000002, "qx": -0.0, "qy": -0.0, "qz": -0.12499999999999997, "_k": 1, "y": -3.425166865496446, "x": -2.5000000000000013}, "10": {"z": 1.4500000000000002, "type": "support", "_k": 1, "y": -3.425166865496446, "x": 4.9999999999999973}, "11": {"z": 0.49000000000000021, "type": "_origin", "_k": 0, "y": -3.425166865496446, "x": -2.5000000000000013}, "9": {"z": 0.49000000000000021, "type": "_origin", "_k": 0, "y": -3.425166865496446, "x": 2.4999999999999978}, "8": {"z": 1.5000000000000002, "qx": -0.0, "qy": -0.0, "qz": -0.12499999999999989, "_k": 1, "y": -3.425166865496446, "x": 1.249999999999998}}, "max_int_key": 12, "attributes": {"gkey_node": {"2.500,-3.425,0.490": 9, "-3.750,-3.425,1.500": 1, "2.500,-3.425,1.500": 5, "-2.500,-3.425,0.490": 11, "3.750,-3.425,1.500": 4, "1.250,-3.425,1.500": 8, "5.000,-3.425,1.450": 10, "5.000,-3.425,1.500": 3, "-1.250,-3.425,1.500": 6, "-5.000,-3.425,1.450": 12, "-2.500,-3.425,1.500": 2, "-5.000,-3.425,1.500": 0, "0.000,-3.425,1.500": 7}, "name": "Network", "_aux_length": 0.33000000000000002, "_trails": {"7": [7, 8, 5, 4, 3], "9": [9, 10], "11": [11, 12], "6": [6, 2, 1, 0]}, "tol": "3f", "_auxiliary_trails": {}, "_aux_vector": {"dtype": "compas.geometry/Vector", "value": [-0.0, -0.0, -1.0]}}, "edge_attributes": {"force": 0.0, "type": null, "length": 0.0}, "edge": {"12": {"0": {"force": -11.699999999999999, "type": "deviation"}}, "5": {"9": {"force": -3.2999999999999998, "type": "deviation"}}, "4": {"5": {"length": -1.2500000000000009, "type": "trail"}}, "7": {"8": {"length": -1.2499999999999978, "type": "trail"}}, "6": {"7": {"force": -20.0, "type": "deviation"}}, "1": {"2": {"length": -1.25, "type": "trail"}}, "0": {"1": {"length": -1.2499999999999996, "type": "trail"}}, "3": {"4": {"length": -1.2499999999999987, "type": "trail"}}, "2": {"6": {"length": -1.2499999999999996, "type": "trail"}, "11": {"force": -3.2999999999999998, "type": "deviation"}}, "10": {"3": {"force": -11.699999999999999, "type": "deviation"}}, "11": {"12": {"length": 2.6779843166082951, "type": "trail"}, "9": {"force": 11.699999999999999, "type": "deviation"}}, "9": {"10": {"length": 2.6779843166082951, "type": "trail"}}, "8": {"5": {"length": -1.2499999999999998, "type": "trail"}}}}}