{"compas": "1.7.1", "datatype": "compas_cem.diagrams/TopologyDiagram", "data": {"adjacency": {"5": {"7": null, "6": null, "3": null}, "4": {"1": null, "3": null}, "7": {"1": null, "8": null, "5": null}, "6": {"5": null, "2": null}, "1": {"4": null, "7": null, "0": null}, "0": {"1": null, "8": null}, "3": {"4": null, "5": null, "2": null}, "2": {"6": null, "3": null}, "8": {"7": null, "0": null}}, "node_attributes": {"z": 0.0, "qx": 0.0, "rx": 0.0, "qy": 0.0, "ry": 0.0, "qz": 0.0, "type": null, "rz": 0.0, "_k": null, "y": 0.0, "x": 0.0}, "node": {"5": {"z": 0.49000000000000021, "type": "_origin", "_k": 0, "y": -3.425166865496446, "x": 2.4999999999999978}, "4": {"z": 1.5000000000000002, "qx": -0.0, "qy": -0.0, "qz": -0.24999999999999994, "type": "_origin", "_k": 0, "y": -3.425166865496446, "x": 2.2204460492503131e-16}, "7": {"z": 0.49000000000000021, "type": "_origin", "_k": 0, "y": -3.425166865496446, "x": -2.5000000000000013}, "6": {"z": 1.4500000000000002, "type": "support", "_k": 1, "y": -3.425166865496446, "x": 4.9999999999999973}, "1": {"z": 1.5000000000000002, "qx": -0.0, "qy": -0.0, "qz": -0.25000000000000006, "type": "_origin", "_k": 0, "y": -3.425166865496446, "x": -2.5000000000000013}, "0": {"z": 1.5000000000000002, "qx": -0.0, "qy": -0.0, "qz": -0.12499999999999999, "type": "support", "_k": 1, "y": -3.425166865496446, "x": -5.0000000000000009}, "3": {"z": 1.5000000000000002, "qx": -0.0, "qy": -0.0, "qz": -0.24999999999999986, "_k": 1, "y": -3.425166865496446, "x": 2.4999999999999978}, "2": {"z": 1.5000000000000002, "qx": -0.0, "qy": -0.0, "qz": -0.12499999999999999, "type": "support", "_k": 2, "y": -3.425166865496446, "x": 4.9999999999999973}, "8": {"z": 1.4500000000000002, "type": "support", "_k": 1, "y": -3.425166865496446, "x": -5.0000000000000009}}, "max_int_key": 8, "attributes": {"gkey_node": {"2.500,-3.425,0.490": 5, "2.500,-3.425,1.500": 3, "-2.500,-3.425,0.490": 7, "5.000,-3.425,1.450": 6, "5.000,-3.425,1.500": 2, "-5.000,-3.425,1.450": 8, "-2.500,-3.425,1.500": 1, "-5.000,-3.425,1.500": 0, "0.000,-3.425,1.500": 4}, "name": "Network", "_aux_length": 0.33000000000000002, "_trails": {"7": [7, 8], "1": [1, 0], "4": [4, 3, 2], "5": [5, 6]}, "tol": "3f", "_auxiliary_trails": {}, "_aux_vector": {"dtype": "compas.geometry/Vector", "value": [-0.0, -0.0, -1.0]}}, "edge_attributes": {"force": 0.0, "type": null, "length": 0.0}, "edge": {"5": {"6": {"length": 2.6779843166082951, "type": "trail"}}, "4": {"3": {"length": -2.4999999999999973, "type": "trail"}}, "7": {"8": {"length": 2.6779843166082951, "type": "trail"}, "5": {"force": 11.699999999999999, "type": "deviation"}}, "6": {"2": {"force": -11.699999999999999, "type": "deviation"}}, "1": {"4": {"force": -20.0, "type": "deviation"}, "7": {"force": -3.2999999999999998, "type": "deviation"}}, "0": {"1": {"length": -2.4999999999999996, "type": "trail"}}, "3": {"5": {"force": -3.2999999999999998, "type": "deviation"}}, "2": {"3": {"length": -2.4999999999999996, "type": "trail"}}, "8": {"0": {"force": -11.699999999999999, "type": "deviation"}}}}}