{"compas": "1.7.1", "datatype": "compas_cem.diagrams/FormDiagram", "data": {"adjacency": {"5": {"4": null, "2": null}, "4": {"6": null, "3": null, "5": null}, "7": {"6": null, "0": null}, "6": {"4": null, "7": null, "1": null}, "1": {"6": null, "0": null, "3": null}, "0": {"7": null, "1": null}, "3": {"4": null, "1": null, "2": null}, "2": {"3": null, "5": null}}, "node_attributes": {"z": 0.0, "qx": 0.0, "rx": 0.0, "qy": 0.0, "ry": 0.0, "qz": 0.0, "type": null, "rz": 0.0, "_k": null, "y": 0.0, "x": 0.0}, "node": {"5": {"z": 1.4316464073216153, "rx": 10.835370497296042, "ry": -0.0, "type": "support", "rz": 14.968008220045697, "_k": 1, "y": -3.425166865496446, "x": 5.0052312017160325}, "4": {"z": 0.49000000000000021, "type": "_origin", "_k": 0, "y": -3.425166865496446, "x": 1.6666666666666698}, "7": {"z": 1.4316464073216169, "rx": -10.835370497296022, "ry": -0.0, "type": "support", "rz": 14.968008220045693, "_k": 1, "y": -3.425166865496446, "x": -5.0052312017160361}, "6": {"z": 0.49000000000000021, "type": "_origin", "_k": 0, "y": -3.425166865496446, "x": -1.6666666666666674}, "1": {"z": 1.5000000000000002, "qx": -0.0, "qy": -0.0, "qz": -0.33333333333333359, "type": "_origin", "_k": 0, "y": -3.425166865496446, "x": -1.6666666666666674}, "0": {"z": 1.9890930183423643, "qx": -0.0, "rx": 19.135370497296023, "qy": -0.0, "ry": -0.0, "qz": -0.16666666666666669, "type": "support", "rz": -14.468008220045693, "_k": 1, "y": -3.425166865496446, "x": -4.9639229700983352}, "3": {"z": 1.5000000000000002, "qx": -0.0, "qy": -0.0, "qz": -0.33333333333333326, "type": "_origin", "_k": 0, "y": -3.425166865496446, "x": 1.6666666666666698}, "2": {"z": 1.9890930183423634, "qx": -0.0, "rx": -19.135370497296044, "qy": -0.0, "ry": -0.0, "qz": -0.16666666666666641, "type": "support", "rz": -14.468008220045697, "_k": 1, "y": -3.425166865496446, "x": 4.9639229700983325}}, "max_int_key": 7, "attributes": {"gkey_node": {"1.667,-3.425,0.490": 4, "1.667,-3.425,1.500": 3, "4.964,-3.425,1.989": 2, "5.000,-3.425,1.450": 5, "-5.005,-3.425,1.432": 7, "5.000,-3.425,1.500": 2, "5.005,-3.425,1.432": 5, "-5.000,-3.425,1.450": 7, "-1.667,-3.425,0.490": 6, "-1.667,-3.425,1.500": 1, "-4.964,-3.425,1.989": 0, "-5.000,-3.425,1.500": 0}, "name": "Network", "tol": "3f"}, "edge_attributes": {"force": 0.0, "type": null, "length": 0.0}, "edge": {"5": {"2": {"force": -11.699999999999999, "type": "deviation", "length": 0.55897503892204237}}, "4": {"5": {"force": 12.156479753612885, "length": 3.4688198441416747, "type": "trail"}}, "7": {"0": {"force": -11.699999999999999, "type": "deviation", "length": 0.55897503892204181}}, "6": {"4": {"force": 11.699999999999999, "type": "deviation", "length": 3.3333333333333375}, "7": {"force": 12.156479753612885, "length": 3.4688198441416809, "type": "trail"}}, "1": {"6": {"force": -3.2999999999999998, "type": "deviation", "length": 1.01}, "3": {"force": -20.0, "type": "deviation", "length": 3.3333333333333375}}, "0": {"1": {"force": -20.218830606914711, "length": 3.3333333333333335, "type": "trail"}}, "3": {"4": {"force": -3.2999999999999998, "type": "deviation", "length": 1.01}}, "2": {"3": {"force": -20.218830606914711, "length": 3.3333333333333282, "type": "trail"}}}}}