{"compas": "1.7.1", "datatype": "compas_cem.diagrams/TopologyDiagram", "data": {"adjacency": {"5": {"4": null, "7": null, "8": null}, "4": {"3": null, "5": null}, "7": {"6": null, "5": null}, "6": {"7": null, "2": null}, "1": {"0": null, "2": null}, "0": {"1": null, "11": null}, "3": {"4": null, "9": null}, "2": {"6": null, "1": null, "10": null}, "10": {"11": null, "8": null, "2": null}, "11": {"0": null, "10": null}, "9": {"8": null, "3": null}, "8": {"9": null, "10": null, "5": null}}, "node_attributes": {"z": 0.0, "qx": 0.0, "rx": 0.0, "qy": 0.0, "ry": 0.0, "qz": 0.0, "type": null, "rz": 0.0, "_k": null, "y": 0.0, "x": 0.0}, "node": {"5": {"z": 1.5000000000000002, "qx": -0.0, "qy": -0.0, "qz": -0.14285714285714277, "_k": 1, "y": -3.425166865496446, "x": 2.1428571428571397}, "4": {"z": 1.5000000000000002, "qx": -0.0, "qy": -0.0, "qz": -0.1428571428571429, "_k": 2, "y": -3.425166865496446, "x": 3.5714285714285672}, "7": {"z": 1.5000000000000002, "qx": -0.0, "qy": -0.0, "qz": -0.14285714285714279, "type": "_origin", "_k": 0, "y": -3.425166865496446, "x": 0.71428571428571197}, "6": {"z": 1.5000000000000002, "qx": -0.0, "qy": -0.0, "qz": -0.14285714285714285, "type": "_origin", "_k": 0, "y": -3.425166865496446, "x": -0.71428571428571641}, "1": {"z": 1.5000000000000002, "qx": -0.0, "qy": -0.0, "qz": -0.14285714285714282, "_k": 2, "y": -3.425166865496446, "x": -3.571428571428573}, "0": {"z": 1.5000000000000002, "qx": -0.0, "qy": -0.0, "qz": -0.071428571428571397, "type": "support", "_k": 3, "y": -3.425166865496446, "x": -5.0000000000000009}, "3": {"z": 1.5000000000000002, "qx": -0.0, "qy": -0.0, "qz": -0.071428571428571508, "type": "support", "_k": 3, "y": -3.425166865496446, "x": 4.9999999999999973}, "2": {"z": 1.5000000000000002, "qx": -0.0, "qy": -0.0, "qz": -0.14285714285714285, "_k": 1, "y": -3.425166865496446, "x": -2.1428571428571446}, "10": {"z": 0.49000000000000021, "type": "_origin", "_k": 0, "y": -3.425166865496446, "x": -2.1428571428571446}, "11": {"z": 1.4500000000000002, "type": "support", "_k": 1, "y": -3.425166865496446, "x": -5.0000000000000009}, "9": {"z": 1.4500000000000002, "type": "support", "_k": 1, "y": -3.425166865496446, "x": 4.9999999999999973}, "8": {"z": 0.49000000000000021, "type": "_origin", "_k": 0, "y": -3.425166865496446, "x": 2.1428571428571397}}, "max_int_key": 11, "attributes": {"gkey_node": {"0.714,-3.425,1.500": 7, "5.000,-3.425,1.450": 9, "5.000,-3.425,1.500": 3, "-3.571,-3.425,1.500": 1, "3.571,-3.425,1.500": 4, "-2.143,-3.425,1.500": 2, "-0.714,-3.425,1.500": 6, "2.143,-3.425,0.490": 8, "-5.000,-3.425,1.450": 11, "-5.000,-3.425,1.500": 0, "2.143,-3.425,1.500": 5, "-2.143,-3.425,0.490": 10}, "name": "Network", "_aux_length": 0.33000000000000002, "_trails": {"7": [7, 5, 4, 3], "8": [8, 9], "10": [10, 11], "6": [6, 2, 1, 0]}, "tol": "3f", "_auxiliary_trails": {}, "_aux_vector": {"dtype": "compas.geometry/Vector", "value": [-0.0, -0.0, -1.0]}}, "edge_attributes": {"force": 0.0, "type": null, "length": 0.0}, "edge": {"5": {"8": {"force": -3.2999999999999998, "type": "deviation"}}, "4": {"5": {"length": -1.4285714285714275, "type": "trail"}}, "7": {"5": {"length": -1.4285714285714277, "type": "trail"}}, "6": {"7": {"force": -20.0, "type": "deviation"}}, "1": {"2": {"length": -1.4285714285714284, "type": "trail"}}, "0": {"1": {"length": -1.4285714285714279, "type": "trail"}}, "3": {"4": {"length": -1.4285714285714302, "type": "trail"}}, "2": {"6": {"length": -1.4285714285714282, "type": "trail"}, "10": {"force": -3.2999999999999998, "type": "deviation"}}, "10": {"8": {"force": 11.699999999999999, "type": "deviation"}, "11": {"length": 3.014111030821931, "type": "trail"}}, "11": {"0": {"force": -11.699999999999999, "type": "deviation"}}, "9": {"3": {"force": -11.699999999999999, "type": "deviation"}}, "8": {"9": {"length": 3.0141110308219323, "type": "trail"}}}}}