{"compas": "1.7.1", "datatype": "compas_cem.diagrams/TopologyDiagram", "data": {"adjacency": {"16": {"15": null, "17": null}, "15": {"14": null, "16": null}, "18": {"17": null, "11": null}, "10": {"9": null, "11": null}, "20": {"19": null, "6": null}, "17": {"18": null, "16": null}, "12": {"13": null, "5": null}, "22": {"21": null, "0": null}, "19": {"21": null, "20": null, "11": null}, "11": {"19": null, "18": null, "10": null}, "5": {"4": null, "21": null, "12": null}, "4": {"3": null, "5": null}, "7": {"6": null, "8": null}, "6": {"7": null, "20": null}, "1": {"0": null, "2": null}, "0": {"1": null, "22": null}, "3": {"4": null, "2": null}, "2": {"1": null, "3": null}, "21": {"19": null, "22": null, "5": null}, "9": {"8": null, "10": null}, "8": {"7": null, "9": null}, "14": {"13": null, "15": null}, "13": {"12": null, "14": null}}, "node_attributes": {"z": 0.0, "qx": 0.0, "rx": 0.0, "qy": 0.0, "ry": 0.0, "qz": 0.0, "type": null, "rz": 0.0, "_k": null, "y": 0.0, "x": 0.0}, "node": {"16": {"z": 1.5000000000000002, "qx": -0.0, "qy": -0.0, "qz": -0.055555555555555518, "_k": 1, "y": -3.425166865496446, "x": 0.55555555555555591}, "15": {"z": 1.5000000000000002, "qx": -0.0, "qy": -0.0, "qz": -0.055555555555555608, "type": "_origin", "_k": 0, "y": -3.425166865496446, "x": 2.2204460492503131e-16}, "18": {"z": 1.5000000000000002, "qx": -0.0, "qy": -0.0, "qz": -0.055555555555555636, "_k": 3, "y": -3.425166865496446, "x": 1.6666666666666698}, "10": {"z": 1.5000000000000002, "qx": -0.0, "qy": -0.0, "qz": -0.055555555555555677, "_k": 5, "y": -3.425166865496446, "x": 2.7777777777777772}, "20": {"z": 1.4500000000000002, "type": "support", "_k": 1, "y": -3.425166865496446, "x": 4.9999999999999973}, "17": {"z": 1.5000000000000002, "qx": -0.0, "qy": -0.0, "qz": -0.055555555555555705, "_k": 2, "y": -3.425166865496446, "x": 1.1111111111111105}, "12": {"z": 1.5000000000000002, "qx": -0.0, "qy": -0.0, "qz": -0.05555555555555558, "_k": 2, "y": -3.425166865496446, "x": -1.6666666666666674}, "22": {"z": 1.4500000000000002, "type": "support", "_k": 1, "y": -3.425166865496446, "x": -5.0000000000000009}, "19": {"z": 0.49000000000000021, "type": "_origin", "_k": 0, "y": -3.425166865496446, "x": 2.2222222222222232}, "11": {"z": 1.5000000000000002, "qx": -0.0, "qy": -0.0, "qz": -0.055555555555555372, "_k": 4, "y": -3.425166865496446, "x": 2.2222222222222232}, "5": {"z": 1.5000000000000002, "qx": -0.0, "qy": -0.0, "qz": -0.055555555555555608, "_k": 3, "y": -3.425166865496446, "x": -2.2222222222222241}, "4": {"z": 1.5000000000000002, "qx": -0.0, "qy": -0.0, "qz": -0.055555555555555539, "_k": 4, "y": -3.425166865496446, "x": -2.7777777777777795}, "7": {"z": 1.5000000000000002, "qx": -0.0, "qy": -0.0, "qz": -0.055555555555555455, "_k": 8, "y": -3.425166865496446, "x": 4.4444444444444455}, "6": {"z": 1.5000000000000002, "qx": -0.0, "qy": -0.0, "qz": -0.027777777777777592, "type": "support", "_k": 9, "y": -3.425166865496446, "x": 4.9999999999999973}, "1": {"z": 1.5000000000000002, "qx": -0.0, "qy": -0.0, "qz": -0.055555555555555539, "_k": 7, "y": -3.425166865496446, "x": -4.4444444444444464}, "0": {"z": 1.5000000000000002, "qx": -0.0, "qy": -0.0, "qz": -0.027777777777777724, "type": "support", "_k": 8, "y": -3.425166865496446, "x": -5.0000000000000009}, "3": {"z": 1.5000000000000002, "qx": -0.0, "qy": -0.0, "qz": -0.055555555555555539, "_k": 5, "y": -3.425166865496446, "x": -3.3333333333333348}, "2": {"z": 1.5000000000000002, "qx": -0.0, "qy": -0.0, "qz": -0.05555555555555558, "_k": 6, "y": -3.425166865496446, "x": -3.8888888888888902}, "21": {"z": 0.49000000000000021, "type": "_origin", "_k": 0, "y": -3.425166865496446, "x": -2.2222222222222241}, "9": {"z": 1.5000000000000002, "qx": -0.0, "qy": -0.0, "qz": -0.055555555555555566, "_k": 6, "y": -3.425166865496446, "x": 3.3333333333333366}, "8": {"z": 1.5000000000000002, "qx": -0.0, "qy": -0.0, "qz": -0.055555555555555455, "_k": 7, "y": -3.425166865496446, "x": 3.8888888888888884}, "14": {"z": 1.5000000000000002, "qx": -0.0, "qy": -0.0, "qz": -0.055555555555555636, "type": "_origin", "_k": 0, "y": -3.425166865496446, "x": -0.55555555555555614}, "13": {"z": 1.5000000000000002, "qx": -0.0, "qy": -0.0, "qz": -0.055555555555555566, "_k": 1, "y": -3.425166865496446, "x": -1.1111111111111125}}, "max_int_key": 22, "attributes": {"gkey_node": {"5.000,-3.425,1.500": 6, "-1.111,-3.425,1.500": 13, "1.667,-3.425,1.500": 18, "-5.000,-3.425,1.500": 0, "2.778,-3.425,1.500": 10, "5.000,-3.425,1.450": 20, "-2.778,-3.425,1.500": 4, "-3.333,-3.425,1.500": 3, "-0.556,-3.425,1.500": 14, "-4.444,-3.425,1.500": 1, "0.556,-3.425,1.500": 16, "-1.667,-3.425,1.500": 12, "0.000,-3.425,1.500": 15, "2.222,-3.425,0.490": 19, "-3.889,-3.425,1.500": 2, "-5.000,-3.425,1.450": 22, "4.444,-3.425,1.500": 7, "1.111,-3.425,1.500": 17, "2.222,-3.425,1.500": 11, "-2.222,-3.425,0.490": 21, "-2.222,-3.425,1.500": 5, "3.333,-3.425,1.500": 9, "3.889,-3.425,1.500": 8}, "name": "Network", "_aux_length": 0.33000000000000002, "_trails": {"14": [14, 13, 12, 5, 4, 3, 2, 1, 0], "15": [15, 16, 17, 18, 11, 10, 9, 8, 7, 6], "21": [21, 22], "19": [19, 20]}, "tol": "3f", "_auxiliary_trails": {}, "_aux_vector": {"dtype": "compas.geometry/Vector", "value": [-0.0, -0.0, -1.0]}}, "edge_attributes": {"force": 0.0, "type": null, "length": 0.0}, "edge": {"16": {"17": {"length": -0.55555555555555458, "type": "trail"}}, "15": {"16": {"length": -0.55555555555555569, "type": "trail"}}, "18": {"11": {"length": -0.55555555555555336, "type": "trail"}}, "10": {"11": {"length": -0.55555555555555403, "type": "trail"}}, "20": {"6": {"force": -11.699999999999999, "type": "deviation"}}, "17": {"18": {"length": -0.55555555555555935, "type": "trail"}}, "12": {"13": {"length": -0.55555555555555491, "type": "trail"}}, "22": {"0": {"force": -11.699999999999999, "type": "deviation"}}, "19": {"20": {"length": 2.9389878160203433, "type": "trail"}}, "11": {"19": {"force": -3.2999999999999998, "type": "deviation"}}, "5": {"12": {"length": -0.55555555555555669, "type": "trail"}, "21": {"force": -3.2999999999999998, "type": "deviation"}}, "4": {"5": {"length": -0.55555555555555536, "type": "trail"}}, "7": {"8": {"length": -0.55555555555555713, "type": "trail"}}, "6": {"7": {"length": -0.55555555555555181, "type": "trail"}}, "1": {"2": {"length": -0.55555555555555625, "type": "trail"}}, "0": {"1": {"length": -0.55555555555555447, "type": "trail"}}, "3": {"4": {"length": -0.55555555555555536, "type": "trail"}}, "2": {"3": {"length": -0.55555555555555536, "type": "trail"}}, "21": {"19": {"force": 11.699999999999999, "type": "deviation"}, "22": {"length": 2.9389878160203464, "type": "trail"}}, "9": {"10": {"length": -0.55555555555555935, "type": "trail"}}, "8": {"9": {"length": -0.55555555555555181, "type": "trail"}}, "14": {"15": {"force": -20.0, "type": "deviation"}}, "13": {"14": {"length": -0.55555555555555636, "type": "trail"}}}}}