{"compas": "1.7.1", "datatype": "compas_cem.diagrams/TopologyDiagram", "data": {"adjacency": {"16": {"15": null, "17": null}, "15": {"14": null, "16": null}, "18": {"20": null, "19": null, "11": null}, "10": {"9": null, "11": null}, "20": {"21": null, "18": null, "5": null}, "17": {"16": null, "11": null}, "12": {"13": null, "5": null}, "19": {"6": null, "18": null}, "11": {"18": null, "10": null, "17": null}, "5": {"4": null, "12": null, "20": null}, "4": {"3": null, "5": null}, "7": {"6": null, "8": null}, "6": {"7": null, "19": null}, "1": {"0": null, "2": null}, "0": {"21": null, "1": null}, "3": {"4": null, "2": null}, "2": {"1": null, "3": null}, "21": {"20": null, "0": null}, "9": {"8": null, "10": null}, "8": {"7": null, "9": null}, "14": {"13": null, "15": null}, "13": {"12": null, "14": null}}, "node_attributes": {"z": 0.0, "qx": 0.0, "rx": 0.0, "qy": 0.0, "ry": 0.0, "qz": 0.0, "type": null, "rz": 0.0, "_k": null, "y": 0.0, "x": 0.0}, "node": {"16": {"z": 1.5000000000000002, "qx": -0.0, "qy": -0.0, "qz": -0.058823529411764719, "_k": 1, "y": -3.425166865496446, "x": 0.88235294117647001}, "15": {"z": 1.5000000000000002, "qx": -0.0, "qy": -0.0, "qz": -0.058823529411764747, "type": "_origin", "_k": 0, "y": -3.425166865496446, "x": 0.2941176470588216}, "18": {"z": 0.49000000000000021, "type": "_origin", "_k": 0, "y": -3.425166865496446, "x": 2.0588235294117627}, "10": {"z": 1.5000000000000002, "qx": -0.0, "qy": -0.0, "qz": -0.058823529411764719, "_k": 4, "y": -3.425166865496446, "x": 2.6470588235294112}, "20": {"z": 0.49000000000000021, "type": "_origin", "_k": 0, "y": -3.425166865496446, "x": -2.0588235294117654}, "17": {"z": 1.5000000000000002, "qx": -0.0, "qy": -0.0, "qz": -0.058823529411764636, "_k": 2, "y": -3.425166865496446, "x": 1.470588235294116}, "12": {"z": 1.5000000000000002, "qx": -0.0, "qy": -0.0, "qz": -0.058823529411764677, "_k": 2, "y": -3.425166865496446, "x": -1.4705882352941191}, "19": {"z": 1.4500000000000002, "type": "support", "_k": 1, "y": -3.425166865496446, "x": 4.9999999999999973}, "11": {"z": 1.5000000000000002, "qx": -0.0, "qy": -0.0, "qz": -0.058823529411764768, "_k": 3, "y": -3.425166865496446, "x": 2.0588235294117627}, "5": {"z": 1.5000000000000002, "qx": -0.0, "qy": -0.0, "qz": -0.058823529411764705, "_k": 3, "y": -3.425166865496446, "x": -2.0588235294117654}, "4": {"z": 1.5000000000000002, "qx": -0.0, "qy": -0.0, "qz": -0.058823529411764747, "_k": 4, "y": -3.425166865496446, "x": -2.647058823529413}, "7": {"z": 1.5000000000000002, "qx": -0.0, "qy": -0.0, "qz": -0.058823529411764608, "_k": 7, "y": -3.425166865496446, "x": 4.4117647058823515}, "6": {"z": 1.5000000000000002, "qx": -0.0, "qy": -0.0, "qz": -0.029411764705882294, "type": "support", "_k": 8, "y": -3.425166865496446, "x": 4.9999999999999973}, "1": {"z": 1.5000000000000002, "qx": -0.0, "qy": -0.0, "qz": -0.058823529411764698, "_k": 7, "y": -3.425166865496446, "x": -4.411764705882355}, "0": {"z": 1.5000000000000002, "qx": -0.0, "qy": -0.0, "qz": -0.029411764705882294, "type": "support", "_k": 8, "y": -3.425166865496446, "x": -5.0000000000000009}, "3": {"z": 1.5000000000000002, "qx": -0.0, "qy": -0.0, "qz": -0.058823529411764698, "_k": 5, "y": -3.425166865496446, "x": -3.2352941176470602}, "2": {"z": 1.5000000000000002, "qx": -0.0, "qy": -0.0, "qz": -0.058823529411764747, "_k": 6, "y": -3.425166865496446, "x": -3.823529411764707}, "21": {"z": 1.4500000000000002, "type": "support", "_k": 1, "y": -3.425166865496446, "x": -5.0000000000000009}, "9": {"z": 1.5000000000000002, "qx": -0.0, "qy": -0.0, "qz": -0.058823529411764698, "_k": 5, "y": -3.425166865496446, "x": 3.2352941176470571}, "8": {"z": 1.5000000000000002, "qx": -0.0, "qy": -0.0, "qz": -0.058823529411764719, "_k": 6, "y": -3.425166865496446, "x": 3.8235294117647052}, "14": {"z": 1.5000000000000002, "qx": -0.0, "qy": -0.0, "qz": -0.058823529411764677, "type": "_origin", "_k": 0, "y": -3.425166865496446, "x": -0.29411764705882498}, "13": {"z": 1.5000000000000002, "qx": -0.0, "qy": -0.0, "qz": -0.058823529411764705, "_k": 1, "y": -3.425166865496446, "x": -0.88235294117647201}}, "max_int_key": 21, "attributes": {"gkey_node": {"5.000,-3.425,1.500": 6, "-0.294,-3.425,1.500": 14, "3.824,-3.425,1.500": 8, "-5.000,-3.425,1.500": 0, "4.412,-3.425,1.500": 7, "2.647,-3.425,1.500": 10, "-2.059,-3.425,0.490": 20, "5.000,-3.425,1.450": 19, "-1.471,-3.425,1.500": 12, "0.294,-3.425,1.500": 15, "-4.412,-3.425,1.500": 1, "2.059,-3.425,0.490": 18, "1.471,-3.425,1.500": 17, "-3.235,-3.425,1.500": 3, "-5.000,-3.425,1.450": 21, "-2.059,-3.425,1.500": 5, "0.882,-3.425,1.500": 16, "-2.647,-3.425,1.500": 4, "3.235,-3.425,1.500": 9, "-3.824,-3.425,1.500": 2, "-0.882,-3.425,1.500": 13, "2.059,-3.425,1.500": 11}, "name": "Network", "_aux_length": 0.33000000000000002, "_trails": {"14": [14, 13, 12, 5, 4, 3, 2, 1, 0], "15": [15, 16, 17, 11, 10, 9, 8, 7, 6], "18": [18, 19], "20": [20, 21]}, "tol": "3f", "_auxiliary_trails": {}, "_aux_vector": {"dtype": "compas.geometry/Vector", "value": [-0.0, -0.0, -1.0]}}, "edge_attributes": {"force": 0.0, "type": null, "length": 0.0}, "edge": {"16": {"17": {"length": -0.58823529411764597, "type": "trail"}}, "15": {"16": {"length": -0.58823529411764841, "type": "trail"}}, "18": {"19": {"length": 3.0938841334383977, "type": "trail"}}, "10": {"11": {"length": -0.58823529411764852, "type": "trail"}}, "20": {"21": {"length": 3.0938841334383982, "type": "trail"}, "18": {"force": 11.699999999999999, "type": "deviation"}}, "17": {"11": {"length": -0.58823529411764675, "type": "trail"}}, "12": {"13": {"length": -0.58823529411764708, "type": "trail"}}, "19": {"6": {"force": -11.699999999999999, "type": "deviation"}}, "11": {"18": {"force": -3.2999999999999998, "type": "deviation"}}, "5": {"12": {"length": -0.5882352941176463, "type": "trail"}, "20": {"force": -3.2999999999999998, "type": "deviation"}}, "4": {"5": {"length": -0.58823529411764763, "type": "trail"}}, "7": {"8": {"length": -0.5882352941176463, "type": "trail"}}, "6": {"7": {"length": -0.58823529411764586, "type": "trail"}}, "1": {"2": {"length": -0.58823529411764808, "type": "trail"}}, "0": {"1": {"length": -0.58823529411764586, "type": "trail"}}, "3": {"4": {"length": -0.58823529411764719, "type": "trail"}}, "2": {"3": {"length": -0.58823529411764675, "type": "trail"}}, "21": {"0": {"force": -11.699999999999999, "type": "deviation"}}, "9": {"10": {"length": -0.58823529411764586, "type": "trail"}}, "8": {"9": {"length": -0.58823529411764808, "type": "trail"}}, "14": {"15": {"force": -20.0, "type": "deviation"}}, "13": {"14": {"length": -0.58823529411764697, "type": "trail"}}}}}