{"compas": "1.7.1", "datatype": "compas_cem.diagrams/TopologyDiagram", "data": {"adjacency": {"12": {"13": null, "10": null, "3": null}, "5": {"4": null, "6": null}, "4": {"11": null, "5": null}, "7": {"6": null, "9": null, "10": null}, "6": {"7": null, "5": null}, "1": {"0": null, "2": null}, "0": {"13": null, "1": null}, "3": {"12": null, "8": null, "2": null}, "2": {"1": null, "3": null}, "10": {"12": null, "7": null, "11": null}, "13": {"12": null, "0": null}, "11": {"4": null, "10": null}, "9": {"7": null, "8": null}, "8": {"9": null, "3": null}}, "node_attributes": {"z": 0.0, "qx": 0.0, "rx": 0.0, "qy": 0.0, "ry": 0.0, "qz": 0.0, "type": null, "rz": 0.0, "_k": null, "y": 0.0, "x": 0.0}, "node": {"12": {"z": 0.49000000000000021, "type": "_origin", "_k": 0, "y": -3.425166865496446, "x": -1.6666666666666674}, "5": {"z": 1.5000000000000002, "qx": -0.0, "qy": -0.0, "qz": -0.11111111111111105, "_k": 3, "y": -3.425166865496446, "x": 3.8888888888888884}, "4": {"z": 1.5000000000000002, "qx": -0.0, "qy": -0.0, "qz": -0.055555555555555448, "type": "support", "_k": 4, "y": -3.425166865496446, "x": 4.9999999999999973}, "7": {"z": 1.5000000000000002, "qx": -0.0, "qy": -0.0, "qz": -0.11111111111111113, "_k": 1, "y": -3.425166865496446, "x": 1.6666666666666698}, "6": {"z": 1.5000000000000002, "qx": -0.0, "qy": -0.0, "qz": -0.11111111111111094, "_k": 2, "y": -3.425166865496446, "x": 2.7777777777777763}, "1": {"z": 1.5000000000000002, "qx": -0.0, "qy": -0.0, "qz": -0.11111111111111108, "_k": 3, "y": -3.425166865496446, "x": -3.8888888888888902}, "0": {"z": 1.5000000000000002, "qx": -0.0, "qy": -0.0, "qz": -0.055555555555555539, "type": "support", "_k": 4, "y": -3.425166865496446, "x": -5.0000000000000009}, "3": {"z": 1.5000000000000002, "qx": -0.0, "qy": -0.0, "qz": -0.11111111111111115, "_k": 1, "y": -3.425166865496446, "x": -1.6666666666666674}, "2": {"z": 1.5000000000000002, "qx": -0.0, "qy": -0.0, "qz": -0.11111111111111115, "_k": 2, "y": -3.425166865496446, "x": -2.7777777777777795}, "10": {"z": 0.49000000000000021, "type": "_origin", "_k": 0, "y": -3.425166865496446, "x": 1.6666666666666698}, "13": {"z": 1.4500000000000002, "type": "support", "_k": 1, "y": -3.425166865496446, "x": -5.0000000000000009}, "11": {"z": 1.4500000000000002, "type": "support", "_k": 1, "y": -3.425166865496446, "x": 4.9999999999999973}, "9": {"z": 1.5000000000000002, "qx": -0.0, "qy": -0.0, "qz": -0.11111111111111133, "type": "_origin", "_k": 0, "y": -3.425166865496446, "x": 0.55555555555555369}, "8": {"z": 1.5000000000000002, "qx": -0.0, "qy": -0.0, "qz": -0.11111111111111105, "type": "_origin", "_k": 0, "y": -3.425166865496446, "x": -0.55555555555555669}}, "max_int_key": 13, "attributes": {"gkey_node": {"1.667,-3.425,0.490": 10, "0.556,-3.425,1.500": 9, "-3.889,-3.425,1.500": 1, "1.667,-3.425,1.500": 7, "-0.556,-3.425,1.500": 8, "5.000,-3.425,1.450": 11, "-2.778,-3.425,1.500": 2, "2.778,-3.425,1.500": 6, "5.000,-3.425,1.500": 4, "-5.000,-3.425,1.450": 13, "-1.667,-3.425,0.490": 12, "-1.667,-3.425,1.500": 3, "-5.000,-3.425,1.500": 0, "3.889,-3.425,1.500": 5}, "name": "Network", "_aux_length": 0.33000000000000002, "_trails": {"8": [8, 3, 2, 1, 0], "9": [9, 7, 6, 5, 4], "10": [10, 11], "12": [12, 13]}, "tol": "3f", "_auxiliary_trails": {}, "_aux_vector": {"dtype": "compas.geometry/Vector", "value": [-0.0, -0.0, -1.0]}}, "edge_attributes": {"force": 0.0, "type": null, "length": 0.0}, "edge": {"12": {"13": {"length": 3.4688198441416804, "type": "trail"}, "10": {"force": 11.699999999999999, "type": "deviation"}}, "5": {"6": {"length": -1.111111111111112, "type": "trail"}}, "4": {"5": {"length": -1.1111111111111089, "type": "trail"}}, "7": {"10": {"force": -3.2999999999999998, "type": "deviation"}}, "6": {"7": {"length": -1.1111111111111065, "type": "trail"}}, "1": {"2": {"length": -1.1111111111111107, "type": "trail"}}, "0": {"1": {"length": -1.1111111111111107, "type": "trail"}}, "3": {"12": {"force": -3.2999999999999998, "type": "deviation"}, "8": {"length": -1.1111111111111107, "type": "trail"}}, "2": {"3": {"length": -1.111111111111112, "type": "trail"}}, "10": {"11": {"length": 3.4688198441416751, "type": "trail"}}, "13": {"0": {"force": -11.699999999999999, "type": "deviation"}}, "11": {"4": {"force": -11.699999999999999, "type": "deviation"}}, "9": {"7": {"length": -1.111111111111116, "type": "trail"}}, "8": {"9": {"force": -20.0, "type": "deviation"}}}}}