{"compas": "1.7.1", "datatype": "compas_cem.diagrams/TopologyDiagram", "data": {"adjacency": {"16": {"28": null, "15": null, "17": null, "10": null}, "36": {"30": null, "31": null, "40": null}, "26": {"27": null, "9": null, "25": null}, "15": {"14": null, "28": null, "33": null, "21": null, "16": null}, "18": {"30": null, "17": null, "34": null}, "35": {"7": null, "39": null, "8": null}, "25": {"37": null, "26": null, "8": null}, "28": {"27": null, "15": null, "29": null, "16": null}, "38": {"34": null}, "40": {"36": null}, "10": {"4": null, "27": null, "9": null, "16": null}, "30": {"36": null, "18": null, "29": null}, "20": {"21": null, "32": null, "19": null}, "17": {"18": null, "29": null, "16": null}, "37": {"25": null, "41": null, "24": null}, "27": {"28": null, "4": null, "26": null, "10": null}, "12": {"11": null}, "32": {"31": null, "20": null, "33": null}, "22": {"4": null, "23": null, "5": null}, "19": {"31": null, "20": null, "34": null}, "39": {"35": null}, "29": {"28": null, "30": null, "17": null}, "41": {"37": null}, "11": {"12": null, "13": null}, "5": {"4": null, "6": null, "22": null}, "4": {"27": null, "5": null, "22": null, "10": null, "3": null}, "7": {"6": null, "35": null, "24": null}, "6": {"7": null, "23": null, "5": null}, "1": {"0": null}, "0": {"1": null, "2": null}, "3": {"4": null, "2": null}, "2": {"0": null, "3": null}, "21": {"20": null, "33": null, "15": null}, "31": {"36": null, "32": null, "19": null}, "9": {"26": null, "8": null, "10": null}, "8": {"9": null, "35": null, "25": null}, "14": {"13": null, "15": null}, "34": {"19": null, "18": null, "38": null}, "24": {"37": null, "7": null, "23": null}, "13": {"14": null, "11": null}, "33": {"21": null, "32": null, "15": null}, "23": {"6": null, "22": null, "24": null}}, "node_attributes": {"z": 0.0, "qx": 0.0, "rx": 0.0, "qy": 0.0, "ry": 0.0, "qz": 0.0, "type": null, "rz": 0.0, "_k": null, "y": 0.0, "x": 0.0}, "node": {"16": {"z": 1.5000000000000002, "qx": -0.0, "qy": -0.0, "qz": -0.076923076923077011, "type": "support", "_k": 2, "y": -3.425166865496446, "x": 0.38461538461538547}, "36": {"z": 1.5000000000000002, "qx": -0.0, "qy": -0.0, "qz": -0.076923076923076872, "type": "_origin", "_k": 0, "y": -2.425166865496446, "x": 2.6923076923076916}, "26": {"z": 1.5000000000000002, "qx": -0.0, "qy": -0.0, "qz": -0.076923076923076955, "_k": 1, "y": -2.425166865496446, "x": -1.1538461538461555}, "15": {"z": 3.29, "type": "_origin", "_k": 0, "y": -2.925166865496446, "x": 2.6923076923076916}, "18": {"z": 1.5000000000000002, "qx": -0.0, "qy": -0.0, "qz": -0.076923076923076886, "type": "_origin", "_k": 0, "y": -3.425166865496446, "x": 1.9230769230769227}, "35": {"z": 1.5000000000000002, "qx": -0.0, "qy": -0.0, "qz": -0.0769230769230769, "type": "_origin", "_k": 0, "y": -3.425166865496446, "x": -2.6923076923076934}, "25": {"z": 1.5000000000000002, "qx": -0.0, "qy": -0.0, "qz": -0.0769230769230769, "type": "_origin", "_k": 0, "y": -2.425166865496446, "x": -1.9230769230769249}, "28": {"z": 1.5000000000000002, "qx": -0.0, "qy": -0.0, "qz": -0.076923076923077011, "type": "support", "_k": 2, "y": -2.425166865496446, "x": 0.38461538461538547}, "38": {"z": 1.8300000000000003, "type": "support", "_k": 1, "y": -3.425166865496446, "x": 2.6923076923076916}, "40": {"z": 1.8300000000000003, "type": "support", "_k": 1, "y": -2.425166865496446, "x": 2.6923076923076916}, "10": {"z": 1.5000000000000002, "qx": -0.0, "qy": -0.0, "qz": -0.076923076923077066, "type": "support", "_k": 2, "y": -3.425166865496446, "x": -0.38461538461538586}, "30": {"z": 1.5000000000000002, "qx": -0.0, "qy": -0.0, "qz": -0.076923076923076886, "type": "_origin", "_k": 0, "y": -2.425166865496446, "x": 1.9230769230769227}, "20": {"z": 1.5000000000000002, "qx": -0.0, "qy": -0.0, "qz": -0.076923076923076872, "_k": 1, "y": -3.425166865496446, "x": 4.2307692307692282}, "17": {"z": 1.5000000000000002, "qx": -0.0, "qy": -0.0, "qz": -0.076923076923076872, "_k": 1, "y": -3.425166865496446, "x": 1.153846153846154}, "37": {"z": 1.5000000000000002, "qx": -0.0, "qy": -0.0, "qz": -0.0769230769230769, "type": "_origin", "_k": 0, "y": -2.425166865496446, "x": -2.6923076923076934}, "27": {"z": 1.5000000000000002, "qx": -0.0, "qy": -0.0, "qz": -0.076923076923077066, "type": "support", "_k": 2, "y": -2.425166865496446, "x": -0.38461538461538586}, "12": {"z": 0.010000000000000231, "type": "support", "_k": 4, "y": -2.925166865496446, "x": 2.6923076923076916}, "32": {"z": 1.5000000000000002, "qx": -0.0, "qy": -0.0, "qz": -0.076923076923076872, "_k": 1, "y": -2.425166865496446, "x": 4.2307692307692282}, "22": {"z": 1.5000000000000002, "qx": -0.0, "qy": -0.0, "qz": -0.038461538461538464, "type": "support", "_k": 2, "y": -2.425166865496446, "x": -5.0000000000000009}, "19": {"z": 1.5000000000000002, "qx": -0.0, "qy": -0.0, "qz": -0.07692307692307683, "type": "_origin", "_k": 0, "y": -3.425166865496446, "x": 3.4615384615384599}, "39": {"z": 1.8300000000000003, "type": "support", "_k": 1, "y": -3.425166865496446, "x": -2.6923076923076934}, "29": {"z": 1.5000000000000002, "qx": -0.0, "qy": -0.0, "qz": -0.076923076923076872, "_k": 1, "y": -2.425166865496446, "x": 1.153846153846154}, "41": {"z": 1.8300000000000003, "type": "support", "_k": 1, "y": -2.425166865496446, "x": -2.6923076923076934}, "11": {"_k": 3, "z": 1.5000000000000002, "y": -2.925166865496446, "x": 2.6923076923076916}, "5": {"z": 1.5000000000000002, "qx": -0.0, "qy": -0.0, "qz": -0.038461538461538464, "type": "support", "_k": 2, "y": -3.425166865496446, "x": -5.0000000000000009}, "4": {"z": 3.29, "type": "_origin", "_k": 0, "y": -2.925166865496446, "x": -2.6923076923076934}, "7": {"z": 1.5000000000000002, "qx": -0.0, "qy": -0.0, "qz": -0.076923076923076927, "type": "_origin", "_k": 0, "y": -3.425166865496446, "x": -3.4615384615384626}, "6": {"z": 1.5000000000000002, "qx": -0.0, "qy": -0.0, "qz": -0.076923076923076927, "_k": 1, "y": -3.425166865496446, "x": -4.2307692307692317}, "1": {"z": 0.010000000000000231, "type": "support", "_k": 4, "y": -2.925166865496446, "x": -2.6923076923076934}, "0": {"_k": 3, "z": 1.5000000000000002, "y": -2.925166865496446, "x": -2.6923076923076934}, "3": {"_k": 1, "z": 2.6933333333333334, "y": -2.925166865496446, "x": -2.6923076923076934}, "2": {"_k": 2, "z": 2.0966666666666667, "y": -2.925166865496446, "x": -2.6923076923076934}, "21": {"z": 1.5000000000000002, "qx": -0.0, "qy": -0.0, "qz": -0.038461538461538464, "type": "support", "_k": 2, "y": -3.425166865496446, "x": 4.9999999999999973}, "31": {"z": 1.5000000000000002, "qx": -0.0, "qy": -0.0, "qz": -0.07692307692307683, "type": "_origin", "_k": 0, "y": -2.425166865496446, "x": 3.4615384615384599}, "9": {"z": 1.5000000000000002, "qx": -0.0, "qy": -0.0, "qz": -0.076923076923076955, "_k": 1, "y": -3.425166865496446, "x": -1.1538461538461555}, "8": {"z": 1.5000000000000002, "qx": -0.0, "qy": -0.0, "qz": -0.0769230769230769, "type": "_origin", "_k": 0, "y": -3.425166865496446, "x": -1.9230769230769249}, "14": {"_k": 1, "z": 2.6933333333333334, "y": -2.925166865496446, "x": 2.6923076923076916}, "34": {"z": 1.5000000000000002, "qx": -0.0, "qy": -0.0, "qz": -0.076923076923076872, "type": "_origin", "_k": 0, "y": -3.425166865496446, "x": 2.6923076923076916}, "24": {"z": 1.5000000000000002, "qx": -0.0, "qy": -0.0, "qz": -0.076923076923076927, "type": "_origin", "_k": 0, "y": -2.425166865496446, "x": -3.4615384615384626}, "13": {"_k": 2, "z": 2.0966666666666667, "y": -2.925166865496446, "x": 2.6923076923076916}, "33": {"z": 1.5000000000000002, "qx": -0.0, "qy": -0.0, "qz": -0.038461538461538464, "type": "support", "_k": 2, "y": -2.425166865496446, "x": 4.9999999999999973}, "23": {"z": 1.5000000000000002, "qx": -0.0, "qy": -0.0, "qz": -0.076923076923076927, "_k": 1, "y": -2.425166865496446, "x": -4.2307692307692317}}, "max_int_key": 41, "attributes": {"gkey_node": {"5.000,-3.425,1.500": 21, "2.692,-2.925,2.693": 14, "-2.692,-2.925,2.693": 3, "-2.692,-2.925,1.500": 0, "-0.385,-3.425,1.500": 10,