{"compas": "1.7.1", "datatype": "compas_cem.diagrams/FormDiagram", "data": {"adjacency": {"5": {"7": null, "6": null, "1": null, "3": null, "2": null}, "4": {"9": null, "3": null}, "7": {"1": null, "8": null, "5": null}, "6": {"9": null, "3": null, "5": null}, "1": {"5": null, "7": null, "0": null, "2": null}, "0": {"1": null, "8": null}, "3": {"4": null, "5": null, "6": null, "2": null}, "2": {"1": null, "3": null, "5": null}, "9": {"4": null, "6": null}, "8": {"7": null, "0": null}}, "node_attributes": {"z": 0.0, "qx": 0.0, "rx": 0.0, "qy": 0.0, "ry": 0.0, "qz": 0.0, "type": null, "rz": 0.0, "_k": null, "y": 0.0, "x": 0.0}, "node": {"5": {"z": 0.13657978240272753, "type": "_origin", "_k": 0, "y": -3.4251668654964469, "x": -5.8841820305133297e-15}, "4": {"z": 2.695801217364385, "qx": -0.0, "rx": -25.381425572373288, "qy": -0.0, "ry": 2.0411941303588643e-15, "qz": -0.125, "type": "support", "rz": 5.2301605244176468, "_k": 2, "y": -3.4251668654964451, "x": 4.8393437111746387}, "7": {"z": 0.49524960132751633, "type": "_origin", "_k": 0, "y": -3.4251668654964469, "x": -2.5870126010578831}, "6": {"y": -3.4251668654964464, "x": 2.6047155346804165, "z": 0.32824412555051252, "_k": 1}, "1": {"z": 1.5000000000000002, "qx": -0.0, "qy": -0.0, "qz": -0.25000000000000006, "type": "_origin", "_k": 0, "y": -3.425166865496446, "x": -2.5000000000000013}, "0": {"z": 1.9008246924769541, "qx": -0.0, "rx": 22.766795569688352, "qy": -0.0, "ry": 1.8542795362395819e-14, "qz": -0.12499999999999999, "type": "support", "rz": 9.2971447525818451, "_k": 1, "y": -3.4251668654964456, "x": -4.9676587215214258}, "3": {"z": 1.9093976514605779, "qx": -0.0, "qy": -0.0, "qz": -0.24999999999999989, "_k": 1, "y": -3.4251668654964456, "x": 2.4662509124131207}, "2": {"z": 1.5000000000000002, "qx": -0.0, "qy": -0.0, "qz": -0.24999999999999994, "type": "_origin", "_k": 0, "y": -3.425166865496446, "x": 2.2204460492503131e-16}, "9": {"z": 1.0717347165834776, "rx": 19.453528573599538, "ry": -2.1659551290102946e-15, "type": "support", "rz": -7.3921942453903426, "_k": 2, "y": -3.425166865496446, "x": 4.9739200880908081}, "8": {"z": 1.3783401976553693, "rx": -16.838898570914601, "ry": -1.8418034363744387e-14, "type": "support", "rz": -6.1351110316091493, "_k": 1, "y": -3.4251668654964464, "x": -4.9078011466889571}}, "max_int_key": 9, "attributes": {"gkey_node": {"4.974,-3.425,1.072": 9, "4.879,-3.425,1.450": 9, "2.500,-3.425,1.500": 3, "-2.587,-3.425,0.495": 7, "2.466,-3.425,1.909": 3, "2.587,-3.425,0.495": 6, "0.000,-3.425,0.137": 5, "2.605,-3.425,0.328": 6, "5.000,-3.425,1.500": 4, "-4.968,-3.425,1.901": 0, "4.839,-3.425,2.696": 4, "-4.908,-3.425,1.378": 8, "-2.500,-3.425,1.500": 1, "-5.000,-3.425,1.500": 0, "-4.879,-3.425,1.450": 8, "0.000,-3.425,1.500": 2}, "name": "Network", "tol": "3f"}, "edge_attributes": {"force": 0.0, "type": null, "length": 0.0}, "edge": {"5": {"6": {"force": 18.797994904837982, "length": 2.6117576911037879, "type": "trail"}, "3": {"force": 0.40000000000000002, "type": "deviation", "length": 3.0373140700015528}, "2": {"force": -4.4000000000000004, "type": "deviation", "length": 1.3634202175972727}}, "4": {}, "7": {"1": {"force": -4.4000000000000004, "type": "deviation", "length": 1.0085110591239808}, "8": {"force": 19.624258608226125, "length": 2.4831247400916205, "type": "trail"}, "5": {"force": 18.899999999999999, "type": "deviation", "length": 2.611757691103787}}, "6": {"9": {"force": 19.246445693716037, "length": 2.483124740091621, "type": "trail"}, "3": {"force": -4.4000000000000004, "type": "deviation", "length": 1.5872047517940011}}, "1": {"5": {"force": 0.40000000000000002, "type": "deviation", "length": 2.8476156148175917}, "2": {"force": -25.0, "type": "deviation", "length": 2.5000000000000018}}, "0": {"1": {"force": -24.587278173667066, "length": 2.4999999999999991, "type": "trail"}}, "3": {"4": {"force": -25.59040147818898, "length": 2.4999999999999996, "type": "trail"}}, "2": {"3": {"force": -25.342109225555813, "length": 2.4999999999999973, "type": "trail"}}, "9": {"4": {"force": 13.199999999999999, "type": "deviation", "length": 1.6296327194133726}}, "8": {"0": {"force": 13.199999999999999, "type": "deviation", "length": 0.5259020598873817}}}}}