{"compas": "1.7.1", "datatype": "compas_cem.diagrams/TopologyDiagram", "data": {"adjacency": {"14": {"13": null, "15": null, "5": null}, "17": {"7": null, "19": null, "8": null, "16": null}, "12": {"13": null, "3": null, "11": null}, "5": {"14": null, "4": null, "15": null, "6": null, "13": null}, "4": {"13": null, "3": null, "5": null}, "7": {"17": null, "15": null, "6": null, "8": null, "16": null}, "6": {"7": null, "15": null, "5": null}, "1": {"11": null, "0": null, "10": null, "2": null}, "0": {"1": null, "18": null}, "3": {"12": null, "4": null, "13": null, "2": null, "11": null}, "2": {"1": null, "3": null, "11": null}, "10": {"1": null, "18": null, "11": null}, "13": {"14": null, "12": null, "5": null, "4": null, "3": null}, "15": {"14": null, "5": null, "7": null, "6": null, "16": null}, "11": {"12": null, "10": null, "1": null, "3": null, "2": null}, "9": {"19": null, "8": null}, "8": {"7": null, "9": null, "17": null}, "18": {"0": null, "10": null}, "19": {"9": null, "17": null}, "16": {"7": null, "15": null, "17": null}}, "node_attributes": {"z": 0.0, "qx": 0.0, "rx": 0.0, "qy": 0.0, "ry": 0.0, "qz": 0.0, "type": null, "rz": 0.0, "_k": null, "y": 0.0, "x": 0.0}, "node": {"14": {"z": 0.15457527733201867, "type": "_origin", "_k": 0, "y": -3.4251668654964469, "x": 0.58181786594025253}, "17": {"_k": 3, "z": 0.98310004113630889, "y": -3.4251668654964469, "x": 3.9571233625569935}, "12": {"_k": 1, "z": 0.29723041260998317, "y": -3.4251668654964469, "x": -1.7367320752545381}, "5": {"z": 1.5000000000000002, "qx": -0.0, "qy": -0.0, "qz": -0.11111111111111134, "type": "_origin", "_k": 0, "y": -3.425166865496446, "x": 0.55555555555555469}, "4": {"z": 1.5000000000000002, "qx": -0.0, "qy": -0.0, "qz": -0.1111111111111111, "type": "_origin", "_k": 0, "y": -3.425166865496446, "x": -0.55555555555555702}, "7": {"z": 1.5000000000000002, "qx": -0.0, "qy": -0.0, "qz": -0.11111111111111094, "_k": 2, "y": -3.425166865496446, "x": 2.7777777777777768}, "6": {"z": 1.5000000000000002, "qx": -0.0, "qy": -0.0, "qz": -0.1111111111111111, "_k": 1, "y": -3.425166865496446, "x": 1.6666666666666698}, "1": {"z": 1.5000000000000002, "qx": -0.0, "qy": -0.0, "qz": -0.11111111111111108, "_k": 3, "y": -3.425166865496446, "x": -3.8888888888888897}, "0": {"z": 1.5000000000000002, "qx": -0.0, "qy": -0.0, "qz": -0.055555555555555559, "type": "support", "_k": 4, "y": -3.425166865496446, "x": -5.0000000000000009}, "3": {"z": 1.5000000000000002, "qx": -0.0, "qy": -0.0, "qz": -0.11111111111111113, "_k": 1, "y": -3.425166865496446, "x": -1.6666666666666674}, "2": {"z": 1.5000000000000002, "qx": -0.0, "qy": -0.0, "qz": -0.11111111111111113, "_k": 2, "y": -3.425166865496446, "x": -2.7777777777777795}, "10": {"_k": 3, "z": 0.98310004113631067, "y": -3.4251668654964469, "x": -3.9571233625570037}, "13": {"z": 0.15457527733201881, "type": "_origin", "_k": 0, "y": -3.4251668654964469, "x": -0.58181786594026352}, "15": {"_k": 1, "z": 0.29723041260998123, "y": -3.4251668654964469, "x": 1.736732075254527}, "11": {"_k": 2, "z": 0.57775614300799627, "y": -3.4251668654964469, "x": -2.8661657334266986}, "9": {"z": 1.5000000000000002, "qx": -0.0, "qy": -0.0, "qz": -0.055555555555555448, "type": "support", "_k": 4, "y": -3.425166865496446, "x": 4.9999999999999973}, "8": {"z": 1.5000000000000002, "qx": -0.0, "qy": -0.0, "qz": -0.11111111111111102, "_k": 3, "y": -3.425166865496446, "x": 3.8888888888888884}, "18": {"z": 1.4741550020568162, "type": "support", "_k": 4, "y": -3.4251668654964469, "x": -4.947856168127851}, "19": {"z": 1.474155002056813, "type": "support", "_k": 4, "y": -3.4251668654964469, "x": 4.9478561681278403}, "16": {"_k": 2, "z": 0.57775614300799361, "y": -3.4251668654964469, "x": 2.8661657334266883}}, "max_int_key": 19, "attributes": {"gkey_node": {"-2.866,-3.425,0.578": 11, "1.737,-3.425,0.297": 15, "-3.957,-3.425,0.983": 10, "0.556,-3.425,1.500": 5, "-3.889,-3.425,1.500": 1, "1.667,-3.425,1.500": 6, "-4.948,-3.425,1.474": 18, "3.889,-3.425,1.500": 8, "-0.556,-3.425,1.500": 4, "-0.582,-3.425,0.155": 13, "-2.778,-3.425,1.500": 2, "2.778,-3.425,1.500": 7, "5.000,-3.425,1.500": 9, "4.948,-3.425,1.474": 19, "-1.667,-3.425,1.500": 3, "-1.737,-3.425,0.297": 12, "2.866,-3.425,0.578": 16, "0.582,-3.425,0.155": 14, "-5.000,-3.425,1.500": 0, "3.957,-3.425,0.983": 17}, "name": "Network", "_aux_length": 0.33000000000000002, "_trails": {"14": [14, 15, 16, 17, 19], "4": [4, 3, 2, 1, 0], "5": [5, 6, 7, 8, 9], "13": [13, 12, 11, 10, 18]}, "tol": "3f", "_auxiliary_trails": {}, "_aux_vector": {"dtype": "compas.geometry/Vector", "value": [-0.0, -0.0, -1.0]}}, "edge_attributes": {"force": 0.0, "type": null, "length": 0.0}, "edge": {"14": {"15": {"length": 1.1636912470656422, "type": "trail"}, "5": {"force": -4.4000000000000004, "type": "deviation"}}, "17": {"19": {"length": 1.1057515393066017, "type": "trail"}, "8": {"force": -4.4000000000000004, "type": "deviation"}}, "12": {"13": {"length": 1.1636912470656424, "type": "trail"}, "3": {"force": -4.4000000000000004, "type": "deviation"}}, "5": {"6": {"length": -1.1111111111111152, "type": "trail"}, "15": {"force": 0.40000000000000002, "type": "deviation"}}, "4": {"5": {"force": -25.0, "type": "deviation"}}, "7": {"8": {"length": -1.1111111111111116, "type": "trail"}, "17": {"force": 0.40000000000000002, "type": "deviation"}}, "6": {"7": {"length": -1.1111111111111069, "type": "trail"}}, "1": {"11": {"force": 0.40000000000000002, "type": "deviation"}, "2": {"length": -1.1111111111111103, "type": "trail"}}, "0": {"1": {"length": -1.1111111111111112, "type": "trail"}}, "3": {"4": {"length": -1.1111111111111103, "type": "trail"}, "13": {"force": 0.40000000000000002, "type": "deviation"}}, "2": {"3": {"length": -1.111111111111112, "type": "trail"}}, "10": {"1": {"force": -4.4000000000000004, "type": "deviation"}, "18": {"length": 1.1057515393066029, "type": "trail"}, "11": {"length": 1.1638265439091315, "type": "trail"}}, "13": {"4": {"force": -4.4000000000000004, "type": "deviation"}, "14": {"force": 18.899999999999999, "type": "deviation"}, "5": {"force": 0.40000000000000002, "type": "deviation"}}, "15": {"7": {"force": 0.40000000000000002, "type": "deviation"}, "6": {"force": -4.4000000000000004, "type": "deviation"}, "16": {"length": 1.1637504344263374, "type": "trail"}}, "11": {"12": {"length": 1.1637504344263367, "type": "trail"}, "3": {"force": 0.40000000000000002, "type": "deviation"}, "2": {"force": -4.4000000000000004, "type": "deviation"}}, "9": {}, "8": {"9": {"length": -1.1111111111111089, "type": "trail"}}, "18": {"0": {"force": 13.199999999999999, "type": "deviation"}}, "19": {"9": {"force": 13.199999999999999, "type": "deviation"}}, "16": {"7": {"force": -4.4000000000000004, "type": "deviation"}, "17": {"length": 1.163826543909132, "type": "trail"}}}}}