{"compas": "1.7.1", "datatype": "compas_cem.diagrams/TopologyDiagram", "data": {"adjacency": {"16": {"17": null, "5": null, "4": null, "15": null, "3": null}, "15": {"14": null, "16": null, "3": null}, "18": {"17": null, "5": null, "19": null, "7": null, "6": null}, "25": {"12": null, "23": null}, "10": {"22": null, "9": null, "11": null}, "20": {"19": null, "7": null, "9": null, "8": null, "21": null}, "17": {"18": null, "16": null, "5": null}, "12": {"11": null, "25": null}, "22": {"10": null, "23": null, "11": null, "9": null, "21": null}, "19": {"7": null, "20": null, "18": null}, "11": {"12": null, "22": null, "23": null, "10": null}, "5": {"17": null, "4": null, "18": null, "6": null, "16": null}, "4": {"5": null, "16": null, "3": null}, "7": {"19": null, "18": null, "6": null, "20": null, "8": null}, "6": {"7": null, "18": null, "5": null}, "1": {"13": null, "14": null, "0": null, "2": null}, "0": {"1": null, "24": null}, "3": {"14": null, "4": null, "15": null, "2": null, "16": null}, "2": {"14": null, "1": null, "3": null}, "21": {"20": null, "22": null, "9": null}, "9": {"22": null, "10": null, "20": null, "8": null, "21": null}, "8": {"7": null, "20": null, "9": null}, "14": {"15": null, "1": null, "13": null, "3": null, "2": null}, "24": {"13": null, "0": null}, "13": {"14": null, "1": null, "24": null}, "23": {"22": null, "11": null, "25": null}}, "node_attributes": {"z": 0.0, "qx": 0.0, "rx": 0.0, "qy": 0.0, "ry": 0.0, "qz": 0.0, "type": null, "rz": 0.0, "_k": null, "y": 0.0, "x": 0.0}, "node": {"16": {"_k": 1, "z": 0.29723041260998317, "y": -3.4251668654964469, "x": -1.7367320752545381}, "15": {"_k": 2, "z": 0.49524960132751633, "y": -3.4251668654964469, "x": -2.5870126010578831}, "18": {"z": 0.13657978240272753, "type": "_origin", "_k": 0, "y": -3.4251668654964469, "x": -6.6197047843274959e-15}, "25": {"z": 1.4801315084875795, "type": "support", "_k": 6, "y": -3.4251668654964469, "x": 4.9611271520795652}, "10": {"z": 1.5000000000000002, "qx": -0.0, "qy": -0.0, "qz": -0.083333333333333481, "_k": 4, "y": -3.425166865496446, "x": 3.3333333333333366}, "20": {"_k": 2, "z": 0.29723041260998095, "y": -3.4251668654964469, "x": 1.7367320752545257}, "17": {"z": 0.17696712980378143, "type": "_origin", "_k": 0, "y": -3.4251668654964469, "x": -0.8720442448587048}, "12": {"z": 1.5000000000000002, "qx": -0.0, "qy": -0.0, "qz": -0.041666666666666519, "type": "support", "_k": 6, "y": -3.425166865496446, "x": 4.9999999999999973}, "22": {"_k": 4, "z": 0.7655868287283889, "y": -3.4251668654964469, "x": 3.4171482928843813}, "19": {"_k": 1, "z": 0.17696712980378099, "y": -3.4251668654964469, "x": 0.87204424485869092}, "11": {"z": 1.5000000000000002, "qx": -0.0, "qy": -0.0, "qz": -0.083333333333333037, "_k": 5, "y": -3.425166865496446, "x": 4.166666666666667}, "5": {"z": 1.5000000000000002, "qx": -0.0, "qy": -0.0, "qz": -0.083333333333333398, "type": "_origin", "_k": 0, "y": -3.425166865496446, "x": -0.83333333333333559}, "4": {"z": 1.5000000000000002, "qx": -0.0, "qy": -0.0, "qz": -0.083333333333333287, "_k": 1, "y": -3.425166865496446, "x": -1.6666666666666674}, "7": {"z": 1.5000000000000002, "qx": -0.0, "qy": -0.0, "qz": -0.083333333333333481, "_k": 1, "y": -3.425166865496446, "x": 0.83333333333333059}, "6": {"z": 1.5000000000000002, "qx": -0.0, "qy": -0.0, "qz": -0.083333333333333315, "type": "_origin", "_k": 0, "y": -3.425166865496446, "x": 2.2204460492503131e-16}, "1": {"z": 1.5000000000000002, "qx": -0.0, "qy": -0.0, "qz": -0.083333333333333315, "_k": 4, "y": -3.425166865496446, "x": -4.1666666666666679}, "0": {"z": 1.5000000000000002, "qx": -0.0, "qy": -0.0, "qz": -0.041666666666666657, "type": "support", "_k": 5, "y": -3.425166865496446, "x": -5.0000000000000009}, "3": {"z": 1.5000000000000002, "qx": -0.0, "qy": -0.0, "qz": -0.08333333333333337, "_k": 2, "y": -3.425166865496446, "x": -2.5000000000000013}, "2": {"z": 1.5000000000000002, "qx": -0.0, "qy": -0.0, "qz": -0.083333333333333343, "_k": 3, "y": -3.425166865496446, "x": -3.3333333333333348}, "21": {"_k": 3, "z": 0.495249601327514, "y": -3.4251668654964469, "x": 2.5870126010578725}, "9": {"z": 1.5000000000000002, "qx": -0.0, "qy": -0.0, "qz": -0.083333333333333343, "_k": 3, "y": -3.425166865496446, "x": 2.4999999999999973}, "8": {"z": 1.5000000000000002, "qx": -0.0, "qy": -0.0, "qz": -0.083333333333333343, "_k": 2, "y": -3.425166865496446, "x": 1.6666666666666698}, "14": {"_k": 3, "z": 0.76558682872839112, "y": -3.4251668654964469, "x": -3.4171482928843928}, "24": {"z": 1.4801315084875826, "type": "support", "_k": 5, "y": -3.4251668654964469, "x": -4.9611271520795768}, "13": {"_k": 4, "z": 1.1026301697516407, "y": -3.4251668654964469, "x": -4.2225430415915106}, "23": {"_k": 5, "z": 1.1026301697516363, "y": -3.4251668654964469, "x": 4.2225430415915008}}, "max_int_key": 25, "attributes": {"gkey_node": {"5.000,-3.425,1.500": 12, "-2.500,-3.425,1.500": 3, "-0.872,-3.425,0.177": 17, "1.667,-3.425,1.500": 8, "0.000,-3.425,0.137": 18, "4.167,-3.425,1.500": 11, "2.500,-3.425,1.500": 9, "-3.417,-3.425,0.766": 14, "-5.000,-3.425,1.500": 0, "4.223,-3.425,1.103": 23, "0.833,-3.425,1.500": 7, "-2.587,-3.425,0.495": 15, "-4.167,-3.425,1.500": 1, "-4.961,-3.425,1.480": 24, "-0.833,-3.425,1.500": 5, "-4.223,-3.425,1.103": 13, "-3.333,-3.425,1.500": 2, "0.872,-3.425,0.177": 19, "-1.667,-3.425,1.500": 4, "3.417,-3.425,0.766": 22, "0.000,-3.425,1.500": 6, "2.587,-3.425,0.495": 21, "4.961,-3.425,1.480": 25, "1.737,-3.425,0.297": 20, "-1.737,-3.425,0.297": 16, "3.333,-3.425,1.500": 10}, "name": "Network", "_aux_length": 0.33000000000000002, "_trails": {"17": [17, 16, 15, 14, 13, 24], "18": [18, 19, 20, 21, 22, 23, 25], "5": [5, 4, 3, 2, 1, 0], "6": [6, 7, 8, 9, 10, 11, 12]}, "tol": "3f", "_auxiliary_trails": {}, "_aux_vector": {"dtype": "compas.geometry/Vector", "value": [-0.0, -0.0, -1.0]}}, "edge_attributes": {"force": 0.0, "type": null, "length": 0.0}, "edge": {"16": {"4": {"force": -4.4000000000000004, "type": "deviation"}, "17": {"length": 0.87301105446951677, "type": "trail"}, "5": {"force": 0.40000000000000002, "type": "deviation"}}, "15": {"16": {"length": 0.87303411826844601, "type": "trail"}, "3": {"force": -4.4000000000000004, "type": "deviation"}}, "18": {"7": {"force": 0.40000000000000002, "type": "deviation"}, "19": {"length": 0.87297898188975287, "type": "trail"}, "6": {"force": -4.4000000000000004, "type": "deviation"}}, "25": {"12": {"force": 13.199999999999999, "type": "deviation"}}, "10": {"11": {"length": -0.83333333333333037, "type": "trail"}}, "20": {"21": {"length": 0.87303411826844757, "type": "trail"}, "9": {"force": 0.40000000000000002, "type": "deviation"}, "8": {"force": -4.4000000000000004, "type": "deviation"}}, "17": {"18": {"force": 18.899999999999999, "type": "deviation"}, "5": {"force": -4.4000000000000004, "type": "deviation"}}, "12": {}, "22": {"23": {"length": 0.87307440403044534, "type": "trail"}, "10": {"force": -4.4000000000000004, "type": "deviation"}, "11": {"force": 0.40000000000000002, "type": "deviation"}}, "19": {"7": {"force": -4.4000000000000004, "type": "deviation"}, "20": {"length": 0.8730110544695181, "type": "trail"}}, "11": {"12": {"length": -0.83333333333333037, "type": "trail"}}, "5": {"6": {"force": -25.0, "type": "deviation"}, "18": {"force": 0.40000000000000002, "type": "deviation"}}, "4": {"5": {"length": -0.83333333333333182, "type": "trail"}}, "7": {"20": {"force": 0.40000000000000002, "type": "deviation"}, "8": {"length": -0.83333333333333925, "type": "trail"}}, "6": {"7": {"length": -0.83333333333333037, "type": "trail"}}, "1": {"14": {"force": 0.40000000000000002, "type": "deviation"}, "2": {"length": -0.83333333333333304, "type": "trail"}}, "0": {"1": {"length": -0.83333333333333304, "type": "trail"}}, "3": {"4": {"length": -0.83333333333333393, "type": "trail"}, "16": {"force": 0.40000000000000002, "type": "deviation"}}, "2": {"3": {"length": -0.83333333333333348, "type": "trail"}}, "21": {"22": {"length": 0.87304494922258646, "type": "trail"},