{"compas": "1.7.1", "datatype": "compas_cem.diagrams/TopologyDiagram", "data": {"adjacency": {"16": {"15": null, "17": null, "5": null}, "15": {"14": null, "5": null, "4": null, "3": null, "16": null}, "18": {"7": null, "19": null, "17": null}, "10": {"21": null, "9": null, "11": null}, "20": {"21": null, "19": null, "9": null}, "17": {"5": null, "7": null, "6": null, "18": null, "16": null}, "12": {"13": null, "22": null, "1": null}, "22": {"12": null, "0": null}, "19": {"7": null, "18": null, "20": null, "9": null, "8": null}, "11": {"23": null, "10": null}, "5": {"17": null, "4": null, "15": null, "6": null, "16": null}, "4": {"15": null, "3": null, "5": null}, "7": {"17": null, "19": null, "18": null, "6": null, "8": null}, "6": {"7": null, "17": null, "5": null}, "1": {"12": null, "13": null, "0": null, "2": null}, "0": {"1": null, "22": null}, "3": {"14": null, "4": null, "15": null, "13": null, "2": null}, "2": {"13": null, "1": null, "3": null}, "21": {"20": null, "23": null, "9": null, "10": null}, "9": {"19": null, "10": null, "20": null, "8": null, "21": null}, "8": {"7": null, "19": null, "9": null}, "14": {"13": null, "15": null, "3": null}, "13": {"14": null, "12": null, "1": null, "3": null, "2": null}, "23": {"21": null, "11": null}}, "node_attributes": {"z": 0.0, "qx": 0.0, "rx": 0.0, "qy": 0.0, "ry": 0.0, "qz": 0.0, "type": null, "rz": 0.0, "_k": null, "y": 0.0, "x": 0.0}, "node": {"16": {"z": 0.14841719726471347, "type": "_origin", "_k": 0, "y": -3.4251668654964469, "x": -0.47614591345675084}, "15": {"_k": 1, "z": 0.24477497518411584, "y": -3.4251668654964469, "x": -1.423541692063802}, "18": {"_k": 1, "z": 0.2447749751841149, "y": -3.4251668654964469, "x": 1.4235416920637922}, "10": {"z": 1.5000000000000002, "qx": -0.0, "qy": -0.0, "qz": -0.090909090909090828, "_k": 4, "y": -3.425166865496446, "x": 4.0909090909090926}, "20": {"_k": 3, "z": 0.71143674032285364, "y": -3.4251668654964469, "x": 3.2678897629488683}, "17": {"z": 0.14841719726471334, "type": "_origin", "_k": 0, "y": -3.4251668654964469, "x": 0.47614591345673907}, "12": {"_k": 4, "z": 1.0693484703913818, "y": -3.4251668654964469, "x": -4.1504674639310792}, "22": {"z": 1.4784674235195696, "type": "support", "_k": 5, "y": -3.4251668654964469, "x": -4.9575233731965547}, "19": {"_k": 2, "z": 0.43370278032171916, "y": -3.4251668654964469, "x": 2.3569316954796289}, "11": {"z": 1.5000000000000002, "qx": -0.0, "qy": -0.0, "qz": -0.045454545454545241, "type": "support", "_k": 5, "y": -3.425166865496446, "x": 4.9999999999999973}, "5": {"z": 1.5000000000000002, "qx": -0.0, "qy": -0.0, "qz": -0.090909090909090939, "type": "_origin", "_k": 0, "y": -3.425166865496446, "x": -0.45454545454545586}, "4": {"z": 1.5000000000000002, "qx": -0.0, "qy": -0.0, "qz": -0.090909090909090925, "_k": 1, "y": -3.425166865496446, "x": -1.3636363636363651}, "7": {"z": 1.5000000000000002, "qx": -0.0, "qy": -0.0, "qz": -0.090909090909090912, "_k": 1, "y": -3.425166865496446, "x": 1.3636363636363626}, "6": {"z": 1.5000000000000002, "qx": -0.0, "qy": -0.0, "qz": -0.090909090909090939, "type": "_origin", "_k": 0, "y": -3.425166865496446, "x": 0.45454545454545353}, "1": {"z": 1.5000000000000002, "qx": -0.0, "qy": -0.0, "qz": -0.090909090909090912, "_k": 4, "y": -3.425166865496446, "x": -4.0909090909090917}, "0": {"z": 1.5000000000000002, "qx": -0.0, "qy": -0.0, "qz": -0.045454545454545463, "type": "support", "_k": 5, "y": -3.425166865496446, "x": -5.0000000000000009}, "3": {"z": 1.5000000000000002, "qx": -0.0, "qy": -0.0, "qz": -0.090909090909090912, "_k": 2, "y": -3.425166865496446, "x": -2.2727272727272743}, "2": {"z": 1.5000000000000002, "qx": -0.0, "qy": -0.0, "qz": -0.090909090909090884, "_k": 3, "y": -3.425166865496446, "x": -3.181818181818183}, "21": {"_k": 4, "z": 1.0693484703913783, "y": -3.4251668654964469, "x": 4.1504674639310712}, "9": {"z": 1.5000000000000002, "qx": -0.0, "qy": -0.0, "qz": -0.09090909090909105, "_k": 3, "y": -3.425166865496446, "x": 3.1818181818181808}, "8": {"z": 1.5000000000000002, "qx": -0.0, "qy": -0.0, "qz": -0.090909090909090912, "_k": 2, "y": -3.425166865496446, "x": 2.2727272727272716}, "14": {"_k": 2, "z": 0.4337027803217211, "y": -3.4251668654964469, "x": -2.3569316954796391}, "13": {"_k": 3, "z": 0.71143674032285509, "y": -3.4251668654964469, "x": -3.2678897629488777}, "23": {"z": 1.4784674235195665, "type": "support", "_k": 5, "y": -3.4251668654964469, "x": 4.957523373196544}}, "max_int_key": 23, "attributes": {"gkey_node": {"5.000,-3.425,1.500": 11, "2.357,-3.425,0.434": 19, "-1.364,-3.425,1.500": 4, "0.455,-3.425,1.500": 6, "0.476,-3.425,0.148": 17, "-5.000,-3.425,1.500": 0, "4.091,-3.425,1.500": 10, "-4.091,-3.425,1.500": 1, "-0.476,-3.425,0.148": 16, "-3.182,-3.425,1.500": 2, "1.364,-3.425,1.500": 7, "-2.273,-3.425,1.500": 3, "4.958,-3.425,1.478": 23, "-4.150,-3.425,1.069": 12, "1.424,-3.425,0.245": 18, "-3.268,-3.425,0.711": 13, "-0.455,-3.425,1.500": 5, "3.268,-3.425,0.711": 20, "-2.357,-3.425,0.434": 14, "-1.424,-3.425,0.245": 15, "2.273,-3.425,1.500": 8, "-4.958,-3.425,1.478": 22, "3.182,-3.425,1.500": 9, "4.150,-3.425,1.069": 21}, "name": "Network", "_aux_length": 0.33000000000000002, "_trails": {"16": [16, 15, 14, 13, 12, 22], "17": [17, 18, 19, 20, 21, 23], "5": [5, 4, 3, 2, 1, 0], "6": [6, 7, 8, 9, 10, 11]}, "tol": "3f", "_auxiliary_trails": {}, "_aux_vector": {"dtype": "compas.geometry/Vector", "value": [-0.0, -0.0, -1.0]}}, "edge_attributes": {"force": 0.0, "type": null, "length": 0.0}, "edge": {"16": {"17": {"force": 18.899999999999999, "type": "deviation"}, "5": {"force": -4.4000000000000004, "type": "deviation"}}, "15": {"4": {"force": -4.4000000000000004, "type": "deviation"}, "16": {"length": 0.95228335210063686, "type": "trail"}, "5": {"force": 0.40000000000000002, "type": "deviation"}}, "18": {"7": {"force": -4.4000000000000004, "type": "deviation"}, "19": {"length": 0.95231854651199976, "type": "trail"}}, "10": {"11": {"length": -0.90909090909090473, "type": "trail"}}, "20": {"21": {"length": 0.95238868367472496, "type": "trail"}, "9": {"force": -4.4000000000000004, "type": "deviation"}}, "17": {"7": {"force": 0.40000000000000002, "type": "deviation"}, "6": {"force": -4.4000000000000004, "type": "deviation"}, "18": {"length": 0.95228335210063886, "type": "trail"}}, "12": {"13": {"length": 0.95238868367472451, "type": "trail"}, "22": {"length": 0.90483012686858943, "type": "trail"}, "1": {"force": -4.4000000000000004, "type": "deviation"}}, "22": {"0": {"force": 13.199999999999999, "type": "deviation"}}, "19": {"20": {"length": 0.95235537129015202, "type": "trail"}, "9": {"force": 0.40000000000000002, "type": "deviation"}, "8": {"force": -4.4000000000000004, "type": "deviation"}}, "11": {}, "5": {"6": {"force": -25.0, "type": "deviation"}, "17": {"force": 0.40000000000000002, "type": "deviation"}}, "4": {"5": {"length": -0.90909090909090917, "type": "trail"}}, "7": {"19": {"force": 0.40000000000000002, "type": "deviation"}, "8": {"length": -0.90909090909090895, "type": "trail"}}, "6": {"7": {"length": -0.90909090909090917, "type": "trail"}}, "1": {"13": {"force": 0.40000000000000002, "type": "deviation"}, "2": {"length": -0.90909090909090873, "type": "trail"}}, "0": {"1": {"length": -0.90909090909090917, "type": "trail"}}, "3": {"4": {"length": -0.90909090909090917, "type": "trail"}, "15": {"force": 0.40000000000000002, "type": "deviation"}}, "2": {"3": {"length": -0.90909090909090873, "type": "trail"}}, "21": {"23": {"length": 0.90483012686858733, "type": "trail"}, "10": {"force": -4.4000000000000004, "type": "deviation"}}, "9": {"21": {"force": 0.40000000000000002, "type": "deviation"}, "10": {"length": -0.90909090909091184, "type": "trail"}}, "8": {"9": {"length": -0.90909090909090917, "type": "trail"}}, "14": {"15": {"length": 0.95231854651200043, "type": "trail"}, "3": {"force": -4.4000000000000004, "type": "deviation"}}, "13": {"14": {"length": 0.95235537129015113, "type": "trail"}, "3": {"force": 0.40000000000000002, "type": "deviation"},