{"compas": "1.7.1", "datatype": "compas_cem.diagrams/TopologyDiagram", "data": {"adjacency": {"5": {"7": null, "6": null, "1": null, "3": null, "2": null}, "4": {"9": null, "3": null}, "7": {"1": null, "8": null, "5": null}, "6": {"9": null, "3": null, "5": null}, "1": {"5": null, "7": null, "0": null, "2": null}, "0": {"1": null, "8": null}, "3": {"4": null, "5": null, "6": null, "2": null}, "2": {"1": null, "3": null, "5": null}, "9": {"4": null, "6": null}, "8": {"7": null, "0": null}}, "node_attributes": {"z": 0.0, "qx": 0.0, "rx": 0.0, "qy": 0.0, "ry": 0.0, "qz": 0.0, "type": null, "rz": 0.0, "_k": null, "y": 0.0, "x": 0.0}, "node": {"5": {"z": 0.13657978240272753, "type": "_origin", "_k": 0, "y": -3.4251668654964469, "x": -5.8841820305133297e-15}, "4": {"z": 1.5000000000000002, "qx": -0.0, "qy": -0.0, "qz": -0.125, "type": "support", "_k": 2, "y": -3.425166865496446, "x": 4.9999999999999973}, "7": {"z": 0.49524960132751633, "type": "_origin", "_k": 0, "y": -3.4251668654964469, "x": -2.5870126010578831}, "6": {"_k": 1, "z": 0.495249601327514, "y": -3.4251668654964469, "x": 2.5870126010578725}, "1": {"z": 1.5000000000000002, "qx": -0.0, "qy": -0.0, "qz": -0.25000000000000006, "type": "_origin", "_k": 0, "y": -3.425166865496446, "x": -2.5000000000000013}, "0": {"z": 1.5000000000000002, "qx": -0.0, "qy": -0.0, "qz": -0.12499999999999999, "type": "support", "_k": 1, "y": -3.425166865496446, "x": -5.0000000000000009}, "3": {"z": 1.5000000000000002, "qx": -0.0, "qy": -0.0, "qz": -0.24999999999999989, "_k": 1, "y": -3.425166865496446, "x": 2.4999999999999973}, "2": {"z": 1.5000000000000002, "qx": -0.0, "qy": -0.0, "qz": -0.24999999999999994, "type": "_origin", "_k": 0, "y": -3.425166865496446, "x": 2.2204460492503131e-16}, "9": {"z": 1.4497624800663733, "type": "support", "_k": 2, "y": -3.4251668654964469, "x": 4.8793506300528842}, "8": {"z": 1.4497624800663764, "type": "support", "_k": 1, "y": -3.4251668654964469, "x": -4.8793506300528948}}, "max_int_key": 9, "attributes": {"gkey_node": {"4.879,-3.425,1.450": 9, "2.500,-3.425,1.500": 3, "-2.587,-3.425,0.495": 7, "2.587,-3.425,0.495": 6, "0.000,-3.425,0.137": 5, "5.000,-3.425,1.500": 4, "-2.500,-3.425,1.500": 1, "-5.000,-3.425,1.500": 0, "-4.879,-3.425,1.450": 8, "0.000,-3.425,1.500": 2}, "name": "Network", "_aux_length": 0.33000000000000002, "_trails": {"7": [7, 8], "1": [1, 0], "2": [2, 3, 4], "5": [5, 6, 9]}, "tol": "3f", "_auxiliary_trails": {}, "_aux_vector": {"dtype": "compas.geometry/Vector", "value": [-0.0, -0.0, -1.0]}}, "edge_attributes": {"force": 0.0, "type": null, "length": 0.0}, "edge": {"5": {"6": {"length": 2.6117576911037879, "type": "trail"}, "3": {"force": 0.40000000000000002, "type": "deviation"}, "2": {"force": -4.4000000000000004, "type": "deviation"}}, "4": {}, "7": {"1": {"force": -4.4000000000000004, "type": "deviation"}, "8": {"length": 2.4831247400916214, "type": "trail"}, "5": {"force": 18.899999999999999, "type": "deviation"}}, "6": {"9": {"length": 2.483124740091621, "type": "trail"}, "3": {"force": -4.4000000000000004, "type": "deviation"}}, "1": {"5": {"force": 0.40000000000000002, "type": "deviation"}, "2": {"force": -25.0, "type": "deviation"}}, "0": {"1": {"length": -2.4999999999999996, "type": "trail"}}, "3": {"4": {"length": -2.5, "type": "trail"}}, "2": {"3": {"length": -2.4999999999999973, "type": "trail"}}, "9": {"4": {"force": 13.199999999999999, "type": "deviation"}}, "8": {"0": {"force": 13.199999999999999, "type": "deviation"}}}}}