{"compas": "1.7.1", "datatype": "compas_cem.diagrams/TopologyDiagram", "data": {"adjacency": {"14": {"0": null, "8": null}, "12": {"13": null, "11": null, "5": null}, "5": {"12": null, "4": null, "6": null, "13": null, "11": null}, "4": {"5": null, "3": null, "11": null}, "7": {"6": null, "15": null}, "6": {"13": null, "7": null, "5": null}, "1": {"9": null, "0": null, "8": null, "2": null}, "0": {"14": null, "1": null}, "3": {"4": null, "10": null, "2": null, "11": null, "9": null}, "2": {"1": null, "9": null, "3": null}, "10": {"9": null, "3": null, "11": null}, "13": {"12": null, "6": null, "15": null, "5": null}, "15": {"13": null, "7": null}, "11": {"12": null, "5": null, "4": null, "10": null, "3": null}, "9": {"10": null, "1": null, "3": null, "2": null, "8": null}, "8": {"14": null, "1": null, "9": null}}, "node_attributes": {"z": 0.0, "qx": 0.0, "rx": 0.0, "qy": 0.0, "ry": 0.0, "qz": 0.0, "type": null, "rz": 0.0, "_k": null, "y": 0.0, "x": 0.0}, "node": {"14": {"z": 1.4677728105779275, "type": "support", "_k": 3, "y": -3.4251668654964469, "x": -4.9324954620778945}, "12": {"_k": 1, "z": 0.4015367912423351, "y": -3.4251668654964469, "x": 2.2246880725648772}, "5": {"z": 1.5000000000000002, "qx": -0.0, "qy": -0.0, "qz": -0.14285714285714268, "_k": 1, "y": -3.425166865496446, "x": 2.142857142857141}, "4": {"z": 1.5000000000000002, "qx": -0.0, "qy": -0.0, "qz": -0.14285714285714285, "type": "_origin", "_k": 0, "y": -3.425166865496446, "x": 0.71428571428571286}, "7": {"z": 1.5000000000000002, "qx": -0.0, "qy": -0.0, "qz": -0.071428571428571536, "type": "support", "_k": 3, "y": -3.425166865496446, "x": 4.9999999999999973}, "6": {"z": 1.5000000000000002, "qx": -0.0, "qy": -0.0, "qz": -0.14285714285714282, "_k": 2, "y": -3.425166865496446, "x": 3.5714285714285667}, "1": {"z": 1.5000000000000002, "qx": -0.0, "qy": -0.0, "qz": -0.14285714285714279, "_k": 2, "y": -3.425166865496446, "x": -3.5714285714285725}, "0": {"z": 1.5000000000000002, "qx": -0.0, "qy": -0.0, "qz": -0.071428571428571425, "type": "support", "_k": 3, "y": -3.425166865496446, "x": -5.0000000000000009}, "3": {"z": 1.5000000000000002, "qx": -0.0, "qy": -0.0, "qz": -0.14285714285714288, "type": "_origin", "_k": 0, "y": -3.425166865496446, "x": -0.71428571428571608}, "2": {"z": 1.5000000000000002, "qx": -0.0, "qy": -0.0, "qz": -0.14285714285714282, "_k": 1, "y": -3.425166865496446, "x": -2.142857142857145}, "10": {"z": 0.16614040012962086, "type": "_origin", "_k": 0, "y": -3.4251668654964469, "x": -0.74775524606951649}, "13": {"_k": 2, "z": 0.85545621155853446, "y": -3.4251668654964469, "x": 3.6499092415578644}, "15": {"z": 1.4677728105779244, "type": "support", "_k": 3, "y": -3.4251668654964469, "x": 4.9324954620778838}, "11": {"z": 0.16614040012962056, "type": "_origin", "_k": 0, "y": -3.4251668654964469, "x": 0.74775524606950405}, "9": {"_k": 1, "z": 0.40153679124233754, "y": -3.4251668654964469, "x": -2.2246880725648897}, "8": {"_k": 2, "z": 0.85545621155853779, "y": -3.4251668654964469, "x": -3.6499092415578764}}, "max_int_key": 15, "attributes": {"gkey_node": {"4.932,-3.425,1.468": 15, "-3.650,-3.425,0.855": 8, "0.714,-3.425,1.500": 4, "3.650,-3.425,0.855": 13, "0.748,-3.425,0.166": 11, "-3.571,-3.425,1.500": 1, "3.571,-3.425,1.500": 6, "-0.714,-3.425,1.500": 3, "-2.143,-3.425,1.500": 2, "5.000,-3.425,1.500": 7, "-0.748,-3.425,0.166": 10, "2.225,-3.425,0.402": 12, "-4.932,-3.425,1.468": 14, "-5.000,-3.425,1.500": 0, "2.143,-3.425,1.500": 5, "-2.225,-3.425,0.402": 9}, "name": "Network", "_aux_length": 0.33000000000000002, "_trails": {"3": [3, 2, 1, 0], "4": [4, 5, 6, 7], "10": [10, 9, 8, 14], "11": [11, 12, 13, 15]}, "tol": "3f", "_auxiliary_trails": {}, "_aux_vector": {"dtype": "compas.geometry/Vector", "value": [-0.0, -0.0, -1.0]}}, "edge_attributes": {"force": 0.0, "type": null, "length": 0.0}, "edge": {"14": {"0": {"force": 13.199999999999999, "type": "deviation"}}, "12": {"13": {"length": 1.4957600812583318, "type": "trail"}, "5": {"force": -4.4000000000000004, "type": "deviation"}}, "5": {"13": {"force": 0.40000000000000002, "type": "deviation"}, "6": {"length": -1.4285714285714257, "type": "trail"}}, "4": {"5": {"length": -1.4285714285714282, "type": "trail"}}, "7": {}, "6": {"7": {"length": -1.4285714285714306, "type": "trail"}}, "1": {"9": {"force": 0.40000000000000002, "type": "deviation"}, "2": {"length": -1.4285714285714275, "type": "trail"}}, "0": {"1": {"length": -1.4285714285714284, "type": "trail"}}, "3": {"4": {"force": -25.0, "type": "deviation"}, "11": {"force": 0.40000000000000002, "type": "deviation"}}, "2": {"3": {"length": -1.4285714285714288, "type": "trail"}}, "10": {"3": {"force": -4.4000000000000004, "type": "deviation"}, "11": {"force": 18.899999999999999, "type": "deviation"}}, "13": {"6": {"force": -4.4000000000000004, "type": "deviation"}, "15": {"length": 1.4212526272631829, "type": "trail"}}, "15": {"7": {"force": 13.199999999999999, "type": "deviation"}}, "11": {"4": {"force": -4.4000000000000004, "type": "deviation"}, "12": {"length": 1.4955741489235839, "type": "trail"}, "5": {"force": 0.40000000000000002, "type": "deviation"}}, "9": {"10": {"length": 1.4955741489235841, "type": "trail"}, "3": {"force": 0.40000000000000002, "type": "deviation"}, "2": {"force": -4.4000000000000004, "type": "deviation"}}, "8": {"14": {"length": 1.4212526272631816, "type": "trail"}, "1": {"force": -4.4000000000000004, "type": "deviation"}, "9": {"length": 1.4957600812583318, "type": "trail"}}}}}