{"compas": "1.7.1", "datatype": "compas_cem.diagrams/TopologyDiagram", "data": {"adjacency": {"16": {"17": null, "5": null, "15": null, "7": null, "6": null}, "15": {"14": null, "16": null, "5": null}, "18": {"17": null, "19": null, "7": null, "9": null, "8": null}, "10": {"21": null, "9": null}, "20": {"0": null, "11": null}, "17": {"7": null, "18": null, "16": null}, "12": {"1": null, "13": null, "3": null, "2": null, "11": null}, "19": {"21": null, "9": null, "18": null}, "11": {"12": null, "20": null, "1": null}, "5": {"14": null, "4": null, "15": null, "6": null, "16": null}, "4": {"14": null, "3": null, "5": null}, "7": {"17": null, "18": null, "6": null, "8": null, "16": null}, "6": {"7": null, "16": null, "5": null}, "1": {"12": null, "0": null, "11": null, "2": null}, "0": {"20": null, "1": null}, "3": {"14": null, "12": null, "4": null, "13": null, "2": null}, "2": {"12": null, "1": null, "3": null}, "21": {"19": null, "10": null}, "9": {"19": null, "18": null, "8": null, "10": null}, "8": {"7": null, "9": null, "18": null}, "14": {"5": null, "4": null, "15": null, "13": null, "3": null}, "13": {"12": null, "14": null, "3": null}}, "node_attributes": {"z": 0.0, "qx": 0.0, "rx": 0.0, "qy": 0.0, "ry": 0.0, "qz": 0.0, "type": null, "rz": 0.0, "_k": null, "y": 0.0, "x": 0.0}, "node": {"16": {"_k": 1, "z": 0.19488548522827256, "y": -3.4251668654964469, "x": 1.045778202601527}, "15": {"z": 0.13657978240272753, "type": "_origin", "_k": 0, "y": -3.4251668654964469, "x": -5.8841820305133297e-15}, "18": {"_k": 3, "z": 0.64922850908250274, "y": -3.4251668654964469, "x": 3.0877990476486739}, "10": {"z": 1.5000000000000002, "qx": -0.0, "qy": -0.0, "qz": -0.050000000000000003, "type": "support", "_k": 5, "y": -3.425166865496446, "x": 4.9999999999999973}, "20": {"z": 1.4765168017875157, "type": "support", "_k": 4, "y": -3.4251668654964469, "x": -4.9531775141937064}, "17": {"_k": 2, "z": 0.36773996460859765, "y": -3.4251668654964469, "x": 2.0788496065005724}, "12": {"_k": 2, "z": 0.64922850908250529, "y": -3.4251668654964469, "x": -3.0877990476486863}, "19": {"_k": 4, "z": 1.0303360357502984, "y": -3.4251668654964469, "x": 4.063550283874096}, "11": {"_k": 3, "z": 1.0303360357503015, "y": -3.4251668654964469, "x": -4.0635502838741067}, "5": {"z": 1.5000000000000002, "qx": -0.0, "qy": -0.0, "qz": -0.10000000000000001, "type": "_origin", "_k": 0, "y": -3.425166865496446, "x": 2.2204460492503131e-16}, "4": {"z": 1.5000000000000002, "qx": -0.0, "qy": -0.0, "qz": -0.10000000000000006, "type": "_origin", "_k": 0, "y": -3.425166865496446, "x": -1.0000000000000018}, "7": {"z": 1.5000000000000002, "qx": -0.0, "qy": -0.0, "qz": -0.09999999999999995, "_k": 2, "y": -3.425166865496446, "x": 1.9999999999999973}, "6": {"z": 1.5000000000000002, "qx": -0.0, "qy": -0.0, "qz": -0.099999999999999867, "_k": 1, "y": -3.425166865496446, "x": 0.99999999999999845}, "1": {"z": 1.5000000000000002, "qx": -0.0, "qy": -0.0, "qz": -0.10000000000000001, "_k": 3, "y": -3.425166865496446, "x": -4.0000000000000009}, "0": {"z": 1.5000000000000002, "qx": -0.0, "qy": -0.0, "qz": -0.050000000000000003, "type": "support", "_k": 4, "y": -3.425166865496446, "x": -5.0000000000000009}, "3": {"z": 1.5000000000000002, "qx": -0.0, "qy": -0.0, "qz": -0.099999999999999964, "_k": 1, "y": -3.425166865496446, "x": -2.0000000000000009}, "2": {"z": 1.5000000000000002, "qx": -0.0, "qy": -0.0, "qz": -0.10000000000000001, "_k": 2, "y": -3.425166865496446, "x": -3.0000000000000009}, "21": {"z": 1.4765168017875125, "type": "support", "_k": 5, "y": -3.4251668654964469, "x": 4.9531775141936949}, "9": {"z": 1.5000000000000002, "qx": -0.0, "qy": -0.0, "qz": -0.10000000000000001, "_k": 4, "y": -3.425166865496446, "x": 3.9999999999999973}, "8": {"z": 1.5000000000000002, "qx": -0.0, "qy": -0.0, "qz": -0.10000000000000001, "_k": 3, "y": -3.425166865496446, "x": 2.9999999999999973}, "14": {"z": 0.19488548522827281, "type": "_origin", "_k": 0, "y": -3.4251668654964469, "x": -1.045778202601539}, "13": {"_k": 1, "z": 0.36773996460859981, "y": -3.4251668654964469, "x": -2.0788496065005839}}, "max_int_key": 21, "attributes": {"gkey_node": {"5.000,-3.425,1.500": 10, "0.000,-3.425,0.137": 15, "4.064,-3.425,1.030": 19, "-4.000,-3.425,1.500": 1, "1.046,-3.425,0.195": 16, "-5.000,-3.425,1.500": 0, "-4.953,-3.425,1.477": 20, "-3.088,-3.425,0.649": 12, "-2.079,-3.425,0.368": 13, "-1.000,-3.425,1.500": 4, "2.079,-3.425,0.368": 17, "0.000,-3.425,1.500": 5, "2.000,-3.425,1.500": 7, "4.953,-3.425,1.477": 21, "1.000,-3.425,1.500": 6, "-1.046,-3.425,0.195": 14, "3.000,-3.425,1.500": 8, "3.088,-3.425,0.649": 18, "4.000,-3.425,1.500": 9, "-4.064,-3.425,1.030": 11, "-2.000,-3.425,1.500": 3, "-3.000,-3.425,1.500": 2}, "name": "Network", "_aux_length": 0.33000000000000002, "_trails": {"14": [14, 13, 12, 11, 20], "15": [15, 16, 17, 18, 19, 21], "4": [4, 3, 2, 1, 0], "5": [5, 6, 7, 8, 9, 10]}, "tol": "3f", "_auxiliary_trails": {}, "_aux_vector": {"dtype": "compas.geometry/Vector", "value": [-0.0, -0.0, -1.0]}}, "edge_attributes": {"force": 0.0, "type": null, "length": 0.0}, "edge": {"16": {"7": {"force": 0.40000000000000002, "type": "deviation"}, "6": {"force": -4.4000000000000004, "type": "deviation"}, "17": {"length": 1.0474326692421752, "type": "trail"}}, "15": {"16": {"length": 1.0474023123988574, "type": "trail"}, "5": {"force": -4.4000000000000004, "type": "deviation"}}, "18": {"19": {"length": 1.0475368355710857, "type": "trail"}, "9": {"force": 0.40000000000000002, "type": "deviation"}, "8": {"force": -4.4000000000000004, "type": "deviation"}}, "10": {}, "20": {"0": {"force": 13.199999999999999, "type": "deviation"}}, "17": {"7": {"force": -4.4000000000000004, "type": "deviation"}, "18": {"length": 1.0474802028979373, "type": "trail"}}, "12": {"13": {"length": 1.0474802028979382, "type": "trail"}, "3": {"force": 0.40000000000000002, "type": "deviation"}, "2": {"force": -4.4000000000000004, "type": "deviation"}}, "19": {"21": {"length": 0.99524564048664677, "type": "trail"}, "9": {"force": -4.4000000000000004, "type": "deviation"}}, "11": {"12": {"length": 1.0475368355710843, "type": "trail"}, "20": {"length": 0.99524564048664754, "type": "trail"}, "1": {"force": -4.4000000000000004, "type": "deviation"}}, "5": {"6": {"length": -0.99999999999999822, "type": "trail"}, "16": {"force": 0.40000000000000002, "type": "deviation"}}, "4": {"5": {"force": -25.0, "type": "deviation"}}, "7": {"18": {"force": 0.40000000000000002, "type": "deviation"}, "8": {"length": -1.0, "type": "trail"}}, "6": {"7": {"length": -0.99999999999999889, "type": "trail"}}, "1": {"12": {"force": 0.40000000000000002, "type": "deviation"}, "2": {"length": -1.0, "type": "trail"}}, "0": {"1": {"length": -1.0, "type": "trail"}}, "3": {"4": {"length": -0.99999999999999911, "type": "trail"}, "14": {"force": 0.40000000000000002, "type": "deviation"}}, "2": {"3": {"length": -1.0, "type": "trail"}}, "21": {"10": {"force": 13.199999999999999, "type": "deviation"}}, "9": {"10": {"length": -1.0, "type": "trail"}}, "8": {"9": {"length": -1.0, "type": "trail"}}, "14": {"4": {"force": -4.4000000000000004, "type": "deviation"}, "15": {"force": 18.899999999999999, "type": "deviation"}, "5": {"force": 0.40000000000000002, "type": "deviation"}}, "13": {"14": {"length": 1.0474326692421749, "type": "trail"}, "3": {"force": -4.4000000000000004, "type": "deviation"}}}}}