{"compas": "1.7.1", "datatype": "compas_cem.diagrams/TopologyDiagram", "data": {"adjacency": {"16": {"30": null, "1": null, "17": null}, "26": {"27": null, "11": null, "25": null}, "15": {"31": null, "14": null}, "18": {"19": null, "17": null, "3": null}, "25": {"26": null, "24": null, "10": null, "11": null, "9": null}, "28": {"13": null, "27": null, "29": null}, "10": {"9": null, "11": null, "25": null}, "30": {"0": null, "16": null}, "20": {"21": null, "19": null, "5": null}, "17": {"18": null, "1": null, "3": null, "2": null, "16": null}, "27": {"26": null, "12": null, "13": null, "28": null, "11": null}, "12": {"13": null, "27": null, "11": null}, "22": {"21": null, "7": null, "23": null}, "19": {"5": null, "4": null, "18": null, "3": null, "20": null}, "29": {"28": null, "31": null, "13": null, "14": null}, "11": {"26": null, "12": null, "27": null, "10": null, "25": null}, "5": {"4": null, "19": null, "6": null, "20": null, "21": null}, "4": {"19": null, "3": null, "5": null}, "7": {"22": null, "6": null, "23": null, "8": null, "21": null}, "6": {"7": null, "21": null, "5": null}, "1": {"17": null, "0": null, "16": null, "2": null}, "0": {"30": null, "1": null}, "3": {"17": null, "4": null, "19": null, "18": null, "2": null}, "2": {"1": null, "3": null, "17": null}, "21": {"5": null, "22": null, "7": null, "6": null, "20": null}, "31": {"15": null, "29": null}, "9": {"24": null, "25": null, "10": null, "23": null, "8": null}, "8": {"7": null, "23": null, "9": null}, "14": {"13": null, "15": null, "29": null}, "24": {"23": null, "9": null, "25": null}, "13": {"14": null, "12": null, "27": null, "29": null, "28": null}, "23": {"24": null, "22": null, "7": null, "9": null, "8": null}}, "node_attributes": {"z": 0.0, "qx": 0.0, "rx": 0.0, "qy": 0.0, "ry": 0.0, "qz": 0.0, "type": null, "rz": 0.0, "_k": null, "y": 0.0, "x": 0.0}, "node": {"16": {"_k": 6, "z": 1.1772864587264367, "y": -3.4251668654964469, "x": -4.3804473992755391}, "26": {"_k": 3, "z": 0.44991341049646683, "y": -3.4251668654964469, "x": 2.4183421580398647}, "15": {"z": 1.5000000000000002, "qx": -0.0, "qy": -0.0, "qz": -0.033333333333333305, "type": "support", "_k": 7, "y": -3.425166865496446, "x": 4.9999999999999973}, "18": {"_k": 4, "z": 0.64922850908250529, "y": -3.4251668654964469, "x": -3.0877990476486863}, "25": {"_k": 2, "z": 0.29723041260998095, "y": -3.4251668654964469, "x": 1.7367320752545257}, "28": {"_k": 5, "z": 0.8926496122906038, "y": -3.4251668654964469, "x": 3.7425279969537106}, "10": {"z": 1.5000000000000002, "qx": -0.0, "qy": -0.0, "qz": -0.066666666666666596, "_k": 2, "y": -3.425166865496446, "x": 1.6666666666666698}, "30": {"z": 1.4838643229363224, "type": "support", "_k": 7, "y": -3.4251668654964469, "x": -4.9690223699637777}, "20": {"_k": 2, "z": 0.29723041260998317, "y": -3.4251668654964469, "x": -1.7367320752545381}, "17": {"_k": 5, "z": 0.89264961229060746, "y": -3.4251668654964469, "x": -3.7425279969537222}, "27": {"_k": 4, "z": 0.64922850908250274, "y": -3.4251668654964469, "x": 3.0877990476486739}, "12": {"z": 1.5000000000000002, "qx": -0.0, "qy": -0.0, "qz": -0.066666666666666652, "_k": 4, "y": -3.425166865496446, "x": 2.9999999999999973}, "22": {"z": 0.14289499097989466, "type": "_origin", "_k": 0, "y": -3.4251668654964469, "x": -0.34923798223160202}, "19": {"_k": 3, "z": 0.44991341049646905, "y": -3.4251668654964469, "x": -2.4183421580398763}, "29": {"_k": 6, "z": 1.1772864587264329, "y": -3.4251668654964469, "x": 4.3804473992755266}, "11": {"z": 1.5000000000000002, "qx": -0.0, "qy": -0.0, "qz": -0.066666666666666374, "_k": 3, "y": -3.425166865496446, "x": 2.3333333333333304}, "5": {"z": 1.5000000000000002, "qx": -0.0, "qy": -0.0, "qz": -0.066666666666666652, "_k": 2, "y": -3.425166865496446, "x": -1.6666666666666674}, "4": {"z": 1.5000000000000002, "qx": -0.0, "qy": -0.0, "qz": -0.06666666666666668, "_k": 3, "y": -3.425166865496446, "x": -2.3333333333333348}, "7": {"z": 1.5000000000000002, "qx": -0.0, "qy": -0.0, "qz": -0.066666666666666666, "type": "_origin", "_k": 0, "y": -3.425166865496446, "x": -0.33333333333333548}, "6": {"z": 1.5000000000000002, "qx": -0.0, "qy": -0.0, "qz": -0.066666666666666596, "_k": 1, "y": -3.425166865496446, "x": -1.0000000000000018}, "1": {"z": 1.5000000000000002, "qx": -0.0, "qy": -0.0, "qz": -0.066666666666666652, "_k": 6, "y": -3.425166865496446, "x": -4.3333333333333339}, "0": {"z": 1.5000000000000002, "qx": -0.0, "qy": -0.0, "qz": -0.033333333333333347, "type": "support", "_k": 7, "y": -3.425166865496446, "x": -5.0000000000000009}, "3": {"z": 1.5000000000000002, "qx": -0.0, "qy": -0.0, "qz": -0.066666666666666652, "_k": 4, "y": -3.425166865496446, "x": -3.0000000000000009}, "2": {"z": 1.5000000000000002, "qx": -0.0, "qy": -0.0, "qz": -0.066666666666666652, "_k": 5, "y": -3.425166865496446, "x": -3.6666666666666679}, "21": {"_k": 1, "z": 0.1948854852282729, "y": -3.4251668654964469, "x": -1.0457782026015399}, "31": {"z": 1.4838643229363193, "type": "support", "_k": 7, "y": -3.4251668654964469, "x": 4.969022369963767}, "9": {"z": 1.5000000000000002, "qx": -0.0, "qy": -0.0, "qz": -0.066666666666666916, "_k": 1, "y": -3.425166865496446, "x": 0.99999999999999845}, "8": {"z": 1.5000000000000002, "qx": -0.0, "qy": -0.0, "qz": -0.066666666666666693, "type": "_origin", "_k": 0, "y": -3.425166865496446, "x": 0.33333333333333148}, "14": {"z": 1.5000000000000002, "qx": -0.0, "qy": -0.0, "qz": -0.066666666666666707, "_k": 6, "y": -3.425166865496446, "x": 4.3333333333333313}, "24": {"_k": 1, "z": 0.19488548522827256, "y": -3.4251668654964469, "x": 1.045778202601527}, "13": {"z": 1.5000000000000002, "qx": -0.0, "qy": -0.0, "qz": -0.066666666666666707, "_k": 5, "y": -3.425166865496446, "x": 3.6666666666666634}, "23": {"z": 0.14289499097989453, "type": "_origin", "_k": 0, "y": -3.4251668654964469, "x": 0.34923798223159025}}, "max_int_key": 31, "attributes": {"gkey_node": {"5.000,-3.425,1.500": 15, "1.667,-3.425,1.500": 10, "-0.349,-3.425,0.143": 22, "1.046,-3.425,0.195": 24, "-2.418,-3.425,0.450": 19, "-5.000,-3.425,1.500": 0, "0.333,-3.425,1.500": 8, "-3.088,-3.425,0.649": 18, "-4.333,-3.425,1.500": 1, "-3.667,-3.425,1.500": 2, "-1.667,-3.425,1.500": 5, "4.333,-3.425,1.500": 14, "4.380,-3.425,1.177": 29, "-1.000,-3.425,1.500": 6, "-3.743,-3.425,0.893": 17, "-2.333,-3.425,1.500": 4, "1.000,-3.425,1.500": 9, "-1.046,-3.425,0.195": 21, "0.349,-3.425,0.143": 23, "3.000,-3.425,1.500": 12, "-4.380,-3.425,1.177": 16, "3.667,-3.425,1.500": 13, "-0.333,-3.425,1.500": 7, "1.737,-3.425,0.297": 25, "4.969,-3.425,1.484": 31, "-4.969,-3.425,1.484": 30, "-1.737,-3.425,0.297": 20, "2.333,-3.425,1.500": 11, "3.088,-3.425,0.649": 27, "3.743,-3.425,0.893": 28, "2.418,-3.425,0.450": 26, "-3.000,-3.425,1.500": 3}, "name": "Network", "_aux_length": 0.33000000000000002, "_trails": {"7": [7, 6, 5, 4, 3, 2, 1, 0], "8": [8, 9, 10, 11, 12, 13, 14, 15], "22": [22, 21, 20, 19, 18, 17, 16, 30], "23": [23, 24, 25, 26, 27, 28, 29, 31]}, "tol": "3f", "_auxiliary_trails": {}, "_aux_vector": {"dtype": "compas.geometry/Vector", "value": [-0.0, -0.0, -1.0]}}, "edge_attributes": {"force": 0.0, "type": null, "length": 0.0}, "edge": {"16": {"30": {"length": 0.66363429910166349, "type": "trail"}, "1": {"force": -4.4000000000000004, "type": "deviation"}, "17": {"length": 0.6985408350322535, "type": "trail"}}, "26": {"27": {"length": 0.69849769904349901, "type": "trail"}, "11": {"force": -4.4000000000000004, "type": "deviation"}}, "15": {}, "18": {"19": {"length": 0.6984976990434999, "type": "trail"}, "3": {"force": -4.4000000000000004, "type": "deviation"}}, "25": {"26": {"length": 0.69850154101350515, "type": "trail"}, "10": {"force": -4.4000000000000004, "type": "deviation"}, "11": {"force": 0.40000000000000002, "type": "deviation"}}, "28": {"13": {"force": -4.4000000000000004, "type": "deviation"}, "29": {"length": 0.69854083503225251, "type": "trail"}}, "10": {"11": {"length": -0.66666666666666052, "type": "trail"}}, "30": {"0": {"force": 13.199999999999999,