{"compas": "1.7.1", "datatype": "compas_cem.diagrams/TopologyDiagram", "data": {"adjacency": {"16": {"19": null, "1": null, "10": null, "2": null, "9": null}, "15": {"7": null, "14": null}, "18": {"14": null, "5": null, "6": null, "13": null, "21": null}, "10": {"2": null, "9": null, "16": null, "11": null}, "20": {"17": null}, "17": {"12": null, "4": null, "3": null, "20": null, "11": null}, "12": {"4": null, "13": null, "17": null, "11": null}, "19": {"16": null}, "11": {"12": null, "10": null, "17": null, "3": null}, "5": {"4": null, "13": null, "6": null, "18": null}, "4": {"12": null, "5": null, "17": null, "3": null}, "7": {"6": null, "15": null}, "6": {"7": null, "14": null, "18": null, "5": null}, "1": {"16": null, "0": null, "9": null, "2": null}, "0": {"1": null, "8": null}, "3": {"4": null, "11": null, "17": null, "2": null}, "2": {"10": null, "1": null, "16": null, "3": null}, "21": {"18": null}, "9": {"8": null, "1": null, "16": null, "10": null}, "8": {"0": null, "9": null}, "14": {"13": null, "6": null, "15": null, "18": null}, "13": {"12": null, "14": null, "18": null, "5": null}}, "node_attributes": {"z": 0.0, "qx": 0.0, "rx": 0.0, "qy": 0.0, "ry": 0.0, "qz": 0.0, "type": null, "rz": 0.0, "_k": null, "y": 0.0, "x": 0.0}, "node": {"16": {"z": 0.86800000000000022, "type": "_origin", "_k": 0, "y": -2.925166865496446, "x": 2.8571428571428554}, "15": {"z": 1.5000000000000002, "qx": -0.0, "qy": -0.0, "qz": -0.071428571428571536, "type": "support", "_k": 3, "y": -2.425166865496446, "x": -5.0000000000000009}, "18": {"z": 0.86800000000000022, "type": "_origin", "_k": 0, "y": -2.925166865496446, "x": -2.8571428571428568}, "10": {"z": 1.5000000000000002, "qx": -0.0, "qy": -0.0, "qz": -0.14285714285714288, "_k": 1, "y": -2.425166865496446, "x": 2.142857142857141}, "20": {"z": 0.53800000000000026, "type": "support", "_k": 1, "y": -2.925166865496446, "x": -1.609823385706477e-15}, "17": {"z": 0.86800000000000022, "type": "_origin", "_k": 0, "y": -2.925166865496446, "x": -1.609823385706477e-15}, "12": {"z": 1.5000000000000002, "qx": -0.0, "qy": -0.0, "qz": -0.14285714285714279, "type": "_origin", "_k": 0, "y": -2.425166865496446, "x": -0.71428571428571563}, "19": {"z": 0.53800000000000026, "type": "support", "_k": 1, "y": -2.925166865496446, "x": 2.8571428571428554}, "11": {"z": 1.5000000000000002, "qx": -0.0, "qy": -0.0, "qz": -0.14285714285714285, "type": "_origin", "_k": 0, "y": -2.425166865496446, "x": 0.71428571428571241}, "5": {"z": 1.5000000000000002, "qx": -0.0, "qy": -0.0, "qz": -0.14285714285714274, "_k": 1, "y": -3.425166865496446, "x": -2.1428571428571437}, "4": {"z": 1.5000000000000002, "qx": -0.0, "qy": -0.0, "qz": -0.14285714285714279, "type": "_origin", "_k": 0, "y": -3.425166865496446, "x": -0.71428571428571563}, "7": {"z": 1.5000000000000002, "qx": -0.0, "qy": -0.0, "qz": -0.071428571428571536, "type": "support", "_k": 3, "y": -3.425166865496446, "x": -5.0000000000000009}, "6": {"z": 1.5000000000000002, "qx": -0.0, "qy": -0.0, "qz": -0.14285714285714285, "_k": 2, "y": -3.425166865496446, "x": -3.5714285714285703}, "1": {"z": 1.5000000000000002, "qx": -0.0, "qy": -0.0, "qz": -0.14285714285714282, "_k": 2, "y": -3.425166865496446, "x": 3.5714285714285698}, "0": {"z": 1.5000000000000002, "qx": -0.0, "qy": -0.0, "qz": -0.071428571428571383, "type": "support", "_k": 3, "y": -3.425166865496446, "x": 4.9999999999999973}, "3": {"z": 1.5000000000000002, "qx": -0.0, "qy": -0.0, "qz": -0.14285714285714285, "type": "_origin", "_k": 0, "y": -3.425166865496446, "x": 0.71428571428571241}, "2": {"z": 1.5000000000000002, "qx": -0.0, "qy": -0.0, "qz": -0.14285714285714288, "_k": 1, "y": -3.425166865496446, "x": 2.142857142857141}, "21": {"z": 0.53800000000000026, "type": "support", "_k": 1, "y": -2.925166865496446, "x": -2.8571428571428568}, "9": {"z": 1.5000000000000002, "qx": -0.0, "qy": -0.0, "qz": -0.14285714285714282, "_k": 2, "y": -2.425166865496446, "x": 3.5714285714285698}, "8": {"z": 1.5000000000000002, "qx": -0.0, "qy": -0.0, "qz": -0.071428571428571383, "type": "support", "_k": 3, "y": -2.425166865496446, "x": 4.9999999999999973}, "14": {"z": 1.5000000000000002, "qx": -0.0, "qy": -0.0, "qz": -0.14285714285714285, "_k": 2, "y": -2.425166865496446, "x": -3.5714285714285703}, "13": {"z": 1.5000000000000002, "qx": -0.0, "qy": -0.0, "qz": -0.14285714285714274, "_k": 1, "y": -2.425166865496446, "x": -2.1428571428571437}}, "max_int_key": 21, "attributes": {"gkey_node": {"5.000,-3.425,1.500": 0, "2.857,-2.925,0.868": 16, "-3.571,-2.425,1.500": 14, "2.857,-2.925,0.538": 19, "-2.857,-2.925,0.538": 21, "-5.000,-3.425,1.500": 7, "-2.143,-3.425,1.500": 5, "2.143,-2.425,1.500": 10, "-3.571,-3.425,1.500": 6, "5.000,-2.425,1.500": 8, "0.714,-2.425,1.500": 11, "-5.000,-2.425,1.500": 15, "-2.143,-2.425,1.500": 13, "-0.714,-2.425,1.500": 12, "3.571,-2.425,1.500": 9, "0.714,-3.425,1.500": 3, "0.000,-2.925,0.868": 17, "-2.857,-2.925,0.868": 18, "-0.714,-3.425,1.500": 4, "2.143,-3.425,1.500": 2, "3.571,-3.425,1.500": 1, "0.000,-2.925,0.538": 20}, "name": "Network", "_aux_length": 0.33000000000000002, "_trails": {"3": [3, 2, 1, 0], "4": [4, 5, 6, 7], "11": [11, 10, 9, 8], "12": [12, 13, 14, 15], "16": [16, 19], "17": [17, 20], "18": [18, 21]}, "tol": "3f", "_auxiliary_trails": {"16": [16, 19], "17": [17, 20], "18": [18, 21]}, "_aux_vector": {"dtype": "compas.geometry/Vector", "value": [-0.0, -0.0, -1.0]}}, "edge_attributes": {"force": 0.0, "type": null, "length": 0.0}, "edge": {"16": {"19": {"length": 0.33000000000000002, "type": "trail"}, "1": {"force": -0.5, "type": "deviation"}, "10": {"force": -0.5, "type": "deviation"}, "2": {"force": -0.5, "type": "deviation"}, "9": {"force": -0.5, "type": "deviation"}}, "15": {}, "18": {"14": {"force": -0.5, "type": "deviation"}, "5": {"force": -0.5, "type": "deviation"}, "6": {"force": -0.5, "type": "deviation"}, "13": {"force": -0.5, "type": "deviation"}, "21": {"length": 0.33000000000000002, "type": "trail"}}, "10": {"11": {"length": -1.4285714285714286, "type": "trail"}}, "20": {}, "17": {"12": {"force": -0.5, "type": "deviation"}, "4": {"force": -0.5, "type": "deviation"}, "3": {"force": -0.5, "type": "deviation"}, "20": {"length": 0.33000000000000002, "type": "trail"}, "11": {"force": -0.5, "type": "deviation"}}, "12": {"13": {"length": -1.4285714285714279, "type": "trail"}}, "19": {}, "11": {"12": {"force": -12.9, "type": "deviation"}}, "5": {"13": {"force": -0.20000000000000001, "type": "deviation"}, "6": {"length": -1.4285714285714266, "type": "trail"}}, "4": {"12": {"force": -0.20000000000000001, "type": "deviation"}, "5": {"length": -1.4285714285714279, "type": "trail"}}, "7": {"15": {"force": -0.20000000000000001, "type": "deviation"}}, "6": {"7": {"length": -1.4285714285714306, "type": "trail"}, "14": {"force": -0.20000000000000001, "type": "deviation"}}, "1": {"9": {"force": -0.20000000000000001, "type": "deviation"}, "2": {"length": -1.4285714285714288, "type": "trail"}}, "0": {"1": {"length": -1.4285714285714275, "type": "trail"}, "8": {"force": -0.20000000000000001, "type": "deviation"}}, "3": {"4": {"force": -12.9, "type": "deviation"}, "11": {"force": -0.20000000000000001, "type": "deviation"}}, "2": {"3": {"length": -1.4285714285714286, "type": "trail"}, "10": {"force": -0.20000000000000001, "type": "deviation"}}, "21": {}, "9": {"10": {"length": -1.4285714285714288, "type": "trail"}}, "8": {"9": {"length": -1.4285714285714275, "type": "trail"}}, "14": {"15": {"length": -1.4285714285714306, "type": "trail"}}, "13": {"14": {"length": -1.4285714285714266, "type": "trail"}}}}}