{"compas": "1.7.1", "datatype": "compas_cem.diagrams/TopologyDiagram", "data": {"adjacency": {"16": {"15": null, "17": null, "2": null}, "26": {"12": null, "27": null, "25": null}, "15": {"14": null, "1": null, "16": null}, "18": {"28": null, "4": null, "19": null, "17": null}, "25": {"26": null, "11": null, "24": null}, "28": {"17": null, "4": null, "18": null, "3": null, "31": null}, "10": {"30": null, "9": null, "11": null, "24": null}, "30": {"24": null, "10": null, "33": null, "23": null, "9": null}, "20": {"21": null, "19": null, "6": null, "29": null}, "17": {"28": null, "18": null, "16": null, "3": null}, "27": {"13": null, "26": null}, "12": {"13": null, "26": null, "11": null}, "32": {"29": null}, "22": {"21": null, "23": null, "8": null}, "19": {"20": null, "18": null, "5": null}, "29": {"32": null, "7": null, "6": null, "20": null, "21": null}, "11": {"12": null, "10": null, "25": null}, "5": {"4": null, "19": null, "6": null}, "4": {"28": null, "18": null, "3": null, "5": null}, "7": {"21": null, "6": null, "8": null, "29": null}, "6": {"7": null, "20": null, "29": null, "5": null}, "1": {"15": null, "0": null, "2": null}, "0": {"14": null, "1": null}, "3": {"28": null, "4": null, "17": null, "2": null}, "2": {"1": null, "16": null, "3": null}, "21": {"7": null, "20": null, "22": null, "29": null}, "31": {"28": null}, "9": {"30": null, "23": null, "8": null, "10": null}, "8": {"7": null, "22": null, "9": null}, "14": {"15": null, "0": null}, "24": {"30": null, "23": null, "10": null, "25": null}, "13": {"12": null, "27": null}, "33": {"30": null}, "23": {"30": null, "22": null, "9": null, "24": null}}, "node_attributes": {"z": 0.0, "qx": 0.0, "rx": 0.0, "qy": 0.0, "ry": 0.0, "qz": 0.0, "type": null, "rz": 0.0, "_k": null, "y": 0.0, "x": 0.0}, "node": {"16": {"z": 1.5000000000000002, "qx": -0.0, "qy": -0.0, "qz": -0.076923076923076927, "_k": 4, "y": -2.425166865496446, "x": 3.461538461538459}, "26": {"z": 1.5000000000000002, "qx": -0.0, "qy": -0.0, "qz": -0.076923076923077011, "_k": 5, "y": -2.425166865496446, "x": -4.2307692307692299}, "15": {"z": 1.5000000000000002, "qx": -0.0, "qy": -0.0, "qz": -0.076923076923076927, "_k": 5, "y": -2.425166865496446, "x": 4.2307692307692282}, "18": {"z": 1.5000000000000002, "qx": -0.0, "qy": -0.0, "qz": -0.076923076923076927, "_k": 2, "y": -2.425166865496446, "x": 1.9230769230769205}, "25": {"z": 1.5000000000000002, "qx": -0.0, "qy": -0.0, "qz": -0.076923076923076872, "_k": 4, "y": -2.425166865496446, "x": -3.4615384615384608}, "28": {"z": 0.86800000000000022, "type": "_origin", "_k": 0, "y": -2.925166865496446, "x": 2.3076923076923053}, "10": {"z": 1.5000000000000002, "qx": -0.0, "qy": -0.0, "qz": -0.076923076923076816, "_k": 3, "y": -3.425166865496446, "x": -2.6923076923076925}, "30": {"z": 0.86800000000000022, "type": "_origin", "_k": 0, "y": -2.925166865496446, "x": -2.3076923076923084}, "20": {"z": 1.5000000000000002, "qx": -0.0, "qy": -0.0, "qz": -0.076923076923076927, "type": "_origin", "_k": 0, "y": -2.425166865496446, "x": 0.38461538461538208}, "17": {"z": 1.5000000000000002, "qx": -0.0, "qy": -0.0, "qz": -0.076923076923076927, "_k": 3, "y": -2.425166865496446, "x": 2.6923076923076898}, "27": {"z": 1.5000000000000002, "qx": -0.0, "qy": -0.0, "qz": -0.038461538461538547, "type": "support", "_k": 6, "y": -2.425166865496446, "x": -5.0000000000000009}, "12": {"z": 1.5000000000000002, "qx": -0.0, "qy": -0.0, "qz": -0.076923076923077011, "_k": 5, "y": -3.425166865496446, "x": -4.2307692307692299}, "32": {"z": 0.53800000000000026, "type": "support", "_k": 1, "y": -2.925166865496446, "x": -2.5257573810222311e-15}, "22": {"z": 1.5000000000000002, "qx": -0.0, "qy": -0.0, "qz": -0.076923076923076886, "_k": 1, "y": -2.425166865496446, "x": -1.1538461538461562}, "19": {"z": 1.5000000000000002, "qx": -0.0, "qy": -0.0, "qz": -0.076923076923076927, "_k": 1, "y": -2.425166865496446, "x": 1.1538461538461513}, "29": {"z": 0.86800000000000022, "type": "_origin", "_k": 0, "y": -2.925166865496446, "x": -2.5257573810222311e-15}, "11": {"z": 1.5000000000000002, "qx": -0.0, "qy": -0.0, "qz": -0.076923076923076872, "_k": 4, "y": -3.425166865496446, "x": -3.4615384615384608}, "5": {"z": 1.5000000000000002, "qx": -0.0, "qy": -0.0, "qz": -0.076923076923076927, "_k": 1, "y": -3.425166865496446, "x": 1.1538461538461513}, "4": {"z": 1.5000000000000002, "qx": -0.0, "qy": -0.0, "qz": -0.076923076923076927, "_k": 2, "y": -3.425166865496446, "x": 1.9230769230769205}, "7": {"z": 1.5000000000000002, "qx": -0.0, "qy": -0.0, "qz": -0.076923076923076927, "type": "_origin", "_k": 0, "y": -3.425166865496446, "x": -0.38461538461538713}, "6": {"z": 1.5000000000000002, "qx": -0.0, "qy": -0.0, "qz": -0.076923076923076927, "type": "_origin", "_k": 0, "y": -3.425166865496446, "x": 0.38461538461538208}, "1": {"z": 1.5000000000000002, "qx": -0.0, "qy": -0.0, "qz": -0.076923076923076927, "_k": 5, "y": -3.425166865496446, "x": 4.2307692307692282}, "0": {"z": 1.5000000000000002, "qx": -0.0, "qy": -0.0, "qz": -0.038461538461538464, "type": "support", "_k": 6, "y": -3.425166865496446, "x": 4.9999999999999973}, "3": {"z": 1.5000000000000002, "qx": -0.0, "qy": -0.0, "qz": -0.076923076923076927, "_k": 3, "y": -3.425166865496446, "x": 2.6923076923076898}, "2": {"z": 1.5000000000000002, "qx": -0.0, "qy": -0.0, "qz": -0.076923076923076927, "_k": 4, "y": -3.425166865496446, "x": 3.461538461538459}, "21": {"z": 1.5000000000000002, "qx": -0.0, "qy": -0.0, "qz": -0.076923076923076927, "type": "_origin", "_k": 0, "y": -2.425166865496446, "x": -0.38461538461538713}, "31": {"z": 0.53800000000000026, "type": "support", "_k": 1, "y": -2.925166865496446, "x": 2.3076923076923053}, "9": {"z": 1.5000000000000002, "qx": -0.0, "qy": -0.0, "qz": -0.076923076923076816, "_k": 2, "y": -3.425166865496446, "x": -1.9230769230769247}, "8": {"z": 1.5000000000000002, "qx": -0.0, "qy": -0.0, "qz": -0.076923076923076886, "_k": 1, "y": -3.425166865496446, "x": -1.1538461538461562}, "14": {"z": 1.5000000000000002, "qx": -0.0, "qy": -0.0, "qz": -0.038461538461538464, "type": "support", "_k": 6, "y": -2.425166865496446, "x": 4.9999999999999973}, "24": {"z": 1.5000000000000002, "qx": -0.0, "qy": -0.0, "qz": -0.076923076923076816, "_k": 3, "y": -2.425166865496446, "x": -2.6923076923076925}, "13": {"z": 1.5000000000000002, "qx": -0.0, "qy": -0.0, "qz": -0.038461538461538547, "type": "support", "_k": 6, "y": -3.425166865496446, "x": -5.0000000000000009}, "33": {"z": 0.53800000000000026, "type": "support", "_k": 1, "y": -2.925166865496446, "x": -2.3076923076923084}, "23": {"z": 1.5000000000000002, "qx": -0.0, "qy": -0.0, "qz": -0.076923076923076816, "_k": 2, "y": -2.425166865496446, "x": -1.9230769230769247}}, "max_int_key": 33, "attributes": {"gkey_node": {"5.000,-3.425,1.500": 0, "-0.385,-3.425,1.500": 7, "3.462,-2.425,1.500": 16, "-5.000,-3.425,1.500": 13, "1.923,-2.425,1.500": 18, "2.308,-2.925,0.868": 28, "-3.462,-3.425,1.500": 11, "-1.923,-3.425,1.500": 9, "5.000,-2.425,1.500": 14, "-2.308,-2.925,0.868": 30, "-0.385,-2.425,1.500": 21, "2.308,-2.925,0.538": 31, "-5.000,-2.425,1.500": 27, "0.385,-3.425,1.500": 6, "1.154,-2.425,1.500": 19, "2.692,-2.425,1.500": 17, "-3.462,-2.425,1.500": 25, "-4.231,-2.425,1.500": 26, "-1.923,-2.425,1.500": 23, "-2.692,-2.425,1.500": 24, "4.231,-2.425,1.500": 15, "-1.154,-2.425,1.500": 22, "0.385,-2.425,1.500": 20, "-4.231,-3.425,1.500": 12, "1.154,-3.425,1.500": 5, "3.462,-3.425,1.500": 2, "2.692,-3.425,1.500": 3, "0.000,-2.925,0.868": 29, "1.923,-3.425,1.500": 4, "-2.692,-3.425,1.500": 10, "-1.154,-3.425,1.500": 8, "4.231,-3.425,1.500": 1, "-2.308,-2.925,0.538": 33, "0.000,-2.925,0.538": 32}, "name": "Network", "_aux_length": 0.33000000000000002, "_trails": {"30": [30, 33], "6": [6, 5, 4, 3, 2, 1, 0], "7": [7, 8, 9, 10, 11, 12, 13], "20": [20, 19, 18, 17, 16, 15, 14], "21": [21, 22, 23, 24, 25, 26, 27], "28": [28, 31], "29": [29, 32]}, "tol": "3f", "_auxiliary_trails": {"28": [28, 31], "29": [29, 32], "30": [30, 33]},