{"compas": "1.7.1", "datatype": "compas_cem.diagrams/TopologyDiagram", "data": {"adjacency": {"16": {"6": null, "15": null, "22": null, "17": null}, "15": {"21": null, "14": null, "16": null, "5": null}, "18": {"19": null, "8": null, "17": null}, "25": {"22": null}, "10": {"0": null, "11": null}, "20": {"12": null, "13": null, "3": null, "2": null, "23": null}, "17": {"7": null, "22": null, "18": null, "16": null}, "12": {"13": null, "20": null, "11": null, "2": null}, "22": {"17": null, "7": null, "6": null, "25": null, "16": null}, "19": {"9": null, "18": null}, "11": {"12": null, "1": null, "10": null}, "5": {"4": null, "21": null, "6": null, "15": null}, "4": {"21": null, "14": null, "3": null, "5": null}, "7": {"6": null, "22": null, "8": null, "17": null}, "6": {"7": null, "22": null, "16": null, "5": null}, "1": {"0": null, "11": null, "2": null}, "0": {"1": null, "10": null}, "3": {"4": null, "20": null, "13": null, "2": null}, "2": {"12": null, "20": null, "1": null, "3": null}, "21": {"14": null, "24": null, "5": null, "4": null, "15": null}, "9": {"19": null, "8": null}, "8": {"7": null, "9": null, "18": null}, "14": {"4": null, "21": null, "13": null, "15": null}, "24": {"21": null}, "13": {"12": null, "20": null, "14": null, "3": null}, "23": {"20": null}}, "node_attributes": {"z": 0.0, "qx": 0.0, "rx": 0.0, "qy": 0.0, "ry": 0.0, "qz": 0.0, "type": null, "rz": 0.0, "_k": null, "y": 0.0, "x": 0.0}, "node": {"16": {"z": 1.5000000000000002, "qx": -0.0, "qy": -0.0, "qz": -0.11111111111111116, "_k": 1, "y": -2.425166865496446, "x": -1.666666666666669}, "15": {"z": 1.5000000000000002, "qx": -0.0, "qy": -0.0, "qz": -0.11111111111111112, "type": "_origin", "_k": 0, "y": -2.425166865496446, "x": -0.55555555555555747}, "18": {"z": 1.5000000000000002, "qx": -0.0, "qy": -0.0, "qz": -0.11111111111111104, "_k": 3, "y": -2.425166865496446, "x": -3.8888888888888924}, "25": {"z": 0.53800000000000026, "type": "support", "_k": 1, "y": -2.925166865496446, "x": -2.2222222222222245}, "10": {"z": 1.5000000000000002, "qx": -0.0, "qy": -0.0, "qz": -0.055555555555555539, "type": "support", "_k": 4, "y": -2.425166865496446, "x": 4.9999999999999973}, "20": {"z": 0.86800000000000022, "type": "_origin", "_k": 0, "y": -2.925166865496446, "x": 2.2222222222222201}, "17": {"z": 1.5000000000000002, "qx": -0.0, "qy": -0.0, "qz": -0.11111111111111119, "_k": 2, "y": -2.425166865496446, "x": -2.7777777777777803}, "12": {"z": 1.5000000000000002, "qx": -0.0, "qy": -0.0, "qz": -0.1111111111111111, "_k": 2, "y": -2.425166865496446, "x": 2.7777777777777755}, "22": {"z": 0.86800000000000022, "type": "_origin", "_k": 0, "y": -2.925166865496446, "x": -2.2222222222222245}, "19": {"z": 1.5000000000000002, "qx": -0.0, "qy": -0.0, "qz": -0.055555555555555428, "type": "support", "_k": 4, "y": -2.425166865496446, "x": -5.0000000000000009}, "11": {"z": 1.5000000000000002, "qx": -0.0, "qy": -0.0, "qz": -0.1111111111111111, "_k": 3, "y": -2.425166865496446, "x": 3.8888888888888866}, "5": {"z": 1.5000000000000002, "qx": -0.0, "qy": -0.0, "qz": -0.11111111111111112, "type": "_origin", "_k": 0, "y": -3.425166865496446, "x": -0.55555555555555747}, "4": {"z": 1.5000000000000002, "qx": -0.0, "qy": -0.0, "qz": -0.1111111111111111, "type": "_origin", "_k": 0, "y": -3.425166865496446, "x": 0.55555555555555325}, "7": {"z": 1.5000000000000002, "qx": -0.0, "qy": -0.0, "qz": -0.11111111111111119, "_k": 2, "y": -3.425166865496446, "x": -2.7777777777777803}, "6": {"z": 1.5000000000000002, "qx": -0.0, "qy": -0.0, "qz": -0.11111111111111116, "_k": 1, "y": -3.425166865496446, "x": -1.666666666666669}, "1": {"z": 1.5000000000000002, "qx": -0.0, "qy": -0.0, "qz": -0.1111111111111111, "_k": 3, "y": -3.425166865496446, "x": 3.8888888888888866}, "0": {"z": 1.5000000000000002, "qx": -0.0, "qy": -0.0, "qz": -0.055555555555555539, "type": "support", "_k": 4, "y": -3.425166865496446, "x": 4.9999999999999973}, "3": {"z": 1.5000000000000002, "qx": -0.0, "qy": -0.0, "qz": -0.1111111111111111, "_k": 1, "y": -3.425166865496446, "x": 1.6666666666666645}, "2": {"z": 1.5000000000000002, "qx": -0.0, "qy": -0.0, "qz": -0.1111111111111111, "_k": 2, "y": -3.425166865496446, "x": 2.7777777777777755}, "21": {"z": 0.86800000000000022, "type": "_origin", "_k": 0, "y": -2.925166865496446, "x": -2.1094237467877974e-15}, "9": {"z": 1.5000000000000002, "qx": -0.0, "qy": -0.0, "qz": -0.055555555555555428, "type": "support", "_k": 4, "y": -3.425166865496446, "x": -5.0000000000000009}, "8": {"z": 1.5000000000000002, "qx": -0.0, "qy": -0.0, "qz": -0.11111111111111104, "_k": 3, "y": -3.425166865496446, "x": -3.8888888888888924}, "14": {"z": 1.5000000000000002, "qx": -0.0, "qy": -0.0, "qz": -0.1111111111111111, "type": "_origin", "_k": 0, "y": -2.425166865496446, "x": 0.55555555555555325}, "24": {"z": 0.53800000000000026, "type": "support", "_k": 1, "y": -2.925166865496446, "x": -2.1094237467877974e-15}, "13": {"z": 1.5000000000000002, "qx": -0.0, "qy": -0.0, "qz": -0.1111111111111111, "_k": 1, "y": -2.425166865496446, "x": 1.6666666666666645}, "23": {"z": 0.53800000000000026, "type": "support", "_k": 1, "y": -2.925166865496446, "x": 2.2222222222222201}}, "max_int_key": 25, "attributes": {"gkey_node": {"5.000,-3.425,1.500": 0, "-2.222,-2.925,0.868": 22, "0.000,-2.925,0.538": 24, "1.667,-3.425,1.500": 3, "2.222,-2.925,0.868": 20, "-2.778,-2.425,1.500": 17, "0.556,-2.425,1.500": 14, "-5.000,-3.425,1.500": 9, "-0.556,-2.425,1.500": 15, "2.222,-2.925,0.538": 23, "2.778,-3.425,1.500": 2, "3.889,-2.425,1.500": 11, "5.000,-2.425,1.500": 10, "-2.778,-3.425,1.500": 7, "1.667,-2.425,1.500": 13, "-5.000,-2.425,1.500": 19, "-0.556,-3.425,1.500": 5, "0.556,-3.425,1.500": 4, "-1.667,-3.425,1.500": 6, "-3.889,-3.425,1.500": 8, "-1.667,-2.425,1.500": 16, "0.000,-2.925,0.868": 21, "-2.222,-2.925,0.538": 25, "-3.889,-2.425,1.500": 18, "2.778,-2.425,1.500": 12, "3.889,-3.425,1.500": 1}, "name": "Network", "_aux_length": 0.33000000000000002, "_trails": {"4": [4, 3, 2, 1, 0], "5": [5, 6, 7, 8, 9], "14": [14, 13, 12, 11, 10], "15": [15, 16, 17, 18, 19], "20": [20, 23], "21": [21, 24], "22": [22, 25]}, "tol": "3f", "_auxiliary_trails": {"21": [21, 24], "22": [22, 25], "20": [20, 23]}, "_aux_vector": {"dtype": "compas.geometry/Vector", "value": [-0.0, -0.0, -1.0]}}, "edge_attributes": {"force": 0.0, "type": null, "length": 0.0}, "edge": {"16": {"17": {"length": -1.1111111111111114, "type": "trail"}}, "15": {"16": {"length": -1.1111111111111116, "type": "trail"}}, "18": {"19": {"length": -1.1111111111111085, "type": "trail"}}, "25": {}, "10": {"11": {"length": -1.1111111111111107, "type": "trail"}}, "20": {"12": {"force": -0.5, "type": "deviation"}, "13": {"force": -0.5, "type": "deviation"}, "3": {"force": -0.5, "type": "deviation"}, "2": {"force": -0.5, "type": "deviation"}, "23": {"length": 0.33000000000000002, "type": "trail"}}, "17": {"18": {"length": -1.111111111111112, "type": "trail"}}, "12": {"13": {"length": -1.1111111111111109, "type": "trail"}}, "22": {"17": {"force": -0.5, "type": "deviation"}, "7": {"force": -0.5, "type": "deviation"}, "6": {"force": -0.5, "type": "deviation"}, "25": {"length": 0.33000000000000002, "type": "trail"}, "16": {"force": -0.5, "type": "deviation"}}, "19": {}, "11": {"12": {"length": -1.1111111111111112, "type": "trail"}}, "5": {"6": {"length": -1.1111111111111116, "type": "trail"}, "15": {"force": -0.20000000000000001, "type": "deviation"}}, "4": {"14": {"force": -0.20000000000000001, "type": "deviation"}, "5": {"force": -12.9, "type": "deviation"}}, "7": {"8": {"length": -1.111111111111112, "type": "trail"}, "17": {"force": -0.20000000000000001, "type": "deviation"}}, "6": {"7": {"length": -1.1111111111111114, "type": "trail"}, "16": {"force": -0.20000000000000001, "type": "deviation"}}, "1": {"11": {"force": -0.20000000000000001, "type": "deviation"}, "2": {"length": -1.1111111111111112, "type": "trail"}}, "0": {"1": {"length": -1.1111111111111107, "type": "trail"}, "10": {"force": -0.20000000000000001,