{"compas": "1.7.1", "datatype": "compas_cem.diagrams/TopologyDiagram", "data": {"adjacency": {"16": {"30": null, "15": null}, "36": {"37": null, "22": null, "35": null}, "26": {"12": null, "27": null, "25": null}, "15": {"14": null, "29": null, "16": null}, "18": {"32": null, "19": null, "17": null}, "35": {"36": null, "21": null, "34": null}, "25": {"26": null, "11": null, "24": null}, "28": {"27": null, "14": null, "29": null}, "10": {"0": null, "11": null, "24": null}, "30": {"29": null, "16": null}, "20": {"21": null, "19": null, "34": null}, "17": {"31": null, "0": null, "18": null}, "37": {"36": null, "23": null}, "27": {"28": null, "26": null, "13": null}, "12": {"13": null, "26": null, "11": null}, "32": {"31": null, "33": null, "18": null}, "22": {"36": null, "21": null, "23": null}, "19": {"20": null, "33": null, "18": null}, "29": {"28": null, "30": null, "15": null}, "11": {"12": null, "10": null, "25": null}, "5": {"24": null, "6": null, "0": null, "31": null, "8": null}, "4": {"3": null}, "7": {"6": null}, "6": {"7": null, "5": null}, "1": {"0": null, "2": null}, "0": {"17": null, "5": null, "10": null, "1": null, "3": null}, "3": {"4": null, "0": null}, "2": {"1": null}, "21": {"20": null, "22": null, "35": null}, "31": {"32": null, "17": null, "5": null}, "9": {"8": null}, "8": {"9": null, "5": null}, "14": {"28": null, "13": null, "15": null}, "34": {"20": null, "33": null, "35": null}, "24": {"5": null, "10": null, "25": null}, "13": {"12": null, "27": null, "14": null}, "33": {"32": null, "19": null, "34": null}, "23": {"37": null, "22": null}}, "node_attributes": {"z": 0.0, "qx": 0.0, "rx": 0.0, "qy": 0.0, "ry": 0.0, "qz": 0.0, "type": null, "rz": 0.0, "_k": null, "y": 0.0, "x": 0.0}, "node": {"16": {"z": 1.5000000000000002, "qx": -0.0, "qy": -0.0, "qz": -0.035714285714285768, "type": "support", "_k": 6, "y": -3.425166865496446, "x": -5.0000000000000009}, "36": {"z": 1.5000000000000002, "qx": -0.0, "qy": -0.0, "qz": -0.071428571428571438, "_k": 5, "y": -2.425166865496446, "x": 4.2857142857142829}, "26": {"z": 1.5000000000000002, "qx": -0.0, "qy": -0.0, "qz": -0.071428571428571425, "_k": 2, "y": -2.425166865496446, "x": -2.1428571428571441}, "15": {"z": 1.5000000000000002, "qx": -0.0, "qy": -0.0, "qz": -0.071428571428571452, "_k": 5, "y": -3.425166865496446, "x": -4.2857142857142856}, "18": {"z": 1.5000000000000002, "qx": -0.0, "qy": -0.0, "qz": -0.071428571428571383, "_k": 1, "y": -3.425166865496446, "x": 1.4285714285714259}, "35": {"z": 1.5000000000000002, "qx": -0.0, "qy": -0.0, "qz": -0.071428571428571425, "_k": 4, "y": -2.425166865496446, "x": 3.5714285714285685}, "25": {"z": 1.5000000000000002, "qx": -0.0, "qy": -0.0, "qz": -0.071428571428571425, "_k": 1, "y": -2.425166865496446, "x": -1.4285714285714302}, "28": {"z": 1.5000000000000002, "qx": -0.0, "qy": -0.0, "qz": -0.071428571428571355, "_k": 4, "y": -2.425166865496446, "x": -3.5714285714285721}, "10": {"z": 1.5000000000000002, "qx": -0.0, "qy": -0.0, "qz": -0.071428571428571425, "type": "_origin", "_k": 0, "y": -3.425166865496446, "x": -0.71428571428571563}, "30": {"z": 1.5000000000000002, "qx": -0.0, "qy": -0.0, "qz": -0.035714285714285768, "type": "support", "_k": 6, "y": -2.425166865496446, "x": -5.0000000000000009}, "20": {"z": 1.5000000000000002, "qx": -0.0, "qy": -0.0, "qz": -0.071428571428571452, "_k": 3, "y": -3.425166865496446, "x": 2.8571428571428545}, "17": {"z": 1.5000000000000002, "qx": -0.0, "qy": -0.0, "qz": -0.071428571428571383, "type": "_origin", "_k": 0, "y": -3.425166865496446, "x": 0.71428571428571208}, "37": {"z": 1.5000000000000002, "qx": -0.0, "qy": -0.0, "qz": -0.035714285714285719, "type": "support", "_k": 6, "y": -2.425166865496446, "x": 4.9999999999999973}, "27": {"z": 1.5000000000000002, "qx": -0.0, "qy": -0.0, "qz": -0.071428571428571397, "_k": 3, "y": -2.425166865496446, "x": -2.8571428571428585}, "12": {"z": 1.5000000000000002, "qx": -0.0, "qy": -0.0, "qz": -0.071428571428571425, "_k": 2, "y": -3.425166865496446, "x": -2.1428571428571441}, "32": {"z": 1.5000000000000002, "qx": -0.0, "qy": -0.0, "qz": -0.071428571428571383, "_k": 1, "y": -2.425166865496446, "x": 1.4285714285714259}, "22": {"z": 1.5000000000000002, "qx": -0.0, "qy": -0.0, "qz": -0.071428571428571438, "_k": 5, "y": -3.425166865496446, "x": 4.2857142857142829}, "19": {"z": 1.5000000000000002, "qx": -0.0, "qy": -0.0, "qz": -0.071428571428571438, "_k": 2, "y": -3.425166865496446, "x": 2.1428571428571397}, "29": {"z": 1.5000000000000002, "qx": -0.0, "qy": -0.0, "qz": -0.071428571428571452, "_k": 5, "y": -2.425166865496446, "x": -4.2857142857142856}, "11": {"z": 1.5000000000000002, "qx": -0.0, "qy": -0.0, "qz": -0.071428571428571425, "_k": 1, "y": -3.425166865496446, "x": -1.4285714285714302}, "5": {"z": 1.5000000000000002, "qx": -0.0, "qy": -0.0, "qz": -0.071428571428571383, "type": "_origin", "_k": 0, "y": -2.425166865496446, "x": -1.7763568394002505e-15}, "4": {"z": 0.029767897413034872, "type": "support", "_k": 1, "y": -3.425166865496446, "x": -3.5257364570430845}, "7": {"z": 0.029767897413034872, "type": "support", "_k": 2, "y": -2.425166865496446, "x": 3.5257364570430809}, "6": {"_k": 1, "z": 1.2059535794826071, "y": -2.425166865496446, "x": 0.70514729140861476}, "1": {"_k": 1, "z": 1.2059535794826071, "y": -3.425166865496446, "x": 0.70514729140861476}, "0": {"z": 1.5000000000000002, "qx": -0.0, "qy": -0.0, "qz": -0.071428571428571383, "type": "_origin", "_k": 0, "y": -3.425166865496446, "x": -1.7763568394002505e-15}, "3": {"z": 1.2059535794826071, "type": "_origin", "_k": 0, "y": -3.425166865496446, "x": -0.70514729140861843}, "2": {"z": 0.029767897413034872, "type": "support", "_k": 2, "y": -3.425166865496446, "x": 3.5257364570430809}, "21": {"z": 1.5000000000000002, "qx": -0.0, "qy": -0.0, "qz": -0.071428571428571425, "_k": 4, "y": -3.425166865496446, "x": 3.5714285714285685}, "31": {"z": 1.5000000000000002, "qx": -0.0, "qy": -0.0, "qz": -0.071428571428571383, "type": "_origin", "_k": 0, "y": -2.425166865496446, "x": 0.71428571428571208}, "9": {"z": 0.029767897413034872, "type": "support", "_k": 1, "y": -2.425166865496446, "x": -3.5257364570430845}, "8": {"z": 1.2059535794826071, "type": "_origin", "_k": 0, "y": -2.425166865496446, "x": -0.70514729140861843}, "14": {"z": 1.5000000000000002, "qx": -0.0, "qy": -0.0, "qz": -0.071428571428571355, "_k": 4, "y": -3.425166865496446, "x": -3.5714285714285721}, "34": {"z": 1.5000000000000002, "qx": -0.0, "qy": -0.0, "qz": -0.071428571428571452, "_k": 3, "y": -2.425166865496446, "x": 2.8571428571428545}, "24": {"z": 1.5000000000000002, "qx": -0.0, "qy": -0.0, "qz": -0.071428571428571425, "type": "_origin", "_k": 0, "y": -2.425166865496446, "x": -0.71428571428571563}, "13": {"z": 1.5000000000000002, "qx": -0.0, "qy": -0.0, "qz": -0.071428571428571397, "_k": 3, "y": -3.425166865496446, "x": -2.8571428571428585}, "33": {"z": 1.5000000000000002, "qx": -0.0, "qy": -0.0, "qz": -0.071428571428571438, "_k": 2, "y": -2.425166865496446, "x": 2.1428571428571397}, "23": {"z": 1.5000000000000002, "qx": -0.0, "qy": -0.0, "qz": -0.035714285714285719, "type": "support", "_k": 6, "y": -3.425166865496446, "x": 4.9999999999999973}}, "max_int_key": 37, "attributes": {"gkey_node": {"5.000,-3.425,1.500": 23, "-0.705,-3.425,1.206": 3, "1.429,-2.425,1.500": 32, "-3.571,-2.425,1.500": 28, "-1.429,-3.425,1.500": 11, "-5.000,-3.425,1.500": 16, "0.705,-2.425,1.206": 6, "-2.143,-3.425,1.500": 12, "-3.526,-2.425,0.030": 9, "-3.526,-3.425,0.030": 4, "2.143,-2.425,1.500": 33, "4.286,-3.425,1.500": 22, "-3.571,-3.425,1.500": 14, "-1.429,-2.425,1.500": 25, "5.000,-2.425,1.500": 37, "-2.857,-2.425,1.500": 27, "-5.000,-2.425,1.500": 30, "0.714,-2.425,1.500": 31, "-2.143,-2.425,1.500": 26, "0.705,-3.425,1.206": 1, "3.526,-3.425,0.030": 2, "-4.286,-3.425,1.500": 15, "2.857,-2.425,1.500": 34, "4.286,-2.425,1.500": 36, "-2.857,-3.425,1.500": 13, "0.000,-3.425,1.500": 0, "-0.714,-2.425,1.500": 24, "3.571,-2.425,1.500": 35, "0.714,-3.425,1.500": 17,