{"compas": "1.7.1", "datatype": "compas_cem.diagrams/TopologyDiagram", "data": {"adjacency": {"14": {"15": null, "10": null, "5": null}, "17": {"13": null, "16": null}, "12": {"13": null, "0": null, "16": null}, "5": {"14": null, "6": null, "0": null, "8": null, "16": null}, "4": {"3": null}, "7": {"6": null}, "6": {"7": null, "5": null}, "1": {"0": null, "2": null}, "0": {"12": null, "5": null, "10": null, "1": null, "3": null}, "3": {"4": null, "0": null}, "2": {"1": null}, "10": {"14": null, "0": null, "11": null}, "13": {"12": null, "17": null}, "15": {"14": null, "11": null}, "11": {"15": null, "10": null}, "9": {"8": null}, "8": {"9": null, "5": null}, "16": {"12": null, "17": null, "5": null}}, "node_attributes": {"z": 0.0, "qx": 0.0, "rx": 0.0, "qy": 0.0, "ry": 0.0, "qz": 0.0, "type": null, "rz": 0.0, "_k": null, "y": 0.0, "x": 0.0}, "node": {"14": {"z": 1.5000000000000002, "qx": -0.0, "qy": -0.0, "qz": -0.24999999999999997, "type": "_origin", "_k": 0, "y": -2.425166865496446, "x": -2.5000000000000013}, "17": {"z": 1.5000000000000002, "qx": -0.0, "qy": -0.0, "qz": -0.12499999999999999, "type": "support", "_k": 1, "y": -2.425166865496446, "x": 4.9999999999999973}, "12": {"z": 1.5000000000000002, "qx": -0.0, "qy": -0.0, "qz": -0.24999999999999997, "type": "_origin", "_k": 0, "y": -3.425166865496446, "x": 2.4999999999999978}, "5": {"z": 1.5000000000000002, "qx": -0.0, "qy": -0.0, "qz": -0.24999999999999997, "type": "_origin", "_k": 0, "y": -2.425166865496446, "x": -1.7763568394002505e-15}, "4": {"z": 0.029767897413034872, "type": "support", "_k": 1, "y": -3.425166865496446, "x": -3.5257364570430845}, "7": {"z": 0.029767897413034872, "type": "support", "_k": 2, "y": -2.425166865496446, "x": 3.5257364570430809}, "6": {"_k": 1, "z": 1.2059535794826071, "y": -2.425166865496446, "x": 0.70514729140861476}, "1": {"_k": 1, "z": 1.2059535794826071, "y": -3.425166865496446, "x": 0.70514729140861476}, "0": {"z": 1.5000000000000002, "qx": -0.0, "qy": -0.0, "qz": -0.24999999999999997, "type": "_origin", "_k": 0, "y": -3.425166865496446, "x": -1.7763568394002505e-15}, "3": {"z": 1.2059535794826071, "type": "_origin", "_k": 0, "y": -3.425166865496446, "x": -0.70514729140861843}, "2": {"z": 0.029767897413034872, "type": "support", "_k": 2, "y": -3.425166865496446, "x": 3.5257364570430809}, "10": {"z": 1.5000000000000002, "qx": -0.0, "qy": -0.0, "qz": -0.24999999999999997, "type": "_origin", "_k": 0, "y": -3.425166865496446, "x": -2.5000000000000013}, "13": {"z": 1.5000000000000002, "qx": -0.0, "qy": -0.0, "qz": -0.12499999999999999, "type": "support", "_k": 1, "y": -3.425166865496446, "x": 4.9999999999999973}, "15": {"z": 1.5000000000000002, "qx": -0.0, "qy": -0.0, "qz": -0.12499999999999999, "type": "support", "_k": 1, "y": -2.425166865496446, "x": -5.0000000000000009}, "11": {"z": 1.5000000000000002, "qx": -0.0, "qy": -0.0, "qz": -0.12499999999999999, "type": "support", "_k": 1, "y": -3.425166865496446, "x": -5.0000000000000009}, "9": {"z": 0.029767897413034872, "type": "support", "_k": 1, "y": -2.425166865496446, "x": -3.5257364570430845}, "8": {"z": 1.2059535794826071, "type": "_origin", "_k": 0, "y": -2.425166865496446, "x": -0.70514729140861843}, "16": {"z": 1.5000000000000002, "qx": -0.0, "qy": -0.0, "qz": -0.24999999999999997, "type": "_origin", "_k": 0, "y": -2.425166865496446, "x": 2.4999999999999978}}, "max_int_key": 17, "attributes": {"gkey_node": {"5.000,-2.425,1.500": 17, "-0.705,-3.425,1.206": 3, "3.526,-3.425,0.030": 2, "0.705,-2.425,1.206": 6, "0.705,-3.425,1.206": 1, "0.000,-3.425,1.500": 0, "2.500,-3.425,1.500": 12, "0.000,-2.425,1.500": 5, "2.500,-2.425,1.500": 16, "-3.526,-3.425,0.030": 4, "-0.705,-2.425,1.206": 8, "5.000,-3.425,1.500": 13, "-3.526,-2.425,0.030": 9, "-2.500,-3.425,1.500": 10, "-2.500,-2.425,1.500": 14, "3.526,-2.425,0.030": 7, "-5.000,-3.425,1.500": 11, "-5.000,-2.425,1.500": 15}, "name": "Network", "_aux_length": 0.33000000000000002, "_trails": {"0": [0, 1, 2], "3": [3, 4], "5": [5, 6, 7], "8": [8, 9], "10": [10, 11], "12": [12, 13], "14": [14, 15], "16": [16, 17]}, "tol": "3f", "_auxiliary_trails": {}, "_aux_vector": {"dtype": "compas.geometry/Vector", "value": [-0.0, -0.0, -1.0]}}, "edge_attributes": {"force": 0.0, "type": null, "length": 0.0}, "edge": {"14": {"15": {"length": -2.4999999999999996, "type": "trail"}}, "17": {}, "12": {"13": {"length": -2.4999999999999996, "type": "trail"}, "16": {"force": -0.10000000000000001, "type": "deviation"}}, "5": {"6": {"length": -0.76400000000000001, "type": "trail"}, "14": {"force": -19.0, "length": -2.4999999999999996, "type": "deviation"}, "8": {"force": -0.32329999999999998, "type": "deviation"}, "16": {"force": -19.0, "length": -2.4999999999999996, "type": "deviation"}}, "4": {}, "7": {}, "6": {"7": {"length": -3.056, "type": "trail"}}, "1": {"2": {"length": -3.056, "type": "trail"}}, "0": {"12": {"force": -19.0, "length": -2.4999999999999996, "type": "deviation"}, "5": {"force": -0.10000000000000001, "type": "deviation"}, "10": {"force": -19.0, "length": -2.4999999999999996, "type": "deviation"}, "1": {"length": -0.76400000000000001, "type": "trail"}, "3": {"force": -0.32329999999999998, "type": "deviation"}}, "3": {"4": {"length": -3.056, "type": "trail"}}, "2": {}, "10": {"14": {"force": -0.10000000000000001, "type": "deviation"}, "11": {"length": -2.4999999999999996, "type": "trail"}}, "13": {"17": {"force": -0.10000000000000001, "type": "deviation"}}, "15": {}, "11": {"15": {"force": -0.10000000000000001, "type": "deviation"}}, "9": {}, "8": {"9": {"length": -3.056, "type": "trail"}}, "16": {"17": {"length": -2.4999999999999996, "type": "trail"}}}}}