{"compas": "1.7.1", "datatype": "compas_cem.diagrams/TopologyDiagram", "data": {"adjacency": {"16": {"28": null, "0": null, "17": null}, "26": {"27": null, "14": null, "25": null}, "15": {"27": null, "14": null}, "18": {"30": null, "19": null, "17": null}, "25": {"13": null, "26": null, "24": null}, "28": {"5": null, "29": null, "16": null}, "10": {"22": null, "0": null, "11": null}, "30": {"31": null, "18": null, "29": null}, "20": {"21": null, "32": null, "19": null}, "17": {"18": null, "29": null, "16": null}, "27": {"26": null, "15": null}, "12": {"13": null, "11": null, "24": null}, "32": {"31": null, "20": null, "33": null}, "22": {"23": null, "10": null, "5": null}, "19": {"31": null, "20": null, "18": null}, "29": {"28": null, "30": null, "17": null}, "11": {"12": null, "23": null, "10": null}, "5": {"22": null, "6": null, "28": null, "0": null, "8": null}, "4": {"3": null}, "7": {"6": null}, "6": {"7": null, "5": null}, "1": {"0": null, "2": null}, "0": {"5": null, "10": null, "1": null, "3": null, "16": null}, "3": {"4": null, "0": null}, "2": {"1": null}, "21": {"20": null, "33": null}, "31": {"30": null, "32": null, "19": null}, "9": {"8": null}, "8": {"9": null, "5": null}, "14": {"13": null, "26": null, "15": null}, "24": {"12": null, "23": null, "25": null}, "13": {"12": null, "14": null, "25": null}, "33": {"21": null, "32": null}, "23": {"22": null, "11": null, "24": null}}, "node_attributes": {"z": 0.0, "qx": 0.0, "rx": 0.0, "qy": 0.0, "ry": 0.0, "qz": 0.0, "type": null, "rz": 0.0, "_k": null, "y": 0.0, "x": 0.0}, "node": {"16": {"z": 1.5000000000000002, "qx": -0.0, "qy": -0.0, "qz": -0.08333333333333337, "type": "_origin", "_k": 0, "y": -3.425166865496446, "x": 0.83333333333333182}, "26": {"z": 1.5000000000000002, "qx": -0.0, "qy": -0.0, "qz": -0.083333333333333329, "_k": 4, "y": -2.425166865496446, "x": -4.166666666666667}, "15": {"z": 1.5000000000000002, "qx": -0.0, "qy": -0.0, "qz": -0.041666666666666699, "type": "support", "_k": 5, "y": -3.425166865496446, "x": -5.0000000000000009}, "18": {"z": 1.5000000000000002, "qx": -0.0, "qy": -0.0, "qz": -0.083333333333333259, "_k": 2, "y": -3.425166865496446, "x": 2.4999999999999978}, "25": {"z": 1.5000000000000002, "qx": -0.0, "qy": -0.0, "qz": -0.083333333333333287, "_k": 3, "y": -2.425166865496446, "x": -3.3333333333333344}, "28": {"z": 1.5000000000000002, "qx": -0.0, "qy": -0.0, "qz": -0.08333333333333337, "type": "_origin", "_k": 0, "y": -2.425166865496446, "x": 0.83333333333333182}, "10": {"z": 1.5000000000000002, "qx": -0.0, "qy": -0.0, "qz": -0.083333333333333301, "type": "_origin", "_k": 0, "y": -3.425166865496446, "x": -0.8333333333333347}, "30": {"z": 1.5000000000000002, "qx": -0.0, "qy": -0.0, "qz": -0.083333333333333259, "_k": 2, "y": -2.425166865496446, "x": 2.4999999999999978}, "20": {"z": 1.5000000000000002, "qx": -0.0, "qy": -0.0, "qz": -0.083333333333333356, "_k": 4, "y": -3.425166865496446, "x": 4.1666666666666643}, "17": {"z": 1.5000000000000002, "qx": -0.0, "qy": -0.0, "qz": -0.083333333333333315, "_k": 1, "y": -3.425166865496446, "x": 1.6666666666666654}, "27": {"z": 1.5000000000000002, "qx": -0.0, "qy": -0.0, "qz": -0.041666666666666699, "type": "support", "_k": 5, "y": -2.425166865496446, "x": -5.0000000000000009}, "12": {"z": 1.5000000000000002, "qx": -0.0, "qy": -0.0, "qz": -0.083333333333333343, "_k": 2, "y": -3.425166865496446, "x": -2.5000000000000013}, "32": {"z": 1.5000000000000002, "qx": -0.0, "qy": -0.0, "qz": -0.083333333333333356, "_k": 4, "y": -2.425166865496446, "x": 4.1666666666666643}, "22": {"z": 1.5000000000000002, "qx": -0.0, "qy": -0.0, "qz": -0.083333333333333301, "type": "_origin", "_k": 0, "y": -2.425166865496446, "x": -0.8333333333333347}, "19": {"z": 1.5000000000000002, "qx": -0.0, "qy": -0.0, "qz": -0.083333333333333329, "_k": 3, "y": -3.425166865496446, "x": 3.3333333333333304}, "29": {"z": 1.5000000000000002, "qx": -0.0, "qy": -0.0, "qz": -0.083333333333333315, "_k": 1, "y": -2.425166865496446, "x": 1.6666666666666654}, "11": {"z": 1.5000000000000002, "qx": -0.0, "qy": -0.0, "qz": -0.083333333333333343, "_k": 1, "y": -3.425166865496446, "x": -1.6666666666666676}, "5": {"z": 1.5000000000000002, "qx": -0.0, "qy": -0.0, "qz": -0.083333333333333343, "type": "_origin", "_k": 0, "y": -2.425166865496446, "x": -1.7763568394002505e-15}, "4": {"z": 0.029767897413034872, "type": "support", "_k": 1, "y": -3.425166865496446, "x": -3.5257364570430845}, "7": {"z": 0.029767897413034872, "type": "support", "_k": 2, "y": -2.425166865496446, "x": 3.5257364570430809}, "6": {"_k": 1, "z": 1.2059535794826071, "y": -2.425166865496446, "x": 0.70514729140861476}, "1": {"_k": 1, "z": 1.2059535794826071, "y": -3.425166865496446, "x": 0.70514729140861476}, "0": {"z": 1.5000000000000002, "qx": -0.0, "qy": -0.0, "qz": -0.083333333333333343, "type": "_origin", "_k": 0, "y": -3.425166865496446, "x": -1.7763568394002505e-15}, "3": {"z": 1.2059535794826071, "type": "_origin", "_k": 0, "y": -3.425166865496446, "x": -0.70514729140861843}, "2": {"z": 0.029767897413034872, "type": "support", "_k": 2, "y": -3.425166865496446, "x": 3.5257364570430809}, "21": {"z": 1.5000000000000002, "qx": -0.0, "qy": -0.0, "qz": -0.041666666666666657, "type": "support", "_k": 5, "y": -3.425166865496446, "x": 4.9999999999999973}, "31": {"z": 1.5000000000000002, "qx": -0.0, "qy": -0.0, "qz": -0.083333333333333329, "_k": 3, "y": -2.425166865496446, "x": 3.3333333333333304}, "9": {"z": 0.029767897413034872, "type": "support", "_k": 1, "y": -2.425166865496446, "x": -3.5257364570430845}, "8": {"z": 1.2059535794826071, "type": "_origin", "_k": 0, "y": -2.425166865496446, "x": -0.70514729140861843}, "14": {"z": 1.5000000000000002, "qx": -0.0, "qy": -0.0, "qz": -0.083333333333333329, "_k": 4, "y": -3.425166865496446, "x": -4.166666666666667}, "24": {"z": 1.5000000000000002, "qx": -0.0, "qy": -0.0, "qz": -0.083333333333333343, "_k": 2, "y": -2.425166865496446, "x": -2.5000000000000013}, "13": {"z": 1.5000000000000002, "qx": -0.0, "qy": -0.0, "qz": -0.083333333333333287, "_k": 3, "y": -3.425166865496446, "x": -3.3333333333333344}, "33": {"z": 1.5000000000000002, "qx": -0.0, "qy": -0.0, "qz": -0.041666666666666657, "type": "support", "_k": 5, "y": -2.425166865496446, "x": 4.9999999999999973}, "23": {"z": 1.5000000000000002, "qx": -0.0, "qy": -0.0, "qz": -0.083333333333333343, "_k": 1, "y": -2.425166865496446, "x": -1.6666666666666676}}, "max_int_key": 33, "attributes": {"gkey_node": {"5.000,-3.425,1.500": 21, "-0.705,-3.425,1.206": 3, "-2.500,-3.425,1.500": 12, "1.667,-3.425,1.500": 17, "4.167,-3.425,1.500": 20, "2.500,-3.425,1.500": 18, "-0.833,-2.425,1.500": 22, "-5.000,-3.425,1.500": 15, "0.705,-2.425,1.206": 6, "-3.333,-2.425,1.500": 25, "-3.526,-2.425,0.030": 9, "-3.526,-3.425,0.030": 4, "0.833,-3.425,1.500": 16, "-4.167,-3.425,1.500": 14, "-2.500,-2.425,1.500": 24, "-0.833,-3.425,1.500": 10, "5.000,-2.425,1.500": 33, "-5.000,-2.425,1.500": 27, "4.167,-2.425,1.500": 32, "2.500,-2.425,1.500": 30, "1.667,-2.425,1.500": 29, "-3.333,-3.425,1.500": 13, "0.705,-3.425,1.206": 1, "3.526,-3.425,0.030": 2, "-1.667,-3.425,1.500": 11, "-4.167,-2.425,1.500": 26, "0.000,-3.425,1.500": 0, "3.333,-2.425,1.500": 31, "-0.705,-2.425,1.206": 8, "-1.667,-2.425,1.500": 23, "3.526,-2.425,0.030": 7, "0.833,-2.425,1.500": 28, "0.000,-2.425,1.500": 5, "3.333,-3.425,1.500": 19}, "name": "Network", "_aux_length": 0.33000000000000002, "_trails": {"0": [0, 1, 2], "3": [3, 4], "5": [5, 6, 7], "8": [8, 9], "10": [10, 11, 12, 13, 14, 15], "16": [16, 17, 18, 19, 20, 21], "22": [22, 23, 24, 25, 26, 27], "28": [28, 29, 30, 31, 32, 33]}, "tol": "3f", "_auxiliary_trails": {}, "_aux_vector": {"dtype": "compas.geometry/Vector", "value": [-0.0, -0.0, -1.0]}}, "edge_attributes": {"force": 0.0, "type": null, "length": 0.0}, "edge": {"16": {"28": {"force": -0.10000000000000001, "type": "deviation"}, "17": {"length": -0.83333333333333359, "type": "trail"}}, "26": {"27": {"length": -0.83333333333333393, "type": "trail"}},